district_no,year,winter_cropland_ndvi_mean,winter_cropland_ndvi_anomaly,winter_cropland_LST_mean,winter_cropland_LST_anomaly,winter_cropland_snow_cover_days
08425,2001,0.482017286342339,0.19322505269657309,2.9885751662492117,1.473460874150628,1.709119078076174
08115,2001,0.4919980047282657,0.09610625085859337,4.416733698209011,1.552614525693583,2.094749064556497
08211,2001,0.4259144536243108,0.03019935119007644,5.408339093464933,0.8598257386228836,0.1571512654502649
08426,2001,0.5130952450331094,0.17930792212888014,3.3826593440167843,1.7017524192481386,2.3485934388050964
08435,2001,0.46814918740329453,0.1342681563626773,3.3815744041193163,1.0259510565362242,2.3319546784863956
08315,2001,0.3948902427712075,0.045194653451767985,5.285771863872589,0.658311455041785,0.6421978705752214
08235,2001,0.5260938760549335,0.12528547520393724,3.641766271413315,1.5257935489846082,2.582627864327659
08316,2001,0.42383326040287483,0.02393024772669572,6.069938655272126,1.0279519798192869,0.5527955785063979
08236,2001,0.49588471758002056,0.05297942575837772,4.789643048662421,1.4934833583033873,1.3916086151976945
08116,2001,0.467985526609021,0.06771539706551022,4.991881609349851,1.5843150444342706,1.5215255183372975
08311,2001,0.43892819528448124,0.01464449158337816,6.083113497731787,0.9205971391912646,0.10144822853840875
08237,2001,0.5456578854356142,0.1757689788659476,3.8849356393646217,1.7077061707992898,2.2153774950055958
08117,2001,0.5187064612436372,0.1490907311444391,3.9099205446583034,1.6947497774740725,2.309866549400056
08221,2001,0.3701398077414258,-0.0011895416934435965,4.67791555946739,-0.0432848471620888,2.125621890547264
08135,2001,0.4670975123714351,0.18318354730994973,2.9940937173761104,1.7298098191728741,1.0438472607564842
08125,2001,0.41622083143984345,0.027137102642536493,4.343714931271069,0.8828692125082118,1.3969573759652973
08121,2001,0.3485525008999241,-0.008784438536234396,4.524120555172651,0.6595222422686975,1.886015164279697
08126,2001,0.5098348408363227,0.09652014840620426,3.5711973995578967,0.770709370067229,1.886823124195803
08215,2001,0.4529767155561881,0.02581289593691094,5.247057114135027,1.2606413842611897,1.7311524844849857
08212,2001,0.45427229557916315,0.047294046757830166,5.26091529093593,0.9609413565011149,1.113713862120089
08335,2001,0.3908820819381683,0.07044007114749917,3.258293186298604,0.8505177336076546,0.9924083342677446
08336,2001,0.4789337505425586,0.052960877012869334,5.231418089832547,0.9389373673417438,0.47633970781102264
08118,2001,0.43227063963362566,0.03785491411718023,4.9732166456582565,1.1924367977642296,1.648759427042542
08128,2001,0.48369794933092924,0.10215328662700629,3.280754903544243,0.7952312614571353,1.824460302038906
08222,2001,0.3492556667953255,-0.008484833461191332,4.679468901034425,-0.38347601202510884,2.4018343905366017
08225,2001,0.47605400959672195,0.09326073517818984,2.9397645556573444,0.5451003642425349,1.3356364377375423
08317,2001,0.42916909695015265,0.04212661285300717,5.786088224876133,1.1808186045273468,0.44991291109682413
08136,2001,0.5214566129074618,0.16534590835940743,3.2496734349866254,1.5183760760598708,1.1784811937658317
08231,2001,0.5027699967513541,0.06595490073217258,5.2024850134862435,1.7920604487870544,1.014402880576115
08216,2001,0.4330082254566099,0.041011735019169326,5.376780606301624,0.9957289454834006,0.9611407638917074
08436,2001,0.5696796665939209,0.227562103709052,3.8669765579000774,1.885553069515937,3.9793961396502695
08119,2001,0.4826708291519211,0.05983911721450652,4.535684168585708,1.0744555364518682,1.9113280510560045
08415,2001,0.49198434763299953,0.2217489506730001,2.565304138641728,1.3417935097531914,3.495264005330078
08226,2001,0.44031422484731814,0.03257384761905746,4.652963363636078,0.719851090474863,1.392083623738985
08325,2001,0.5305719487920683,0.1987850675422672,3.267049930906044,1.6124963098418876,2.408162434343571
08127,2001,0.5357847773105048,0.16106099758243475,3.4153049865132545,1.3185388591866594,1.2784357105674125
08326,2001,0.4932787297123441,0.19293995296471073,2.7654653423708964,1.608993120089526,3.1975708644605763
08437,2001,0.48571915653365805,0.1897896213203758,2.5455085488566898,1.2699290053461803,3.192954675663633
08111,2001,0.4082872358403195,0.04506002159385786,5.440306306095435,1.423802019360715,1.1065145684442002
08416,2001,0.5110271324512389,0.09705300226195668,4.87882243662483,1.7539835929172836,1.0677147173149506
08327,2001,0.48464936105754763,0.19992680840546623,2.8111854523315984,1.5783187158985768,3.6757745831692263
08421,2001,0.47253574334933884,0.19303662658456805,3.161822755352998,1.3732044871530882,0.808697448610681
08337,2001,0.40875572669862925,0.09776865382046573,3.748601176399505,1.671332284918933,1.5800965129385904
08417,2001,0.5092963338704044,0.16824005807371006,3.5140586957509847,1.4345206417932226,2.9332720701431945
09771,2001,0.45196866223035287,0.1202600700134362,3.0997924556957024,1.2297330467540364,2.6006885255467163
09171,2001,0.20548004162696298,-0.13454268445827422,-0.2467500750835349,-1.7114828802572195,9.067945060380618
09371,2001,0.448108671534751,0.14172742387409865,1.587190496396159,1.1691613316970484,3.7635433547774557
09361,2001,0.5041111759372253,0.18102813039462434,2.84906509350915,1.9229350385001984,1.0921264059989289
09561,2001,0.5318196726663168,0.17295742719405388,2.698879702237755,1.1977511292373566,0.8770265859054809
09571,2001,0.5313534891782455,0.15855906409023768,3.258794738645133,1.487133734885623,1.1843360396956255
09661,2001,0.4456819770991898,0.04386748154045145,4.820246347260078,0.5442237546718482,0.9396904465397616
09671,2001,0.4495046863962849,0.03666347100727979,3.378911939209076,0.0868696511684659,1.6249813870014653
09761,2001,0.45633106372905413,0.13542577340630502,4.144450288975851,1.5725111632278086,0.8255034864243698
09772,2001,0.46773621424617184,0.12695131435600032,3.449707703042357,1.3943937422757795,1.6311998254519307
09672,2001,0.40199566837886164,0.061473802835491365,2.92803842430373,0.8809305010568909,3.0302972889904973
09173,2001,0.5286643833339302,0.19729268693316254,2.4616140884707103,0.7299983661854312,10.290473891149896
09461,2001,0.46367886435726396,0.11487705507208018,4.006463142487417,1.2635502914337677,0.9127394344785646
09471,2001,0.45893102815491926,0.11270677504944254,2.971097344668898,1.257835773199973,2.063916272839002
09462,2001,0.40640290196744194,0.0859224659465111,2.4079959021902955,0.9251998773300016,1.9934643618280847
09472,2001,0.3246724700494171,0.05059456450667421,0.8355364025641528,0.269879711172731,6.1603509354588715
09172,2001,0.41286311014969784,0.0023614431963009386,0.25700962203907496,-1.7423429649129953,9.599798419871899
09372,2001,0.38482776024143944,0.05641357355763621,0.8075438351018858,0.2986557915780824,6.507566581837482
09463,2001,0.3030318566973415,0.0031204512814517193,1.8944968963410587,0.3421363607229637,4.6234632729968475
09473,2001,0.3335464406615868,0.023123660381477562,1.7800253157480783,0.5195648967206827,4.387759033190835
09174,2001,0.4208997061981913,0.09079753292124843,2.567572772163706,0.8801782845731139,10.36948080257115
09271,2001,0.25600862758808485,0.023076438776319375,2.206667808077975,0.8852771752926856,4.559208668643234
09773,2001,0.42865289623286645,0.12542091508333114,2.6922874030786352,0.9291221302981674,1.2128721627463928
09279,2001,0.31864081967661434,0.010045064182930774,1.5790380192644735,0.056337936968011926,5.1737750996812535
09779,2001,0.4720976467589669,0.1532339552751244,3.0122715932476645,1.1677850926858357,0.4971931646312561
09175,2001,0.46032820011444164,0.10252513915419659,2.316374347969516,0.3224664899273033,9.585001763436983
09176,2001,0.44577509184273695,0.15649274277020275,1.9934213411408677,0.7338358307631367,1.4611618754817859
09177,2001,0.35897741401164013,0.019481360783318635,2.0408703942478748,0.3075291923046437,9.87843629394797
09572,2001,0.5117672143511507,0.13644246823282957,3.984326678905431,1.7430714437563086,0.5175087237666824
09562,2001,0.46744314900142764,0.12223192017334983,4.253251071404194,1.738449021091581,0.2917325888009927
09179,2001,0.4706477028211453,0.12782991131064136,2.765023210602777,0.8200733914555502,10.287487483431827
09563,2001,0.4331022523403313,0.10349378946572957,4.303459174121609,1.3650718680884029,0.6796271098115285
09573,2001,0.49924666929482825,0.11280804439925707,3.567439644184214,1.3918020129327124,0.9452516599331854
09474,2001,0.45843781777863085,0.14212437639346442,2.6245130252891706,0.8738362026563853,1.9804065354432012
09178,2001,0.4023248765129008,0.07459974326658986,2.2579808988146746,0.4693518559402452,9.486863909528948
09272,2001,0.11618066757172903,-0.10536417401135627,0.1580998577948226,0.08122837699170544,17.369941020947735
09774,2001,0.5052519954368507,0.14649889460823,3.6506454217390356,1.6575884964225978,0.7992916531040297
09674,2001,0.4458556659513681,0.0859896953755912,3.2513882955712914,1.1757846912708891,1.1691655257621796
09464,2001,0.18413320397965308,-0.006530866045462519,0.25696479189716015,0.48639971071323357,9.67521892763865
09475,2001,0.19029704134646258,0.010445301844007493,-0.04947789377657295,0.438181973318247,10.15881407915875
09161,2001,0.4144682821300555,0.12067267481143201,3.15427548747024,1.0326814105120175,0.9758501999487603
09762,2001,0.6036918510718898,0.21585535241479098,3.763109827557368,1.9860475417768204,6.267955801104972
09273,2001,0.4312950810223975,0.13202449081039236,2.091436589068629,0.83506866777509,1.5779611667565865
09675,2001,0.47569281816672304,0.11050593877350728,4.02171941336045,1.0849691021344325,0.9391787079579104
09476,2001,0.18190481868423436,-0.06439007885443532,0.35510032657641166,-0.27421774248891406,6.413968072466747
09477,2001,0.2222731141106035,-0.04796960302221817,0.685181143155553,-0.042397497699473985,6.410790095636599
09181,2001,0.5129053653409534,0.17163414404794242,2.8316093917113334,1.0364134818975357,9.20454797689212
09261,2001,0.29614431669192703,-0.02394386374503371,1.476846047554061,-0.36941663645110223,8.61299985023214
09274,2001,0.32691526938512067,-0.0009907771297462675,1.1711700979598563,-0.13965877626659529,7.8803876210892
09478,2001,0.37827711685197374,0.04404717777361794,2.014192974090017,0.7222221387992915,4.184971281794026
09183,2001,0.21745996406535967,-0.1281263223995217,0.11827623499168827,-1.3428424923833133,10.34091201933992
09162,2001,0.4050723526018161,0.08623537241967566,3.8564053931514777,0.749148504012279,10.40825773004999
09184,2001,0.4250659632135329,0.11687870709253956,2.940210501211609,0.6244815985126544,9.771408159916867
09677,2001,0.420278440399514,0.06412533801471865,3.291404652891056,0.7854348828176625,1.7457304003238585
09764,2001,0.5915786478827142,0.2106746933518553,3.7899168586003147,1.832398621458884,3.9589375254099473
09182,2001,0.5114400079299237,0.20552470045541738,1.8050424364864062,0.3683538881408961,9.371272178180446
09676,2001,0.4790456276061353,0.06250736710834648,2.9050602330153765,0.06850121224662864,1.9843519043332347
09574,2001,0.4810938454567917,0.18585677393437017,1.9930898990263586,0.9019285021364842,2.9625968725006206
09564,2001,0.39412600447507906,0.09470033441382131,4.665862017495715,1.470990391546656,1.0074324466186568
09775,2001,0.5192760573505415,0.17017450783670757,3.694888606299137,1.5712924900551366,1.430028641621709
09185,2001,0.42194902599425865,0.1187047685820028,2.9423470442891437,1.0062770600469124,0.8971721159591279
09373,2001,0.4569175225358462,0.18300626910473605,1.8249429145955667,1.0846931202423011,4.336198758118012
09575,2001,0.5268901673277337,0.14887429839816924,3.6088563760341192,1.1663570211765388,1.3969240449063336
09374,2001,0.15779502861437147,-0.09282322321589995,0.10604152580570989,-0.12994255071740318,9.374999304516189
09780,2001,0.6409984539884587,0.3130512210709635,3.7047582987422847,2.5481003657796313,5.18133203694701
09777,2001,0.5759938287972054,0.21011740257257738,3.429237270179346,1.6217927945232384,7.538257575757575
09262,2001,0.17737677133611157,-0.09268249086510333,2.0313324091087908,0.5175585567359144,7.6912897670624485
09275,2001,0.18148208367956026,-0.0908854701876795,0.9965462745682384,-0.30639414985402647,9.15021912218171
09186,2001,0.4440151945783809,0.11621357037320695,3.091426028044731,1.2834664940281393,2.995993448821665
09276,2001,0.18590213230345398,-0.07060209368501091,0.05659626831504707,0.4443563266264163,16.1875
09362,2001,0.35301263889982726,0.11772641496724981,2.6155898457208075,0.8260399936302958,0.7819761682375252
09375,2001,0.39746413432597155,0.12977744473376263,1.7894807102431167,0.7230996929877227,2.738950397163851
09673,2001,0.33820653738226525,0.03479727823006834,2.599141223239251,1.0231814472614287,5.19013269980297
09163,2001,0.4933588413052941,0.0816824644340498,1.8711867147142336,-0.40815193351897006,4.72511503996125
09187,2001,0.47951172152362087,0.05628651102425691,1.5293667459535067,-0.3423571517386408,8.9772377748054
09576,2001,0.5237147718460828,0.16316337957686283,2.8517632335711336,1.264208595360608,1.7804483081905742
09277,2001,0.28336306917668,-0.0494433562931364,-0.25310226943450387,-1.4548924164000447,9.800518831363975
09565,2001,0.49946231110935074,0.11773967537478086,3.923000511167187,1.6334053189877569,0.5338691864032397
09376,2001,0.3959024025416319,0.09913042443285847,1.1463872829838992,0.5411364143890391,4.576420917341911
09662,2001,0.43797279656811916,0.10072864882439309,4.664570676121785,1.2461137064273444,0.728465536338076
09678,2001,0.44636274272346377,0.09242518687847312,3.6273790554395275,1.011889231798178,1.0322356126311758
09188,2001,0.5139469793818904,0.15016697642560634,3.009975593230506,0.9801009872179094,10.571616471923676
09278,2001,0.3342913408384613,0.07482122918240397,2.269404131366994,1.0437608692242577,1.359271249962001
09263,2001,0.2872746146067415,0.08222314719260096,2.754217049456945,1.201060294746436,0.58315147678622
09377,2001,0.1149653974105364,-0.08624084889875437,-0.8959705607038747,-0.6221869760017187,12.615148415446019
09189,2001,0.35797813060208616,-0.003761110815811819,0.636402171872054,-0.7654270656739727,10.628426441823624
09778,2001,0.5962688531212372,0.20614445173494933,3.953050241081335,2.034985300372864,3.7367019559744366
09663,2001,0.4330495652537415,0.08687088446757735,3.991108281990715,0.8637233991479469,1.1254829286679013
09679,2001,0.4434644862035919,0.10072478220208542,3.4452758580888267,0.7927474563407646,1.2843010617820159
09577,2001,0.5415915481667914,0.19131485186813152,3.0744630421044907,1.5127711462946154,1.3944915422747939
09363,2001,0.22437150006300813,-0.0725840831490501,1.609615716769774,0.5163737399568762,5.5450041917536765
09190,2001,0.5769729398343028,0.18127525748851558,2.9416471555655526,0.7506224921013556,9.16326530612245
09479,2001,0.07676348285411504,-0.09161002038836964,-0.968177583926371,-0.21074979416495465,9.80813390268554
11000,2001,0.46352219508981707,0.12687749316228714,2.4733920280540453,0.3529803568719725,5.464790516236892
12060,2001,0.4459736226496707,0.10355808303663377,1.7901762964049106,0.7393912839088288,4.1113047664472075
12051,2001,0.4869467219125015,0.11576243439069323,2.0200813273826563,0.15922036214358903,3.8315332779470146
12052,2001,0.4781065713244277,0.0726440906791378,2.8560255865366564,0.9398028398975684,2.129127411194738
12061,2001,0.5062403206522504,0.10648999556999539,2.8728398874961516,1.2079991318360845,2.920906383807355
12062,2001,0.556772402448326,0.12442328863620394,3.334197964139309,1.4421525662833334,3.55441387471156
12053,2001,0.4805678801597377,0.1038924745024411,1.8298068210990164,0.5080603910982158,2.7786217288354504
12063,2001,0.501950838886153,0.09730069133356012,1.7941023721591112,-0.08306058161402907,4.012884630570398
12064,2001,0.4350304278265503,0.07530534107652098,2.1099136116044956,0.6145014696972142,4.5441696294143075
12065,2001,0.4823542494562084,0.11713695205171282,1.5606604560090078,0.374066501554722,4.5765355672467924
12066,2001,0.5001739550932947,0.12071985455440803,3.1404128293911953,1.487662259123518,3.3791246118012426
12067,2001,0.4726052328382349,0.0867276166259307,2.0046613711341608,0.7819728909096737,3.3554077698918667
12068,2001,0.4760517087444959,0.10544680592207689,1.2658241515511146,0.05233743213874886,4.021375167405418
12069,2001,0.5055261477113051,0.08978976754051554,2.100123127889084,0.24207634365650477,4.239400971631819
12054,2001,0.48071130467599443,0.07100591664529787,1.7485025290954963,-0.03955240341586319,5.219183442758383
12070,2001,0.4751605476598598,0.09967729706546224,1.2404444696604424,-0.08564624257293696,3.54005382880163
12071,2001,0.4709665403181442,0.07860784700292878,2.5552131454420577,0.9237995625997928,2.87895247131992
12072,2001,0.5010928431269731,0.10626873427778033,2.4433860957375875,0.8834071866891249,4.415393476487622
12073,2001,0.4574914988047796,0.1065632568802169,1.3895402694583228,0.6159874602108646,6.212688407553852
04011,2001,0.4479534862812079,0.02139506321779977,2.8769062008632416,-0.051389327568203136,3.743396226415092
04012,2001,0.46563745016165875,0.0675852568584645,3.877268528572908,0.7092274227696329,2.5296442687747036
02000,2001,0.43884613469195627,0.06180560788340078,3.304017996108729,0.9209462339758301,2.306923486403982
06431,2001,0.3837071901049735,0.008978813578019162,4.341012232872738,-0.1539906178915036,1.8360780539026946
06432,2001,0.4508471767622444,0.04620437205610156,3.9202440022621796,0.07046105838114647,1.2575463090436934
06411,2001,0.464007001081512,0.06625586398651451,4.3863539299794585,0.006671711034168304,1.2659631743297084
06412,2001,0.3855010553839878,0.024506998151015036,3.652406045115762,-0.24627219640811138,0.7998257047590185
06631,2001,0.4413237645056316,0.07522847513201936,1.9322694873354247,0.34427595079418283,2.1582060189508554
06531,2001,0.37218380185628586,-0.0010599317558931398,1.6162895599763998,-0.9806129244450286,1.534514536176533
06433,2001,0.3842833299914545,0.030280898442515913,4.461473177075874,0.00851992892265585,0.39770067329440845
06632,2001,0.38766311934703046,0.044795920274833034,1.7851900875577846,0.4092757333212478,6.052915254403084
06434,2001,0.4457955829072807,0.06343772721221785,3.083043711686042,0.3849553768226066,1.0304011293934376
06611,2001,0.38337778376149956,0.07117377447931234,1.8916601367767227,-0.6169763949635971,4.682309493784905
06633,2001,0.4161463875067719,0.07650228270371395,1.6320566559754515,-0.019582636872963688,5.22132357289136
06532,2001,0.3880289823524026,0.02258455021534289,2.2559932917200403,-0.2271090311999795,2.162723449001051
06533,2001,0.45144396384074154,0.05132097652472334,2.4340814006334757,-0.4449275548867111,1.28461728521908
06435,2001,0.37866206577734773,0.008474193708991051,2.4440102148875544,-0.6076023532195385,1.3886084989311633
06436,2001,0.37737592831886113,0.01730416780020988,3.7126149443868353,-0.2708525070151251,0.3513110816043141
06534,2001,0.3982151372614343,0.034574552920945856,1.4971951979337386,-0.30097534218412125,3.632406879546124
06437,2001,0.5233635013883196,0.08039679458254556,2.7824115461092673,-0.011087371276249147,2.3634721332479187
06413,2001,0.38262260641692764,0.009476613235361864,4.5877995990179645,-0.2126865982847459,0.7095037846930194
06438,2001,0.46010573040124203,0.034345195450208754,3.885642250391461,-0.09963985888805516,1.0111692532081218
06439,2001,0.4308294407366438,0.03304706286310538,2.2323255237000286,-0.17967929587634313,0.8726296101884078
06634,2001,0.39308271534208883,0.04393001602385738,1.4928036274747547,-0.3908420985010024,5.675819791892819
06535,2001,0.3636534768544308,-0.0031028845668785165,1.0965656411026488,-0.5102551024731188,4.051358752980421
06635,2001,0.31506117017982965,1.919020267138194e-06,0.6512095215364775,-0.2970772189313168,7.5079694503353815
06636,2001,0.3810264531663457,0.06441180156362619,1.8439240311047556,0.3029505462528941,6.059364400546616
06440,2001,0.375029211732625,-0.006156310007725652,2.1766857895266156,-0.9738992305989123,1.0715752450544263
06414,2001,0.3852701471824208,0.03841790173871229,3.776567707485491,-0.11366853443805613,0.42592878496540304
13076,2001,0.4388539719399422,0.058585664142392024,1.5526520620660584,0.11166333592726674,3.000536473196769
13071,2001,0.4669649008704401,0.12100053467935229,1.1671011664739912,0.40655608758814843,5.796023998357462
13074,2001,0.4599885331444843,0.06611632098579451,2.1125662112184282,0.6601869125346862,3.0969196683424336
13003,2001,0.4306307250987499,0.05193422427787031,2.244256612415612,0.4608665551326796,2.6654515421638694
13072,2001,0.459882090383897,0.08372589981107187,1.8581920096817812,0.6885758605778454,3.3883248453845747
13004,2001,0.3647336900720068,-0.0027130116938100524,2.0491593260850163,0.5250577384730897,1.2520905255082473
13075,2001,0.49861050634816284,0.13581686692649875,1.5842140324027019,0.5914835394172714,5.848431766612215
13073,2001,0.535940061524532,0.14193770239222825,2.4195759861893653,1.1520860794182268,2.5104540126532524
03451,2001,0.47891744182700285,-0.003786453933908196,2.551995038155024,-0.16168873933176497,2.655827600821569
03452,2001,0.48934460967596893,0.022719942955543027,3.405624186331802,0.21962259877144286,2.308147448540237
03101,2001,0.41684693915002746,0.056836778065512406,3.0121436826444494,0.5854764577086251,2.444319134496387
03351,2001,0.44323071654398843,0.06241658482627732,2.0964658361149136,0.33456903445931774,1.4896464984092015
03453,2001,0.4673003242335966,0.039839864351173426,3.212703821088824,0.6184267370165557,3.018927471912816
03352,2001,0.47102091427078824,0.013847283663721122,2.7727731026749707,0.2556766829807007,2.6399358929059065
03401,2001,0.5185465156162246,0.056164788446061154,3.2988316382330387,0.25816744694515403,1.8987124463519314
03251,2001,0.5117372895303924,0.0660535210206405,2.5242853471802857,0.10839682986328558,2.8421095823197686
03402,2001,0.39678264486998366,-0.0002560018551393539,4.080245738142526,0.46491655688474465,3.379900378193893
03454,2001,0.4458968058999885,0.02488174731661752,3.238207274662223,0.21717942953957925,2.7412705538412574
03455,2001,0.5108651488638492,0.02035750586695012,3.350275079026171,0.4167391841926449,2.2387083925045888
03152,2001,0.4226095476222469,0.07483748596772527,1.8306746741845652,0.3575281882682071,4.300779179685955
03151,2001,0.470899069168686,0.0906480515121052,2.173055879995978,0.3206862471275347,1.9836607275870517
03153,2001,0.4030763978658749,0.06323785356579387,1.9358620043030887,-0.03276968636291633,4.394809990138292
03456,2001,0.46231432342659645,0.005200155085590019,3.424539649147672,0.10224600182856136,2.4247006957912753
03252,2001,0.4979357217407916,0.146721821550441,3.3947309667805285,1.6195213393127785,3.2364467870271656
03353,2001,0.41137891198525856,0.011244283787167353,2.0693811623657306,0.2501793586953396,2.841500706505553
03358,2001,0.43545243977873893,0.024871034063922492,2.2413531378090257,0.3618361389813831,1.6637386507239682
03154,2001,0.47717460080410823,0.09886092961275095,2.824773441714131,0.7346886377303181,2.487629194472746
03254,2001,0.4362192447401309,0.10001426223349413,2.9942660516601367,0.9421980307420781,2.484652806649473
03255,2001,0.4769608239588024,0.14066679086419087,2.453353412752247,0.9367323291867846,2.9230961389338472
03354,2001,0.517010478473868,0.11273249666518931,2.1363905076832435,0.28496333962446596,2.653707422161674
03355,2001,0.45330191539324777,0.0627988893730182,2.3385784989375127,0.5250985445865339,3.2203518636520347
03457,2001,0.48110607339625394,0.0006959179390755299,3.23544250639381,0.10799606147336771,2.5156326843229726
03256,2001,0.5187902596534144,0.07193038205516328,2.883161287549308,0.3804258622528103,2.6687615588508242
03155,2001,0.3854923994484196,0.05453866975331062,1.944598505297823,0.3805494185662186,3.533091398431135
03403,2001,0.454586786766814,0.016166111344450784,2.4372298879066085,-0.2643563490955869,3.3550434527878137
03458,2001,0.5219203257621586,0.06813837149913116,3.0987626233580006,0.6147448484351852,2.1685865470461407
03404,2001,0.48589349166139123,0.09261678428750536,3.2564900250874915,0.4831840365068705,1.780643406443955
03459,2001,0.501501711781298,0.06750087403715255,2.989413470057323,0.32942687535385007,2.245250878053444
03356,2001,0.45832838254295205,-0.0049585275536195295,2.6681030841032007,0.20458602034219142,2.869737704491099
03156,2001,0.3694598710346736,0.05431061632799972,0.24532016404100318,-0.7988014029034003,4.801946839719087
03157,2001,0.41750848241641375,0.065759679758158,2.691430571675049,0.38433263028375064,2.3526495181893727
03241,2001,0.49055337231311147,0.09173022680986515,3.4390492719920527,1.0700230071844268,2.391293745253455
03357,2001,0.41243781871973423,-0.02002144956797497,2.237457965338383,0.024400799288550434,2.4079761724174125
03102,2001,0.37400496697246105,0.04365972924005135,2.2295081982089795,-0.04416010084444899,3.657788340582366
03257,2001,0.5104148740910825,0.10701056463650721,3.4564881673394696,1.0991894812336365,2.3442472684012152
03359,2001,0.4556338233711005,0.02874341534824343,2.6306880115775124,0.3780386886683105,2.3713642980018523
03360,2001,0.43100649983682715,0.07056791891398223,1.7062217527951535,0.1873445555560238,2.159398061971427
03460,2001,0.4790413348710539,0.05640288961031681,3.1231935446614405,0.5369306282576769,2.193666780726599
03361,2001,0.46159551520385067,0.015919280123957547,2.4367134584873154,0.06909447636961508,2.744588915176194
03461,2001,0.5178183378185771,0.0325831736459361,3.4274974217827188,0.6112757819210795,2.6726025324118448
03405,2001,0.47843091172584584,0.03826056932268851,3.278155408601089,0.2069407121471043,2.579347826086956
03462,2001,0.5245077705760467,0.043571049351431135,3.2679146948507327,0.26722918955118713,2.8342956749101225
03158,2001,0.42994756749093566,0.07167171895628272,2.4673313847251004,0.24979532802218474,3.054237430893015
03103,2001,0.509762538675199,0.12023374360857808,2.4758574019048485,0.4014007926439782,1.4050332642600059
05711,2001,0.48146559184429655,0.09889295541109061,3.0418682917549162,0.5787205727745937,1.5968628784750059
05911,2001,0.5117903409992591,0.08967706374006673,5.1362671276017,0.8738312755927327,2.6402535186121936
05314,2001,0.4357855539851632,0.003746174126638524,4.282838718277346,0.0007951157685939236,0.9750417040934171
05554,2001,0.5068385612541052,0.025311224460793758,4.16779154158889,0.6645643918032267,1.257633027377913
05512,2001,0.5129741741176786,0.07758390110019886,4.642739626878117,0.8619522220720381,2.294497574497574
05558,2001,0.5188390641505486,0.07746955635595881,3.8046003114091733,0.5256135504359851,2.003855197502556
05358,2001,0.4302273189820658,0.017759608037228147,4.089083934678866,0.3550582777686677,1.0961629849547068
05111,2001,0.43478024351478733,0.0032039658247169367,4.308516493277204,0.33438071516095214,1.7581322346478327
05913,2001,0.533465693106212,0.09773476908765527,4.718032358676001,0.7190551457501781,1.7332306966186068
05112,2001,0.45976315480161745,0.042714582390945666,4.447956723600873,0.3407950882105588,1.4822568139798413
05954,2001,0.5444458381181203,0.12583167535124484,3.895798815176961,0.8646340807425013,2.631563903634137
05113,2001,0.47969747909792165,0.019110108661716974,4.2104296272276756,0.41092952497820123,3.335738551815145
05366,2001,0.4715378975954998,0.029989607227858928,3.7059057112024854,0.12060392508261186,1.2962363687046627
05754,2001,0.5148905447989531,0.06993384288607946,3.2886390543842525,0.27442697273643546,1.1679859212129413
05513,2001,0.46763875527738635,0.049144023469351705,5.251311795036924,0.9574265059571649,1.8391987605135014
05762,2001,0.48518261818167274,0.13414964951840985,2.189807911375687,0.6520706124222859,4.224518849617953
05914,2001,0.5080201688006027,0.10496719802445509,3.8998319023775703,0.6457064460366047,1.9573114512262582
05915,2001,0.5307763044925459,0.0775227151610059,3.8865102722903453,0.3843931300280654,1.2266138348867481
05370,2001,0.4795291349317629,0.0217777063045671,4.23751342541044,0.3314559347246213,0.47494082844677077
05758,2001,0.5074433716333104,0.10523054436639029,2.859579520934476,0.6239759388437842,1.8060396008549264
05916,2001,0.5079478854328767,0.07691767484220446,4.8892698539842065,0.7783005295515038,1.5781848004373975
05958,2001,0.3365061503169805,0.0031668486706217247,0.9911399281419346,0.014940100663814238,9.486211334283214
05315,2001,0.3661525714102742,-0.02890879032218957,4.252279195324016,0.016526337049486806,1.2583169395067804
05154,2001,0.49742259946457873,0.02344830590593716,3.707946061860235,-0.023156567941570838,2.307822215610267
05114,2001,0.4568151129054299,0.02281369813447559,5.1817759935964345,0.7823162076868693,0.8045785576937635
05316,2001,0.40810105271988095,-0.026552918005166237,4.649257159197983,0.364037674760576,0.9540162980209546
05766,2001,0.5186382022157554,0.1564616702268225,2.5732143763242434,0.8647019335565698,2.3748062744865868
05962,2001,0.5149352106918417,0.10309138690028202,3.272923088113257,0.7808465801766657,2.7553148846462183
05116,2001,0.47285929880013317,0.03309675051745514,4.501606360825181,0.49310146655510856,0.44383715719269273
05117,2001,0.48435053967887143,0.015268550962161842,4.510949502512724,0.5090601433987523,3.6978936343535436
05515,2001,0.5259781277861284,0.07693015828570954,3.712803694750038,0.3726967546309541,1.5682874748850377
05158,2001,0.45594372722695165,0.0014385797387809207,4.008511429804769,0.3595926341469551,1.9871926458119502
05770,2001,0.5279018330367931,0.09511570818575676,3.200470255663345,0.6391774950815612,2.497954653405843
05374,2001,0.5067056434421421,0.10539054396313707,2.357244014869344,0.23789068064417318,1.5435463082305285
05119,2001,0.4774263221776235,0.06918135634926226,4.9742028673135295,0.05575649914251368,2.266932270916335
05966,2001,0.406585642359761,0.07901015794783822,1.6454567030867353,0.6284923333892074,3.4031118046631175
05774,2001,0.514275633101548,0.10953524530695385,3.0524177847499314,0.7045124418707487,3.9063896195970504
05562,2001,0.5209895540559611,0.07163203282872599,4.497115732899702,0.7117914570118891,1.7792399915316477
05120,2001,0.36724127207985274,-0.0013002374295711383,2.048450991592966,-0.18019045420528368,2.9387345162370266
05362,2001,0.39068018941039423,-0.0006690851620624327,4.0014132467939465,-0.0014915782242193032,1.1168035771966385
05162,2001,0.4125495085691786,0.016766649842016146,4.27549374618105,0.3697699134963539,0.814992964392802
05382,2001,0.44256287637784003,0.012936014823642095,3.687050920826516,-0.15626933160820622,1.6431556861566543
05378,2001,0.4539049177842429,-0.009215117762090275,4.143445821924815,0.8204072158994848,0.877452815056408
05970,2001,0.4182429012915268,0.09894494045094421,1.3233842782491687,0.22399120349313129,3.303871439006574
05974,2001,0.56541110971277,0.10771122794560195,3.8772945718176164,0.8591171099668746,1.8216064706802138
05122,2001,0.42032727094626543,-0.01088343013962606,4.882605310046004,1.0051800928039967,0.725478981984558
05334,2001,0.4472585477370134,0.03538251205118875,4.339542535227259,0.44497549895684996,1.2742238562091501
05566,2001,0.4990561377647874,0.06430385928189986,3.560340765276516,0.5172701275714227,2.0488884235507623
05978,2001,0.5340638900260639,0.08912681744808715,3.909167968990546,0.39401933084663865,1.5525324681267807
05166,2001,0.4907093885134312,0.02985758602124472,4.494988127111932,0.489957942204752,0.9514232255626139
05570,2001,0.5241560303283833,0.0815941497507151,3.235340425551664,0.08778882987223513,1.6785618611966133
05170,2001,0.5089593337682891,0.023480072423840648,4.349962595218875,0.49654426145828046,1.6097102512378516
05124,2001,0.48790229770407,0.06837073453847714,3.7669155399771217,0.5862907071823047,2.187036120732311
07131,2001,0.4976123845815304,0.05375524270319909,2.776618054873047,-0.3053158643996441,1.8461588197260919
07132,2001,0.5069138855980897,0.07797010528880799,2.533304022758231,-0.008684077335139317,1.850422733677783
07331,2001,0.3259125850196116,0.00917070702759748,3.6879345307348044,-0.29483703820175045,1.9573614801235304
07332,2001,0.341438479935516,-0.013914665262473092,4.2133201569124665,0.04997155180019419,2.292158655436032
07133,2001,0.37027358825921475,-0.022565969433850808,2.373703065242606,-0.5964415707539241,1.1228333248614855
07231,2001,0.42964966120815506,0.06051069235210693,2.93316372466074,0.5622985769576712,1.2291142605885834
07134,2001,0.41605373188134254,0.04951175768660593,2.915993331879246,1.2504999263942174,1.0721500081333275
07135,2001,0.41287677171751236,0.04266275945859532,2.2756592316403457,0.16636211596284944,1.1446730408329815
07333,2001,0.38165291641377264,0.005374736006543979,2.761237546790305,-0.3546142022289671,2.431287518958142
07232,2001,0.3958151359105474,0.046796227861273465,2.313765620459225,0.3066524519392124,0.9267449531202118
07311,2001,0.2636894145311743,-0.001772959103616023,4.518945186036523,-0.22035526138705297,2.5267694888402223
07334,2001,0.32947617219504766,0.005990726161766657,4.709605666948272,0.598930382732175,1.3072879572677247
07312,2001,0.4332634327908061,0.03874851098368931,4.249361996719674,0.8040516889426019,3.6568717127829853
07335,2001,0.4671657599050174,0.05120186452429626,3.498011571077177,0.708757808077086,2.3884855172801593
07111,2001,0.35784934143775887,0.022519769482157004,3.2603029290085264,-0.5446327264267876,0.6289043376089298
07336,2001,0.46454651922675816,0.06261807393760616,2.79127948484013,0.37306892812077175,1.6021922824147963
07313,2001,0.34884687769179984,0.006088408193510031,4.622182215446086,0.3717511787531498,1.672256997755994
07314,2001,0.2975324581010926,0.007227821216558072,4.714651421557427,-0.3151079931981817,2.0477913811247146
07339,2001,0.353356298756752,0.014007917991961383,3.379325699787207,-0.5033445262561784,1.015763616945532
07315,2001,0.28787140298173824,0.007071299466064107,3.5449064448447727,-0.29169498862186893,1.5308738709326373
07137,2001,0.47155021536535463,0.05539572233771206,2.8334521318363834,-0.2392102445586093,1.0738040357692304
07316,2001,0.38404085040066105,-0.015449379630945781,4.58112225217883,0.09281512095052147,2.1887443589062916
07138,2001,0.4308446717320861,0.057536522633780895,2.2792283643336795,-0.8128218646844574,0.8946299749118988
07317,2001,0.4703718973077207,0.056108948022889626,4.289876229878705,1.1582364339461102,0.12133199079401609
07140,2001,0.3704744735766133,-0.001612838250786175,2.123346772311892,0.15954366622022187,1.205846130843475
07141,2001,0.41794404000075913,0.01018892684459427,2.079724617691981,-0.3805889513790959,1.2458528467340169
07338,2001,0.3067137613509534,-0.0012968440966482087,4.330576500424199,-0.1445813416538444,2.188439716050248
07337,2001,0.35965978626292905,-0.0010126046894059493,4.840598753316123,0.6504605402583659,1.7120208689321852
07340,2001,0.4762179955618209,0.054442738335033714,4.867229007633623,1.8632152033153866,1.167631591880867
07318,2001,0.31707506335134444,0.003738583035014398,4.644775014704952,0.24439186193596907,3.102367601246106
07235,2001,0.43417668758145783,0.0553956782158323,3.10817699899894,0.5753790210252441,0.6253128411299557
07211,2001,0.40410125113977224,0.0627063531867566,4.391999400725956,0.9749594914134296,0.88872095220102
07233,2001,0.37256778738615354,0.043418454994856304,1.7773443516511966,0.19605030198626405,1.649192149835251
07143,2001,0.45443876302249914,0.08617371845671079,2.513105872848006,0.2868764749280923,0.7836431297892491
07319,2001,0.3169222907940912,-0.010176950431304121,3.8973093103239784,-0.5535209759661499,2.0332502661659233
07320,2001,0.43823533474535337,0.04960958505140334,4.444181005712146,1.3631148669358728,1.356831718374967
10042,2001,0.4437368517194882,0.04339763766692567,3.3416179832903956,0.5240070240650452,0.9932412540323842
10043,2001,0.4943454450432159,0.06853852750136041,4.201156795400359,1.3063999769112766,0.9438521026861295
10041,2001,0.4801186331394004,0.030086496010660102,4.906101717335836,1.2366380127500594,1.0128103748220783
10044,2001,0.4656682879090018,0.04218387653801098,4.769209531544437,1.2971250690295175,0.8631048898595801
10045,2001,0.4454623943152588,0.04039211611232907,4.410118663598422,1.2396498523945665,0.9201529171553933
10046,2001,0.4817510720869754,0.10146675235197172,3.520325298380466,1.2466611473716416,0.8098009438096887
15081,2001,0.5029214800517086,0.09238344338908644,2.0364085640053915,0.01795372195558631,2.2796929853947905
15082,2001,0.5016924828565175,0.06953666071046005,2.7321616678814715,0.5166272417878348,2.4995776508827947
15083,2001,0.49846347978766326,0.1106518037295845,2.4701560324657375,0.44235850810937327,3.2396639419415667
15084,2001,0.44583730395829513,0.03339935967253144,2.935515879142866,0.6885970204724323,4.610432021604751
15001,2001,0.49484158287396257,0.06428451732437374,2.422078397083899,0.354892438465519,3.5194307608100726
15002,2001,0.47232306337650964,0.04690955757820986,3.619996982844527,0.9592754025103076,2.302373630597732
15085,2001,0.40858705486781854,0.014742978706349663,1.554837733365161,-0.7045788424342931,7.684567310926112
15086,2001,0.5151172180953586,0.07855693341659992,2.443612628913306,0.3218986060361839,3.0813187492325604
15003,2001,0.46206186672560995,0.08307143967345298,2.804512485890139,0.5350667940062594,2.7027033556398425
15087,2001,0.41219040864965295,0.028830635730103027,2.0105968110996906,0.26969425415766723,5.799017213674009
15088,2001,0.4561191208984375,0.028981179750226183,2.9740807583154645,0.6234714032871,4.015003768607499
15089,2001,0.4788226673357826,0.06469864188137703,2.8771826095191386,0.4207216444250066,3.7962078025188823
15090,2001,0.5228739876874338,0.11217349095061319,1.9853854432654152,-0.07537612430037144,3.29823782415354
15091,2001,0.5167451560502452,0.10235119193311226,2.736542053315243,0.904621090953085,3.8750627030599074
14625,2001,0.5240708032351221,0.1513652620239836,3.065176538679179,1.839028058874104,2.643000657357314
14511,2001,0.5005596269147623,0.15310148316937527,3.2506115914907157,1.9541462180526512,3.3098284514360956
14612,2001,0.4639245709196227,0.11316827337185648,3.2299377762592876,1.7983131143671731,2.672531913844941
14521,2001,0.39036958568163077,0.13920221533716387,1.9862149489574117,1.9995533810998591,10.557601416849176
14626,2001,0.4240677571595757,0.08013230519349362,2.2690422659997584,1.6049365496170707,3.5034228402487773
14713,2001,0.5014509600736825,0.07500539137956286,3.4885189213985854,1.1478788020255402,3.478650694978915
14729,2001,0.5272909738671175,0.09671708777486487,3.067925851879283,1.0752284760215292,3.641501316587016
14627,2001,0.5492289271106008,0.12016066895431216,3.171682685780594,1.3360499814239764,4.025940615996756
14522,2001,0.50417263747572,0.14501818803477434,2.8535900022464777,1.7250525684742937,4.333372928955796
14730,2001,0.5451803794446912,0.09814843224705366,3.1489765820183497,1.160763581390887,3.636976762683154
14628,2001,0.42616388161559565,0.11496887387641913,2.4083496400514814,1.7527140535376686,3.715274319364625
14523,2001,0.33080296853849245,0.04759021994079221,0.8231834534171298,0.3834623510317831,8.96243497347723
14524,2001,0.49884877986498033,0.12587831380681191,2.849392424130584,1.3214650179044303,4.478143422510684
01051,2001,0.45442119327384745,0.04596717284839291,2.50091418225828,0.419807813657711,3.0786952724234298
01001,2001,0.46595825920546424,0.07939868031540531,1.8065359212878405,0.2585391967756212,2.207818683295359
01053,2001,0.4987748564462866,0.08131099028833666,1.9182961364998765,0.38482951443119484,2.797744561781152
01002,2001,0.48485204815067784,0.07827330780823161,2.176733315907629,0.5379857768504166,3.497306860625123
01003,2001,0.45948100508719075,0.04413461506988625,1.9166522827937151,0.19865823910953373,2.737024118738405
01004,2001,0.4126616186730953,0.023718365401082464,2.6173002083336594,0.8001846596306506,3.0952167718298393
01054,2001,0.5096435359495679,0.06777040577462518,2.5040733167844573,0.3116090134512288,2.6775256583478546
01055,2001,0.5356477626966472,0.11412789796433359,2.8164620869413657,1.0156193511701552,2.3773051655976616
01056,2001,0.4929953176692309,0.05635434101770115,2.8500260551146943,0.5987148094367138,2.823339406064535
01057,2001,0.5114509332533124,0.09090298841096833,2.2644221188939833,0.7551748790357442,2.856405095232492
01058,2001,0.48725765188787806,0.05201541357949907,2.5372586157573274,0.8577433060223743,2.9586091800431857
01059,2001,0.5216056666359652,0.08752703243838506,2.311287983196514,0.5555137268512984,3.5828214348241825
01060,2001,0.4785201916596085,0.05769510742356154,2.0985117079464395,0.5710092035896015,2.752360060007584
01061,2001,0.49692182176186905,0.05547310010528517,2.6872752107516313,0.647464904722503,2.711178745112479
01062,2001,0.49027625568882743,0.06598384730338741,1.9264760403329735,0.33221328506586234,3.1301282439098532
16077,2001,0.49176566933551125,0.0903516280002778,2.7390196453501883,0.8710695067398688,3.80997864439926
16061,2001,0.2998922507609397,0.006908060346899059,0.23592707164561766,-0.6406226743090624,8.00616275849094
16056,2001,0.3006567462151404,0.011130813352396185,1.3894854278415634,-0.2352859628213666,7.906305650766903
16051,2001,0.4454005485952521,0.07876845993946868,2.8929195083683408,0.47156690717524885,5.430740276544048
16052,2001,0.5012491588968775,0.10024207620298897,2.8871379263480743,1.043869408252523,3.7940090793404404
16067,2001,0.4205651215379329,0.06823028022175609,2.392835123190064,0.42924831940207797,7.942557914195583
16076,2001,0.4456097864867019,0.07419554442797688,2.034249274015906,0.7604865061330042,6.699049690945341
16069,2001,0.24268384521025418,-0.027897561900975282,1.8459579470051701,0.9128122308805646,4.771149094365633
16070,2001,0.39165407585682394,0.033391374376686545,2.5894787331264664,0.6956819788304431,7.338939082836015
16053,2001,0.3846157339499973,0.018227607975161098,2.459737240817387,0.5912107545557346,5.013343755234213
16065,2001,0.4046985522906328,0.038390862570440776,2.133356987864214,0.24865192192438967,5.938801389255222
16062,2001,0.3595119638964687,0.021223998585450432,0.4060097632918415,-0.8181829067441984,7.754370583444984
16068,2001,0.45571094766086534,0.06286540734304474,3.3519222058161895,0.7223361315475487,4.5424303316902925
16074,2001,0.42360119455758727,0.0366796748692656,2.6652702111366144,0.7984189407746731,5.037594509285766
16075,2001,0.3391593106704353,0.036375230073786236,1.1579717580197775,0.5497049408924818,8.036352307731642
16073,2001,0.3571335240415889,0.0016556421726481307,1.7342475639689936,0.4237540519905638,6.622543016929042
16066,2001,0.21514447253182684,-0.03895717733494297,1.4525228587117114,0.7424290660148395,6.4153143726270505
16072,2001,0.1902570262700766,-0.03905081727901391,0.42720920931792505,-0.1378537154519176,5.465804367594565
16064,2001,0.3727351772947083,0.05188379630153217,1.9398643717023347,0.16971380398899027,6.051743235597136
16063,2001,0.36852762273331746,0.04685778378438199,1.8713166882009262,0.5453259307789584,4.941874091292948
16071,2001,0.3831156423235289,0.006048215039528404,2.7529853259696226,0.7280652972620754,5.335519910690722
16055,2001,0.33822156847950147,-0.0488315836776847,2.8591738363300925,0.6689822854250345,5.7677664753197355
08425,2002,0.3171081043120933,0.028315870666327403,0.23741162526115958,-1.277702666837424,9.917147460545515
08115,2002,0.4255854883821984,0.02969373451252605,1.528421062733315,-1.3356981097821132,11.065754985400233
08211,2002,0.37408181420226466,-0.021633288231969694,2.6714197912152895,-1.8770935636267603,6.764861683343142
08426,2002,0.39950358983900924,0.06571626693477994,1.0651411189276259,-0.6157658058410198,9.434418805902403
08435,2002,0.305947308238163,-0.02793372280245421,1.5573160509112753,-0.7983072966718168,4.072193519851687
08315,2002,0.35169596934386227,0.0020003800244227654,3.781407835482969,-0.8460525733478348,3.231235020280236
08235,2002,0.47696841620657093,0.07616001535557465,0.6602235791817973,-1.4557491432469094,12.002235271597847
08316,2002,0.39838759291745335,-0.0015154197587257667,4.113200990100752,-0.9287856853520875,3.1023299944005482
08236,2002,0.3942007363897634,-0.04870455543187946,0.43384381250018444,-2.862315877858849,9.625992670127768
08116,2002,0.41001545407854645,0.009745324535035682,1.7780111662694704,-1.6295553986461098,11.277380228003034
08311,2002,0.42901798484320147,0.0047342811420983955,4.501479028116747,-0.6610373304237758,1.5354472895373612
08237,2002,0.45842157557253416,0.08853266900286755,1.56397385146595,-0.6132556170993819,11.021922655558877
08117,2002,0.34348753857249886,-0.026128191526699207,0.19539520820631567,-2.019775558977915,12.285491846679893
08221,2002,0.24674143300511384,-0.12458791642975556,1.7664358016630006,-2.9547646049664786,7.631718856696909
08135,2002,0.30530846187846533,0.02139449681697997,-0.3620555444025946,-1.6263394426058309,9.761889976195002
08125,2002,0.3127637581564203,-0.07631997064088664,0.9661542273299568,-2.4946914914329,7.158190654243048
08121,2002,0.28575643421399466,-0.07158050522216386,1.3002761401521161,-2.5643221727518375,8.054493119910134
08126,2002,0.3886394844643595,-0.02467520796575895,0.13219773372964028,-2.6682902957610275,6.5109485346840055
08215,2002,0.370137923733626,-0.05702589588565121,1.9908042843102758,-1.9956114455635612,6.884108459327759
08212,2002,0.360238178541609,-0.04674007027972399,2.4463491486275335,-1.8536247858072818,6.55386706202125
08335,2002,0.37591273585695517,0.05547072506628603,2.534575715366473,0.12680026267552336,2.2819288284523096
08336,2002,0.41647642660060813,-0.009496446929081137,3.0446158925680047,-1.2478648299227988,6.954852533016136
08118,2002,0.3543942672327522,-0.040021458283693245,1.786380403734084,-1.9943994441599429,9.365930260756869
08128,2002,0.3548298154540739,-0.026714847249849072,0.3283829791905646,-2.157140662896543,4.730668786001609
08222,2002,0.3089779781430229,-0.04876252211349391,3.175102565558366,-1.8878423475011679,4.8945654037373565
08225,2002,0.33456734995181886,-0.048225924466713255,-0.011238416895601504,-2.405902608310411,5.927371520554934
08317,2002,0.3566857206863503,-0.030356763410795184,3.3506028983352025,-1.2546667220135839,5.066876265078402
08136,2002,0.3303321006075297,-0.02577860394052467,0.06731639277424332,-1.6639809661525113,8.983730095502567
08231,2002,0.45453008229278474,0.017714986273603184,0.71038072999218,-2.7000438347070093,9.576615323064614
08216,2002,0.36460339098613254,-0.027393099451308023,2.714642051632356,-1.6664096091858673,6.741100783374599
08436,2002,0.38478302760443606,0.04266546471956717,1.4389532688130615,-0.5424702195710789,8.369211593150602
08119,2002,0.40031438923841833,-0.022517322698996256,1.528097871102309,-1.9331307610315307,10.16420581050506
08415,2002,0.31075393002974405,0.04051853306974462,-0.08570636941942199,-1.3092169983079587,12.27525401143746
08226,2002,0.3415172949548449,-0.06622308227341578,1.6146945184168535,-2.318417754744362,6.939593988357596
08325,2002,0.4436385444589414,0.11185166320914036,1.0125723813201808,-0.6419812397439755,13.226567271542772
08127,2002,0.279673287182049,-0.09505049254602105,0.2231708117842408,-1.8735953155423544,6.075193351676952
08326,2002,0.35932215955340874,0.058983382805775364,0.14401928782821424,-1.012452934453156,11.610840864768731
08437,2002,0.32845936905531264,0.0325298338420304,0.6674486770657696,-0.6081308664447399,7.936762365522949
08111,2002,0.3698087498989035,0.00658153565244185,2.2746018151722125,-1.7419024715625073,10.504569818581642
08416,2002,0.4224776895562312,0.00850355936694902,2.533968816714645,-0.5908700269929015,8.626281481814669
08327,2002,0.3712835552953271,0.08656100264324568,0.5407470029888354,-0.6921197334441863,11.144783051069975
08421,2002,0.3595986451163648,0.08009952835159401,0.46651283327424936,-1.3221054349256602,9.00160107426919
08337,2002,0.40090946487979506,0.08992239200163155,1.6970521019370461,-0.380216789543526,5.27139951783644
08417,2002,0.37508418003489874,0.0340279042382044,1.392655845396477,-0.6868822085612851,13.562637664546136
09771,2002,0.4294407455546263,0.09773215333770963,0.44266802294555674,-1.4273913859961094,10.671455503550302
09171,2002,0.41332888863774336,0.07330616255250616,0.31794006100740313,-1.1467927441662815,9.303889141481008
09371,2002,0.34791360415286404,0.04153235649221171,-0.46660927879885844,-0.884638443497969,5.443104323200576
09361,2002,0.3674746603885353,0.044391614845934346,-0.22544557968363427,-1.151575634692586,5.116229244777718
09561,2002,0.3992502180354316,0.04038797256316867,0.3216412824357509,-1.1794872905646474,5.2549599216568135
09571,2002,0.3957766862332831,0.02298226114527524,0.4610919762696034,-1.3105690274899064,5.1716012515594345
09661,2002,0.37158812489708515,-0.03022637066165318,2.611000256044758,-1.6650223365434713,5.120619106920477
09671,2002,0.34711768688793326,-0.06572352850107183,1.4541704230690702,-1.8378718649715398,4.798070517794027
09761,2002,0.40114530653967656,0.08024001621692745,0.7428343873155425,-1.8291047384325,11.294709984028673
09772,2002,0.4261798186060943,0.08539491871592275,1.0384088948587782,-1.0169050659077992,10.08204882212139
09672,2002,0.40309304577813027,0.06257118023476,0.6075474492053954,-1.4395604740414436,4.16354052199248
09173,2002,0.3715413719571903,0.040169675556422646,0.42166839274062556,-1.3099473295446535,18.33055114851349
09461,2002,0.3938220641639465,0.04502025487876271,1.2405156853129926,-1.5023971657406563,4.044694435998783
09471,2002,0.416772350161358,0.07054809705588128,0.6036219570793219,-1.1096396143896032,4.898019035452565
09462,2002,0.32934651472805354,0.008866078707122693,-0.06670207284227679,-1.5494980977025705,5.571726260951931
09472,2002,0.2898559302939581,0.01577802475121526,0.09614673663506379,-0.46950995475635804,5.182313000479721
09172,2002,0.4694262243574524,0.0589245574040555,0.23830333512931418,-1.761049251822756,14.15752511623371
09372,2002,0.43409304711435137,0.10567886043054814,-0.27447092956698005,-0.7833589730907834,6.354678987311912
09463,2002,0.4436310647909214,0.14371965937503162,0.6308347866997059,-0.921525748918389,6.083894483227281
09473,2002,0.4245701420180258,0.11414736173791656,0.4279370344870002,-0.8325233845403954,5.057157491742243
09174,2002,0.39835418170043463,0.06825200842349177,0.38487915276496715,-1.302515334825625,10.774083386560953
09271,2002,0.2167564730308848,-0.016175715780880673,1.2598060674225378,-0.06158456536275181,4.854205492023152
09773,2002,0.38401399115754625,0.08078201000801094,1.228457309823539,-0.5347079629569289,6.7436436472928065
09279,2002,0.32183985920091196,0.013244103707228394,0.9678222965730648,-0.5548777857233967,5.568891641546321
09779,2002,0.38919059936108363,0.07032690787724111,1.0015213507607537,-0.8429651498010751,6.677847355470777
09175,2002,0.4562197023924192,0.09841664143217416,0.5746886821836782,-1.4192191758585344,14.226289974655725
09176,2002,0.3285249031474909,0.03924255407495669,1.0503655119464692,-0.2092199984312617,6.754619507643207
09177,2002,0.39941678711706136,0.05992073388873986,0.5846932892938422,-1.148647912649389,10.2134429029258
09572,2002,0.45373071564389894,0.07840596952557782,0.45946471169860414,-1.781790523450518,5.32287032596292
09562,2002,0.4214137579168074,0.0762025290887296,0.7074441975789845,-1.8073578527336287,4.404684349309754
09179,2002,0.4304004614962374,0.08758266998573344,0.6974227453873635,-1.247527073759863,12.434308998616675
09563,2002,0.3834479721635947,0.053839509288993004,1.6828264993549733,-1.2555608066782327,3.6988795923684896
09573,2002,0.46649085397773155,0.08005222908216036,0.756766953313924,-1.4188706779375777,5.088995982714652
09474,2002,0.4123347752912923,0.09602133390612588,0.9248089753743257,-0.8258678472584596,4.38752733822205
09178,2002,0.39565421143881585,0.06792907819250493,0.5914059848551357,-1.1972230580192935,9.697168407808297
09272,2002,0.16393383590826646,-0.05761100567481883,-0.13524932053910288,-0.21212080134222006,10.08907870652837
09774,2002,0.44718264301082133,0.08842954218220062,1.1297165561394764,-0.8633403691769614,9.084516606056948
09674,2002,0.4036417827395387,0.04377581216376181,0.5416111349609457,-1.5339924693394567,4.048581281476062
09464,2002,0.05982975581222177,-0.13083431421289382,0.4354994099855806,0.664934328801654,7.030296512521123
09475,2002,0.07689347010028821,-0.10295826940216687,0.15935865720226572,0.6470185242970856,7.0722560975609765
09161,2002,0.366722732022475,0.07292712470385154,1.9181130188693634,-0.20348105808885908,6.227718801866935
09762,2002,0.23536006398293194,-0.1524764346741669,0.6075966850829043,-1.1694656006976434,21.70441988950276
09273,2002,0.3644660794563952,0.06519548924439006,0.5193426295239856,-0.7370252917695532,6.134897433792311
09675,2002,0.4009145108185231,0.03572763142530733,1.3566211788395521,-1.5801291323864652,3.975963056950237
09476,2002,0.26018191182847983,0.013887014289810151,-0.4626406965832452,-1.091958765648571,5.810248255777599
09477,2002,0.25660675330704624,-0.013635963825775421,-0.1250906055979398,-0.8526692464529668,5.172492930517435
09181,2002,0.388704761224135,0.04743353993112398,0.41395606216175446,-1.3812398476520433,14.338271114563929
09261,2002,0.41169250561517207,0.09160432517821132,0.6008160016210913,-1.245446682384072,6.378852778193799
09274,2002,0.3990342726675078,0.07112822615264086,0.38388075271270616,-0.9269481215137454,7.943377744009985
09478,2002,0.4172886811049218,0.08305874202656599,0.2880898823146248,-1.0038809529761008,4.475804633648403
09183,2002,0.42178565602452733,0.07619936955964596,0.31396199271211445,-1.147156734662887,10.186648279839737
09162,2002,0.37899201422755696,0.0601550340454165,1.8920913319693016,-1.2151655571698972,12.020248775479288
09184,2002,0.37725523460613913,0.06906797848514579,0.9693604998884925,-1.3463684028104623,13.86381566354015
09677,2002,0.3453527042607571,-0.010800398124038268,0.8736126210176557,-1.6323571490557378,4.03394874061123
09764,2002,0.42117759563167145,0.04027364110081255,1.2505421079124444,-0.7069761292289862,14.145503004020423
09182,2002,0.26475366463150385,-0.0411616428430025,0.02705079116180407,-1.409637757183706,19.117025292563227
09676,2002,0.3731587887217531,-0.04337947177603568,0.6927140720428935,-2.1438449487258544,5.7468687138110015
09574,2002,0.32348919332244425,0.028252121800022734,0.43233951298343637,-0.6588218839064379,4.951719573071514
09564,2002,0.34307122444775634,0.043645554386498586,1.899493739871332,-1.2953778860777267,3.189170463373155
09775,2002,0.4457459672817993,0.0966444177679654,1.667688376448141,-0.4559077397958593,8.44573523783657
09185,2002,0.39200880714793446,0.0887645497356786,0.913151106781545,-1.0229188774606863,8.493275550412568
09373,2002,0.30854154508953674,0.03463029165842657,0.3792519502413482,-0.3609978441119172,6.3259031788046425
09575,2002,0.44591872404083394,0.06790285511126942,0.80498857161253,-1.6375107832450504,4.653032120376391
09374,2002,0.2386655029268105,-0.01195274890346093,-0.9549224841737307,-1.1909065606968439,5.151044245752449
09780,2002,0.27466881524374837,-0.0532784176737468,0.7772965715211986,-0.37936136144145505,17.883325230918814
09777,2002,0.39580427299112536,0.029927846766497346,0.8344812125236152,-0.9729632631324925,15.712477272727277
09262,2002,0.3133966844627845,0.043337422261569614,0.7159776635341135,-0.7977961888387628,7.039608447385117
09275,2002,0.2880121451960089,0.01564459132876911,0.6490900910823124,-0.6538503333399525,7.020188900195854
09186,2002,0.4089857995858595,0.08118417538068556,0.3694577145011237,-1.4385018195154682,9.715384643568996
09276,2002,0.40063069062307477,0.14412646463460987,-0.4677763382450611,-0.08001627993369187,9.9375
09362,2002,0.24652781403251817,0.011241590099940718,0.6964242015567773,-1.0931256505337346,5.221165548668311
09375,2002,0.3042588975267748,0.03657220793456589,0.3304870153605117,-0.7358940018948823,5.511479889998111
09673,2002,0.38883092538146274,0.08542166622926584,0.6434965719963082,-0.9324632039815142,4.189041331746732
09163,2002,0.29075432896837833,-0.12092204790286598,0.30573174464191993,-1.9736069035912838,14.145192540566722
09187,2002,0.48169013645274433,0.058464925953380376,0.11442398144506348,-1.7572999162470841,13.45180335982936
09576,2002,0.40945382665754604,0.04890243438832603,0.5538276685230019,-1.0337269696875238,5.205195223349154
09277,2002,0.37411454521354437,0.041308119743727945,0.17818245967969631,-1.0236076872858446,7.7664450384993255
09565,2002,0.46303487597162524,0.08131224023705536,0.7078923322352244,-1.5817028599442056,4.891888575285312
09376,2002,0.3573844099912299,0.06061243188245646,-0.679039581305946,-1.284290449900806,5.701640415088748
09662,2002,0.37670646900516,0.03946232126143395,1.6976148263993804,-1.7208421432950598,4.363636363636362
09678,2002,0.39131872054660555,0.0373811647016149,0.9845287001281516,-1.630961123513198,4.061193636494324
09188,2002,0.4365871079934302,0.07280710503714616,0.8829133439810573,-1.1469612620315393,15.297150476121832
09278,2002,0.24770840908359734,-0.011761702572459981,0.8125624616716968,-0.41308080047103946,4.58032383582822
09263,2002,0.153340924137276,-0.0517105432768645,0.9618674398477711,-0.5912893148627378,3.7643139149411113
09377,2002,0.22518130958969726,0.023975063280406494,-0.5493231597814118,-0.2755395750792558,5.138519192190389
09189,2002,0.44955499333390925,0.08781575191601126,0.13775497486344584,-1.2640742626825807,12.091384336481175
09778,2002,0.44176364361929127,0.05163924223300337,0.9446523005101561,-0.9734126401983145,13.345135885352787
09663,2002,0.33990587585740795,-0.006272804928756204,0.6629117251753156,-2.4644731576674523,4.580142601375756
09679,2002,0.34786651632133503,0.005126812319828533,0.9305449992614645,-1.7219834024865976,4.187231507321811
09577,2002,0.35779455880143696,0.0075178625027770285,0.44708157771835444,-1.114610318091521,6.774979380890715
09363,2002,0.2121692518471181,-0.08478633136494013,-1.1021283601865592,-2.1953703369994573,5.270672966999466
09190,2002,0.40163745373791576,0.00593977139212859,1.2476130672049321,-0.9434115962592649,15.26530612244898
09479,2002,0.10937900757832393,-0.05899449566416075,-0.974386951218391,-0.2169591614569747,6.776606199224311
11000,2002,0.357197863187246,0.02055316125971607,1.4382423751333824,-0.6821692960486905,3.7702517858047546
12060,2002,0.34752504789398647,0.005109508280949526,0.6768147447994989,-0.3739702676965829,3.984689836958056
12051,2002,0.45990184798198014,0.08871756046017187,2.066164139645371,0.20530317440630363,1.7609311055724797
12052,2002,0.43052815922061644,0.025065678575326544,0.7097273463749837,-1.2064954002641044,8.525394640399025
12061,2002,0.4133669168509223,0.013616591768667252,0.7997230875651431,-0.865117668094924,8.302140698877801
12062,2002,0.41359722097720897,-0.01875189283491313,0.6515327783001255,-1.24051261955585,9.17277936413956
12053,2002,0.29901261033579707,-0.07766279532149956,0.348520585467092,-0.9732258445337085,9.556443925089953
12063,2002,0.44855089478614585,0.04390074723355297,1.7337801026311928,-0.1433828511419475,2.1983270473834016
12064,2002,0.3334157526764183,-0.026309334073611024,1.4525399977261626,-0.04287214418111884,4.323172879119896
12065,2002,0.41470957144285964,0.04949227403836404,0.7944174586959758,-0.39217649575831004,3.0246310408312826
12066,2002,0.3750303115660284,-0.0044237889728582225,0.3399808790236255,-1.3127696912440516,9.03977138468809
12067,2002,0.34704264383707195,-0.03883497237523226,0.6785826607517385,-0.5441058194727486,7.553544712750607
12068,2002,0.42757134851252476,0.05696644569010573,1.3352266665488466,0.12173994713648084,2.013098924738743
12069,2002,0.4371918235247181,0.021455443353928516,1.5552760901361646,-0.30277069409641477,3.662734594141291
12054,2002,0.40853600857597255,-0.0011693794547240066,1.8173360009919504,0.029281068480590866,1.8052741423540162
12070,2002,0.4219403906363884,0.04645714004199081,1.5908075977591536,0.2647168855257742,1.841282566398615
12071,2002,0.3918420530110577,-0.0005166403041577672,0.5190135083644443,-1.1124000744778206,8.577160575936814
12072,2002,0.41594266569021354,0.021118556841020764,0.6890576842280696,-0.870921224820393,7.750150124490585
12073,2002,0.3605725668190853,0.009644324894522605,1.0502164246831096,0.27666361543565143,3.3142135717530077
04011,2002,0.4732465043985878,0.046688081335179654,2.84531793729926,-0.08297759113218461,2.624500957068635
04012,2002,0.5222524315786299,0.12420023827543564,3.6602648221344154,0.49222371633114026,2.4321475625823448
02000,2002,0.4597244664438546,0.08268393963529913,1.9571378627167129,-0.42593389941618587,1.5362035437647346
06431,2002,0.3925417709891906,0.01781339446223623,3.346454256097155,-1.1485485946670866,4.752935771788588
06432,2002,0.38310281554784786,-0.02153998915829497,2.013649349153578,-1.836133594727455,5.435394092526308
06411,2002,0.3863571410305616,-0.011393996064435863,2.9742341606086935,-1.4054480583365967,5.2313628369405265
06412,2002,0.3618651356674547,0.00087107843448192,2.633915003292691,-1.2647632382311822,4.9531171061938
06631,2002,0.4007735359323272,0.03467824655871493,0.04906154232908076,-1.538931994212161,5.912145812840596
06531,2002,0.4737946208906981,0.10055088727851913,1.8307579882831426,-0.7661444961382857,4.627730834299965
06433,2002,0.3711377835984549,0.017135352049516328,3.703801895106005,-0.7491513530472127,4.409322234495818
06632,2002,0.4037290526802032,0.06086185360800578,0.5367728783811923,-0.8391414758553446,4.406252598320444
06434,2002,0.4067865792489382,0.02442872355387532,1.7160935884316335,-0.981994746431802,4.422305520397235
06611,2002,0.40844087614210595,0.09623686685991872,2.682329427823154,0.17369289608283411,3.7549090254008295
06633,2002,0.43243589773690805,0.09279179293385009,1.1535153078352383,-0.4981239850131769,3.9783889719556225
06532,2002,0.43075590782473994,0.06531147568768025,1.712731204364005,-0.7703711185560147,4.782674584029194
06533,2002,0.4512595571205089,0.05113656980449072,1.439916120031738,-1.4390928354884487,4.634862039694013
06435,2002,0.3682900891998372,-0.001897782868519493,1.6331552450197955,-1.4184573230872974,4.730228913237284
06436,2002,0.37311796326537666,0.01304620274672541,3.2075816847278884,-0.7758857666740719,5.036762991718953
06534,2002,0.5169554623773002,0.1533148780368117,2.1011122302926246,0.3029416901747648,4.47478896360352
06437,2002,0.4426283580547798,-0.0003383487509941996,0.5701435265140866,-2.22335539087143,6.278552210121718
06413,2002,0.36249671532287625,-0.010649277858689521,3.819755040866087,-0.9807311564366232,5.043061396131203
06438,2002,0.39543442729181794,-0.03032610765921534,2.5276724950224785,-1.4576096142570378,4.744092322257903
06439,2002,0.4618364901821071,0.06405411230856867,0.9614628224126128,-1.450541997163759,4.959882378722171
06634,2002,0.45209192823415056,0.10293922891591911,1.8057514236647074,-0.07789430231104966,3.988615388279567
06535,2002,0.38265148676791244,0.015895125346603145,0.6216002824459397,-0.9852204611298279,5.358661428292791
06635,2002,0.4502999388921686,0.1352406877326061,1.3302457045881806,0.3819589641203863,4.683691766434434
06636,2002,0.37673781955238583,0.06012316794966632,0.9106705157978521,-0.6303029690540094,3.938484529994523
06440,2002,0.4221224792152718,0.040936957474921154,2.131524326789205,-1.019060693336323,4.585695341530602
06414,2002,0.38433259517108354,0.03748034972737502,2.9508504910249087,-0.9393857508986385,5.020379233392751
13076,2002,0.4333084944080534,0.05304018661050325,1.7074463936740552,0.26645766753526345,1.662345579745256
13071,2002,0.3867171612319481,0.04075279504086027,1.1945532966170116,0.4340082177311688,2.236059415070037
13074,2002,0.4140847523634313,0.020212540204741503,1.9254568605639704,0.4730775618802283,1.3485878654893422
13003,2002,0.4254842381054945,0.04678773728461494,2.871831886640634,1.0884418293577016,1.8437046108278978
13072,2002,0.42144024894156545,0.04528405836874033,1.683070790483288,0.5134546413793522,2.269234225671466
13004,2002,0.40094707965633625,0.033500377890519406,2.18505765967403,0.6609560720621035,2.227541235136172
13075,2002,0.4295841353551293,0.0667904959334652,1.6056521250140947,0.6129216320286642,3.259936868957711
13073,2002,0.44327089932366326,0.04926854019135951,1.7362185089510773,0.46872860217993884,3.533522599644803
03451,2002,0.5345828564180057,0.051878960657094686,2.8808750735262554,0.16719129603946659,2.453947554309436
03452,2002,0.4883431083046851,0.021718441584259174,3.7351095258217035,0.5491079382613444,2.962037366040683
03101,2002,0.39179196926171067,0.031781808177195614,2.144015375402039,-0.2826518495337855,2.9832628049023926
03351,2002,0.42550956768715187,0.044695435969440755,1.5870536496389445,-0.17484315201665135,2.8461581238397353
03453,2002,0.4745617202896782,0.04710126040725504,2.662925796535615,0.06864871246334658,3.0416430744261627
03352,2002,0.5343195239122106,0.07714589330514349,2.8984047495189724,0.3813083298247024,1.5424055166300672
03401,2002,0.5562578839831087,0.09387615681294531,2.7251347029508692,-0.31552948833701544,3.2802575107296144
03251,2002,0.5219712377564636,0.07628746924671165,2.5045923253981877,0.0887038080811875,2.0005178675088446
03402,2002,0.4151934338452637,0.01815478712014068,3.908851542935616,0.2935223616778342,1.9113550410478741
03454,2002,0.4416033128436785,0.020588254260307526,3.076571574196593,0.05554372907394933,4.2258325890712385
03455,2002,0.534464877517767,0.043957234520867916,3.5176968178071792,0.5841609229736533,2.2484500017318423
03152,2002,0.32800113197724184,-0.01977092967727978,0.5570119886131736,-0.9161344973031845,4.403593606093305
03151,2002,0.4277450372050171,0.047494019548436295,1.3927718645507472,-0.45959776831769616,3.3432812706471324
03153,2002,0.3561569082115982,0.016318363911517142,1.2634100513068915,-0.7052216393591135,5.93837121298993
03456,2002,0.4875823644721092,0.030468196131102743,3.3309160429160993,0.008622395596988852,3.630324217208436
03252,2002,0.385293940815483,0.034080040625132424,1.4573614158742163,-0.3178482115935337,2.655674559757892
03353,2002,0.47956308438698003,0.07942845618888883,1.6914283785747783,-0.12777342509561262,1.4839835507765227
03358,2002,0.4775852083495258,0.06700380263470934,1.5995182710998979,-0.2799987277277447,2.991694030115865
03154,2002,0.4180044566863515,0.03969078549499422,1.6537699745435104,-0.43631482944030253,3.7471595541453695
03254,2002,0.3752413730455211,0.0390363905388843,1.3756452969698132,-0.6764227239482454,3.524055565034821
03255,2002,0.3949581718369592,0.05866413874234766,1.1899709911905303,-0.32665009237493203,4.837131600997141
03354,2002,0.48259151537842815,0.0783135335697494,1.747441901906741,-0.1039852661520364,1.4521552828048696
03355,2002,0.4732360332356356,0.08273300721540605,1.6923799594542341,-0.12109999489674461,1.3638457589254749
03457,2002,0.520890256719135,0.040480101261956614,2.7783512510484014,-0.3490951938720408,3.7689966541701936
03256,2002,0.5288001425183395,0.08194026492008838,2.6754710647905435,0.17273563949404602,1.8833585931084214
03155,2002,0.30257774860527675,-0.028375981089832247,0.6120118441988375,-0.9520372425327669,4.862769948552773
03403,2002,0.5247154339293858,0.08629475850702256,2.6976122856735407,-0.003973951328654746,2.5654721218630994
03458,2002,0.5296798799899853,0.07589792572695786,1.8968363294487074,-0.587181445474108,2.8224901986216993
03404,2002,0.4305755257332367,0.03729881835935084,1.8930630763201954,-0.8802429122604256,2.9834573823594854
03459,2002,0.45784549819622317,0.023844660452077726,2.1281187892787248,-0.5318678054247483,4.336567997704722
03356,2002,0.5424120046841238,0.07912509458755218,2.0867751807673156,-0.3767418829936937,3.1497510731849174
03156,2002,0.21936458105588824,-0.09578467365078563,-0.6012840803941965,-1.6454056473385998,4.190572495332919
03157,2002,0.37774547433050004,0.025996671672244287,1.8392117888382504,-0.467886152553048,2.3580799938522934
03241,2002,0.4429059933743943,0.04408284787114797,2.118642205960606,-0.2503840588470201,1.8593334551735943
03357,2002,0.470313364783175,0.03785409649546578,1.8508188329849844,-0.3622383330648482,2.6257208368825777
03102,2002,0.37296375566914375,0.042618517936734046,2.052116640403642,-0.22155165864978654,3.450055934382699
03257,2002,0.4530214572955036,0.049617147840928244,1.954092925943769,-0.4032057601620642,2.0965124272914464
03359,2002,0.4682006918808301,0.04131028385797303,2.1511577370694615,-0.1014915858397405,2.0461331972248997
03360,2002,0.4233200241784636,0.06288144325561867,1.3005796109890404,-0.21829758625008933,2.171824966931416
03460,2002,0.46597800813560813,0.04333956287487106,2.263733437103476,-0.32252947930028775,3.3658570406735047
03361,2002,0.4893976645805369,0.04372142950064378,2.2386132593400263,-0.12900572277767397,2.244063758424863
03461,2002,0.6037324993001376,0.1184973351274966,3.161058149582885,0.3448365097212456,2.0954068506280588
03405,2002,0.46182995492565454,0.021659612522497207,3.2463109438870594,0.17509624743307484,2.209782608695652
03462,2002,0.5232977455733592,0.042361024348743614,3.7109241451241517,0.7102386398246061,2.1772148570011765
03158,2002,0.4060488710317158,0.047773022497062834,1.8847176011634732,-0.33281845553944245,3.5146215522545914
03103,2002,0.4221460689007522,0.03261727383413121,1.5515952964165276,-0.5228613128443427,3.5642200167230182
05711,2002,0.4671429438372796,0.08457030740407367,1.7160472907016469,-0.7471004282786757,4.632647442282308
05911,2002,0.5037431056553682,0.08162982839617577,4.334423663788264,0.07198781177929625,2.541047995953224
05314,2002,0.4606623838113204,0.02862300395279571,4.351211166896776,0.06916756438802363,2.1392916720133446
05554,2002,0.550675387682631,0.06914805088931958,3.540823071743829,0.03759592195816541,5.309043144030884
05512,2002,0.5050950565275351,0.06970478351005527,4.193779315145498,0.4129919103394193,3.383118503118504
05558,2002,0.49024428232613676,0.04887477453154698,3.008031351674431,-0.2709554092987574,4.486538426593889
05358,2002,0.4030323270374054,-0.00943538390743226,3.5253649434159042,-0.20866071349429438,4.508128916258806
05111,2002,0.4653137179485883,0.03373744025851788,4.377992174449738,0.40385639633348624,0.6980184422209142
05913,2002,0.5285468324693189,0.09281590845076221,4.242693802128016,0.24371658920219286,1.765246609055255
05112,2002,0.4523463745743058,0.03529780216363404,4.352269407725958,0.2451077723356434,1.6495198902606312
05954,2002,0.4444087500678259,0.02579458730095041,2.6862792695939164,-0.3448854648405435,4.585095957533687
05113,2002,0.5194176337404147,0.05883026330421004,3.944880563886826,0.14538046163735174,2.906084173288037
05366,2002,0.4562369411330217,0.01468865076538084,2.9251115299808794,-0.6601902561389941,6.881157530930435
05754,2002,0.5166523241525547,0.07169562223968101,2.881443603313741,-0.1327684783340759,3.516063354541764
05513,2002,0.458545362038415,0.04005063023038036,4.433544283111048,0.13965899403128912,2.728087649402391
05762,2002,0.4210871461040202,0.07005417744075731,0.5543056013188187,-0.9834316976345824,4.790282316879936
05914,2002,0.4945979832904971,0.09154501251434943,3.234375814885247,-0.01974964145571878,3.525354969574036
05915,2002,0.5297698611446009,0.07651627181306092,3.237526412038613,-0.26459073022366697,3.5946502595413485
05370,2002,0.44502636342500235,-0.012725065202193464,3.5136640611369874,-0.3923934295488314,3.8159595847410115
05758,2002,0.5032717119857723,0.1010588847188521,2.1571904949945706,-0.07841308709612127,3.9613401022506824
05916,2002,0.5437991302185465,0.11276891962787428,4.19490820961436,0.0839388851816576,2.088026243849098
05958,2002,0.320722743329868,-0.012616558316490778,0.07931386648518671,-0.8968859609929337,8.376932875462083
05315,2002,0.40368381376886475,0.008622452036400996,4.819608602988641,0.5838557447141115,1.4879856671116418
05154,2002,0.4922641853474743,0.018289891788832724,3.5825827238640624,-0.14851990593774334,2.164599972266531
05114,2002,0.4449214568322691,0.01092004206131475,4.598985842014182,0.1995260561046166,1.1954365830393512
05316,2002,0.4682942741294481,0.033640303404400884,4.423882219781469,0.13866273534406215,1.7953600532180276
05766,2002,0.4513624749936858,0.08918594300475291,1.4373766551151048,-0.27113578765256885,4.4958960848945875
05962,2002,0.4428745529054777,0.031030729113918076,2.33764568411094,-0.15443082382565132,5.849661510139851
05116,2002,0.46652173810982167,0.026759189827143648,4.288428534187248,0.2799236399171754,1.8129838404962952
05117,2002,0.506627162302191,0.03754517358548137,4.29971060011794,0.2978212410039687,2.7369952286745027
05515,2002,0.46917137031220857,0.020123400811789705,2.4507270744634257,-0.8893798656556582,4.967495565475437
05158,2002,0.5076888591886295,0.05318371170045877,3.983384127099827,0.3344653314420132,2.4306528626890973
05770,2002,0.5122901590397596,0.07950403418872332,2.665365526135761,0.10407276555397749,2.3147507294423284
05374,2002,0.49223068897027467,0.09091558949126965,1.3698860024159523,-0.7494673318092187,6.480022095378383
05119,2002,0.5114716149403061,0.1032266491119449,4.690370561709236,-0.2280758064617796,2.385228317499234
05966,2002,0.3577343785941426,0.030158894182219786,0.6442123653380153,-0.3727520043595126,8.625803194418944
05774,2002,0.4291359198873427,0.02439553209274853,1.9779490307225036,-0.3699563121566791,5.2538285625355305
05562,2002,0.4968626303097742,0.04750510908253902,3.7229700192805315,-0.06235425660728122,2.5870449894276284
05120,2002,0.46684257060059897,0.09830106109117509,2.1814412208704406,-0.047200224927808954,7.12387010378306
05362,2002,0.3845222697950392,-0.006827004777417489,4.016467058460415,0.013562233442248939,3.6514497526743463
05162,2002,0.4030067554354003,0.007223896708237865,4.320326962313206,0.4146031296285093,1.4929368580364486
05382,2002,0.45114869016079345,0.021521828606595517,3.6589991050419566,-0.18432114739276573,4.381493416146303
05378,2002,0.5757324731981591,0.11261243765182594,3.2935613618234383,-0.029477244201892017,4.511094476821901
05970,2002,0.4554673084993272,0.1361693476587446,1.3978563802888453,0.29846330553280787,7.2352081811541264
05974,2002,0.49371378188019677,0.03601390011302874,2.72635306531703,-0.2918243965337117,3.6099799196941835
05122,2002,0.5337046309474675,0.10249392986157596,4.367811865953156,0.4903866487111488,3.7354875607663702
05334,2002,0.4067213540597741,-0.005154681626050539,3.612715036140011,-0.2818520001303977,4.239859068627449
05566,2002,0.4619168173005915,0.02716453881770392,2.7887473530690525,-0.2543232846360408,3.990727971640963
05978,2002,0.5154901913855776,0.07055311880760085,3.427896601313501,-0.08725203683040661,2.9948792341274593
05166,2002,0.4732931080165797,0.01244130552439321,3.7826461304626866,-0.22238405444449327,1.412196524949798
05570,2002,0.4877468544323045,0.04518497385463627,2.9060037628521496,-0.24154783282727932,4.3503155869965875
05170,2002,0.5356265187407757,0.050147257396327305,3.7987622515704826,-0.05465608219011164,3.08598019438841
05124,2002,0.5043634087333935,0.0848318455678006,3.518795121421574,0.338170288626757,4.497080653142008
07131,2002,0.4761245086070482,0.032267366728716884,2.5097463087863687,-0.5721876104863224,6.958037970963385
07132,2002,0.5279585972218347,0.09901481691255298,2.698131981295704,0.15614388120233347,4.969727571629873
07331,2002,0.331119682013083,0.014377804021068863,3.0382638779214193,-0.9445076910151355,4.310904402181289
07332,2002,0.349281331212562,-0.00607181398542711,2.4274485495311757,-1.7359000555810966,4.97096374683085
07133,2002,0.46933240783681673,0.07649285014375118,2.178223752815969,-0.7919208831805609,5.144956144066603
07231,2002,0.5059628526577363,0.1368238838016882,1.396601823560438,-0.9742633241426306,7.8133491488911995
07134,2002,0.4988532708298515,0.13231129663511487,1.0026626586817204,-0.6628307468033083,7.959740029279983
07135,2002,0.45076815452488334,0.0805541422659663,0.6819100752489562,-1.42738704042854,7.409930235585884
07333,2002,0.43484636841979096,0.058568188012562306,1.778349444404554,-1.337502304614718,5.2881115419894416
07232,2002,0.5325926031048502,0.1835736950555763,0.9930722352515803,-1.0140409332684324,8.763117811602275
07311,2002,0.25822944582907026,-0.007232927805720046,3.354800207946404,-1.3845002394771715,3.7488933414099996
07334,2002,0.28982697396714613,-0.03365847206613487,2.484098531486346,-1.6265767527297514,5.842776788604724
07312,2002,0.42853662601984954,0.03402170421273276,1.4101823795535506,-2.0351279282235217,6.106906014177908
07335,2002,0.4710940785353237,0.05513018315460255,1.3304031960813956,-1.4588505669186955,5.729288058872729
07111,2002,0.3763254261932344,0.04099585423763252,2.87338898136365,-0.9315466740716638,4.40040471294755
07336,2002,0.522138933622941,0.12021048833378895,1.5255985700088706,-0.8926119867104878,5.806525208900571
07313,2002,0.3217127555300412,-0.021045713968248614,2.8627159742348396,-1.387715062458097,4.721566080075587
07314,2002,0.2749228509681455,-0.015381785916389001,3.0400623018572004,-1.9896971128984084,4.995071995071992
07339,2002,0.3555228452713051,0.016174464506514497,2.9133290386424155,-0.9693411874009699,4.1775920256318955
07315,2002,0.2706088707277495,-0.010191232787924664,2.5290918180017385,-1.307509615464903,5.201044727391447
07137,2002,0.5119909938942411,0.0958365008665985,2.1093546022539362,-0.9633077741410565,6.382823175853442
07316,2002,0.4205981511983625,0.021107921166755694,2.9694607435157248,-1.5188463877125842,5.8974869480576935
07138,2002,0.41772073795661757,0.04441258885831234,2.790152195608154,-0.3018980334099828,3.819990433331056
07317,2002,0.4775288074831419,0.06326585819831082,1.6626978006171305,-1.4689419953154643,7.12406501726122
07140,2002,0.4442837752288554,0.07219646340145597,0.5990555657461869,-1.3647475403454832,6.938530637298297
07141,2002,0.4658178369749906,0.05806272381882571,0.9496237970221582,-1.5106897720489185,4.89520370390126
07338,2002,0.28765678035258335,-0.020353825095018263,2.6616113906741297,-1.8135464514039135,4.609853336926388
07337,2002,0.33976120339491095,-0.02091118755742405,2.723314877476003,-1.4668233355817542,5.817326066954489
07340,2002,0.4694257810441624,0.04765052381737522,1.3595059494903243,-1.6445078548279117,6.8034845431759
07318,2002,0.28650269994668875,-0.02683378036964129,2.9654240303829362,-1.4349591223860467,5.0326479750778805
07235,2002,0.5150462041942917,0.13626519482866617,1.659448778464037,-0.8733491995096587,8.057296520141637
07211,2002,0.46778080944949924,0.1263859114964836,3.4412504109028093,0.02421050159028315,5.960639838780779
07233,2002,0.4315538152718973,0.10240448288060006,0.16590466326458272,-1.41538938640035,9.433478813804268
07143,2002,0.3677780403171595,-0.00048700424862885283,1.8292915732738664,-0.3969378246460471,5.046005491194
07319,2002,0.35179625488367483,0.024697013658279532,3.5360732160137522,-0.9147570702763761,3.737320557368995
07320,2002,0.4395069807982465,0.05088123110429649,1.993981034127743,-1.08708510464853,5.855957566598516
10042,2002,0.5102013593395209,0.10986214528695842,2.2033072744329267,-0.6143036847924237,6.766055936609349
10043,2002,0.5348693906888584,0.1090624731470029,2.067848305334928,-0.8269085131541543,6.097332174072204
10041,2002,0.53421792044092,0.08418578331217969,2.674402531150148,-0.9950611734356283,5.432638214229232
10044,2002,0.5061578571868572,0.08267344581586644,2.8513259911033932,-0.6207584714115262,5.138990921826223
10045,2002,0.4484196209041126,0.04334934270118285,1.787891215450084,-1.3825775957537718,6.47208827490334
10046,2002,0.4975136175690782,0.11722929783407454,1.5630102752119561,-0.7106538757968681,7.069837840041584
15081,2002,0.47925147779589616,0.06871344113327404,1.6547158063982084,-0.3637390356515968,1.6484178665739286
15082,2002,0.3925327057970517,-0.03962311634900573,1.6630220191824823,-0.5525124069111544,2.560495803619075
15083,2002,0.42215753802174305,0.03434586196366429,1.49477714737496,-0.5330203769814041,3.515835139756447
15084,2002,0.3875003645182348,-0.024937579767528917,1.678405327032501,-0.5685135316379328,8.391154944116796
15001,2002,0.40814089053531166,-0.022416175014277173,2.145830012175729,0.07864405355734894,2.3801704589881916
15002,2002,0.40245841835757395,-0.02295508744072583,2.1233990192330845,-0.537322561101135,2.4148808379780893
15085,2002,0.4527539889994192,0.05890991283795033,2.300618771702321,0.041202195902867,3.301025024638616
15086,2002,0.4438325167596039,0.007272232080845209,1.8272853677074434,-0.29442865516967887,2.633038176331441
15003,2002,0.3995670116736153,0.020576584621458338,2.036761791843122,-0.23268390004075767,3.545768608218781
15087,2002,0.364715737973579,-0.018644034945970944,1.1717685967988245,-0.5691339601431988,4.822314767520334
15088,2002,0.3823569489672187,-0.044780992180992574,1.7580309845022382,-0.5925783705261263,4.278459880415649
15089,2002,0.42455368797553444,0.010429662521128868,2.158339775278264,-0.298121189815868,2.3768965789546677
15090,2002,0.4681378028685153,0.05743730613169473,1.7945482505352082,-0.2662133170305785,1.5075947857090788
15091,2002,0.35850230952528994,-0.055891654591842976,0.8859761300060288,-0.9459448323561291,6.539848744618736
14625,2002,0.3500842512140908,-0.02262128999704771,0.5111841415211246,-0.7149643382839507,10.373264810480313
14511,2002,0.27987670484614313,-0.0675814388992439,0.8444056827164311,-0.4520596907216333,11.353436309926332
14612,2002,0.3589625261097146,0.008206228561948359,0.3662652286522978,-1.0653594332398166,11.193671447582444
14521,2002,0.28627463933457614,0.03510726899010924,-0.7370761461765919,-0.7237377140341444,14.231008247487482
14626,2002,0.32021480372302563,-0.02372064824305642,-0.16825474158155476,-0.8323604579642425,9.376648385151094
14713,2002,0.35576581621584225,-0.0706797524782774,1.665687305182624,-0.6749528141904213,6.092909438951704
14729,2002,0.36761328462052417,-0.0629606014717285,0.9415802206555117,-1.051117155202242,10.210110129140327
14627,2002,0.4369919336070047,0.007923675450716094,0.6578268974651116,-1.1778058068915063,10.437140906820353
14522,2002,0.29701479963025534,-0.06213964981069037,0.12578271553882217,-1.0027547182333618,12.271537121378934
14730,2002,0.3680375661918469,-0.07899438100579065,1.2078029200422977,-0.780410080585165,7.382957028476929
14628,2002,0.2717844855698107,-0.0394105221693658,0.03392480158872247,-0.6217107849250902,11.39078442710976
14523,2002,0.2662741425455364,-0.01693860605216385,0.5995431746467367,0.15982207226138995,8.325363087616617
14524,2002,0.36026115436441314,-0.012709311693755276,1.0554496285043917,-0.4724777777217619,11.363271173025169
01051,2002,0.49031665081907216,0.08186263039361763,3.0813175411660514,1.0002111725654825,2.512747746295459
01001,2002,0.45429284034522693,0.067733261455168,2.5900462982974073,1.042049573785188,2.719270895790862
01053,2002,0.48918772356380663,0.07172385740585668,1.515410847686937,-0.01805577438174466,2.188658346081697
01002,2002,0.4285535888937149,0.02197484855126869,1.450739669268577,-0.18800786978863537,3.1944564576371133
01003,2002,0.47806343302136234,0.06271704300405784,1.8307068540071698,0.11271281032298841,2.4167569573283862
01004,2002,0.4699885742711165,0.08104532099910366,1.9730673305255324,0.15595178182252356,2.66008548748219
01054,2002,0.5225588501765842,0.08068572000164148,3.037318994718016,0.8448546913847874,2.5552806075589545
01055,2002,0.4419168562433661,0.02039699151105251,1.8093309598809155,0.008488224109705067,2.457495477911695
01056,2002,0.5200945044204949,0.08345352776896514,2.561668579175515,0.3103573334975347,2.7014256015915774
01057,2002,0.4767055765039691,0.056157631661625074,1.6651104426462486,0.15586320278800958,2.5994090872211673
01058,2002,0.4821641713331565,0.046921933024777485,1.8375112833270502,0.15799597359209705,3.222280427332016
01059,2002,0.5085973515568258,0.0745187173592457,2.2242249819166595,0.46845072557144385,2.9074790244165207
01060,2002,0.4798256265725798,0.059000542336532846,1.456416563510641,-0.07108594084619702,3.804641262730562
01061,2002,0.5054421692432657,0.0639934475866818,2.088714139859782,0.048903833830653554,2.2973732437385457
01062,2002,0.478329954363369,0.05403754597792898,1.767934612454865,0.1736718571877538,2.4719629684827784
16077,2002,0.3573804692024277,-0.04403357213280573,1.0093717154081818,-0.8585784232021376,11.743581322247623
16061,2002,0.26114617779539806,-0.03183801261864261,-0.3627078912810818,-1.2392576372357618,5.02593140354636
16056,2002,0.2981327030811799,0.0086067702184357,0.6513544261643657,-0.9734169644985643,5.976466307948605
16051,2002,0.36699121743310076,0.0003591287773173635,2.2188367019158988,-0.20251589927719316,6.517065988488825
16052,2002,0.4785394804970565,0.07753239780316801,1.5959696513689259,-0.24729886672662538,10.29366160955226
16067,2002,0.37030219574024986,0.017967354424073045,1.7831223639990332,-0.180464439788953,6.8775689438347385
16076,2002,0.39085668784662725,0.01944244578790222,0.8590539479960361,-0.4147088198868657,10.404362163626274
16069,2002,0.3366071853975357,0.06602577828630624,0.42155663829341256,-0.5115890778311929,4.434741821421196
16070,2002,0.28902688790716774,-0.06923581357296965,1.458914278056103,-0.43488247623992016,8.61098377274824
16053,2002,0.31852475735824537,-0.04786336861659085,1.0047105213194778,-0.8638159649421746,8.695243146669645
16065,2002,0.3791398736744332,0.012832183954241183,1.2949285557737442,-0.5897765101660801,5.885041528254521
16062,2002,0.35860429105688496,0.02031632574586667,0.2507288508892105,-0.9734638191468294,5.94009903591037
16068,2002,0.38888254554088125,-0.003962994776939344,1.6145132943668112,-1.0150727799018295,5.864964065185024
16074,2002,0.2950366915646422,-0.09188482812367949,1.2488400121923366,-0.6180112581696047,9.356043088893783
16075,2002,0.20872580672054206,-0.09405827387610702,0.016153992261520905,-0.5921128248657748,9.736263085579255
16073,2002,0.300007976289498,-0.05546990557944276,0.4632864052667945,-0.8472071067116353,10.200364839104694
16066,2002,0.325714086120355,0.07161243625358521,0.2212596603002489,-0.488834132396623,3.9362649238369682
16072,2002,0.33539414946108415,0.10608630591199364,-0.3475639138477646,-0.9126268386176073,5.824101847202051
16064,2002,0.344326604712975,0.023475223719798877,1.201112654729949,-0.5690379129833953,6.620107891327224
16063,2002,0.3851129421262158,0.0634431031772803,0.055188997598354425,-1.2708017598236134,5.553587379528291
16071,2002,0.32209972856548846,-0.05496769871851204,1.413285697045587,-0.6116343316619604,8.151281657414097
16055,2002,0.30005314476439493,-0.08700000739279123,1.6399557938441374,-0.5502357570609206,7.6375691378919255
08425,2003,0.11181994791698636,-0.17697228572877954,-1.094984669648331,-2.610098961746915,12.059539975916536
08115,2003,0.31737082119234206,-0.07852093267733029,0.9356345232466199,-1.9284846492688084,6.650760495333675
08211,2003,0.38143288166102696,-0.0142822207732074,3.686583445983121,-0.861929908858929,6.225132430841671
08426,2003,0.17474059893918414,-0.15904672396504516,0.22707333416013845,-1.4538335906085071,9.664757385957511
08435,2003,0.2648419196121141,-0.06903911142850311,1.0375467198256307,-1.3180766277574614,10.12840311303087
08315,2003,0.30300013537486997,-0.04669545394456953,3.8312459949174236,-0.7962144139133804,2.9134143390486726
08235,2003,0.21822205206450154,-0.18258634878649474,-0.06592387520760279,-2.1818965976363094,13.31944007063952
08316,2003,0.3283602914517263,-0.07154272122445282,3.978051955206595,-1.0639347202462441,2.1268172297227235
08236,2003,0.4289859616847532,-0.013919330136889618,2.3566578907785645,-0.9395017995804689,6.40992530244715
08116,2003,0.3433096586743808,-0.056960470869129975,2.203994084928329,-1.2035724799872511,4.95206605751872
08311,2003,0.38409099331647434,-0.04019271038462874,4.690812300287572,-0.4717040582529508,1.4297013254360937
08237,2003,0.25005413352505196,-0.11983477304461465,0.7244211991830949,-1.452808269382237,9.65478554815427
08117,2003,0.28537337688411185,-0.08424235321508622,1.0994715262311743,-1.1156992409530566,11.286182882066289
08221,2003,0.3328161731935799,-0.03851317624128947,3.372681073730708,-1.3485193328987712,5.03304555653107
08135,2003,0.11913421293510189,-0.16477975212638346,-1.0112200726145095,-2.275503970817746,14.7303525342468
08125,2003,0.32555553163848244,-0.06352819715882452,1.916939844911912,-1.5439058738509448,6.593739943174628
08121,2003,0.28238249583982145,-0.07495444359633707,2.4311272644326865,-1.433471048471267,6.446110643077786
08126,2003,0.3314976099277012,-0.0818170825024172,0.5412249358639006,-2.259263093626767,9.54121252402359
08215,2003,0.39162286935444385,-0.03554095026483334,2.667920970545728,-1.3184947593281091,5.729604731559003
08212,2003,0.39482255826577867,-0.012155690555554322,2.9972796346228794,-1.302694299811936,4.819273535952556
08335,2003,0.17171558064284234,-0.1487264301478268,0.4160163548412852,-1.9917590978496644,8.211238927228065
08336,2003,0.3212583154049865,-0.10471455812470276,3.3327848893091687,-0.9596958331816348,3.927471253850611
08118,2003,0.36933554877517444,-0.025080176741271,3.1474994307477266,-0.6332804171463002,4.691761053045874
08128,2003,0.2688747134490838,-0.11266994925483914,-0.07439832869633205,-2.5599219707834395,10.069048168285075
08222,2003,0.29436056173324937,-0.06337993852326745,3.81735526595243,-1.2455896471071037,5.297959883421908
08225,2003,0.2793451164188423,-0.10344815799968982,0.13966720828218057,-2.254996983132629,8.120873319684296
08317,2003,0.37079285649818583,-0.01624962759895965,3.327243155829182,-1.2780264645196042,2.6924760147812674
08136,2003,0.195607114741384,-0.16050358980667037,-0.6080570151455735,-2.339354374072328,17.569532827584855
08231,2003,0.435647389195542,-0.001167706823639536,3.044907069325981,-0.3655174953732079,5.7032406481296265
08216,2003,0.37683353674702635,-0.015162953690414205,3.531308709383355,-0.8497429514348687,5.433793684295977
08436,2003,0.16470753509512753,-0.17741002778974135,0.7678410212827178,-1.2135824671014226,11.71407999031887
08119,2003,0.36515263427250644,-0.05767907766490815,2.267708072190516,-1.1935205599433236,8.969554792359625
08415,2003,0.11800960259885201,-0.15222579436114742,-1.295587486826219,-2.5190981157147556,14.716656487701965
08226,2003,0.3516636117792542,-0.05607676544900647,2.28332484513083,-1.6497874280303853,6.86945979640519
08325,2003,0.20378277059991803,-0.128004110649883,-0.07033030591107502,-1.7248839269752312,13.068089279170453
08127,2003,0.19105832193278363,-0.1836654577952864,-0.6483618193799658,-2.7451279467065612,18.26168992670815
08326,2003,0.22253015622984265,-0.07780862051779072,-0.09087808049621374,-1.247350302777584,15.191724739059428
08437,2003,0.11370613584324857,-0.18222339937003368,-1.2804521142276644,-2.556031657738174,11.464224330001914
08111,2003,0.32853426788577744,-0.03469294636068421,2.9960014301943536,-1.0205028565403662,4.657057449147883
08416,2003,0.3332267837212869,-0.0807473464679953,1.6518703157395174,-1.4729685279680291,4.414624729647163
08327,2003,0.1743841142306165,-0.1103384384214649,-0.829745603962222,-2.0626123403952437,15.517214782722856
08421,2003,0.09567035882629969,-0.1838287579384711,-1.2328000682913813,-3.021418336491291,11.621642908790417
08337,2003,0.12104531184570114,-0.18994176103246238,-0.20549392090909044,-2.2827628123896626,9.06989365926841
08417,2003,0.20752304220708664,-0.1335332335896077,0.2600443405883261,-1.819493713369436,11.560818716220377
09771,2003,0.14364802653511569,-0.188060565681801,-0.18833291948011996,-2.0583923284217858,14.664256271542476
09171,2003,0.16099546168278014,-0.17902726440245706,-1.0353805296604879,-2.5001133348341726,17.84416204089993
09371,2003,0.16309337828030696,-0.14328786938034538,-2.2512247119387414,-2.669253876637852,19.058503167509713
09361,2003,0.11525331001193743,-0.20782973553066353,-2.017750279090637,-2.943880334099589,19.412770678705336
09561,2003,0.21205889435432929,-0.14680335111793363,-1.0099495245635213,-2.5110780975639195,21.69768960139277
09571,2003,0.16029200023757753,-0.21250242485043033,-1.009414118719582,-2.781075122479092,20.456007804785248
09661,2003,0.3803509541241602,-0.021463541434578126,3.263312908552662,-1.0127096840355674,0.6212417719267034
09671,2003,0.3654269136733152,-0.04741430171568989,1.8696725358063726,-1.4223697522342373,4.335292596336961
09761,2003,0.23804061377986174,-0.08286467654288737,0.8184461993799682,-1.7534929263680743,12.509485411553895
09772,2003,0.1917827664468002,-0.14900213344337132,0.4637926876803261,-1.5915212730862511,13.1876680506446
09672,2003,0.16315491740448354,-0.17736694813888673,-0.784090664484096,-2.831198587730935,13.377008837411003
09173,2003,0.28850835464823343,-0.0428633417525342,2.1791975780766855,0.4475818557914064,14.71290611850728
09461,2003,0.20030917660394087,-0.1484926326812429,-0.08438104499632307,-2.827293896049972,11.541425965339005
09471,2003,0.2281910454191484,-0.11803320768632833,-0.8868331869848806,-2.600094758453806,15.965284345024115
09462,2003,0.3089577504964963,-0.011522685524434528,-0.6705115263613667,-2.1533075512216606,18.14103717736207
09472,2003,0.22888395466462247,-0.04519395087812039,-2.0298829691717213,-2.5955396605631433,19.486992139931367
09172,2003,0.1058162541811237,-0.30468541277227323,0.2830516231392745,-1.7163009638127957,17.02714829144585
09372,2003,0.09001107734193543,-0.2384031093418678,-3.22083809297988,-3.7297261365036833,18.397946407914983
09463,2003,0.15972974948811033,-0.14018165592777945,-1.591109031945353,-3.143469567563448,18.26681905232594
09473,2003,0.15301974763544457,-0.15740303264466465,-2.127347408435446,-3.3878078274628414,18.78172588832487
09174,2003,0.13499486967251675,-0.1951073036044261,-0.3230579605226695,-2.0104524481132615,15.551343532759493
09271,2003,0.02928706612094684,-0.20364512269081864,-3.5435535040315815,-4.864944136816871,20.339010659325155
09773,2003,0.137398596758273,-0.1658333843912623,-0.27896225912242806,-2.0421275319028958,12.193252565021735
09279,2003,0.08142364197648169,-0.22717211351720187,-2.449121878796445,-3.9718219610929064,20.100545384908397
09779,2003,0.1290190171454649,-0.18984467433837762,-0.22877078989378954,-2.073257290455618,15.646554549764112
09175,2003,0.2220731649894522,-0.13572989597079285,-0.09887507863589907,-2.0927829366781117,14.784118404540644
09176,2003,0.07956234147082579,-0.2097200076017084,-1.8042627358421273,-3.063848246219858,20.719341525756075
09177,2003,0.13800714924324237,-0.20148890398507913,-0.8542747589173249,-2.587615960860556,17.15593960996083
09572,2003,0.15009493543933317,-0.22522981067898795,-0.7479885257943867,-2.9892437609435087,17.28598078290639
09562,2003,0.114095369434267,-0.2311158593938108,-0.8025584462587413,-3.3173604965713546,16.911152474018923
09179,2003,0.18494972431932974,-0.15786806719117422,0.38535474033576916,-1.5595950788114574,13.061873809840774
09563,2003,0.09037291901669015,-0.23923554385791157,-0.2084929639037511,-3.146880269936957,15.408528994528252
09573,2003,0.13353950350450527,-0.2528991213910659,-0.8465289147032842,-3.0221665459547857,15.212300418451395
09474,2003,0.16962362624554822,-0.1466898151396182,-1.1661364748335115,-2.916813297466297,20.960697285475362
09178,2003,0.1134919553385069,-0.21423317790780402,-0.32728876584818356,-2.115917808722613,19.146257262725932
09272,2003,0.061743562563275955,-0.15980127901980934,-3.1665685602445532,-3.2434400410476703,23.228933631618197
09774,2003,0.2092674196349908,-0.14948568119362993,0.0722654602986565,-1.9207914650177813,11.263575750651546
09674,2003,0.18344496438826757,-0.17642100618750933,-0.6643050765425705,-2.739908680842973,12.181866752474823
09464,2003,0.05904730210472214,-0.13161676792039345,-3.4571566874258237,-3.2277217686097504,18.5087417422031
09475,2003,0.06357687296067806,-0.11627486654177703,-3.8820791933985834,-3.3944193263037636,20.760216153059737
09161,2003,0.15952897121700918,-0.1342666361016143,0.37440277563240526,-1.7471913013258171,12.71723123879118
09762,2003,0.42032678902807813,0.03249029037097928,1.2993403051828751,-0.47772198059767246,13.0
09273,2003,0.11921567513895392,-0.1800549150730512,-1.898544146552215,-3.154912067845754,21.854350414017965
09675,2003,0.16837908940047935,-0.1968077899927364,0.189890446527443,-2.7468598646985742,8.334055784876442
09476,2003,0.15397507180891223,-0.09231982572975744,-2.2650105766523088,-2.8943286457176347,19.147863606721398
09477,2003,0.24962594392084034,-0.020616773211981326,-2.066781374151172,-2.794360015006199,18.29279755983703
09181,2003,0.18337954506661344,-0.15789167622639758,1.7573394256650063,-0.03785648414879139,11.389527853875945
09261,2003,0.20585482920963136,-0.11423335122732939,-0.2908153176262834,-2.137078001631447,20.421207128950122
09274,2003,0.13821475634656177,-0.18969129016830516,-1.402650179150411,-2.7134790533768625,20.882972892301844
09478,2003,0.2639789398474941,-0.0702509992308617,-1.182461295074814,-2.4744321303655394,14.633356299431357
09183,2003,0.16221928363065788,-0.1833670028342235,-1.350522061728174,-2.8116407891031754,17.155747059437115
09162,2003,0.17991799216059282,-0.13891898802154765,0.7938572558377269,-2.3133996333014717,12.30735049064988
09184,2003,0.17687672835785742,-0.13131052776313593,0.5946516674997205,-1.721077235199234,13.807343651726868
09677,2003,0.26691865168818546,-0.0892344506966099,0.4471386771019833,-2.05883109297141,6.402593129609703
09764,2003,0.3276807046629374,-0.053223249867921485,2.064050453032865,0.10653221589143436,12.113204137868726
09182,2003,0.1855973332796428,-0.12031797419486354,1.1030153118347075,-0.3336732365108026,14.184157543727197
09676,2003,0.35881643232315164,-0.05772182817463717,0.8387560482089242,-1.9978029725598236,5.6078473866124305
09574,2003,0.14150539948483634,-0.15373167203758517,-1.92080370647549,-3.0119651033653643,22.98456659036377
09564,2003,0.12528794867187248,-0.17413772138938527,0.07775147494176679,-3.117120151007292,15.890465892628441
09775,2003,0.186293007936741,-0.16280854157709293,0.8337986157671771,-1.2897975004768232,8.549085813755397
09185,2003,0.1277305512428679,-0.17551370616938797,0.35677029655611137,-1.5792996876861198,15.624341433530736
09373,2003,0.07678908912194181,-0.19712216430916835,-2.4897179931676487,-3.229967787520914,21.91438281742626
09575,2003,0.13899115430916228,-0.23902471462040223,-0.7554263223010574,-3.1979256771586377,15.097552418071691
09374,2003,0.21536216811755837,-0.03525608371271305,-2.1662774772431996,-2.4022615537663126,16.73316419167162
09780,2003,0.3131500501104159,-0.014797182807079257,1.3607366590628895,0.20407872610023592,15.97277588721439
09777,2003,0.25265735215755813,-0.11321907406706988,1.2127584212807703,-0.5946860543753374,11.038803030303036
09262,2003,0.07545780666799859,-0.1946014555332163,-1.7080203783647712,-3.2217942307376477,18.52424544548174
09275,2003,0.04958708600306649,-0.22278046786417327,-2.804970683226986,-4.107911107649251,17.834232151897446
09186,2003,0.11190869139080273,-0.21589293281437122,-0.5933574230666321,-2.401316957083224,18.73835407140343
09276,2003,0.060754481761250645,-0.19574974422721425,-3.9465009469696692,-3.5587408886583,24.625
09362,2003,0.0710034885128403,-0.16428273541973715,-1.851500718691994,-3.6410505707825056,17.759050125951717
09375,2003,0.07560981536101777,-0.19207687423119116,-2.53515575543424,-3.6015367726896343,20.849516372573163
09673,2003,0.10962868106316631,-0.1937805780890306,-1.9167134999496418,-3.492673275927464,16.477287464402107
09163,2003,0.10376401872731174,-0.3079123581439326,1.5253248376311148,-0.7540138106020888,16.559941874545896
09187,2003,0.2647652973897782,-0.15845991310958574,1.1815717510825676,-0.6901521466095799,15.238894355698804
09576,2003,0.11345968443811094,-0.24709170783110906,-1.6005081062837743,-3.1880627444943,19.47653105675351
09277,2003,0.07891810851739503,-0.2538883169524214,-2.6277131930696678,-3.8295033400352088,19.13492163923995
09565,2003,0.12985779929955044,-0.25186483643501945,-0.6364162505388136,-2.9260114427182433,15.886366425328264
09376,2003,0.1195747247791131,-0.17719725332966033,-2.279211590121402,-2.8844624587162624,18.10965102502802
09662,2003,0.20970678467916407,-0.127537363064562,1.1337937395597215,-2.2846632301347185,3.6831387918548186
09678,2003,0.18357782150419769,-0.17035973434079296,0.1646405297055475,-2.450849293935802,8.17558220326802
09188,2003,0.23547210927552512,-0.12830789368075893,1.766467588756112,-0.2634070172564844,12.434860947198672
09278,2003,0.05896828125934494,-0.20050183039671238,-2.822423781781186,-4.048067043923922,22.507735450838343
09263,2003,0.019806223637699075,-0.18524524377644144,-2.954876799085322,-4.508033553795831,22.705492345366398
09377,2003,0.1767393169574615,-0.02446692935182926,-2.7013503086524886,-2.4275667239503327,18.028542959081996
09189,2003,0.2187211063156962,-0.1430181351022018,-0.02710207809887515,-1.4289313156449017,17.576302594014518
09778,2003,0.24161748189923887,-0.14850691948704903,0.7429689019870824,-1.1750960387213882,11.887149527682741
09663,2003,0.27392528452512516,-0.072253396261039,0.9925221811514774,-2.1348627016912904,3.7574834312278163
09679,2003,0.23792017732117343,-0.10481952668033306,0.2076704474139263,-2.444857954334136,8.307569837177237
09577,2003,0.11740735129377756,-0.23286934500488238,-1.1652885738777548,-2.7269804696876303,19.415883543962362
09363,2003,0.26329586946740985,-0.03365971374464838,-1.7078994079618757,-2.8011413847747733,16.592218580900845
09190,2003,0.485139791758693,0.08944210941290581,2.2393050317030188,0.04828036823882176,10.66326530612245
09479,2003,0.13036967149687165,-0.03800383174561303,-3.129470836222248,-2.3720430464608313,16.78046366532722
11000,2003,0.23769982395160236,-0.09894487797592758,-1.2391686806953002,-3.359580351877373,3.779624094432342
12060,2003,0.24232568822150993,-0.10008985139152701,-1.8527341433227222,-2.9035191558188043,6.885060852846214
12051,2003,0.22743900760821653,-0.14374527991359173,-1.4715795799172717,-3.332440545156339,6.077002369303671
12052,2003,0.28531575166126555,-0.12014672898402434,-2.0424157052983634,-3.9586384519374516,8.075978332767225
12061,2003,0.2738782708525148,-0.12587205422974024,-1.794461434734561,-3.459302190394628,6.693166129522789
12062,2003,0.2618277200733611,-0.17052139373876102,-2.054559944964658,-3.946605342820633,6.963472874878942
12053,2003,0.2626369700865419,-0.11403843557075471,-2.025537914767567,-3.347284344768368,4.470422419713604
12063,2003,0.22795937040048633,-0.17669077715210654,-1.0818825984332254,-2.9590455522063657,5.633268405675028
12064,2003,0.2512761706676869,-0.10844891608234242,-1.4017148961362615,-2.8971270380435428,5.186118781956681
12065,2003,0.2379596204087822,-0.1272576769957134,-1.3786918649920274,-2.5652858194463133,6.826118198013549
12066,2003,0.21580048772519964,-0.16365361281368698,-2.000476400758573,-3.65322697102625,12.695055107345397
12067,2003,0.26824653617435973,-0.11763108003794448,-1.951127081971404,-3.173815562195891,5.49423780760884
12068,2003,0.2460885113060209,-0.12451639151639812,-1.3153452957889669,-2.5288320152013326,7.090818391337925
12069,2003,0.21884793121676568,-0.19688844895402388,-1.684670160339425,-3.542716944572004,8.648002515832406
12054,2003,0.3008521096462209,-0.10885327838447567,-0.9208747741236255,-2.708929706634985,3.973998869516067
12070,2003,0.27846668583446516,-0.09701656475993242,-1.3008150134637118,-2.626905725697091,5.5733632347069735
12071,2003,0.2533642569246645,-0.13899443639055092,-1.9740139334253117,-3.605427516267577,10.465977044111604
12072,2003,0.20844895744624897,-0.1863751514029438,-1.8386153677100807,-3.3985942767585433,8.554373547708751
12073,2003,0.1739733879842736,-0.1769548539402891,-2.7919415458709786,-3.565494355118437,11.401795044348397
04011,2003,0.33967232121888613,-0.086886101844522,1.3162455817812968,-1.612049946650148,5.06032266885425
04012,2003,0.22938582475870178,-0.16866636854449246,0.20568849025373392,-2.962352615549541,5.586297760210803
02000,2003,0.34067314461184917,-0.03636738219670632,-0.15850500494805564,-2.5415767670809544,4.974839487664182
06431,2003,0.2963312548593386,-0.07839712166761575,2.7804086550641864,-1.7145941957000552,4.642500875043751
06432,2003,0.35306747168192965,-0.05157533302421319,2.4475830159582483,-1.4021999279227848,1.8190721454678962
06411,2003,0.36472406044732364,-0.03302707664767385,2.8349480926572856,-1.5447341262880045,1.5799504683966836
06412,2003,0.2993448222846673,-0.06164923494830549,2.805960549651279,-1.0927176918725943,1.3384106294836824
06631,2003,0.22442133666486805,-0.1416739527087442,-0.6343085315116508,-2.2223020680528927,13.43051768289901
06531,2003,0.31442691651297505,-0.058816817099203944,1.4157596051747168,-1.1811428792467116,3.8784334581933053
06433,2003,0.2772099912965797,-0.07679244025235887,3.2560728080575365,-1.1968804400956814,1.2604676240071542
06632,2003,0.22815828814546707,-0.11470891092673036,-0.18551860295439554,-1.5614329571909324,10.424021441951691
06434,2003,0.3319259115368417,-0.050431944158221165,1.2262305118263923,-1.4718578230370432,3.6129150034076534
06611,2003,0.2988850779024744,-0.013318931379712795,1.363896306509829,-1.1447402252304908,1.6596108809223564
06633,2003,0.22836006218504237,-0.11128404261801558,-0.11775534667011381,-1.769394639518529,7.522813584971234
06532,2003,0.32405829422874993,-0.04138613790830975,1.7015929983108362,-0.7815093246091835,2.6516979031360184
06533,2003,0.36172676364208817,-0.03839622367393003,2.1262104604918886,-0.7527984950282982,1.3873774698674335
06435,2003,0.28229289242928846,-0.08789497963906823,1.394292973926987,-1.657319594180106,5.714071741485252
06436,2003,0.30436955688770856,-0.05570220363094269,2.7450639520222238,-1.2384034993797366,0.7649378161140903
06534,2003,0.32321389164385406,-0.0404266926966344,1.0288464900883758,-0.769324050029484,6.067442355640111
06437,2003,0.40703615660677156,-0.03593055019900243,0.7350770208608689,-2.0584218965246475,6.9066111467008335
06413,2003,0.32771125601007717,-0.045434737171488604,3.654186115538543,-1.1463000817641675,0.7481917577796467
06438,2003,0.3867895446496684,-0.03897099030136486,3.2400484005573915,-0.7452337087221248,0.7978275610598637
06439,2003,0.35108032877748946,-0.04670204909604897,1.849729431152607,-0.5622753884237648,2.776911982795086
06634,2003,0.24618523953643673,-0.10296745978179472,0.43257017209536414,-1.451075553880393,5.538042905732519
06535,2003,0.23242467876006231,-0.13433168266124698,-0.08771514362259689,-1.6945358871983645,11.048118603790254
06635,2003,0.17396066850503994,-0.14109858265452258,-0.9376648999555386,-1.885951640423333,11.16358385217612
06636,2003,0.19353728909580697,-0.12307736250691254,-1.1433026452526935,-2.6842761301045552,7.535782582093467
06440,2003,0.31953698362185384,-0.0616485381184968,2.1868996543226173,-0.9636853658029105,2.782977955167414
06414,2003,0.3179119173116063,-0.028940328132102233,3.1512999047203993,-0.7389363372031479,0.6039523361731394
13076,2003,0.2734238493833875,-0.10684445841416268,-1.23981229875455,-2.6808010248933414,4.340635142898371
13071,2003,0.15551695264191429,-0.19044741354917355,-2.6406370299733215,-3.4011821088591643,12.494968631815649
13074,2003,0.27117653400466996,-0.12269567815401983,-1.0459517444986326,-2.4983310431823744,2.335739182758745
13003,2003,0.30507129062199156,-0.07362521019888801,-0.7511568814510876,-2.53454693873402,2.2539800074046643
13072,2003,0.24870800363758713,-0.127448186935238,-1.6804867967203634,-2.8501029458242995,7.086332951373298
13004,2003,0.2190118422828212,-0.14843485948299565,-1.023537829489241,-2.5476394171011676,5.334522439585733
13075,2003,0.15286832212026902,-0.20992531730139508,-2.6626566041965285,-3.655387097181959,11.011716181856107
13073,2003,0.23390582845816604,-0.1600965306741377,-1.2187072259794238,-2.4861971327505623,10.218922853076677
03451,2003,0.4474865686270788,-0.035217327133832244,1.1618650648069537,-1.551818712679835,4.8413675436594605
03452,2003,0.3943492402764211,-0.07227542644400481,1.1032996064776213,-2.082701981082738,4.210837727948582
03101,2003,0.2855870476890608,-0.07442311339545427,-0.5392003295518506,-2.9658675544876747,3.5055890454708774
03351,2003,0.27352008639201947,-0.10729404532569164,-0.7670048234821528,-2.5289016251377485,4.880565280717676
03453,2003,0.3781211013701133,-0.04933935851230986,1.7465433415864315,-0.8477337424858367,3.6049466910879793
03352,2003,0.3522211581100594,-0.10495247249700773,-0.09509214449337068,-2.612188564187641,5.552935900757891
03401,2003,0.3984231912168823,-0.0639585359532811,1.5746070084422303,-1.4660571828456543,5.0253218884120185
03251,2003,0.36709246580634897,-0.07859130270340298,0.9845805490426512,-1.431307968274349,4.000434075768466
03402,2003,0.28273160605571196,-0.11430704066941105,1.889189976989497,-1.7261392042682846,2.903399132921318
03454,2003,0.3717359228627947,-0.04927913572057624,1.8115131444760986,-1.209514700646545,3.313836659279175
03455,2003,0.38862377939192416,-0.10188386360497487,1.0635869436549938,-1.869948951178532,4.170304977312875
03152,2003,0.206728554746771,-0.14104350690775064,-0.8579162144758575,-2.3310627003922155,8.84187003124629
03151,2003,0.2391972316387536,-0.14105378601782723,-1.4955805849846855,-3.347950217853129,7.952878457460914
03153,2003,0.18729678964182486,-0.15254175465825617,-0.7591002934477851,-2.72773198411379,7.81309772263376
03456,2003,0.3929507027027675,-0.06416346563823894,1.6682126256524148,-1.6540810216666957,3.9050267068201054
03252,2003,0.2956791021821333,-0.05553479800821731,0.035934728024469974,-1.73927489944328,4.030447793937723
03353,2003,0.36561974194371866,-0.034514886254372545,-0.41048995936335864,-2.22969176303375,3.947590594288393
03358,2003,0.370080061576078,-0.04050134413873846,0.2956960580397398,-1.5838209407879027,2.90928090378047
03154,2003,0.23435000051189575,-0.14396367067946153,-1.33642988220056,-3.426514686184373,5.346385546674565
03254,2003,0.23286199198624785,-0.10334299052038892,-0.4836402773852445,-2.535708298303303,5.019775878186937
03255,2003,0.2586612074673907,-0.07763282562722085,-1.1370415444469533,-2.6536626280124156,9.405362505139239
03354,2003,0.3117587428858466,-0.09251923892283215,-1.0453301551770886,-2.896757323235866,4.155496945005801
03355,2003,0.33005882419323285,-0.060444201826996724,-0.9863423765221134,-2.7998223308730923,3.189412496784598
03457,2003,0.39983209949953114,-0.08057805595764728,1.7868827594061378,-1.3405636855143044,4.2483331317773185
03256,2003,0.3497617879951537,-0.09709808960309746,0.8987865977595696,-1.6039488275369278,3.8180808802419586
03155,2003,0.17004007502887783,-0.16091365466623117,-1.846690330983326,-3.4107394177149306,10.455986497806832
03403,2003,0.4110972273630295,-0.027323448059333733,1.5483565002845625,-1.153229736717633,4.740455033688117
03458,2003,0.3831544299914878,-0.07062752427153968,1.3192360932561278,-1.1647816816666876,4.681658996297205
03404,2003,0.3845538266657343,-0.008722880708151581,1.6632886107653087,-1.1100173778153124,3.290695086669468
03459,2003,0.39318189376226637,-0.040818943981879074,1.6883729826384697,-0.9716136120650034,2.7419005437219237
03356,2003,0.36348696584541185,-0.09979994425115973,0.21340461727037713,-2.250112446490632,5.478456002673741
03156,2003,0.11030098330648447,-0.2048482714001894,-2.119910643411367,-3.1640322103557703,14.601817939372388
03157,2003,0.27565179081575975,-0.07609701184249601,-0.34293005802435916,-2.6500279994156575,3.7600952894786155
03241,2003,0.30528317586850895,-0.09353996963473737,0.24592468695823066,-2.123101577849395,4.4130910034188515
03357,2003,0.38299882837927157,-0.049460439908437626,0.42216217833636194,-1.7908949877134708,3.5049638852261977
03102,2003,0.24115799875882707,-0.08918723897358263,-0.7409766806187493,-3.0146449796721777,4.078595930947725
03257,2003,0.318426429692727,-0.08497787976184834,0.5775780374487096,-1.7797206486571235,3.6058729170695862
03359,2003,0.3698194019374984,-0.057071006085358644,0.16396808823880044,-2.0886812346704016,4.676931510992644
03360,2003,0.2693068159133234,-0.09113176500952153,-1.1135253536170702,-2.6324025508561997,3.8667747505641112
03460,2003,0.3675438723291906,-0.05509457293154646,1.8253256268937836,-0.76093728950998,3.1401630292189626
03361,2003,0.3634382839990503,-0.08223795108084281,0.7344831892498732,-1.6331357928678272,3.7776881887472444
03461,2003,0.3785029980872457,-0.10673216608539532,0.52035024087714,-2.295871398984499,5.7175755435605105
03405,2003,0.2550190324746612,-0.18515130992849615,0.16050236297521484,-2.9107123334787697,5.762681159420289
03462,2003,0.4186835470422799,-0.06225317418233567,1.0728100257321147,-1.9278754795674309,4.099417335672505
03158,2003,0.24354581020695296,-0.11473003832769998,-0.8566136206735246,-3.0741496773764405,4.68132994242157
03103,2003,0.26187074158685913,-0.12765805347976183,-1.5625471824620836,-3.637003791722954,5.8156014832588045
05711,2003,0.38035583757943137,-0.002216798853774571,1.3346640520650568,-1.1284836669152658,3.8807910016276757
05911,2003,0.38007978612613186,-0.04203349113306054,4.562731426546522,0.3002955745375546,1.8635105781533607
05314,2003,0.3436674128151378,-0.0883719670433869,3.50443389565226,-0.777609706856492,4.335300911074041
05554,2003,0.4214018096316863,-0.06012552716162517,2.44072715245845,-1.0624999973272136,2.3982811210894015
05512,2003,0.3818486552732485,-0.053541617744231274,3.062037484483663,-0.7187499203224159,2.7800415800415808
05558,2003,0.3723932564310131,-0.06897625136357666,2.546814181609756,-0.7321725793634322,2.4876483222549717
05358,2003,0.34792046514943153,-0.0645472457954061,2.6234340805059126,-1.110591576404286,2.922773458359662
05111,2003,0.3845317290507861,-0.04704454863928431,3.725602372148844,-0.2485334059674078,1.8186384147537766
05913,2003,0.38711207684545207,-0.04861884717310461,4.194662320328843,0.19568510740301992,1.885814781934439
05112,2003,0.34672824908746674,-0.07032032332320504,3.5742430862908843,-0.5329185490994299,0.6918351523826564
05954,2003,0.38704990482618745,-0.03156425794068801,2.4889084271112325,-0.5422563073232274,3.6853001224989788
05113,2003,0.4264763004756322,-0.034111069960572504,3.834726789948345,0.035226687698870496,0.5915433641238735
05366,2003,0.34396368473494465,-0.09758460563269622,2.476306749289876,-1.1089950368299974,5.088183451088722
05754,2003,0.41650242773570256,-0.028454274177171113,2.1802919741261606,-0.8339201075216565,2.6564537701367263
05513,2003,0.3620767400407484,-0.056417991767286235,3.609004879951123,-0.6848804091286356,2.6332447985834437
05762,2003,0.24573889901643858,-0.1052940696468243,-0.7487860635700204,-2.2865233625234214,10.451910955062635
05914,2003,0.3852279534281431,-0.017825017348004568,3.225053065135152,-0.02907239120581373,2.671583994099207
05915,2003,0.3964805108625576,-0.056773078468982385,3.774797838996559,0.27268069673427897,1.9502140628022107
05370,2003,0.4041124950703583,-0.05363893355683752,3.105397322736183,-0.8006601679496357,2.7077758249872783
05758,2003,0.348724303641001,-0.05348852362591916,0.941696293007739,-1.2939072890829528,3.3621990617312725
05916,2003,0.38382963270779963,-0.04720057788287263,4.852996353018252,0.7420270285855493,1.654729360306178
05958,2003,0.2604030827979869,-0.07293621884837187,-0.03042296154740548,-1.006622789025526,15.061934090177875
05315,2003,0.3177251504148,-0.07733621131766377,3.501205697034905,-0.7345471612396244,3.9505989601630005
05154,2003,0.41103184795556413,-0.06294244560307743,3.8098171802343077,0.07871455043250197,1.331510454691134
05114,2003,0.3833643715884329,-0.050637043182521435,3.614207739288362,-0.7852520466212032,2.92238860205611
05316,2003,0.38967420639302636,-0.04497976433202083,4.034084582001541,-0.251134902435866,3.4450357558622975
05766,2003,0.3208374992450025,-0.041339032743930415,-0.03366612281571976,-1.7421785655833935,5.52052591851793
05962,2003,0.35290081125665207,-0.05894301253490758,1.8964076265515486,-0.5956688813850428,5.636568781733426
05116,2003,0.3822815603739643,-0.0574809879087137,3.838920673774551,-0.16958422049552135,1.818739400543044
05117,2003,0.39687067654209696,-0.07221131217461263,3.8264735458498134,-0.17541581326415834,0.5023856627487492
05515,2003,0.3954805065822891,-0.05356746291812975,2.6088844273390324,-0.7312225127800516,2.0303018839373537
05158,2003,0.41800245706132794,-0.03650269042684279,3.7388003920269757,0.08988159636916171,1.159188272569057
05770,2003,0.3495288087242205,-0.0832573161268158,1.0266707442384049,-1.5346220163433788,3.5206222958934723
05374,2003,0.3523832697732039,-0.04893182970580112,1.6286898402034014,-0.49066349402176956,11.444117105505432
05119,2003,0.3894598340462075,-0.01878513178215374,4.842753718852435,-0.07569264931858033,0.33496782102359796
05966,2003,0.2408303135184615,-0.08674517089346132,0.09612881152263486,-0.920835558174893,15.684734716357628
05774,2003,0.36813806765408397,-0.03660232014051018,1.0352951311601633,-1.3126102117190195,7.404312415025906
05562,2003,0.38440930648692284,-0.06494821474031232,3.5349114168825078,-0.25041285900530497,2.1099735756048728
05120,2003,0.33149078723815195,-0.03705072227127193,1.4572140079539107,-0.7714274378443389,6.9866086374288585
05362,2003,0.32050323520820717,-0.07084603936424949,3.0867517702426235,-0.9161530547755423,2.5004575999594647
05162,2003,0.33721035511649855,-0.058572503610663906,3.152033710602247,-0.7536901220824492,2.644847106096197
05382,2003,0.33674299432530214,-0.0928838672288958,2.7893077854459563,-1.054012466988766,3.8853390990750336
05378,2003,0.4608901806077314,-0.002229854938601783,3.2267413499544997,-0.09629725607083062,2.2177190825001345
05970,2003,0.15154861915690607,-0.16774934168367653,-0.8221289594262271,-1.9215220341822645,19.93133674214755
05974,2003,0.3906142486408792,-0.06708563312628885,2.6410066110295376,-0.37717085082120416,2.9818160391346487
05122,2003,0.46387564598201575,0.03266494489612426,4.020893061280565,0.1434678440385575,1.528167000285959
05334,2003,0.34936432298988057,-0.06251171269594408,2.7728861990576323,-1.1216808372127764,3.71146343954248
05566,2003,0.4036262176606055,-0.03112606082228203,2.2529066519346683,-0.790163985770425,2.132433402635476
05978,2003,0.3779871907366163,-0.06694988184136047,3.1914438892161052,-0.3237047489278022,2.913120875701306
05166,2003,0.4177512871492194,-0.043100515342967105,3.4530523490251044,-0.5519778358820755,1.936348892216129
05570,2003,0.3860107275405068,-0.056551153037161406,2.9391670689790224,-0.20838452670040652,1.5530275052011149
05170,2003,0.4114673721103293,-0.07401188923411911,3.9060193061289223,0.05260097236832806,1.5441790451739097
05124,2003,0.4226866446675079,0.0031550815019150136,2.8867653224229466,-0.2938595103718704,2.34200890648194
07131,2003,0.35059588578493717,-0.09326125609339414,2.6822490215069426,-0.39968489776574856,4.219773114677013
07132,2003,0.3370559245169498,-0.09188785579233189,2.1783077785843674,-0.363680321509003,10.050093940817282
07331,2003,0.2529097130066031,-0.06383216498541106,2.816406771527185,-1.1663647974093698,1.9578950891238593
07332,2003,0.2791286814423318,-0.07622446375565728,2.189364790480238,-1.9739838146320343,5.684323146653179
07133,2003,0.3276651727224404,-0.06517438497062517,1.7640772237784275,-1.2060674122181025,2.4449188679351854
07231,2003,0.2903722064200302,-0.07876676243601793,0.797298837258939,-1.5735663104441295,5.832402805898109
07134,2003,0.24568933733210344,-0.12085263686263317,-0.3922131224635264,-2.057706527948555,8.324016976472503
07135,2003,0.27114349377113356,-0.09907051848778348,1.2422495840123808,-0.8670475316651154,3.7929327410079456
07333,2003,0.3205848664608706,-0.05569331394635807,1.7068692552638176,-1.4089824937554545,4.050773764655665
07232,2003,0.3070648562893209,-0.04195405175995304,1.0197301321223933,-0.9873830363976193,9.388102149782847
07311,2003,0.21599807636489032,-0.04946429726989998,2.8450608626808336,-1.894239584742742,5.404035226690277
07334,2003,0.29413813808323847,-0.029347307950042534,2.908478485870207,-1.2021967983458905,5.348029297507282
07312,2003,0.3868363255320984,-0.007678596275018379,0.9841458590955806,-2.4611644486814916,6.0121198262062645
07335,2003,0.37527748376316855,-0.0406864116175526,0.7788905128572171,-2.010363250142874,5.559972728486781
07111,2003,0.2706639418977469,-0.06466563005785497,2.68162105135965,-1.1233146040756639,2.4428342961584915
07336,2003,0.358003088207021,-0.04392535708213102,1.039569276304734,-1.3786412804146244,5.042197915688664
07313,2003,0.2964861323845573,-0.04627233711373252,3.607022797406549,-0.6434082392863876,4.079603165229715
07314,2003,0.24289932197829422,-0.04740531490624028,3.1733361645669604,-1.8564232501886484,5.781807448474115
07339,2003,0.28529054660738123,-0.05405783415740939,3.208089109824585,-0.6745811162188002,0.7134040583837662
07315,2003,0.2420542221489209,-0.03874588136675325,3.2692931121260482,-0.5673083213405934,0.5395364022200458
07137,2003,0.26997897589650444,-0.14617551713113813,2.3400796843668528,-0.73258269202814,3.937511305490933
07316,2003,0.33310764832060363,-0.0663825817110032,2.8288690383003114,-1.6594380929279975,4.945624281037077
07138,2003,0.31795679985211944,-0.05535134924618579,2.899598398263194,-0.19245183075494277,5.35058913109265
07317,2003,0.40530967214696695,-0.008953277137864146,1.4394502504352498,-1.692189545497345,5.01172324510932
07140,2003,0.2832053390661354,-0.08888197276126408,0.7471279845692838,-1.2166751215223863,5.396565427639474
07141,2003,0.32842197858851807,-0.07933313456764679,1.9866596951761182,-0.4736538738949585,2.2296962843640333
07338,2003,0.26897565377609955,-0.03903495167150206,2.748395054233892,-1.7267627878441512,5.849660197937925
07337,2003,0.31180334400771725,-0.048869046944617744,3.0900344529673927,-1.1001037600903647,4.549280608272752
07340,2003,0.3871103324024994,-0.034664924824287735,0.9693644057896796,-2.0346493985285563,5.498712340885637
07318,2003,0.29944933338143,-0.013887146934900063,3.6793085298917365,-0.7210746228772464,5.986105919003115
07235,2003,0.30133565460095685,-0.07744535476466868,0.9395185007430825,-1.5932794772306131,6.555422801459034
07211,2003,0.2691172178682417,-0.07227768008477392,1.989428103402248,-1.427611805910278,4.825051955412808
07233,2003,0.19955705168127627,-0.12959228071002096,0.4583462494834401,-1.1229478001814925,11.375505809584372
07143,2003,0.29938878275179565,-0.0688762618139927,1.6414897265814257,-0.5847396713384878,8.98022596167644
07319,2003,0.2618669248895879,-0.0652323163358074,2.947700338761336,-1.5031299475287923,3.585822423455362
07320,2003,0.3234309531430597,-0.06519479655089033,0.8223467603405666,-2.2587193784357065,5.061072095297361
10042,2003,0.329865345724272,-0.0704738683282905,1.82768524482713,-0.9899257143982205,5.643183312975662
10043,2003,0.3646237826118784,-0.06118313492997712,2.277044633907586,-0.6177121845814963,4.847297853841577
10041,2003,0.36528884864348227,-0.08474328848525803,2.574707979939478,-1.0947557246462982,2.9619303675922377
10044,2003,0.3598268443319196,-0.06365756703907122,2.649562776252572,-0.8225216862623475,4.079205135841686
10045,2003,0.34265203330238725,-0.062418244900542486,1.4263125644285188,-1.7441562467753369,5.019853164776922
10046,2003,0.32905306150743796,-0.05123125822756569,1.6723292278500717,-0.6013349231587526,7.063865135099321
15081,2003,0.21843721723788093,-0.1921008194247412,-1.4235379768558298,-3.441992818905635,7.956080150508196
15082,2003,0.2952743394820514,-0.13688148266400602,-0.9408032210289388,-3.1563376471225757,4.6991689995747965
15083,2003,0.193339920320371,-0.19447175573770775,-1.1456294046713673,-3.1734269290277313,7.071977462052844
15084,2003,0.2227609367218542,-0.18967700756390948,0.019209951385572435,-2.2277089072848613,11.551972362946097
15001,2003,0.2924863252703953,-0.13807074027919353,-0.9448205827701973,-3.0120065413885775,6.550203734111781
15002,2003,0.3259035854573698,-0.09950992034092998,-0.24287879139884716,-2.9036003717330665,3.781304055352681
15085,2003,0.19292493840732544,-0.20091913775414344,-0.9658349209999929,-3.225251496799447,9.568800648061227
15086,2003,0.23035170914579137,-0.20620857553296731,-1.16466400538276,-3.2863780282598825,7.825331512895812
15003,2003,0.18240703915107478,-0.19658338790108218,-0.5852277680759327,-2.8546734599598125,9.015711191103163
15087,2003,0.19601887028475043,-0.1873409026347995,-1.0229575870591663,-2.76386014400119,8.854001797052401
15088,2003,0.29055004569553106,-0.13658789545268024,0.1083095522811781,-2.2422998027471865,4.826827889533838
15089,2003,0.23399882610038583,-0.18012519935401974,-0.5587036515918793,-3.015164616686011,4.628557052637868
15090,2003,0.191789042272757,-0.21891145446406357,-1.4186032521236862,-3.479364819689473,8.045522323765848
15091,2003,0.21124118361163532,-0.2031527805054976,-1.6637301223821224,-3.4956510847442805,8.552982985569693
14625,2003,0.2060168959039391,-0.16668864530719943,-1.8746958942003957,-3.100844374005471,12.500861578152636
14511,2003,0.1245916908917206,-0.2228664528536664,-2.141163758570001,-3.4376291320080656,17.936995052852623
14612,2003,0.13127900984974974,-0.21947728769801647,-2.4591328269213526,-3.890757488813467,14.339267583419584
14521,2003,0.08487930970976693,-0.16628806063469997,-3.3130320351260396,-3.299693602983592,20.80451952534153
14626,2003,0.14484700805902914,-0.1990884439070529,-2.6233784175728103,-3.2874841339554983,14.359099942980116
14713,2003,0.27046454469824377,-0.15598102399587588,-0.6186260595630393,-2.9592661789360846,7.020977640952774
14729,2003,0.26999983327555277,-0.1605740528166999,-0.7215577052896777,-2.7142550811474315,9.816250621875964
14627,2003,0.212088357072535,-0.21697990108375362,-1.4939245880647811,-3.329557292421399,9.151678040231026
14522,2003,0.16591805835426468,-0.19323639108668103,-1.8144776811053696,-2.9430151148775536,13.191108754688708
14730,2003,0.2804798993477128,-0.16655204784992478,-1.6441719758252147,-3.6323849764526774,7.24404444025076
14628,2003,0.1219496664012757,-0.18924534133790083,-2.798717970147462,-3.4543535566612746,16.518525555542446
14523,2003,0.07929714946589729,-0.20391559913180296,-2.848883010235757,-3.288604112621104,18.79346186208159
14524,2003,0.15432222344486773,-0.21864824261330068,-2.643965540672157,-4.171892946898311,16.289006807028635
01051,2003,0.2891100345843918,-0.11934398584106276,-1.1076858710364237,-3.1887922396369923,4.496971748941165
01001,2003,0.4207661843890265,0.03420660549896759,-0.09210633472532513,-1.6401030592375443,2.589519126993644
01053,2003,0.3254017930080372,-0.09206207314991277,-1.496579714149777,-3.030046336218459,3.412515485814853
01002,2003,0.37075355521923015,-0.035825185123216086,-0.14759505246732582,-1.7863425915245381,2.585177904462355
01003,2003,0.33219274439008856,-0.08315364562721594,-1.0414501543400698,-2.7594441980242514,2.612155844155844
01004,2003,0.30564549224374976,-0.08329776102826308,-1.0660455289875737,-2.8831610776905823,3.6383065336861384
01054,2003,0.38526332992226703,-0.0566098002526757,-0.4550009808250948,-2.6474652841583235,5.636188140943147
01055,2003,0.30910005260982304,-0.11241981212249053,-0.8924139117631825,-2.693256647534393,2.6344850954827885
01056,2003,0.3614291526224643,-0.07521182402906545,0.4119173297965985,-1.839393915881382,3.961453990678543
01057,2003,0.3576804012010524,-0.06286754364129166,-1.0414823323514641,-2.550729572209703,3.065041428619613
01058,2003,0.35440196097672433,-0.08084027733165466,-0.6434164944927985,-2.3229318042277516,3.1385856834145818
01059,2003,0.4166478039545093,-0.01743083024307085,0.007850063374450662,-1.747924192970765,2.9934154848962344
01060,2003,0.32230282226508833,-0.09852226197095865,-1.1253355095886262,-2.6528380139454644,3.1785452053231835
01061,2003,0.32497301068970114,-0.11647571096688275,-0.6721573394238443,-2.7119676454529724,4.029243464130606
01062,2003,0.3525549218610731,-0.0717374865243669,-1.4498245636494687,-3.0440873189165796,3.114423492643423
16077,2003,0.1946855067058078,-0.20672853462942564,-1.4853747766091787,-3.353324915219498,13.235051079477628
16061,2003,0.15660695933844337,-0.1363772310755973,-1.1221777799939905,-1.9987275259486705,11.147320891973383
16056,2003,0.19743318201384566,-0.09209275084889854,0.17760436364430707,-1.447167027018623,7.946862493537329
16051,2003,0.1894363329305855,-0.17719575572519788,1.2460307689191987,-1.1753218322738932,8.284611609333869
16052,2003,0.15327151528350844,-0.24773556741038008,-1.0563311761267262,-2.8995996942222773,13.947608776094075
16067,2003,0.12862725964456787,-0.22370758167160895,-0.2647746633500496,-2.228361467138036,10.579300013056884
16076,2003,0.13257475210758393,-0.2388394899511411,-1.935394340256426,-3.209157108139328,16.339995958571052
16069,2003,0.07786644768092234,-0.19271495943030714,-2.9471308144570605,-3.880276530581666,19.817417442823967
16070,2003,0.15171505469227758,-0.2065476467878598,-0.44993699054440317,-2.3437337448404265,12.909526808562454
16053,2003,0.18052565945086402,-0.1858624665239722,-0.3684767324313692,-2.2370032186930215,11.536820948020768
16065,2003,0.2385451989605921,-0.12776249075959992,0.22083579553417784,-1.6638692704056466,6.3848902816691
16062,2003,0.20276600481069817,-0.13552196050032012,-1.1017704818090834,-2.3259631518451234,8.438778994929995
16068,2003,0.24788801280226058,-0.14495752751556001,1.4506881696697096,-1.1788979045989312,5.721070944611993
16074,2003,0.21279686165443443,-0.17412465803388724,-0.027605404889712002,-1.8944566752516534,11.99269801071717
16075,2003,0.1063475509761686,-0.19643652962048047,-2.4058540786332996,-3.014120895760595,19.347168374178597
16073,2003,0.1832696842494276,-0.17220819761951314,-1.16750218999277,-2.4779957019712,14.32582404403318
16066,2003,0.08918825677784073,-0.16491339308892908,-2.887690659972969,-3.5977844526698406,18.886461621151817
16072,2003,0.12970852138273772,-0.09959932216635278,-2.2650310172333348,-2.8300939420031774,18.88914073209462
16064,2003,0.2160087811106166,-0.1048425998825595,0.24806404965300163,-1.522086518060343,6.131895028041792
16063,2003,0.1533514867696754,-0.16831835217926008,-0.8588106851726911,-2.184801442594659,12.15227100582441
16071,2003,0.1816902906652585,-0.195377136618742,0.18596016034627333,-1.838959868361274,11.341606918007693
16055,2003,0.19345329559812563,-0.19359985655906053,0.6037775455632417,-1.5864140053418163,10.026555929719255
08425,2004,0.25872905317024447,-0.030063180475521423,1.5562734799329645,0.041159187834380884,6.4829643287204615
08115,2004,0.4126826949940695,0.016790941124397163,2.882671237329967,0.01855206481453875,4.35139055777959
08211,2004,0.3583104362499721,-0.03740466618426225,3.895037913920522,-0.653475440921528,2.9376103590347267
08426,2004,0.35234228645244386,0.018554963548214565,0.9570805003389555,-0.7238264244296901,8.094487654543563
08435,2004,0.3108885201100533,-0.022992510930563925,2.4770463874512574,0.12142303986816527,5.73374551819542
08315,2004,0.34693566174121887,-0.0027599275782206334,4.596132627363932,-0.03132778146687176,2.1204686347713873
08235,2004,0.4429547192901156,0.04214631843911931,2.2522156399812614,0.13624291755255458,5.159204440904236
08316,2004,0.40312975503536874,0.003226742359189627,4.842752657517957,-0.1992340179348817,1.8360863974781725
08236,2004,0.44773150410359847,0.004826212281955622,3.965364495081015,0.6692048047219816,2.327346338461045
08116,2004,0.40421233916345434,0.003942209619943571,3.6249184885175616,0.2173519236019814,4.084025204041096
08311,2004,0.4346895511042987,0.010405847403195612,5.359772180460209,0.19725582191968627,0.833796814619524
08237,2004,0.43948648165034077,0.06959757508067416,1.9337023688544202,-0.2435270997109118,5.517824607038451
08117,2004,0.3647095030159868,-0.0049062270832112564,3.047639484743106,0.832468717558875,3.8708122806860095
08221,2004,0.3578142944449721,-0.013515054989897302,6.065400909694177,1.3442005030646982,0.4981709101551068
08135,2004,0.29946115201965073,0.015547186958165371,2.6544926464013847,1.3902087481981484,2.893588677771209
08125,2004,0.3942974939158048,0.0052137651184978595,4.3534212457335775,0.8925755269707207,2.5427786828485797
08121,2004,0.32285449413001566,-0.03448244530614286,4.399128275333237,0.5345299624292839,3.4696152766076964
08126,2004,0.4548689194473897,0.041554227017271295,3.5939965601720827,0.7935085306814149,2.1843816402502703
08215,2004,0.3979490927879755,-0.029214726831301663,4.147200763282051,0.1607850334082137,2.6005481277854154
08212,2004,0.3935238985741967,-0.013454350247136315,4.338668050588764,0.038694116153948244,2.350135903138127
08335,2004,0.3857804569918667,0.06533844620119755,2.4697812610058367,0.06200580831488711,5.925879960448924
08336,2004,0.44626855877159244,0.020295685241903172,4.476280224486508,0.18379950199570416,3.992321651874218
08118,2004,0.40134769494651185,0.006931969430066409,4.48635752885435,0.7055776809603227,2.12571709132255
08128,2004,0.4062250510055869,0.02468038830166397,3.3438786637912155,0.8583550217041078,2.03112324190895
08222,2004,0.35605306169850004,-0.001687438558016785,6.190255697499852,1.1273107844403185,0.32012686439225085
08225,2004,0.43622712273037556,0.053433848311843446,3.331959721896297,0.9372955304814874,3.105531143195926
08317,2004,0.39193712294237715,0.004894638845231669,4.701002661508753,0.09573304115996617,1.9019205344759498
08136,2004,0.34130227949558195,-0.01480842505247243,2.6610861356523072,0.9297887767255526,3.389360747371809
08231,2004,0.44884168999770757,0.012026593978526012,3.8693136525740357,0.4588890878748466,1.2449489897979598
08216,2004,0.36077674175749674,-0.031219748679943815,3.7924335481359575,-0.588618112682266,2.8759487762308718
08436,2004,0.35320290544205435,0.011085342557185462,2.372785284650238,0.3913617962660976,6.26042960004841
08119,2004,0.452025966204965,0.0291942542675504,3.760890753172385,0.2996621210385455,4.0975148057005315
08415,2004,0.16972925651050033,-0.1005061404494991,0.5545093330140519,-0.6690012958744848,8.84012270279274
08226,2004,0.4047383783172806,-0.003001998910980075,4.652243167376233,0.7191308942150179,2.2846842513424113
08325,2004,0.4230646676461764,0.09127778639637535,1.5601428611481085,-0.09441075991604775,8.343754665508486
08127,2004,0.38423546574513995,0.00951168601706992,2.4651208448075153,0.3683547174809201,3.6669445064161366
08326,2004,0.34145625347360614,0.04111747672597277,1.1001351900330048,-0.056337032248365615,9.887035072350207
08437,2004,0.3188538711531329,0.02292433593985066,1.002231076779678,-0.27334846673083146,8.822754471958747
08111,2004,0.3630118949191338,-0.0002153193273278231,4.242216722850202,0.22571243611548208,3.8784015942825723
08416,2004,0.42525898051660016,0.011284850327317963,2.8643168674157917,-0.2605219762917548,4.074533043957405
08327,2004,0.23302124373820612,-0.05170130891387528,1.5143068096356498,0.2814400732026281,9.229092818695026
08421,2004,0.28295493594943866,0.003455819184667863,0.9079931257311072,-0.8806251424688024,7.3305185414729905
08337,2004,0.3204398227713455,0.009452749893181955,2.214490119149221,0.13722122766864864,8.293570216572464
08417,2004,0.35877435221847714,0.017718076421782802,2.1414581801373345,0.06192012617957232,7.213248006972635
09771,2004,0.21358019578594747,-0.1181283964309692,1.2232628992650103,-0.6467965096766557,6.1465867554692375
09171,2004,0.2821201897945019,-0.05790253629073533,1.8440885129658056,0.379355707792121,5.065032201332018
09371,2004,0.2642098998445004,-0.04217134781615195,0.8211078212553848,0.40307865655627423,3.9802664964232513
09361,2004,0.23729955315434842,-0.08578349238825256,1.3972447240018495,0.47111466899289767,3.900107123727907
09561,2004,0.298980361109507,-0.05988188436275593,2.3598356901804287,0.8587071171800305,3.474737949294549
09571,2004,0.34453335608602625,-0.02826106900198161,2.1414736360800317,0.36981263232052175,3.39144371437636
09661,2004,0.4136601085182272,0.011845612959488883,5.210472616395082,0.9344500238068525,0.2638320583526063
09671,2004,0.4299161705046354,0.017074955115630286,4.103727607690158,0.8116853196495479,1.7927883447362443
09761,2004,0.17598551829272568,-0.14491977203002343,1.7599567791615534,-0.8119823465864893,5.344532741225507
09772,2004,0.25274355118146075,-0.08804134870871078,1.6168283287094904,-0.4384856320570869,5.017400260538652
09672,2004,0.40174509836318023,0.06122323281980996,2.0489716872431543,0.0018637639963152708,1.8874840535044397
09173,2004,0.09585165040746241,-0.23552004599330523,1.3308273515820188,-0.40078837070326023,8.55790853279989
09461,2004,0.30435503886966714,-0.044446770415516645,3.1198924586865715,0.3769796076329226,2.1737610215871084
09471,2004,0.3066468673805727,-0.039577385724904046,1.9758825982446229,0.26262102677569765,2.639303151822585
09462,2004,0.32745547694686244,0.006975040925931597,1.8476565182968983,0.3648604934366044,3.6977977740942483
09472,2004,0.2607613300034105,-0.013316575539332354,0.9874839099015015,0.42182721851007965,3.7726834938558613
09172,2004,0.32820761167187606,-0.08229405528152084,1.0118903739886247,-0.9874622129634456,8.709074357056933
09372,2004,0.3485606910011322,0.02014650431732895,1.0333229090734464,0.524434865549643,4.790465108894364
09463,2004,0.31199918780596675,0.012087782390076962,1.6326857177541987,0.08032518213610373,2.709396429233335
09473,2004,0.3013849062815816,-0.009037873998527624,1.6132842277343449,0.3528238087069493,2.59954732807551
09174,2004,0.18099018744868767,-0.1491119858282552,0.8868138550242326,-0.8005806325663596,6.463893085140537
09271,2004,0.18254285023973937,-0.0503893385720261,1.3877491570658482,0.06635852428055866,6.538899477622478
09773,2004,0.2619673400147931,-0.04126464113474221,1.3323912283475747,-0.43077404443289313,3.8694880217974523
09279,2004,0.2040099614171118,-0.10458579407657176,1.2692208014473954,-0.25347928084906624,7.0644396167428685
09779,2004,0.31962837485577855,0.0007646833719360258,2.4988405634363904,0.6543540628745617,3.8779566130160954
09175,2004,0.27099300256869746,-0.0868100583915476,1.2974134762092187,-0.6964943818329941,6.399627627726153
09176,2004,0.27413795120507584,-0.015144397867458359,1.768166411364216,0.508580900986485,4.733859334358137
09177,2004,0.19479779825010252,-0.14469825497821898,1.5920490020330296,-0.14129219991020148,5.351642564352541
09572,2004,0.3996881054606044,0.024363359342283286,3.0561602879919927,0.8149050528428705,2.4519853804554543
09562,2004,0.37966124800927914,0.03445001918120133,3.6317796561434843,1.1169776058308711,2.3925546765937646
09179,2004,0.1517385629404019,-0.19107922857010207,0.8586307672798772,-1.0863190518673493,6.803682330946748
09563,2004,0.33384212376892547,0.004233660894323754,3.6861204595082873,0.7477331534750813,2.2922034683419716
09573,2004,0.37201139432425867,-0.01442723057131251,2.502458388038778,0.32682075678727607,2.98603261716449
09474,2004,0.32089313641358275,0.00457969502841632,2.3140136476327178,0.5633368249999324,3.187395471503924
09178,2004,0.18914858599161544,-0.13857654725469548,2.475009909830337,0.6863808669559075,4.625826000592906
09272,2004,0.04796905804735603,-0.17357578353572928,-0.7690926236441515,-0.8459641044472687,11.955053894651211
09774,2004,0.32937750460814846,-0.029375596220472255,1.6980256243875134,-0.2950313009289245,5.158910275341291
09674,2004,0.3820781564570858,0.02221218588130891,2.401339535837282,0.32573593153687996,2.5141249540855513
09464,2004,0.17960175513914417,-0.011062314885971425,0.9764156918703375,1.2058506106864109,4.828268551236747
09475,2004,0.13438501711047618,-0.04546672239197891,0.039387691143897174,0.5270475582387171,6.428213086023075
09161,2004,0.29978555448372146,0.005989947165097986,2.7615812113135636,0.6399871343553412,3.8506789346462766
09762,2004,0.2684446247654725,-0.11939187389162637,1.3501529961751284,-0.4269092896054192,9.69060773480663
09273,2004,0.22162541501110636,-0.07764517520089878,1.5235909465763549,0.26722302528281605,6.070787689709366
09675,2004,0.3605943138844181,-0.0045925655087976636,3.606660351204764,0.6699100399787468,0.9052369698110687
09476,2004,0.18395029207337346,-0.062344605465296216,1.0833556678386222,0.4540375987732965,4.583459143656034
09477,2004,0.23178254274456633,-0.03846017438825533,0.7818388055871814,0.05426016473215445,3.5646029724821755
09181,2004,0.20343425282287547,-0.13783696847013555,0.9521233682340632,-0.8430725415797345,7.257606733762862
09261,2004,0.125856574637386,-0.19423160579957474,1.9565305065610157,0.11026782255585243,5.858469372472667
09274,2004,0.1467168475741652,-0.18118919894070173,1.0816994924848262,-0.22912938174162534,6.850698721949372
09478,2004,0.3052444314005802,-0.02898550767777558,1.3251852923647567,0.033214457074031145,3.050432281232042
09183,2004,0.21078166307194598,-0.1348046233929354,1.571653116941909,0.11053438956690753,5.590681928346597
09162,2004,0.08902559878368842,-0.22981138139845203,1.713289228747752,-1.3939676603914468,6.563043880762822
09184,2004,0.11509770754508625,-0.1930895485759071,1.3559981774887482,-0.9597307252102065,6.25225600918811
09677,2004,0.4041413557749484,0.04798825339015306,3.248541226137454,0.7425714560640606,1.0173316151175036
09764,2004,0.21529651251541182,-0.16560744201544708,1.6673828028591835,-0.2901354342822471,6.052400957672674
09182,2004,0.09775984120732532,-0.208155466267181,0.3728913461020203,-1.0637972022434898,11.043978859947151
09676,2004,0.46005094706221245,0.04351268656442364,3.8803980008237495,1.0438389800550016,1.284360795296681
09574,2004,0.25992852126820276,-0.03530855025421875,1.0997401094727302,0.008578712582855808,4.057640861579194
09564,2004,0.2638549532387543,-0.035570716822503456,3.78095383060048,0.5860822046514214,2.799009007117512
09775,2004,0.32822733174181823,-0.020874217772015702,1.3128338618757909,-0.8107622543682094,5.76747200651844
09185,2004,0.253599629429495,-0.04964462798276087,1.9916272476644352,0.055557263422203906,5.141280753900726
09373,2004,0.17907773971094237,-0.0948335137201678,0.9137936138986938,0.1735438195454284,5.915538249799013
09575,2004,0.38760688344741967,0.009591014517855156,3.0924672053245783,0.6499678504669979,2.065682266748987
09374,2004,0.22358716160702719,-0.027031090223244236,0.6937895047735152,0.45780542825040216,4.038466745673625
09780,2004,0.011358181341774453,-0.3165890515757207,0.7505015839775487,-0.4061563489851049,10.517744287797765
09777,2004,0.24240020192722148,-0.12347622429740654,1.3043079827874404,-0.5031364928686672,8.18839393939394
09262,2004,0.11717780168802779,-0.15288146051318713,1.6796884388158146,0.16591458644293833,7.3217619867669725
09275,2004,0.2217593514397202,-0.050608202427519566,1.5169949870589368,0.21405456263667189,6.7111187248469735
09186,2004,0.2417935807502446,-0.08600804345492935,2.236076694628277,0.4281171606116849,5.118406686012429
09276,2004,0.1425224679405801,-0.1139817580478848,-0.4895121024808226,-0.10175204416945338,10.5625
09362,2004,0.24151509679671088,0.006228872864133428,2.4887867346739987,0.6992368825834869,2.666553451643033
09375,2004,0.24353516002556833,-0.0241515295666406,1.362176302592029,0.295795285336635,4.271401765914758
09673,2004,0.33307984639912674,0.029670587246929836,1.8357360343263651,0.2597762583485428,1.772363672717326
09163,2004,0.423697768961598,0.012021392090353689,2.393055548592875,0.11371690035967141,4.417776701380481
09187,2004,0.3981246480126694,-0.025100562486694566,1.4102274744580716,-0.4614964232340759,6.737506702570841
09576,2004,0.332357439972865,-0.028193952296355018,1.5846852582080952,-0.0028693800024304217,3.8326870081536386
09277,2004,0.2273780403454274,-0.10542838512438901,1.1540751460045702,-0.04771500096097081,6.2608296380659105
09565,2004,0.3313922847519771,-0.05033035098259281,1.863923870991392,-0.4256713211880381,3.0937538348263587
09376,2004,0.2977480505715025,0.0009760724627290718,1.1351445153098516,0.5298936467149915,4.11400263397296
09662,2004,0.32078682220732724,-0.016457325536398837,3.5069701094679644,0.08851313977352415,2.012950498423788
09678,2004,0.35998792350590325,0.006050367660912603,2.8055736500089856,0.1900838263676361,1.8981934927404285
09188,2004,0.1384194060142052,-0.22536059694207886,0.5328939296875459,-1.4969806763250506,8.4515184547887
09278,2004,0.20584736791807343,-0.0536227437379839,1.6432519590851526,0.4176086969424164,5.361866018734441
09263,2004,0.16567238975023307,-0.03937907766390744,1.8894475567449067,0.33629080203439776,3.7117226673774333
09377,2004,0.1578954807105922,-0.043310765598698564,-0.17700643871074961,0.09677714599140635,4.406574561295703
09189,2004,0.28337550089572916,-0.07836374052216882,0.965504130485363,-0.43632510706066363,7.874161044335031
09778,2004,0.2957978725102802,-0.09432652887600768,1.6504410908918683,-0.26762384981660237,7.02212037096809
09663,2004,0.3521006744040553,0.005921993617891141,4.13300617339757,1.005621290554802,0.30304362848258315
09679,2004,0.33764571332813953,-0.005093990673366966,3.5345685715354342,0.8820401697873721,1.3745024635325356
09577,2004,0.3211068841724794,-0.029169812126180528,2.1390252159276866,0.5773333201178112,4.848928065676836
09363,2004,0.287508592840005,-0.00944699037205321,1.9056935192947984,0.8124515424819005,3.7741025836445394
09190,2004,0.36902109769229985,-0.026676584653487323,2.14421592693024,-0.046808736533956896,7.244897959183674
09479,2004,0.11988604644986035,-0.048487456792624326,-1.1177926822069326,-0.3603648924455163,5.294716705311273
11000,2004,0.359829133467729,0.023184431540199057,1.904085739564011,-0.2163259316180619,3.9419676782005166
12060,2004,0.3335932457601393,-0.008822293852897622,0.7008848218027753,-0.34990019069330647,4.856681183387641
12051,2004,0.402833839180299,0.03164955165849076,2.143836199022606,0.2829752337835385,1.598879965537401
12052,2004,0.40304995226865803,-0.0024125283766318617,1.8828383026535713,-0.033384443985516654,4.508321862094858
12061,2004,0.4160797780639776,0.01632945298172256,1.3992343891736414,-0.26560636648642566,4.56272549650255
12062,2004,0.43978246382630815,0.0074333500141860465,1.6308070963934371,-0.26123830146253835,5.044448941218009
12053,2004,0.3763199220269669,-0.00035548363032972263,0.7792818313572012,-0.5424645986435994,6.239326752565172
12063,2004,0.45672196548235156,0.05207181792975868,2.080127584988882,0.2029646312157416,1.8046943449012363
12064,2004,0.3577317672292002,-0.001993319520829151,1.4297488716412488,-0.06566327026603269,4.865500573915894
12065,2004,0.38335167614912663,0.01813437874463103,1.2098177139963624,0.02322375954207656,2.8466106996669387
12066,2004,0.3875084664893815,0.008054365950494857,1.207844661777992,-0.44490590848968514,5.350343049554415
12067,2004,0.3813286208826151,-0.0045489953296891095,0.7208118840619896,-0.5018765961624975,5.882107184316544
12068,2004,0.38049891845134065,0.009894015628921615,1.4958913593109888,0.2824046398986231,1.3019525066581374
12069,2004,0.4329418329740967,0.017205452803307153,1.9584620095581928,0.10041522532561342,2.6281744310459523
12054,2004,0.4725688483492025,0.06286346031850593,1.9886611792486262,0.20060624673726668,2.2265315883299275
12070,2004,0.3367994861781109,-0.03868376441628668,1.890289752657649,0.5641990404242696,2.0999561711403576
12071,2004,0.4046636936300762,0.012305000314860759,1.4920057158068654,-0.13940786703539954,4.930755451506201
12072,2004,0.40075189264468614,0.005927783795493358,1.4796236315811382,-0.0803552774673244,3.8705527350348263
12073,2004,0.2793152906871307,-0.071612951237432,-0.030815452103545915,-0.8043682613510041,5.421714554022004
04011,2004,0.3733427671043802,-0.05321565595902794,3.159993108714302,0.23169758028285736,1.3592562209461305
04012,2004,0.37882300539921393,-0.019229187903980316,3.2258697448796574,0.05782863907638225,0.7602108036890646
02000,2004,0.35862357521768395,-0.018416951590871533,2.411621281803056,0.028549519670157064,0.5402665971384808
06431,2004,0.38555583207814903,0.010827455551194687,5.737981238616153,1.2429783878519114,1.2839385719285963
06432,2004,0.38244314239474186,-0.02219966231140097,4.922398020591956,1.0726150767109228,1.3342565448135497
06411,2004,0.3535441212011922,-0.04420701589380527,5.826689489219397,1.4470072702741064,2.4596748142564877
06412,2004,0.3088411868903614,-0.0521528703426114,5.383872843061333,1.4851946015374597,1.0558376275639085
06631,2004,0.3904770831036537,0.024381793730041457,3.6552674285664306,2.067273892025189,1.3592880355608683
06531,2004,0.37767884768585397,0.004435114073674973,3.74807845092596,1.1511759665045318,0.7047879290819816
06433,2004,0.34470965215969335,-0.00929277938924522,5.868525840808804,1.415572592655586,0.9859949502919361
06632,2004,0.30605972969224576,-0.03680746937995166,3.329892392510878,1.9539780382743412,0.7630013841405857
06434,2004,0.39870725965046167,0.0163494039553988,3.9127569499874078,1.2146686151239723,1.0414354330964202
06611,2004,0.3506788421651089,0.038474832882921695,3.621742504098148,1.113105972357828,1.6528553413799316
06633,2004,0.381646992937218,0.04200288813416003,2.191817822462994,0.5401785296145789,1.5171224073826013
06532,2004,0.382109650324936,0.016665218187876307,4.264454725165914,1.781352402245894,0.5490659986392035
06533,2004,0.3890609284954577,-0.011062058820560494,4.206191035412848,1.3271820798926615,1.137302245478586
06435,2004,0.356929500383422,-0.013258371684934656,4.5284627159486535,1.4768501478415605,2.2306962298334905
06436,2004,0.3266821952182919,-0.03338956530035936,5.5027450317578035,1.5192775803558431,0.32836335255780036
06534,2004,0.41278461584974235,0.049144031509253894,3.2043695791118547,1.406199038993995,0.5864751255228688
06437,2004,0.4693682137721629,0.026401506966388932,4.100344104368866,1.3068451869833497,1.3817937219730942
06413,2004,0.3626946625512021,-0.010451330630363687,6.4891095802431655,1.688623382940455,0.4511354079058033
06438,2004,0.40296893909220277,-0.022791595858830505,5.553141131459757,1.5678590221802406,0.8506544184439809
06439,2004,0.3584462042140646,-0.03933617365947384,3.6967197393531377,1.284714919776766,1.814196093220469
06634,2004,0.3958324965399886,0.046679797221757136,3.179607357290881,1.295961631315124,0.6384973558350717
06535,2004,0.42617239931291445,0.059416037891605156,2.662839167339522,1.0560184237637547,1.0598870326363432
06635,2004,0.401623827677795,0.08656457651823246,2.5362295140179913,1.5879427735501972,1.8512789301316932
06636,2004,0.30792746321909975,-0.00868718838361976,2.6909906374050276,1.1500171525531662,1.165237950067048
06440,2004,0.368850491900129,-0.012335029840221667,4.452335994804924,1.3017509746793965,1.059853415435929
06414,2004,0.2993989142344745,-0.047453331209234006,5.7878085600027065,1.8975723180791593,0.3603980406742551
13076,2004,0.2987694319132176,-0.08149887588433258,1.8919795065082632,0.4509907803694715,1.5788199347752012
13071,2004,0.28351361420660004,-0.062450751984487796,-0.10651226098659375,-0.8670573398724365,2.915403106206284
13074,2004,0.35729010301465924,-0.03658210914403054,1.4853854605035217,0.03300616181977967,1.2767997631501034
13003,2004,0.40834787763531893,0.029651376814439356,0.8902905833835214,-0.893099473899411,1.626577051234585
13072,2004,0.3669791932320377,-0.009176997340787418,0.6116455537330806,-0.5579705953708552,2.0820167937362672
13004,2004,0.16734728396516171,-0.20009941780065513,2.3631101985940006,0.839008610982074,1.4589566551591868
13075,2004,0.3291772514560958,-0.03361638796556832,0.5248977867151544,-0.46783270627027607,2.6795041002096713
13073,2004,0.4003726908420027,0.006370331709698973,0.3424173916060953,-0.9250725151650432,1.715209514685009
03451,2004,0.4825926223363669,-0.0001112734245441449,2.767565841615567,0.05388206412877805,1.8028820134972128
03452,2004,0.48300508203084846,0.016380415310422558,3.175269530753365,-0.010732056806994184,2.4090304920578505
03101,2004,0.29834554731712615,-0.06166461376738891,3.9907645748404876,1.5640973499046633,1.0426364325921198
03351,2004,0.38084711762335366,3.298590564254633e-05,2.5299289898096884,0.7680321881540926,1.511581652513746
03453,2004,0.38673708350332114,-0.040723376379102005,2.8809390943808584,0.2866620103085902,1.107193207268626
03352,2004,0.39530486080835175,-0.06186876979871536,2.62679078657862,0.10969436688435019,1.0809173212168481
03401,2004,0.3412358196444266,-0.12114590752573678,2.681895284605744,-0.3587689066821409,0.8422317596566524
03251,2004,0.3116037049803272,-0.13408006352942475,2.7456661967410674,0.3297776794240672,1.4202112588456426
03402,2004,0.3938456316046522,-0.0031930151204708213,3.3784265267755313,-0.23690265448225034,1.7883959044368607
03454,2004,0.3443725281273618,-0.07664253045600916,2.8101061978656996,-0.21092164725694396,1.1999036003383434
03455,2004,0.5425447251556487,0.05203708215874964,3.116975472791242,0.18343957795771626,1.9281242423192824
03152,2004,0.35545337983923747,0.007681318184715846,1.5219611813247729,0.048814695408414766,1.9646334917307506
03151,2004,0.3683350135988905,-0.011916004057690333,3.360969930352582,1.5086002974841386,2.1543666922252718
03153,2004,0.28387520733779986,-0.055963336962281174,2.1402137244022086,0.1715820337362035,1.7677086439006486
03456,2004,0.4242240537063665,-0.03289011463463992,3.203468577268234,-0.11882507005087639,1.1383552566323871
03252,2004,0.2185300232464176,-0.132683876943933,2.169975117508133,0.39476549004038297,2.6685393890471754
03353,2004,0.34348659742752924,-0.05664803077056196,1.6881803302632017,-0.13102147340718928,1.4241694599509567
03358,2004,0.35116421829796934,-0.059417187416847095,1.9656247346458389,0.08610773581819631,1.407947665183035
03154,2004,0.38253935118368665,0.0042256799923293675,3.0744959165963714,0.9844111126125585,1.7742917023826088
03254,2004,0.2574435230988268,-0.07876145940780999,2.42545609582797,0.37338807490991144,2.705961281350658
03255,2004,0.2265254910796735,-0.10976854201493802,1.9380408289827222,0.4214197454172599,2.3385862013333387
03354,2004,0.2491960275415094,-0.15508195426716934,1.963906354945008,0.11247918688623049,2.220671948072631
03355,2004,0.33704878401874505,-0.05345424200148452,1.5993824391346703,-0.2140975152163085,1.5340512350877418
03457,2004,0.4770816415535709,-0.0033285139036074995,3.295980243749511,0.16853379882906872,1.9756157536179302
03256,2004,0.3605855858549282,-0.0862742917433229,3.028252448445989,0.5255170231494914,2.1683469424544484
03155,2004,0.25356928833163006,-0.07738444136347894,1.5053304067126954,-0.05871868001890901,2.7674570766474087
03403,2004,0.43119594867999356,-0.00722472674236968,2.636705388970333,-0.06488084803186256,2.67913289717801
03458,2004,0.3612244947467094,-0.09255745951631805,2.7473897452840164,0.26337197036120097,1.498047298455165
03404,2004,0.23651352060636738,-0.1567631867675185,2.1527322671408053,-0.6205737214398157,2.2938849187705546
03459,2004,0.29941028002302117,-0.13459055772112427,2.480119784660468,-0.1798668100430052,1.5637111895112639
03356,2004,0.430724561048547,-0.032562349048024575,2.3834215050110896,-0.08009555874991969,1.5318396277600055
03156,2004,0.27090230733633097,-0.044246947370342904,1.917371424787251,0.8732498578428476,1.984380833851899
03157,2004,0.31540401633561815,-0.0363447863226376,2.745989188109441,0.4388912467181427,1.2648749725834627
03241,2004,0.3180925065452906,-0.08073063895795574,2.6765298280485053,0.30750356324087935,2.028362697371842
03357,2004,0.40036895161738895,-0.03209031667032025,2.219100251791355,0.006043085741522347,1.0404695504031547
03102,2004,0.2379829748460238,-0.09236226288638591,2.8621798612236313,0.5885115621702028,1.6180354730749045
03257,2004,0.2943187518024924,-0.10908555765208294,2.8430975301143593,0.48579884400852613,2.189919047487481
03359,2004,0.4274563182109372,0.0005659101880801654,2.806004668737814,0.5533553458286122,1.1203034713951743
03360,2004,0.310860600741794,-0.04957798018105092,2.4100175980926086,0.8911404008534789,1.5451603153037226
03460,2004,0.2972517114297358,-0.1253867338310013,2.6666823263039348,0.08041940990017116,1.4680620552535573
03361,2004,0.39174781606622694,-0.053928419013666185,2.9268023723017547,0.5591833901840544,1.4285824708284134
03461,2004,0.4678888508085661,-0.017346313364074883,2.461922859361286,-0.35429878050035324,2.23619028401352
03405,2004,0.4848522818822791,0.044681939479121746,2.9993221343873815,-0.0718925620666031,3.349999999999999
03462,2004,0.4742937594762232,-0.006642961748392351,3.2231125785890584,0.22242707328951283,2.1638372446852063
03158,2004,0.3001536135268117,-0.05812223500784125,3.1209381256524638,0.9034020689495481,0.9758795274872079
03103,2004,0.3930876811909894,0.0035588861243684433,3.1337624159573543,1.059305806696484,2.2924255644017886
05711,2004,0.2670023372509244,-0.11557029918228151,1.7641970368054605,-0.6989506821748621,1.8112868352646794
05911,2004,0.37350737749262125,-0.04860589976657115,4.30670972046772,0.044273868458752474,1.776802451870146
05314,2004,0.4129308097004262,-0.01910857015809847,4.196926796416752,-0.08511680609200045,0.9205055819325034
05554,2004,0.38477152179686597,-0.09675581499644548,3.199256466367716,-0.30397068341794764,1.442151687172793
05512,2004,0.3193571037847139,-0.11603316923276591,3.655807027013212,-0.12498037779286708,1.877449757449758
05558,2004,0.31836211364200284,-0.12300739415258694,3.317038882121082,0.038052121147893914,1.336520800549497
05358,2004,0.34935072078629775,-0.06311699015853989,3.635915342030395,-0.0981103148798037,0.5195561859129806
05111,2004,0.42568602204580097,-0.0058902556442694265,4.107929437580079,0.13379365946382737,0.4139297626054542
05913,2004,0.3082661305881677,-0.12746479343038897,3.923989895073797,-0.07498731785202573,0.7454122512277078
05112,2004,0.4160023427957134,-0.0010462296149583716,4.0931209731303975,-0.014040662259916736,0.804854774258961
05954,2004,0.2930589389647694,-0.12555522380210604,2.9438298527331623,-0.08733488170129755,1.324213964883626
05113,2004,0.3318036756406526,-0.12878369479555207,3.3067579284557294,-0.49274217379374496,1.5246090350113717
05366,2004,0.4191485491698997,-0.022399741197741185,4.324162898071011,0.7388611119511372,0.74877965455159
05754,2004,0.3558638554374067,-0.089092846475467,2.6243670177081113,-0.38984506393970575,1.799473669960742
05513,2004,0.3062613473025213,-0.11223338450551334,4.3993322490062505,0.10544695992649178,1.3480522355024347
05762,2004,0.29573900474794046,-0.05529396391532243,1.4796331342597364,-0.05810416469366464,2.20873093868688
05914,2004,0.2388104729927292,-0.16424249778341846,2.769453920544212,-0.4846715357967537,1.2176839387792735
05915,2004,0.33207160996587737,-0.1211819793656626,3.159648106108812,-0.3424690361534677,1.3208955613986488
05370,2004,0.37898783924174934,-0.07876358938544648,3.0288595101434477,-0.8771979805423711,0.6825252933062972
05758,2004,0.2297628406667889,-0.17244998660013125,1.900047789969125,-0.33555579212156683,1.7072615009611194
05916,2004,0.3872449135702121,-0.043785297020460134,3.8602672459974587,-0.25070207843524406,1.0057408419901586
05958,2004,0.4022047459675206,0.06886544432116182,2.4595780699297203,1.4833782424515998,2.080204072252607
05315,2004,0.3235095343135387,-0.07155182741892507,4.240664844798311,0.004911986523781664,0.6462095131033512
05154,2004,0.4571186742256913,-0.016855619332950267,3.446315257639669,-0.2847873721621368,0.35189271739320094
05114,2004,0.4184866225596536,-0.015514792211300754,4.227855212617895,-0.17160457329167045,0.7848653231789484
05316,2004,0.32931745118132727,-0.10533651954371992,3.9427718642344325,-0.3424476202029747,0.7359886911691333
05766,2004,0.18009652425952605,-0.18208000772940686,1.6949734166358092,-0.013539026131864418,2.296660626729786
05962,2004,0.26035124750871436,-0.1514925762828453,2.7194502440161132,0.22737373607952183,1.8932049645179492
05116,2004,0.36694141016385,-0.07282113811882801,2.9485647478879162,-1.0599401463821563,0.9793502807483107
05117,2004,0.36431404788610233,-0.10476794083060725,2.3029113034805464,-1.6989780556334253,1.104329105085535
05515,2004,0.2641011471997321,-0.18494682230068676,3.2471954686251605,-0.09291147149392343,1.296264070683379
05158,2004,0.35030687291182927,-0.10419827457634145,2.9506622075756725,-0.6982565880821414,1.2959971440046407
05770,2004,0.2816985337533292,-0.15108759109770709,2.31265436728516,-0.24863839329662385,2.0658751853898276
05374,2004,0.3491304403956677,-0.052184659083337304,3.1770994050243084,1.0577460707991375,1.449456821948076
05119,2004,0.3304254195458532,-0.07781954628250803,4.437731284651634,-0.48071508351938164,1.4526509347226477
05966,2004,0.2380900947472492,-0.08948538966467359,2.6537996262886168,1.6368352565910889,2.0283642371947863
05774,2004,0.38948544933982754,-0.015254938454766609,2.8258257502261683,0.4779204073469856,1.725646883868918
05562,2004,0.345874885208549,-0.10348263601868618,3.8264053950067396,0.04108111911892687,1.211572891863848
05120,2004,0.33052790821955524,-0.03801360128986864,2.7541814191462928,0.5255399733480433,1.4261801138265817
05362,2004,0.3315775677722581,-0.059771706800198554,4.01840522660074,0.015500401582574597,0.4314771770040978
05162,2004,0.3452745862175217,-0.05050827250964074,3.751061033563044,-0.15466279912165248,0.43964664351214516
05382,2004,0.37732189099938523,-0.0523049705548127,3.9818938178749583,0.13857356544023602,0.9689507017953941
05378,2004,0.3480448939389407,-0.11507514160739246,3.422749097130776,0.09971049110544561,1.2309255199700584
05970,2004,0.14386497818918625,-0.17543298265139634,1.945623326028761,0.8462302512727236,1.1862673484295105
05974,2004,0.4140608289615202,-0.04363905280564784,2.702853198951975,-0.3153242628987667,1.8166668849029521
05122,2004,0.30862163997545283,-0.12258906111043866,3.358524740597977,-0.5189004766440304,1.4949957106090934
05334,2004,0.3081332406439981,-0.10374279504182654,2.80752804587957,-1.0870389903908388,1.1802134395424833
05566,2004,0.28788364869469507,-0.14686862978819248,2.111146524016453,-0.9319241136886403,1.4594567509759624
05978,2004,0.3224953463292254,-0.12244172624875138,3.317910917972791,-0.1972377201711164,1.2049541922552425
05166,2004,0.4369835909822361,-0.023868211509950388,3.3459111514530675,-0.6591190334541124,0.5924468431949536
05570,2004,0.336681383357787,-0.10588049721988119,2.3560798529192124,-0.7914717427602165,1.789309956607161
05170,2004,0.46152334707090614,-0.023955914273542267,3.547105046454804,-0.3063132873057901,0.6203038083012405
05124,2004,0.30010665481424403,-0.11942490835134884,2.467245316907543,-0.713379515887274,2.0264225630875803
07131,2004,0.4877520743039055,0.043894932425574185,3.493957373084705,0.4120234538120138,0.782419326397461
07132,2004,0.3968404406568795,-0.032103339652402196,3.598051596451694,1.0560634963583238,1.5913574448097694
07331,2004,0.31857104195074054,0.0018291639587263986,5.191871172808141,1.2090996038715862,0.9687792253187242
07332,2004,0.3402291535792993,-0.015123991618689825,4.852861068731181,0.6895124636189083,1.5330661842420945
07133,2004,0.38796481742498135,-0.00487474026808421,3.240368133922892,0.270223497926362,2.3009991132799046
07231,2004,0.3714486603074599,0.002309691451411744,3.153090965923527,0.7822258182204584,1.4314715967578102
07134,2004,0.4017244809700951,0.0351825067753585,2.079006659127689,0.41351325364266023,2.4533812460257614
07135,2004,0.3863870405519778,0.016173028293060776,2.872077602648581,0.7627804869710846,1.8119028188379782
07333,2004,0.38439319375016867,0.008115013342940014,3.6194977921274654,0.5036460431081933,1.829653713071355
07232,2004,0.4464708498186878,0.09745194176941385,3.4622662228527257,1.4551530543327131,0.9135497759038946
07311,2004,0.26818419509109886,0.0027218214563085597,5.775499931897958,1.0361994844743823,1.0510693816690744
07334,2004,0.28975738142772284,-0.03372806460555816,3.8342075177032027,-0.27646776651289473,2.1018088378115896
07312,2004,0.31962918106993843,-0.07488574073717835,3.6732824702548283,0.22797216247775598,2.434827349645552
07335,2004,0.40294502690981904,-0.013018868470902112,3.0281084871026267,0.2388547241025356,2.3536299930415456
07111,2004,0.3406914351635382,0.005361863207936357,4.306751068170955,0.5018154127356413,1.112242566663403
07336,2004,0.40604038054285985,0.0041119352537078435,2.717225450851873,0.2990148941325148,2.1674162050511683
07313,2004,0.323671731901194,-0.019086737597095782,3.473192253398375,-0.7772387832945618,3.297035549781504
07314,2004,0.2976480698718453,0.007343432987310772,5.714215411053047,0.6844559962974381,1.3192166525499855
07339,2004,0.3476092179611341,0.008260837196343462,5.467497897848712,1.5848276718053262,0.6666059095763615
07315,2004,0.2641218247202434,-0.016678278795430712,5.150318812576426,1.3137173791097845,0.5241484383502014
07137,2004,0.45801823089945815,0.041863737871815576,3.7439029128597507,0.671240536464758,1.4903153358872545
07316,2004,0.38944028173017453,-0.010049948301432299,4.435175643634926,-0.05313148759338304,1.169852225466773
07138,2004,0.3884240898970886,0.015115940798783367,3.8332501347257764,0.7411999057076395,1.143558605609192
07317,2004,0.2610473700791546,-0.15321557920567652,2.608750092207398,-0.5228897037251969,3.9495828538550057
07140,2004,0.3495019957728593,-0.022585316054540172,2.694361660554825,0.7305585544631548,1.8928766756770576
07141,2004,0.380014813240825,-0.027740299915339883,3.539307785965802,1.0789942168947255,1.8772229274901597
07338,2004,0.2893495864068428,-0.01866101904075884,5.2475541892113515,0.7723963471333084,1.451702332655328
07337,2004,0.33029615774030663,-0.03037623321202837,3.713695601719925,-0.4764426113378324,2.4131573359756495
07340,2004,0.38897193851302875,-0.03280331871375841,2.878724412506969,-0.12528939181126697,3.267980537671403
07318,2004,0.3022363987305083,-0.011100081585821764,4.749750963678092,0.34936781090910873,1.4601246105919
07235,2004,0.407687307467129,0.02890629810150347,3.514722176539315,0.9819241985656193,1.2881832583402115
07211,2004,0.3633933593324602,0.021998461379444556,3.993196415315092,0.5761565060025657,1.1182694124315131
07233,2004,0.4696806281248581,0.14053129573356088,3.3237224343481886,1.742428384683256,0.814266720619689
07143,2004,0.3383008511944493,-0.029964193371339043,4.0312945853397295,1.805065187419816,1.3297586361940477
07319,2004,0.32823058993888937,0.0011313487134940736,5.402584420742712,0.9517541344525835,0.9419933780258093
07320,2004,0.36735050992313684,-0.021275239770813192,2.4363036347400584,-0.6447625040362146,3.7645716656295383
10042,2004,0.35428461632919556,-0.04605459772336695,3.0853230711935398,0.26771211196818934,2.07422719158132
10043,2004,0.3898832607104543,-0.035923656831401196,2.8438423534015937,-0.05091446508748865,2.988674323891456
10041,2004,0.3854447809995692,-0.0645873561291711,3.109455932994836,-0.5600077715909402,2.257834210704684
10044,2004,0.34979228592305894,-0.07369212544793186,2.9663386728076087,-0.5057457897073108,2.3212382937886757
10045,2004,0.33952242542095284,-0.06554785278197689,2.354404442626975,-0.8160643685768809,3.6341826317389994
10046,2004,0.2871562216896065,-0.09312809804539718,2.663911469434929,0.3902473184261046,3.281858673162578
15081,2004,0.4026402570788386,-0.007897779583783515,3.237855253494048,1.219400411444243,1.7256761542560153
15082,2004,0.4035023640836394,-0.028653458062418036,2.625060494636942,0.4095260685433053,2.1534711104642708
15083,2004,0.4096760259794628,0.02186434992138403,2.8626343854266145,0.8348368610702503,1.5758479015583529
15084,2004,0.39781081089339804,-0.014627133392365654,2.4455059958848566,0.19858713721442278,3.3603500742418637
15001,2004,0.40200649538677297,-0.02855057016281587,2.441692610754727,0.37450665213634693,2.540838046585173
15002,2004,0.3984518899483341,-0.026961615849965703,3.713525648585859,1.0528040682516395,2.741375168172208
15085,2004,0.38776417461695745,-0.006079901544511435,2.725433053735784,0.46601647793632983,2.1317172745165145
15086,2004,0.4796733345628338,0.043113049884075105,2.723311297464354,0.6015972745872316,1.3599310749174014
15003,2004,0.40097468057025504,0.021984253518098074,2.3901420121926504,0.12069632030877075,1.0691904428284975
15087,2004,0.3612502203703478,-0.022109552549202105,2.0731743632182034,0.33227180627618,3.746506000738212
15088,2004,0.41585722573808176,-0.011280715410129538,2.9945702637767835,0.643960908748419,2.262120439180651
15089,2004,0.3905013406362808,-0.023622684818124795,2.8754703979179776,0.4190094328238456,1.9764460314038699
15090,2004,0.443221787230762,0.032521290493941424,2.969430484482387,0.9086689169166005,1.1129073487267707
15091,2004,0.38949258194531616,-0.024901382171816755,1.8732441833332802,0.04132322097112229,3.6990445133722494
14625,2004,0.3084797984691887,-0.06422574274194981,0.524966223744031,-0.7011822560610442,5.953276059816767
14511,2004,0.24402195261693568,-0.10343619112845134,1.4372781458762889,0.14081277243822443,5.928942591735775
14612,2004,0.31806653424310877,-0.03268976330465745,1.5448652729782106,0.11324061108609618,5.421450046823403
14521,2004,0.10418644779426578,-0.14698092255020112,0.07200154443914612,0.08533997658159359,8.055161404133862
14626,2004,0.27610505077754127,-0.06783040118854078,0.21023583541889415,-0.45386988096379366,6.267482523244656
14713,2004,0.43854887864297226,0.012103309948852614,2.449451468821879,0.10881134944883364,4.615751978371122
14729,2004,0.4254327244349983,-0.005141161657254367,2.1360078547460573,0.1433104788883035,3.2119081685181956
14627,2004,0.39631915793459227,-0.03274910022169636,1.5055259826906309,-0.330106721665987,4.963052002629618
14522,2004,0.29751117746371036,-0.06164327197723535,1.2877956493307015,0.15925821555851738,4.352112764469783
14730,2004,0.45324538533899417,0.006213438141356609,1.742173517651231,-0.2460394829762318,3.1875421462591946
14628,2004,0.232046111495058,-0.07914889624411853,0.8992919981922731,0.24365641167846042,6.649968726766346
14523,2004,0.22712133799889092,-0.056091410598809316,1.1019520664314133,0.6622309640460666,4.634436436802635
14524,2004,0.32476572620198724,-0.04820473985618118,2.5486048166796302,1.0206774104534766,3.6958113028336204
01051,2004,0.32233694913637895,-0.08611707128907559,2.0176383098093686,-0.06346805879120021,1.7579978774203235
01001,2004,0.42080862224924,0.03424904335918105,1.60123325509286,0.05323653058064082,1.685453891353879
01053,2004,0.3686183022323682,-0.04884556392558176,1.1966965352013232,-0.33677008686735843,0.6225435433065628
01002,2004,0.31436268715720667,-0.09221605318523957,1.9372328728607369,0.2984853338035245,1.3933949282484768
01003,2004,0.35118883743788165,-0.06415755257942285,1.75647982704211,0.03848578335792863,1.101269016697588
01004,2004,0.25683240896386966,-0.13211084430814318,1.5836050881294415,-0.2335104605735674,3.181314878892734
01054,2004,0.504417390166834,0.06254425999189123,2.8508278482257956,0.6583635448925671,1.3921507381027833
01055,2004,0.43196734465711023,0.010447479924796665,1.6354893317680679,-0.16535340400314258,1.4177402309997131
01056,2004,0.41528733268388784,-0.02135364396764189,2.8833386327258834,0.632027387047903,1.4687692101351273
01057,2004,0.31443205536932045,-0.10611588947302358,1.34304451476822,-0.1662027250900191,1.5253216427047063
01058,2004,0.3942492871681514,-0.04099295114022761,1.7298673134369649,0.05035200370201176,1.8588062577625828
01059,2004,0.4797449187120859,0.04566628451450577,2.2857283862192204,0.5299541298740047,1.2224626614412888
01060,2004,0.3213116150790557,-0.09951346915699127,1.2464158174183975,-0.2810866869384405,1.9543315826593661
01061,2004,0.44878590684567804,0.007337185189094153,2.185705282240373,0.14589497621124448,2.2552439330039014
01062,2004,0.3743263758617814,-0.04996603252365861,1.1634580490224629,-0.4308047062446483,1.184912637433174
16077,2004,0.36991287655901167,-0.03150116477622178,2.786895082617512,0.9189449440071924,3.0349368030185784
16061,2004,0.2996962043917153,0.006712013977674625,1.729369214092129,0.852819468137449,2.1642531264534797
16056,2004,0.283754807870893,-0.005771124991851173,2.9478411246099676,1.3230697339470376,1.8151772207647974
16051,2004,0.3739900475861122,0.007357958930328812,3.508965090432025,1.087612489238933,1.8278150261820456
16052,2004,0.3736976706856371,-0.027309412008251432,1.7824942533572519,-0.06077426473829939,4.5776391909820315
16067,2004,0.3928981664912645,0.040563325175087706,4.026047076236141,2.062460272448155,1.422701127703292
16076,2004,0.2856977433242462,-0.08571649873447884,1.4929043669879234,0.21914159910502162,5.318074789365594
16069,2004,0.31070515228415774,0.04012374517292827,1.1339371171660464,0.2007914010414409,2.455755922891062
16070,2004,0.4119489229746402,0.053686221494502806,2.9337370147940596,1.0399402604980363,2.9142725363538684
16053,2004,0.38936013297468675,0.022972006999850525,2.4115453388849892,0.5430188526233368,4.6828764446429565
16065,2004,0.3543538324007831,-0.0119538573194089,2.8220384140058994,0.937333348066075,3.0558219790800147
16062,2004,0.3394920146948816,0.0012040493838633148,2.426001412596325,1.201808742560285,2.250522105760896
16068,2004,0.3714091370444391,-0.021436403273381477,3.8332450505714677,1.203658976302827,2.5260488016476033
16074,2004,0.355346829013887,-0.03157469067443469,1.7192433881846783,-0.14760788217726306,5.603499596271009
16075,2004,0.2638447828567538,-0.038939297739895296,0.7900323468584559,0.18176552973116022,5.695870884914195
16073,2004,0.36859615486180697,0.01311827299286622,1.5508443616178638,0.24035084963943398,4.609145594788736
16066,2004,0.32434743478009626,0.07024578491332645,1.2119336955165725,0.5018399028197006,1.7977105347422344
16072,2004,0.2303074249875958,0.000999581438505287,1.5176999751109903,0.9526370503411477,2.7681836072693704
16064,2004,0.3241894914513951,0.003338110458218968,2.8303929291552037,1.0602423614418592,2.254841194803376
16063,2004,0.31784568995052065,-0.0038241489984148225,2.963454816005283,1.6374640585833151,1.7490862869032988
16071,2004,0.38181056200116487,0.004743134717164366,2.1343622226071908,0.10944219389964349,4.2016014227176175
16055,2004,0.39367823903804955,0.0066250868808633845,2.0553543027558776,-0.1348372481491804,4.639418631026117
08425,2005,0.2561840469376611,-0.03260818670810478,-1.0775242486438934,-2.592638540742477,6.779538813008065
08115,2005,0.4391039444460212,0.04321219057634884,0.1690353231888053,-2.695083849326623,5.527997932996719
08211,2005,0.4005410558620294,0.004825953427795071,2.512090390480648,-2.036422964361402,2.526044732195409
08426,2005,0.30906689581645436,-0.024720427087774943,-1.0297670799213021,-2.710674004689948,6.017154892474373
08435,2005,0.18892764831958225,-0.14495338272103497,-0.708460389069321,-3.064083736652413,9.972088120982841
08315,2005,0.2961326153039861,-0.0535629740154534,2.021993088255494,-2.60546732057531,2.8274710776179934
08235,2005,0.4005508104216395,-0.0002575904293568021,-0.3521742659199521,-2.468146988348659,7.237451296395779
08316,2005,0.3627783011809406,-0.037124711495238494,2.7893713579189536,-2.2526153175338854,1.597098654057529
08236,2005,0.42707407311706735,-0.01583121870457549,0.3818515124220233,-2.91430817793701,4.215016246417993
08116,2005,0.41294277256935547,0.012672643025844699,0.44571682447407757,-2.9618497404415027,4.657945156569798
08311,2005,0.364703815882324,-0.0595798878187791,2.8458908487109507,-2.316625509829572,1.603633211744736
08237,2005,0.30538242444852687,-0.06450648212113974,-0.519292569019046,-2.696522037584378,6.5236187028021435
08117,2005,0.24895003187455617,-0.1206656982246419,-1.1830844660572783,-3.3982552332415095,8.609641289813062
08221,2005,0.3873866641169529,0.01605731468208349,2.874175427538058,-1.847024979091421,3.0734318603063118
08135,2005,0.1198659070636869,-0.16404805799779848,-1.7270493818953967,-2.991333280098633,8.044471599274829
08125,2005,0.3932829917526587,0.0041992629553517236,0.7344859452905789,-2.7263597734722778,3.894133012433206
08121,2005,0.3429965816172479,-0.014340357818910632,1.0240583383947626,-2.840539974509191,2.8061780398764387
08126,2005,0.46032502149759813,0.047010329067479706,-0.07193283319532393,-2.8724208626859915,6.898105615380337
08215,2005,0.41266541014943,-0.014498409469847207,1.7750432680125123,-2.2113724618613246,2.7270890082885613
08212,2005,0.35939098830602484,-0.04758726051530815,1.8685332942735025,-2.4314406401613127,3.845268099827033
08335,2005,0.181806950352153,-0.13863506043851614,-0.6362469530539402,-3.0440224057448897,6.785104127378929
08336,2005,0.32900471693141115,-0.09696815659827812,1.5661996349006642,-2.7262810875901393,2.932518986183548
08118,2005,0.3852999368015125,-0.00911578871493296,0.6944626558132035,-3.0863171920808234,3.661173107733654
08128,2005,0.4358386089705729,0.05429394626664996,0.2270071511667176,-2.25851649092039,6.039083376410383
08222,2005,0.37184568198348894,0.014105181726972116,3.245846317685993,-1.8170985953735408,2.8239156523229902
08225,2005,0.42337284629958805,0.04057957188105593,0.33426801179945936,-2.06039617961535,5.81971643368933
08317,2005,0.3676277766512248,-0.019414707445920665,2.457505963428928,-2.1477636569198584,2.363134971584026
08136,2005,0.18754405941193328,-0.1685666451361211,-1.911432024086001,-3.642729383012756,10.073867349958219
08231,2005,0.4039468489636491,-0.032868247055532485,0.2389262339647696,-3.1714983307344196,3.9853970794158826
08216,2005,0.3776424053878965,-0.014354085049544052,2.545837597336255,-1.8352140634819687,2.4525408937776514
08436,2005,0.22301850011791471,-0.11909906276695417,-1.7601710134325985,-3.741594501816739,9.100884613057417
08119,2005,0.3967613868115282,-0.026070325125886362,0.1816121573770129,-3.2796164747568266,5.720160992274894
08415,2005,0.155902411086094,-0.11433298587390542,-1.3566106530217725,-2.5801212819103094,8.655366165121322
08226,2005,0.4370566837909741,0.029316306562713446,2.006750355932565,-1.9263619172286504,3.5650132359533666
08325,2005,0.1969991988723265,-0.13478768237747454,-1.4604594225389362,-3.1150130436030925,8.230096092509397
08127,2005,0.4212328046323849,0.046509024904314855,-0.8606438760137677,-2.957410003340363,9.87040170050321
08326,2005,0.16355515465995718,-0.1367836220876762,-1.820201539132938,-2.9766737614143084,10.158937132140922
08437,2005,0.23734087293728884,-0.05858866227599341,-1.4397899882794545,-2.715369531789964,8.03210102489019
08111,2005,0.37820386756088653,0.014976653314424881,1.3384053876763076,-2.678098899058412,3.885032985156679
08416,2005,0.44233882868330837,0.028364698494026175,0.272681200015941,-2.8521576436916054,4.532661621329855
08327,2005,0.16392106678012772,-0.12080148587195369,-1.7340462580366052,-2.966912994469627,10.038310686622028
08421,2005,0.2237135543510188,-0.05578556241375199,-0.869167434146527,-2.6577857023464366,6.553881313913853
08337,2005,0.17995256303317905,-0.13103450984498446,-0.47144559851777,-2.5487144899983423,6.451384515409577
08417,2005,0.25097448323292637,-0.09008179256376797,-0.82292316030287,-2.902461214260632,8.409959689452466
09771,2005,0.19736101985196075,-0.13434757236495593,-2.195426221148975,-4.065485630090641,9.886914263565249
09171,2005,0.3537952253494197,0.013772499264182503,-1.7049321805041435,-3.1696649856778283,9.85475675378596
09371,2005,0.1550731340731289,-0.15130811358752344,-2.3516831152510327,-2.7697122799501432,9.970534793498013
09361,2005,0.20530906658076917,-0.11777397896183181,-2.1142481812955567,-3.0403782363045084,9.780205065421992
09561,2005,0.2394762039740236,-0.11938604149823931,-1.5097799822678972,-3.0109085552682955,9.949258278626093
09571,2005,0.31948460744878043,-0.05330981763922743,-1.5165660986749787,-3.2882271024344885,10.233889441620516
09661,2005,0.40903577858009194,0.007221283021353608,2.1524537302228395,-2.12356886236539,2.64935064935065
09671,2005,0.43834052349707336,0.025499308108068275,1.1418174922176578,-2.150224795822952,3.416547151623445
09761,2005,0.20447363463121196,-0.11643165569153716,-1.2720752160464384,-3.844014341794481,8.264734525339875
09772,2005,0.24402060543611828,-0.09676429445405324,-1.3736329958840026,-3.42894695665058,7.429683439110312
09672,2005,0.4277343700887836,0.08721250454541335,0.19944364764002342,-1.8476642756068156,4.682320546664815
09173,2005,0.4569223479270082,0.12555065152624056,-1.2541766029146597,-2.985792325199939,11.346623439332282
09461,2005,0.4005756242731379,0.051773814987954137,0.6107246376811871,-2.1321882133724617,3.425965339008817
09471,2005,0.3055179043142857,-0.040706348791191005,-0.7671950762139621,-2.480456647682887,6.2301900438543685
09462,2005,0.10528520071447223,-0.21519523530645862,-1.9986590967324291,-3.481455121592723,6.579682690030786
09472,2005,0.09357272257681395,-0.1805051829659289,-2.500893706811022,-3.066550398202444,8.571624414185031
09172,2005,0.48060293145036653,0.07010126449696963,-0.9292532496493904,-2.9286058366014607,11.613811490067306
09372,2005,0.12086724207310134,-0.2075469446107019,-2.7251493180295077,-3.234037361553311,10.718231016634693
09463,2005,0.1805852354376037,-0.1193261699782861,-0.8942591510957809,-2.446619686713876,7.93704824859455
09473,2005,0.2288427020224455,-0.08158007825766372,-0.8858140293260215,-2.146274448353417,7.304767721077042
09174,2005,0.31247698874133123,-0.017625184535611627,-1.4831520122414097,-3.170546499832002,10.099836430673973
09271,2005,0.1415226893901737,-0.09140949942159177,-1.5996302834365932,-2.9210209162218828,10.200478257800373
09773,2005,0.14641520606394295,-0.15681677508559236,-1.039845466670468,-2.8030107394509356,6.65373320533541
09279,2005,0.3462710942022769,0.03767533870859335,-1.5815554473771103,-3.104255529673572,12.829605463767102
09779,2005,0.18184572796643694,-0.13701796351740558,-1.6370838633425149,-3.4815703639043436,7.646539199530472
09175,2005,0.39688446086108375,0.0390813999008387,-1.9026958623925156,-3.8966037204347286,9.716197373709207
09176,2005,0.09175017440626952,-0.19753217466626466,-2.1972507967905868,-3.4568363071683175,10.565698662495322
09177,2005,0.38894436588552245,0.049448312657200955,-1.7300244758339325,-3.4633656777771638,11.476511335520572
09572,2005,0.35845696516508113,-0.016867780953239986,-0.5710837510667929,-2.812338986215915,6.851433013048439
09562,2005,0.2802093834822096,-0.06500184534586823,-0.2160175416331485,-2.7308195919457616,6.836451062509694
09179,2005,0.3056914177658248,-0.03712637374467914,-1.750822834771703,-3.6957726539189295,8.95810639517049
09563,2005,0.300558923166796,-0.029049539707805716,-0.16187624699781367,-3.1002635530310196,7.676268782027158
09573,2005,0.38426491381176847,-0.0021737110838027096,-0.9382983713737908,-3.1139360026252927,7.979795753155498
09474,2005,0.1663484826839579,-0.14996495870120852,-1.3509337545735836,-3.101610577206369,8.579457738324965
09178,2005,0.3511947046515488,0.023469571405237866,-1.6224380084937846,-3.4110670513682138,13.045212304522881
09272,2005,0.11870195133973079,-0.10284289024335451,-2.509568025809608,-2.586439506612725,14.692563216053149
09774,2005,0.32977075177109216,-0.028982349057528556,-1.0898993029814774,-3.082956228297915,5.598727734820447
09674,2005,0.4114970933183287,0.05163112274255177,0.029421433822107955,-2.046182170478294,4.026197797927853
09464,2005,0.031231672184781904,-0.1594323978403337,-3.8084373949261066,-3.579002476110033,10.430357965893373
09475,2005,0.03211138696184904,-0.14774035254060605,-3.4968675376545595,-3.0092076705597397,9.675746677376953
09161,2005,0.04975125733614214,-0.24404434998248134,-1.5539762964432904,-3.675570373401513,11.12253127332272
09762,2005,0.5594620032863722,0.17162550462927334,-0.8026094347641,-2.5796717205446473,9.535911602209945
09273,2005,0.07835142774192379,-0.22091916247008136,-2.624102589413188,-3.880470510706727,13.43798673500504
09675,2005,0.41232082212830884,0.04713394273509308,0.6196868762729221,-2.3170634349530954,4.300957339054857
09476,2005,0.08739141085792256,-0.1589034866807471,-1.7359714990969943,-2.36528956816232,10.118446324403033
09477,2005,0.0988855121149813,-0.17135720501784035,-2.0900683760791963,-2.8176470169342234,7.992325609246418
09181,2005,0.25034618471559295,-0.09092503657741807,-1.58389101845326,-3.379086928267058,8.268897819471139
09261,2005,0.30251212862168336,-0.017576051815277383,-1.4421191652937662,-3.288381849298929,13.719784334281858
09274,2005,0.3152375632305914,-0.012668483284275556,-1.9601056738691518,-3.270934548095603,13.779923615445144
09478,2005,0.2660329406032906,-0.06819699847506522,-1.1310720802875744,-2.4230429155783,5.55352317935464
09183,2005,0.4351439194711129,0.08955763300623154,-1.6455869557853833,-3.106705683160385,11.512222433565064
09162,2005,0.3602236376958092,0.04138665751366871,-0.5728526467837084,-3.6801095359229072,8.82545319890256
09184,2005,0.3756578726524603,0.06747061653146696,-1.2830089708947647,-3.5987378735937194,9.783658973447453
09677,2005,0.44207479543410794,0.08592169304931258,0.677014005820891,-1.8289557642525023,3.1210068013605947
09764,2005,0.4862876791976012,0.10538372466674228,-1.2232516352058007,-3.1807698723472315,7.94104892261824
09182,2005,0.42214199211821096,0.11622668464370461,-1.3556761127383705,-2.7923646610838806,11.811752862715489
09676,2005,0.4656119592073629,0.04907369870957412,0.7130706360714497,-2.123488384697298,3.971215505840252
09574,2005,0.1196629234131077,-0.17557414810931382,-1.8272197155648444,-2.9183811124547185,9.968840839515709
09564,2005,0.2786816366353344,-0.020744033425923347,-0.08923543059917177,-3.2841070565482307,6.530475130697684
09775,2005,0.2837197203307216,-0.0653818291831123,-1.1067001083588224,-3.2302962246028226,5.185932889717411
09185,2005,0.11263223130332073,-0.19061202610893513,-1.7664637189239027,-3.702533703166134,9.840691579878836
09373,2005,0.09155313704086618,-0.182358116390244,-2.3669173632131333,-3.1071671575663986,9.969427948163483
09575,2005,0.39875774987152446,0.020741880941959945,-0.4015631886264562,-2.8440625434840365,6.260481574459638
09374,2005,0.09579452724915641,-0.154823724581115,-2.7080284906215533,-2.944012567144666,10.299302847032507
09780,2005,0.39103098306397416,0.06308375014647899,-1.750616078136711,-2.9072740110993647,7.299951385512884
09777,2005,0.45732677153102835,0.09145034530640034,-0.94978642922731,-2.757230904883418,8.340068181818186
09262,2005,0.20863448857496672,-0.06142477362624818,-1.139451908404567,-2.653225760777443,13.523701622405511
09275,2005,0.1689397656235958,-0.10342778824364396,-1.6904990807126297,-2.9934395051348943,11.026278297955033
09186,2005,0.165427601391569,-0.16237402281360494,-1.6336061535799329,-3.441565687596525,12.14733922499708
09276,2005,0.2152423243969679,-0.04126190159149701,-2.4930281177155877,-2.1052680594042186,13.03125
09362,2005,0.07186599180806895,-0.1634202321245085,-1.2467976229990907,-3.0363474750896025,9.750983555517816
09375,2005,0.05925872885067588,-0.20842796074153305,-2.1994038107367486,-3.2657848279921424,11.75071323425221
09673,2005,0.39818131340971896,0.09477205425752205,0.0280993652169557,-1.5478604107608667,4.987910252333736
09163,2005,0.32539155939086417,-0.08628481748038014,-1.0347006166514237,-3.3140392648846273,8.55182852991039
09187,2005,0.4568040474701881,0.033578836970824144,-1.5440910079563328,-3.4158149056484803,9.318959878852876
09576,2005,0.22672747649243583,-0.13382391577678418,-1.588987429363012,-3.1765420675735374,10.373689593454346
09277,2005,0.3454733814143388,0.012666955944522384,-1.947146608957946,-3.148936755923487,12.061753586738163
09565,2005,0.3993642642419314,0.017641628507361506,-0.7679499293605024,-3.0575451215399325,8.341514296232667
09376,2005,0.13264522456920552,-0.1641267535395679,-2.192664801738198,-2.797915670333058,10.126445247212642
09662,2005,0.4107183660453941,0.073474218301668,1.4136993521942247,-2.0047576175002155,3.3048479168441673
09678,2005,0.4248208652643946,0.07088330941940396,0.4718357288390503,-2.143654094802299,3.958554554602524
09188,2005,0.3809892877668144,0.017209284810530356,-1.632328991513078,-3.6622035975256746,10.174115548508576
09278,2005,0.09871005659659753,-0.16076005505945978,-2.109177192785033,-3.3348204549277694,12.215244212254245
09263,2005,0.02918129511463632,-0.1758701722995042,-1.876087016760829,-3.429243771471338,12.252411334521643
09377,2005,0.06371944809409477,-0.137486798215196,-3.569470106948639,-3.2956865222464833,10.629924728722768
09189,2005,0.3407498216036475,-0.02098941981425051,-2.034211509802471,-3.4360407473484975,11.008594823018962
09778,2005,0.42380649834885564,0.03368209696256774,-1.105495409494042,-3.0235603502025126,7.231161104297118
09663,2005,0.43459669797306727,0.08841801718690312,1.165032965537279,-1.9623519173054889,3.476363979018122
09679,2005,0.4004356487432933,0.0576959447417868,0.40080655347868915,-2.251721848269373,4.338268153316585
09577,2005,0.31096631598348146,-0.03931038031517847,-2.0421500668398207,-3.603841962649696,10.785417750934997
09363,2005,0.10587472303722001,-0.19108086017483822,-2.4892686033829707,-3.5825105801958683,9.860757564210042
09190,2005,0.3555728397237099,-0.04012484262207727,-1.2025589546507645,-3.3935836181149615,8.846938775510203
09479,2005,0.06506812494947367,-0.10330537829301101,-3.2001078001588135,-2.442680010397397,9.656772948076336
11000,2005,0.34818082880578866,0.011536126878258723,1.801563353579088,-0.3188483176029848,2.2100663660773097
12060,2005,0.38602368676217136,0.04360814714913441,0.49229936570766447,-0.5584856467884174,2.464116062447161
12051,2005,0.42343004398975714,0.05224575646794888,1.5354097654912122,-0.3254511997478551,1.6921289885842647
12052,2005,0.4070264076629614,0.0015639270176714959,0.7698635256125949,-1.146359221026493,0.8967052219461183
12061,2005,0.3675951951105151,-0.03215512997173997,0.7483616111481892,-0.9164791445118778,1.338755095209027
12062,2005,0.4193479699186566,-0.013001143893465517,1.3896244339747164,-0.5024209638812591,1.1184200336258732
12053,2005,0.4088921097396214,0.0322167040823248,1.3115984687739959,-0.010147961226804725,1.3082915628811878
12063,2005,0.4636830566340744,0.05903290908148151,0.9238902026552094,-0.9532727511179309,2.6670508428687993
12064,2005,0.35637324611873145,-0.0033518406312978977,0.5017783407286032,-0.9936338011786783,2.381364783179047
12065,2005,0.42977580221465606,0.06455850481016046,0.8223582162784475,-0.3642357381758383,2.7631809434153367
12066,2005,0.3571655804143388,-0.022288520124547795,0.45147687800882347,-1.2012736922588538,1.4419663954901436
12067,2005,0.40787552268076355,0.02199790646845934,0.6022085479607541,-0.620479932263733,2.534609957884337
12068,2005,0.4641097132782139,0.09350481045579484,0.7497283561922148,-0.46375836322015096,2.6878789689583793
12069,2005,0.46941914503112514,0.053682764860335574,1.4919557157026468,-0.36609106852993256,2.0620759954888532
12054,2005,0.464385612685995,0.054680224655298426,1.0493077367362418,-0.7387471957751177,2.018587764685422
12070,2005,0.49743893133024075,0.12195568073584317,0.90674899814195,-0.4193417140914294,2.2772320413752904
12071,2005,0.3848733246679769,-0.007485368647238533,0.8269920151878267,-0.8044215676544382,1.4930269198140111
12072,2005,0.3932892353232082,-0.0015348735259845814,0.982270808153972,-0.5777081008944905,1.8635920221590891
12073,2005,0.4802939494645991,0.1293657075400364,0.7270292542114678,-0.04652355503599037,2.488028509486907
04011,2005,0.488248032833469,0.06168960977006088,2.815855799837781,-0.1124397285936638,1.5270440251572326
04012,2005,0.469174063213572,0.07112186991037778,2.9484534788882946,-0.21958762691498057,2.187088274044796
02000,2005,0.4831355790766974,0.10609505226814192,2.244588863265518,-0.13848289886738074,2.390813588414866
06431,2005,0.40312055942684255,0.028392182899888208,2.5986640464235036,-1.896338804340738,2.74142457122856
06432,2005,0.426466505920288,0.021823701214145175,1.6433929614150524,-2.2063899824659807,2.9921769974571197
06411,2005,0.4260149610957789,0.028263824000781423,1.856024485546426,-2.5236577333988643,3.3141308639316605
06412,2005,0.40059402718013887,0.03959996994716608,2.1487896949258642,-1.749888546598009,2.504748913812267
06631,2005,0.35012623764251155,-0.015969051731100692,-0.8462074972121395,-2.4342010337533813,4.856704394058249
06531,2005,0.43064395451505155,0.057400220902872556,1.0443020681814017,-1.5526004162400266,1.785340950250102
06433,2005,0.3751195904219614,0.021117158873022845,2.529398233104253,-1.923555015048965,3.4529187049602865
06632,2005,0.270732760039688,-0.07213443903250943,-0.7878992201546084,-2.1638135743911455,4.42960691385559
06434,2005,0.4012744425799991,0.01891658688493625,0.6050319112864192,-2.0930564235770164,3.198852756953234
06611,2005,0.30086204249071574,-0.01134196679147148,0.7805387300203815,-1.7280978017199384,3.2737344622590534
06633,2005,0.3097924489432082,-0.02985165585984978,-0.6017136915490544,-2.25335298439747,4.055248832138017
06532,2005,0.3951234373246676,0.02967900518760791,0.6512156823713056,-1.8318866405487142,3.1270257314282195
06533,2005,0.41082930915527555,0.010706321839257349,0.28671015815800954,-2.592298797362177,3.980791482886756
06435,2005,0.3959682681263385,0.025780396057981825,0.9065725325019276,-2.1450400356051653,3.0480784900161995
06436,2005,0.40681254572192266,0.04674078520327141,2.286777477390418,-1.6966899740115422,1.9128614723441353
06534,2005,0.40441823862645776,0.0407776542859693,0.6865971505256443,-1.1115733895922155,3.813096276555557
06437,2005,0.4703609477811178,0.02739424097534382,0.35355398711903774,-2.4399449302664786,4.383177450352338
06413,2005,0.41501947204739825,0.04187347886583248,2.570714535254517,-2.2297716620481935,2.779814970563499
06438,2005,0.4351920933812504,0.009431558430217146,1.4454766585623555,-2.539805450717161,3.294955284604854
06439,2005,0.34658320658424757,-0.05119917128929086,-0.36100306887984324,-2.773007888456215,5.093679130377175
06634,2005,0.2621796842577397,-0.08697301506049177,-0.5406389451734114,-2.4242846711491683,4.271731115037893
06535,2005,0.33017308666249534,-0.036583274758813955,-0.5861802305966063,-2.193000974172374,4.796503504854252
06635,2005,0.2708939994229191,-0.04416525173664343,-0.8432207908685924,-1.7915075313363866,5.8965918298170505
06636,2005,0.287529905668219,-0.0290847459345005,-0.6931092633367585,-2.23408274818862,3.2282777160716227
06440,2005,0.4301298468988818,0.04894432515853114,1.582832392198955,-1.5677526279265728,1.7866250352304307
06414,2005,0.4069496484184706,0.06009740297476207,2.375855012578579,-1.514381229344968,1.4242024449465962
13076,2005,0.4928006999799163,0.11253239218236616,0.7031852838456742,-0.7378034422931175,3.274856548359893
13071,2005,0.4835510665387806,0.13758670034769277,0.9483526205300374,0.18780754164419466,2.8685802571900942
13074,2005,0.5043979312149631,0.11052571905627334,1.1133642974544213,-0.3390150012293207,2.843413671565228
13003,2005,0.5167200068994894,0.1380235060786098,2.166564737506334,0.3831746802234015,1.4751801327143783
13072,2005,0.5359852407241535,0.15982905015132842,1.0799245785465168,-0.08969157055741905,3.3582985438095996
13004,2005,0.4856752547093583,0.11822855294354145,1.249331954964896,-0.2747696326470306,3.4128500191791336
13075,2005,0.49157518376811543,0.12878154434645134,1.1115903519527184,0.1188598589672879,3.36308785209083
13073,2005,0.5199622960040459,0.12595993687174212,1.3915912151298726,0.12410130835873412,2.7707897478720986
03451,2005,0.5325637342554953,0.04985983849458425,2.1978273295489554,-0.5158564479378334,3.252869516078201
03452,2005,0.4960326802457782,0.029408013525352272,2.5036888187885826,-0.6823127687717765,3.1982818236179065
03101,2005,0.40577951213681424,0.04576935105229918,1.8115901468819031,-0.6150770780539212,1.8546448960038335
03351,2005,0.44768178599468267,0.06686765427697156,1.5270471515793622,-0.2348496500762336,1.698907797575171
03453,2005,0.45803945083226355,0.0305789909498404,1.4057310678122785,-1.1885460162599897,3.1910083189869582
03352,2005,0.5072285453838398,0.05005491477677265,2.2396497882118305,-0.27744663148243953,4.379625146243218
03401,2005,0.5170986188148736,0.05471689164471022,2.6256384772595367,-0.415025714028348,1.3040343347639487
03251,2005,0.5350859259281653,0.08940215741841334,1.850836011226958,-0.5650525060900422,2.413258272058823
03402,2005,0.4453149658432197,0.04827631911809671,2.573655249471833,-1.0416739317859487,2.434369523106725
03454,2005,0.3990889644791965,-0.021926094104174454,1.5204948728895438,-1.5005329722330998,3.505269690654746
03455,2005,0.5213249377827098,0.0308172947858108,2.4239327630293217,-0.5096031318042042,2.9936657892002354
03152,2005,0.3381182353679947,-0.009653826286526945,-0.24667604887524244,-1.7198225347916005,4.779659963498906
03151,2005,0.43709967596818455,0.05684865831160374,1.3205589289767143,-0.531810703891729,2.0378379606756556
03153,2005,0.3567392506580225,0.016900706357941442,0.6158530460068403,-1.3527786446591648,3.0547921014609103
03456,2005,0.46663373771946176,0.009519569378455328,2.081253536532688,-1.2410401107864226,3.089991748426187
03252,2005,0.34687872022688,-0.004335179963470603,0.7900022694289441,-0.9852073580388059,2.126025544027023
03353,2005,0.5081456607696925,0.10801103257160127,1.3856562320733334,-0.43354557159705753,3.9944277938651216
03358,2005,0.4759078402820375,0.06532643456722104,1.2134835301619118,-0.6660334686657308,3.151405559305521
03154,2005,0.450040491389267,0.07172682019790971,1.362383201306506,-0.7277016026773069,3.0826994221123214
03254,2005,0.3593538395726198,0.02314885706598302,0.9639996200183127,-1.0880684008997459,2.884246987396852
03255,2005,0.2982875864865229,-0.03800644660808861,-0.02097911050626143,-1.5376001940717237,3.135696776980363
03354,2005,0.494770347193406,0.09049236538472727,1.3770381275384058,-0.4743890405203717,2.057592935742894
03355,2005,0.4875334067626192,0.09703038074238962,1.6139436124618598,-0.19953634188911895,2.0308753256761416
03457,2005,0.5079443293562769,0.027534173899098457,2.4873863890184946,-0.6400600559019476,2.803744910710687
03256,2005,0.5478847821369925,0.10102490453874141,1.8594288395345937,-0.6433065857619038,2.283187004680292
03155,2005,0.3255001133555413,-0.005453616339567702,-0.060329082659786724,-1.624378169391391,4.33354662347284
03403,2005,0.47889609710975334,0.0404754216873901,1.8940402738231361,-0.8075459631790594,2.7537349868176935
03458,2005,0.48218932768115313,0.02840737341812566,1.3714747738553361,-1.1125430010674793,3.442425837578783
03404,2005,0.44745493884203436,0.054178231468148486,1.849586097392164,-0.923719891188457,3.083479637002052
03459,2005,0.46565581649028204,0.0316549787461366,1.3035936533434365,-1.3563929413600366,2.9210813547335857
03356,2005,0.5133486765260716,0.050061766429500054,1.6675523926973055,-0.7959646710637038,4.020730156387674
03156,2005,0.26309975032710453,-0.052049504379569345,-0.42286374764001067,-1.4669853145844143,4.88438972353098
03157,2005,0.4031907484217984,0.05144194576354266,1.6843212117108464,-0.6227767296804521,1.2943711646865388
03241,2005,0.46643462132130514,0.06761147581805882,2.032040348137819,-0.33698591666980704,1.7178399329842853
03357,2005,0.501583256461029,0.06912398817331977,1.579884056949582,-0.6331731091002506,3.71630007351311
03102,2005,0.34886021551540336,0.018514977782993658,1.1254880402140253,-1.1481802588394032,2.4678806671277562
03257,2005,0.4660057005498649,0.06260139109528956,1.6574407389081935,-0.6998579471976396,1.8463056172690018
03359,2005,0.5013666852103509,0.07447627718749383,1.766456177026789,-0.4861931458824129,4.602005078860972
03360,2005,0.4525303782162614,0.09209179729341649,1.21828472028865,-0.30059247695047975,1.1019993775325156
03460,2005,0.45170194533749836,0.029063500076761284,1.687182086039295,-0.8990808303644686,2.613043534647451
03361,2005,0.5136861531872412,0.06800991810734808,2.184393606145327,-0.18322537597237343,3.118727862710535
03461,2005,0.5376905606925135,0.05245539651987252,2.449432700774645,-0.3667889390869945,2.6034278363517127
03405,2005,0.5081463243326414,0.06797598192948406,2.907590476190505,-0.16362422026347945,2.8126811594202894
03462,2005,0.49281123138640315,0.011874510161787588,2.4505089881950726,-0.550176517104473,4.112655950050903
03158,2005,0.3984502894663339,0.04017444093168093,1.250580814229751,-0.9669552424731647,2.6401640552434724
03103,2005,0.46433346213258064,0.07480466706595967,1.1430292596365528,-0.9314273496243175,2.8777493001781367
05711,2005,0.3952605033137993,0.012687866880593368,0.8755888713810688,-1.587558847599254,2.8295961583622837
05911,2005,0.4359874382509118,0.013874160991719398,2.4802422409223346,-1.7821936110866328,2.515636623322522
05314,2005,0.4335775864027928,0.001538206544268117,2.9137221353436207,-1.3683214671651314,1.4396894649044012
05554,2005,0.4708130537522242,-0.010714283041087236,1.8608599917642723,-1.6423671580213914,2.9067207849255157
05512,2005,0.4395967681483932,0.0042064951309134235,1.9830071422687112,-1.7977802625373678,3.0388357588357593
05558,2005,0.4521998904406653,0.010830382646075498,1.19846349313584,-2.080523267837348,3.019024498384585
05358,2005,0.3669217317467154,-0.045545979198122255,1.7040944792146548,-2.029931177695544,3.157952301866082
05111,2005,0.4162523871020569,-0.015323890588013478,2.4622950199104707,-1.5118407582057811,2.2174416323327457
05913,2005,0.45274015455617195,0.017009230537615272,2.0516402854827285,-1.9473369274430943,2.2207738208951864
05112,2005,0.37836681156923957,-0.03868176084143221,2.6017281071248095,-1.5054335282655047,3.001669946919544
05954,2005,0.4686059385205731,0.04999177575369762,0.8131054109223045,-2.2180593235121555,3.5407104940792147
05113,2005,0.4436848321741045,-0.016902538262100197,1.9679712645404912,-1.8315288377089831,2.246146503074375
05366,2005,0.4038464796158779,-0.03770181075176299,1.180233266487275,-2.4050685196325983,4.43833089858086
05754,2005,0.4660485384643718,0.0210918365514981,1.2614627100909293,-1.7527493715568878,2.083130905645052
05513,2005,0.43374214786747584,0.015247416059441188,2.446098157044403,-1.8477871320353558,2.707945993802568
05762,2005,0.39120335793749933,0.04017038927423644,-0.11758631358869509,-1.6553236125420963,3.663366188157267
05914,2005,0.42709588171392476,0.024042910937777107,1.2912802194118178,-1.9628452369291478,2.8229762124285447
05915,2005,0.48418696365733266,0.030933374325792684,1.2829087613415109,-2.2192083809207688,2.9704023544294547
05370,2005,0.42893496849184937,-0.028816460135346444,2.6229839830459896,-1.2830735076398292,1.1048638491451825
05758,2005,0.4632898798844612,0.06107705261754104,1.2390412289094739,-0.996562353181218,3.5079533285239974
05916,2005,0.4262223303350612,-0.0048078802556110745,2.1937989475441944,-1.9171703768885084,2.7312739201749587
05958,2005,0.16842369636403312,-0.16491560528232566,-1.4010832738230439,-2.377283101301164,5.854148746872922
05315,2005,0.37188507514429736,-0.023176286588166395,3.2794550474263144,-0.956297810848215,1.7337613293051355
05154,2005,0.46878418498134283,-0.005190108577298735,2.0563380000788896,-1.6747646297229162,2.195268413140521
05114,2005,0.3973036388385297,-0.036697775932424626,2.738346196467623,-1.6611135894419422,2.9550774448498807
05316,2005,0.43994252237993287,0.005288551654885676,2.8655880806094807,-1.4196314038279265,1.890653583901547
05766,2005,0.3856463783414379,0.023469846352504986,0.35866751393110863,-1.349844928836565,2.987143814632434
05962,2005,0.3724186615122185,-0.039425162279341175,0.2505851888123254,-2.241491319124266,3.6269930817423335
05116,2005,0.4299884167763295,-0.009774131506348538,2.6911887524032463,-1.3173161418668262,1.9726193509837173
05117,2005,0.4381503213184421,-0.03093166739826747,2.261339973692499,-1.7405493854214726,2.315838473175841
05515,2005,0.4669374300062255,0.017889460505806642,1.391922314322117,-1.9481846257969668,2.2913167385437947
05158,2005,0.465414164739633,0.01090901725146226,1.699472819367952,-1.949445976289862,3.161915971261547
05770,2005,0.5295671695485964,0.0967810446975601,1.6604508512649772,-0.9008419093168065,1.830956789225903
05374,2005,0.46207749414753463,0.06076239466852962,-0.04946623069433629,-2.1688195649195072,4.999815871846805
05119,2005,0.34385875327306553,-0.0643862125552957,2.8222127831306794,-2.0962335850403364,3.0848912044131174
05966,2005,0.32814115798571025,0.0005656735737874508,-1.2527714226902493,-2.2697357923877775,5.294474022397649
05774,2005,0.3286967187990482,-0.07604366899554593,0.2092977309848544,-2.1386076118943285,3.0696955090448106
05562,2005,0.4561937004791629,0.006836179251927754,1.75962983737958,-2.025694438508233,2.052234573354487
05120,2005,0.4853344215351401,0.11679291202571623,0.3563465493328513,-1.8722948964653983,4.108470036826247
05362,2005,0.35677288600099766,-0.034576388571459005,2.3429788396167286,-1.6599259854014372,2.319932040864152
05162,2005,0.37196996306042984,-0.023812895666732614,2.474974244085122,-1.4307495885995745,2.496550558575941
05382,2005,0.41823418298393616,-0.011392678570261772,2.1032267333378134,-1.740093519096909,2.9456512060195243
05378,2005,0.5336924062953471,0.0705723707490139,1.3797153692873907,-1.9433232367379396,3.308720526118806
05970,2005,0.21905903949234237,-0.10023892134824022,-1.1243827611394888,-2.223775835895526,5.303871439006574
05974,2005,0.4044827883112665,-0.05321709345590153,0.9517753512810019,-2.06640211056974,3.4206211723601965
05122,2005,0.4799525744154141,0.04874187332952262,1.8740334572490993,-2.003391759992908,2.266228195596225
05334,2005,0.39013049267551997,-0.02174554301030468,2.3124179551232666,-1.5821490811471421,2.2632352941176466
05566,2005,0.44426815403352166,0.0095158755506341,1.8480288805380427,-1.1950417571670506,2.677234994091867
05978,2005,0.45779495023192995,0.012857877653953187,1.1861731712959618,-2.328975466847946,2.671728704661319
05166,2005,0.459236492680935,-0.0016153098112514641,2.6560203799444624,-1.3490098049627175,2.026836425104924
05570,2005,0.4611893862094407,0.018627505631772512,1.1883125397240866,-1.9592390559553423,2.5611565775680587
05170,2005,0.4758163143267927,-0.009662947017655688,2.156861804123433,-1.6965565296371614,3.316197505960025
05124,2005,0.46679946088307217,0.0472678977174793,0.8895990560651903,-2.2910257767296267,3.146264225630876
07131,2005,0.42495867888679284,-0.018898462991538467,0.6757740920006242,-2.406159827272067,4.190148709810148
07132,2005,0.3438183790784085,-0.0851254012308732,-0.34786909790535425,-2.8898571979987246,4.716204790981681
07331,2005,0.33691629205043805,0.020174414058423906,2.011685752311578,-1.971085816624977,3.098985399193452
07332,2005,0.3642464816862468,0.008893336488257686,2.3818622042386783,-1.781486400873594,2.473061385933173
07133,2005,0.4317551058387518,0.03891554814568626,1.1704560619614524,-1.7996885740350776,3.798564868940512
07231,2005,0.3450406382108221,-0.02409833064522604,-0.07184234585357537,-2.442707493556644,3.9717705926062257
07134,2005,0.3495387884422302,-0.017003185752506422,-0.3798523508886122,-2.045345756373641,7.272658710793667
07135,2005,0.3287399202496404,-0.04147409200927665,-0.8853755491685332,-2.9946726648460293,5.257620261846769
07333,2005,0.42020480458147946,0.043926624174250806,0.9198384770855739,-2.1960132719336984,3.8615896686071296
07232,2005,0.39094244562976993,0.041923537580495995,-0.07092332867487615,-2.078036497194889,4.022874559016
07311,2005,0.2680379486721802,0.002575575037389921,3.3017926972613,-1.4375077501622755,1.9287777829551276
07334,2005,0.3076628510591197,-0.015822594974161275,2.448162148950939,-1.6625131352651583,2.436613790870831
07312,2005,0.44545460285705357,0.05093968104993679,1.7784374864407144,-1.666872821336358,3.113308941230276
07335,2005,0.47386774003782633,0.057903844657105186,0.9319797882282187,-1.8572739747718723,3.691248515178566
07111,2005,0.2804898074992686,-0.05483976445633326,1.2650589783597022,-2.539876677075612,3.0757204869610626
07336,2005,0.43692189882326765,0.03499345353411565,0.5116239312748371,-1.9065866254445214,4.859745563796825
07313,2005,0.3627559025330288,0.019997433034739,2.374738140093076,-1.8756928965998605,2.082437699303177
07314,2005,0.269735409078487,-0.02056922780604753,3.997665019759068,-1.0320943949965407,1.123200123200123
07339,2005,0.3616731253200768,0.022324744555286158,1.8460090969450929,-2.0366611290982926,3.2757422570309727
07315,2005,0.2768195376126081,-0.003980565903066058,1.6589054471483744,-2.177695986318267,2.5723147241266733
07137,2005,0.3610283103360812,-0.05512618269156139,0.3593990856949775,-2.713263290700015,4.799828783376947
07316,2005,0.44278857426673535,0.043298344235128516,3.2981921553066,-1.1901149759217091,2.3872666135740204
07138,2005,0.3518182054546923,-0.021489943643612952,0.4527246676341543,-2.6393255613839823,4.3287029354054605
07317,2005,0.4858973205702592,0.0716343712854281,1.7327135601740329,-1.398926235758562,2.3263089758342916
07140,2005,0.27708899581496776,-0.0949983160124317,-1.1574243547673309,-3.121227460859001,5.25761456771762
07141,2005,0.3302956373563733,-0.07745947579979157,-0.5599751841278692,-3.0202887531989457,4.986009025058942
07338,2005,0.30428795318295965,-0.003722652264641968,3.248887425498003,-1.2262704165800402,2.1173599908450935
07337,2005,0.37258549026662985,0.01191309931429485,2.57025390367162,-1.6198843093861375,2.3937089875939037
07340,2005,0.5058548822381628,0.08407962501137561,1.3751932297237288,-1.6288205745945072,2.9156779869268217
07318,2005,0.3276138365018033,0.014277356185473267,3.0969753312731183,-1.3034078214958646,3.4185669781931467
07235,2005,0.3729043876085585,-0.0058766217570670465,0.41526571091440867,-2.1175322670592873,3.6266407518837025
07211,2005,0.38034095458479417,0.038946056631778525,1.5184190640897883,-1.8986208452227378,3.0918823603501475
07233,2005,0.36606744035548805,0.036918107964190816,-0.7469898132052453,-2.328283862870178,3.907465749465289
07143,2005,0.3092380851079743,-0.059026959457814054,-0.7299272622349507,-2.956156660154864,5.862404454181057
07319,2005,0.3561362539262479,0.029037012700852627,2.530525712358954,-1.9203045739311744,2.367940753220316
07320,2005,0.47042000313248433,0.0817942534385343,2.00739477203788,-1.073671366738393,2.8744480990902908
10042,2005,0.4808309521917304,0.08049173813916788,0.905517720339829,-1.9120932388855214,3.1422907075072803
10043,2005,0.47156954285178265,0.04576262530992714,0.5234066298792474,-2.371350188609835,5.13714364160527
10041,2005,0.5211380281611259,0.07110589103238557,1.657129630421722,-2.0123340741640545,3.5533765617586597
10044,2005,0.4939124727485476,0.0704280613775568,1.7957831130211512,-1.6763013494937682,3.1482676461828634
10045,2005,0.48828489933444685,0.08321462113151712,1.8804679464540017,-1.290000864749854,3.0219058169338373
10046,2005,0.4517952509867389,0.07151093125173524,0.051285014395497146,-2.222379136613327,4.997594610296291
15081,2005,0.4776157341391262,0.0670776974765041,1.6286265736604897,-0.3898282683893155,2.301796484242476
15082,2005,0.47435941175445967,0.04220358960840226,1.619027340936578,-0.5965070851570586,1.5883187651425
15083,2005,0.4543685216688965,0.06655684561081776,1.2463473610922684,-0.7814501632640958,2.864205353007708
15084,2005,0.41193916792582586,-0.0004987763599378359,0.8941043213454926,-1.3528145373249414,2.7448935785067974
15001,2005,0.4880807414132941,0.05752367586370527,1.7482367131685597,-0.3189492454498204,1.7831035351560802
15002,2005,0.3711509344221885,-0.05426257137611129,1.1600594082226587,-1.5006621721115607,2.081203152027676
15085,2005,0.4426771306415888,0.04883305448011993,1.3091497549366082,-0.950266820862846,2.9716514155868134
15086,2005,0.4973474919705446,0.06078720729178594,1.533273842077755,-0.5884401807993673,2.3116282209017984
15003,2005,0.4151671671615567,0.03617674010939975,1.5617466546209877,-0.707699037262892,1.582151571521755
15087,2005,0.3750619257624534,-0.008297847157096527,0.5605042629250341,-1.1803982940169893,4.312821334963859
15088,2005,0.4216468732964751,-0.005491067851736198,0.8377663794029281,-1.5128429756254365,2.9784201262023915
15089,2005,0.45130557746828753,0.03718155201388196,1.7106873436589762,-0.7457736214351558,2.35362220168566
15090,2005,0.48153730498006353,0.07083680824324295,1.3822285733088846,-0.6785329942569021,2.670948477208543
15091,2005,0.44390993101761955,0.029515966900486634,1.6974521715669046,-0.1344687907952533,1.148302437158932
14625,2005,0.32005651698147725,-0.05264902422966128,-0.35808002133375616,-1.5842285011388313,3.4540221191109453
14511,2005,0.18725953892309696,-0.16019860482229006,-0.7176314451940398,-2.014096818632104,7.926139801402284
14612,2005,0.26552415606222185,-0.08523214148554437,-0.032767788157290485,-1.464392450049405,3.870057666715956
14521,2005,0.07466973039396321,-0.1764976399505037,-1.903395614781293,-1.8900571826388455,8.347620594615549
14626,2005,0.2840170745633193,-0.059918377402762735,-0.8489791170642524,-1.5130848334469402,5.447096765687877
14713,2005,0.43954217008103535,0.013096601386915707,1.1393121457108253,-1.20132797366222,1.3740058808438416
14729,2005,0.4198769295685976,-0.010696956523655043,0.5705526217403067,-1.422144754117447,2.040731486613771
14627,2005,0.42230962955368745,-0.00675862860260118,0.3732649666859916,-1.4623677376706263,1.6900824774137404
14522,2005,0.20272672421813115,-0.15642772522281456,-0.6952732270482366,-1.8238106608204205,6.354266862906431
14730,2005,0.44274216650660075,-0.004289780691036804,1.1541773739270886,-0.8340356267003741,1.0949263437771268
14628,2005,0.14834410612763724,-0.16285090161153928,-1.416797040202778,-2.0724326267165907,7.574753649527368
14523,2005,0.07486430110823422,-0.20834844748946602,-2.5440042185390768,-2.9837253209244237,8.395156392902873
14524,2005,0.18270347673190557,-0.19026698932626285,-0.5998134981750568,-2.1277409044012106,6.226886180148805
01051,2005,0.45109268099793864,0.04263866057248411,1.8834014751824235,-0.19770489341814534,5.638499024931201
01001,2005,0.3731851629079253,-0.013374415982133625,0.28333963761787767,-1.2646570868943416,9.205899988008154
01053,2005,0.5491152861398688,0.13165141998191887,0.9767088172995207,-0.5567578047691609,3.042572085695623
01002,2005,0.4862553933631328,0.07967665302068655,1.1723159063072068,-0.46643163275000554,2.925653626892078
01003,2005,0.5149836586946016,0.09963726867729711,1.1259972316817357,-0.5919968120024457,3.589877551020408
01004,2005,0.4728785537906657,0.08393530051865283,1.1101812965378097,-0.7069342521651991,4.2649297781396305
01054,2005,0.48217608649085514,0.04030295631591241,2.015541112688528,-0.1769231906447004,4.902321489979538
01055,2005,0.5203108174115612,0.09879095267924759,1.449094513995955,-0.35174822177525544,3.291852840263986
01056,2005,0.5152193587464681,0.07857838209493834,1.8262673843469455,-0.425043861331035,3.7234830280202518
01057,2005,0.49305188129000416,0.07250393644766012,1.0059534507471755,-0.5032937891110636,3.604094819530932
01058,2005,0.49946426132153443,0.06422202301315544,0.9313913764936891,-0.748123933241264,3.7606838233262834
01059,2005,0.47672103015464623,0.04264239595706609,0.9501546167546958,-0.8056196395905199,5.535457961294494
01060,2005,0.5029174474586128,0.0820923632225658,1.1676537027225768,-0.35984880163426114,4.14629520147538
01061,2005,0.5025522533521707,0.0611035316955868,1.6640627045566945,-0.3757476014724339,4.459067455226164
01062,2005,0.5541885516726682,0.1298961432872282,1.2514269891742258,-0.34283576609288535,3.0619425019883653
16077,2005,0.343812240957076,-0.05760180037815743,-0.02777831570273403,-1.8957284543130535,4.659390165625883
16061,2005,0.18554998043506862,-0.10743420997897205,-1.5622883593227912,-2.4388381052774712,5.666958887071402
16056,2005,0.1853238361301319,-0.1042020967326123,-1.4823720727185024,-3.1071434633814325,3.6391819696302403
16051,2005,0.3353392740120182,-0.03129281464376521,0.9353999941521334,-1.4859526070409586,2.5783210231075318
16052,2005,0.18992732159577597,-0.21107976109811255,-0.09954766773041777,-1.942816185825969,4.7660219673107616
16067,2005,0.3263563674819349,-0.0259784738342419,0.09190910027140022,-1.871677703516586,3.8909295821106777
16076,2005,0.14705438265744658,-0.22435985940127845,-1.0954063187741365,-2.3691690866570383,7.090196955170231
16069,2005,0.23069707999631955,-0.03988432711490991,-0.8376287989099794,-1.770774515034585,7.682869961405717
16070,2005,0.21689461018528286,-0.14136809129485453,-0.4291400983765622,-2.3229368526725853,5.565518904479062
16053,2005,0.30066761467423847,-0.06572051130059775,0.3955219573849478,-1.4730045288767046,3.390625872368935
16065,2005,0.31981917310453234,-0.04648851661565967,0.2882137544719898,-1.5964913114678345,4.003660351814312
16062,2005,0.21241027902559523,-0.12587768628542306,-0.6756985970130555,-1.8998912670490955,4.46400589749652
16068,2005,0.3572527339784671,-0.03559280633935352,1.3097482012388664,-1.3198378730297744,2.4101370101714883
16074,2005,0.3069646880864673,-0.07995683160185435,0.07339475652564824,-1.793456513836293,4.670944358804961
16075,2005,0.08484274446808666,-0.21794133612856242,-2.1720990446653214,-2.780365861792617,8.326551732026713
16073,2005,0.20304028233187513,-0.15243759953706562,-1.042852162578235,-2.3533456745566648,6.792612954944268
16066,2005,0.221878665325734,-0.03222298454103581,-1.119737196178928,-1.8298309888757998,6.553499954256438
16072,2005,0.08188377800861661,-0.14742406554047388,-1.5303221243438663,-2.095385049113709,9.868904301089861
16064,2005,0.29505907833806566,-0.025792302655110455,-0.08752010554806054,-1.857670673261405,3.7427932684953276
16063,2005,0.23632618048857942,-0.08534365846035605,-1.1605147775743176,-2.4865055349962857,5.436832345182428
16071,2005,0.30604189288609407,-0.07102553439790643,0.39954570664474987,-1.6253743220627974,3.5120442046324882
16055,2005,0.3574315030040338,-0.029621649153152352,0.5366390329495845,-1.6535525179554735,2.9786435887146006
08425,2006,0.0712436629896372,-0.2175485706561287,-2.0539426707507555,-3.569056962849339,14.278868264978074
08115,2006,0.2196613848263306,-0.17623036904334174,-0.08786289353857929,-2.9519820660540077,11.982144080090146
08211,2006,0.33389416390294324,-0.061820938531291114,2.6812443103786827,-1.867269044463367,3.820776927604474
08426,2006,0.10027514201545934,-0.23351218088876996,-2.0344510087767507,-3.7153579335453966,12.677252375023597
08435,2006,0.13182102222327496,-0.20206000881734226,-0.3657762856675083,-2.7213996332506003,7.044695707819276
08315,2006,0.30185641856125167,-0.04783917075818783,2.2051850650159137,-2.4222753438148903,6.770337850294985
08235,2006,0.17508698149313584,-0.22572141935786044,-0.7373213038163086,-2.8532940262450155,16.441466140575113
08316,2006,0.38839346155730997,-0.011509551118869144,2.4537428310428724,-2.5882438444099667,5.338009913104795
08236,2006,0.36340321085162575,-0.0795020809700171,0.6411682059293206,-2.6549914844297127,8.66176276632735
08116,2006,0.3229490418558367,-0.07732108768767404,1.0063164896466184,-2.401250075268962,8.626721714598935
08311,2006,0.3906718803360935,-0.03361182336500956,2.5653999093530806,-2.597116449187442,5.023655603308173
08237,2006,0.1723180285219076,-0.197570878047759,-1.0396556396483005,-3.2168851082136323,14.697898541809463
08117,2006,0.19218419283076824,-0.17743153726842983,-1.0594721250611123,-3.2746428922453434,15.710819639764157
08221,2006,0.3134101362977622,-0.057919213137107184,2.621899471573555,-2.099300935055924,4.85238025558482
08135,2006,0.06936259041447106,-0.2145513746470143,-2.22875394032834,-3.493037838531576,13.472767822861467
08125,2006,0.35405143483526563,-0.03503229396204133,1.3047583916061387,-2.156087327156718,9.000179066275807
08121,2006,0.30159598593107106,-0.055740953505087454,1.4937992848207968,-2.3707990280831566,7.534372367312553
08126,2006,0.2529632768877774,-0.160351415542341,0.4220177294022549,-2.378470300088413,11.273865611975284
08215,2006,0.3985267556756843,-0.02863706394359289,1.2828039837500438,-2.7036117461237934,6.969361489441467
08212,2006,0.3571080046224247,-0.04987024419890829,1.8514320227503605,-2.4485419116844547,6.756362737830491
08335,2006,0.1714295302765814,-0.14901248051408775,0.11412250826409003,-2.2936529444268596,8.635365592603549
08336,2006,0.356388138156694,-0.06958473537299525,1.6313625800147662,-2.6611181424760373,5.145713240003661
08118,2006,0.35256153960426573,-0.04185418591217971,1.4700878812287133,-2.3106919666653134,9.243886585273737
08128,2006,0.2680380503663514,-0.11350661233757153,-0.13635004782024404,-2.6218736899073516,10.020932922712186
08222,2006,0.30896732954152883,-0.04877317071498799,2.7158824155101113,-2.3470624975494223,4.494891136636378
08225,2006,0.3117035771948686,-0.07108969722366354,-0.3339792250321582,-2.7286434164469675,9.52488487897077
08317,2006,0.3596760425760099,-0.027366441521135598,2.2977110494468795,-2.307558570901907,5.04965498295423
08136,2006,0.14317457914786816,-0.21293612540018622,-1.1865758968846933,-2.9178732558114477,14.324424204389143
08231,2006,0.37939183619957634,-0.05742325981960522,0.9463600430709151,-2.464064521628274,6.9682936587317466
08216,2006,0.3404244655779078,-0.05157202485953277,1.7736080015626725,-2.607443659255551,5.853903681454721
08436,2006,0.06942773056873758,-0.2726898323161313,-1.7197549225631394,-3.70117841094728,12.913419253343022
08119,2006,0.3358758219141928,-0.0869558900232218,1.13345554297123,-2.3277730891626094,10.414911165796802
08415,2006,0.07962564620193635,-0.19060975075806308,-2.1917960907850325,-3.415306719673569,18.60051635111877
08226,2006,0.3783877424861223,-0.029352634742138395,1.6051798379839535,-2.327932435177262,6.692196186605674
08325,2006,0.09141502577390022,-0.24037185547590084,-1.959985494020696,-3.6145391150848525,20.496566185751696
08127,2006,0.14593156930731616,-0.22879221042075387,-0.35264609034952676,-2.449412217676122,13.031535327995512
08326,2006,0.024624018798996256,-0.2757147579486371,-2.8633780102174637,-4.019850232498834,24.170435686017285
08437,2006,0.07751535177486667,-0.21841418343841557,-1.5344278454805595,-2.8100073889910693,13.952936214908654
08111,2006,0.3090877593763749,-0.054139454870086756,1.802664648092454,-2.213839638642266,6.782710280373831
08416,2006,0.28770437414514227,-0.12626975604413992,0.08528945277371242,-3.0395493909338342,10.120435863123683
08327,2006,0.04212389307486736,-0.24259865957721405,-2.8391562656790383,-4.07202300211206,23.55745372193777
08421,2006,0.08356401375650746,-0.19593510300826333,-2.0045454592922565,-3.793163727492166,12.0699824398306
08337,2006,0.1091978290347264,-0.2017892438434371,-1.3391414229263576,-3.4164103144069298,13.489560477029038
08417,2006,0.19001908717128402,-0.15103718862541032,-1.2469448772396097,-3.326482931197372,15.649629815594636
09771,2006,0.12104912182047917,-0.2106594703964375,-1.340972517449246,-3.2110319263909117,9.360406168944383
09171,2006,0.0037246578674154335,-0.33629806821782177,-3.842778869567976,-5.307511674741661,18.974498743423574
09371,2006,0.092536551731988,-0.21384469592866434,-3.7513513194651136,-4.169380484164225,15.54906939056132
09361,2006,0.17829169823006866,-0.14479134731253232,-2.5211791922719766,-3.4473092472809284,8.87210192057541
09561,2006,0.11934922978953233,-0.2395130156827306,-2.154859353037972,-3.65598792603837,11.850241195459
09571,2006,0.18122167469235742,-0.19157275039565044,-1.3514304031670814,-3.1230914069265916,10.287325917400343
09661,2006,0.45661747984732615,0.05480298428858782,2.551031298654526,-1.7249912939337033,4.581391211528198
09671,2006,0.4482723045468378,0.03543108915783272,1.766344829552723,-1.5256974584878868,4.42068511508711
09761,2006,0.0858371721387329,-0.2350681181840162,-1.0541535919509817,-3.6260927176990245,8.52925480113747
09772,2006,0.12107051217012296,-0.21971438772004856,-1.668861980136542,-3.7241759409031197,9.75108771682142
09672,2006,0.282411315907738,-0.05811054963563228,-0.2156585469021166,-2.2627664701489554,8.925934580422961
09173,2006,0.031935663333865744,-0.2994360330669019,-3.2581263611190208,-4.9897420834043,28.98944609229497
09461,2006,0.32153094435542784,-0.027270864929755945,1.4335170829474835,-1.3093957681061654,4.719823654606263
09471,2006,0.27805187474073606,-0.06817237836474066,-0.2700551166137603,-1.9833166880826856,8.758822133218342
09462,2006,0.20578437825863796,-0.11469605776229289,-0.8461923293061545,-2.3289883541664484,8.580345725787355
09472,2006,0.07243081960625387,-0.201647085936489,-3.0347059511189123,-3.6003626425103343,17.989501457618367
09172,2006,0.02050250710352495,-0.38999915984987193,-2.989704706281432,-4.989057293233502,20.58422472932991
09372,2006,0.06845163375012876,-0.2599625529336745,-3.615392971071232,-4.124281014595035,16.223495416048593
09463,2006,0.20808417499507265,-0.09182723042081714,-0.4542894123236107,-2.0066499479417055,9.056217952678075
09473,2006,0.20860524663244,-0.10181753364766921,-0.9908902678350812,-2.2513506868624766,10.305441913305016
09174,2006,0.10319030267546628,-0.22691187060147658,-1.827950214843325,-3.515344702433917,12.145743986968526
09271,2006,0.004065723482276879,-0.2288664653294886,-3.995188830253566,-5.316579463038856,19.28601228293098
09773,2006,0.1294702270872238,-0.1737617540623115,-1.5542049603619386,-3.317370233142406,7.225833978048626
09279,2006,0.035262394129023426,-0.27333336136466013,-2.834879112609461,-4.357579194905922,14.544246447717857
09779,2006,0.15640287508992895,-0.16246081639391358,-1.1577171870006788,-3.0022036875625076,6.563072755592678
09175,2006,0.01593023494657373,-0.3418728260136713,-2.6902605497211813,-4.684168407763394,23.214442138761992
09176,2006,0.040148247464815816,-0.24913410160771837,-3.9634077563088175,-5.222993266686548,15.313120122976484
09177,2006,0.008807701331049633,-0.33068835189727186,-2.309036130037484,-4.042377331980715,16.522185307210872
09572,2006,0.31606346834989707,-0.05926127776842405,0.36580967158598937,-1.8754455635631329,6.445548811748556
09562,2006,0.2823372314114782,-0.0628739974165996,0.9508839755147156,-1.5639180747978976,6.987218861485963
09179,2006,0.08469255097471654,-0.25812524053578745,-1.400583288013982,-3.3455331071612084,15.530028187600928
09563,2006,0.2860617718000721,-0.04354669107452963,0.7656059113676442,-2.1727813946655616,6.916041805390696
09573,2006,0.31670335371593505,-0.06973527117963613,-0.8391135993617111,-3.014751230613213,7.210153052110691
09474,2006,0.21597634979292835,-0.10033709159223808,-0.38054749768182794,-2.1312243203146135,12.024585102277113
09178,2006,0.03225678994012054,-0.2954683433061904,-1.8204258644407112,-3.609054907315141,14.305819333844266
09272,2006,0.0188654189443448,-0.2026794226387405,-4.303751459441487,-4.380622940244604,23.626398210290834
09774,2006,0.1449651763846823,-0.21378792444393843,-2.306822714743736,-4.299879640060174,10.154152753736287
09674,2006,0.3447404929196522,-0.015125477656124708,0.3394631528750313,-1.7361404514253709,6.61309525616468
09464,2006,0.02515944933632087,-0.16550462068879473,-4.54465764118605,-4.315222722369977,16.878445229681976
09475,2006,0.020873714457024427,-0.15897802504543065,-4.3753634614022445,-3.8877035943074247,18.099618446034768
09161,2006,0.08266841179681184,-0.21112719552181164,-2.745466761668162,-4.867060838626385,6.450191037394318
09762,2006,0.045707738207066584,-0.34212876045003227,-3.5687930301742106,-5.345855315954758,31.212707182320436
09273,2006,0.05924368257584079,-0.24002690763616435,-3.4938163524836265,-4.750184273777165,13.289507635288878
09675,2006,0.28210456628955843,-0.08308231310365732,1.23439552566534,-1.7023547855606773,6.411271488784367
09476,2006,0.11378900218529406,-0.13250589535337562,-1.6526199030896485,-2.2819379721549744,12.575008263281552
09477,2006,0.1414740176191543,-0.12876869951366737,-1.6048366776945868,-2.332415318549614,12.837141607173836
09181,2006,0.03463007300230266,-0.3066411482907084,-2.3601285561618095,-4.155324465975607,19.192135376204018
09261,2006,0.032152365609373644,-0.2879358148275871,-2.1165931559927973,-3.9628558399979603,13.463920922570018
09274,2006,0.02831681958038157,-0.29958922693448536,-3.498628206272123,-4.809457080498575,16.04697989308877
09478,2006,0.26820447310107765,-0.06602546597727815,-0.29239252475281513,-1.5843633600435407,9.781703534133232
09183,2006,0.0017300920723695213,-0.34385619439251186,-3.5089567532870447,-4.970075480662047,20.524343627093067
09162,2006,0.08349051829840698,-0.23534646188373348,-0.14796212970511105,-3.25521901884431,11.807695544596122
09184,2006,0.033608409718031085,-0.27457884640296226,-1.8769614518547,-4.192690354553655,20.0241153709426
09677,2006,0.2846157885707866,-0.07153731381400874,0.08647122227800987,-2.4194985477953836,8.100473692104966
09764,2006,0.03471000960452257,-0.3461939449263363,-3.1910471725500575,-5.148565409691488,21.83444007769797
09182,2006,0.01686503317373393,-0.2890502743007724,-3.1611589998022325,-4.597847548147742,29.663772492764558
09676,2006,0.44335104937873265,0.02681278888094385,0.6657286272386961,-2.1708303935300517,8.148962535702776
09574,2006,0.1300555395030954,-0.16518153201932612,-1.833515054470312,-2.9246764513601864,16.48388538018147
09564,2006,0.25804559117385534,-0.041380078887402416,1.134517910679772,-2.0603537152692866,5.907409351445549
09775,2006,0.15104694556377815,-0.19805460395005578,-2.0229143800651763,-4.146510496309176,9.533894643276009
09185,2006,0.10617190109581874,-0.1970723563164371,-2.0746584841717115,-4.010728468413943,6.538474803167473
09373,2006,0.0678600061176611,-0.20605124731344907,-3.372262200672793,-4.1125119950260585,15.097352005500477
09575,2006,0.28885120313215723,-0.08916466579740728,-0.25754404045746754,-2.700043395315048,7.34883278165959
09374,2006,0.054484819038954496,-0.19613343279131693,-3.8913639340221295,-4.1273480105452425,16.860072367408332
09780,2006,-0.0006337859987880713,-0.3285810189162832,-4.250231372905141,-5.406889305867795,28.64560038891589
09777,2006,0.029799407628379765,-0.3360770185962483,-3.128813957835069,-4.936258433491177,22.56634848484848
09262,2006,0.04041048286105875,-0.22964877934015615,-3.0990269031853104,-4.612800755558187,16.80431432973806
09275,2006,0.018293056626876303,-0.25407449724036346,-2.9248933285383085,-4.227833752960573,15.935765751484256
09186,2006,0.10219784176382145,-0.22560378244135249,-1.58663714433962,-3.394596678356212,8.9671616690116
09276,2006,0.03139248808292905,-0.22511173790553585,-4.576021259989982,-4.188261201678613,29.25
09362,2006,0.0357749430036056,-0.19951128092897186,-3.3675295564664807,-5.157079408556992,11.854773428433957
09375,2006,0.03757151450205265,-0.23011517509015628,-4.113479641266182,-5.1798606585215765,14.900009115679781
09673,2006,0.23844341832747787,-0.06496584082471904,-0.6851838254056044,-2.2611436013834267,10.102351162251441
09163,2006,0.029217211624289863,-0.38245916524695445,-3.3357243508791723,-5.615062999112376,18.064906757084042
09187,2006,0.015427890357771527,-0.4077973201415924,-3.5448091072426773,-5.416533004934825,23.165946815468647
09576,2006,0.19243454140001484,-0.16811685086920516,-1.5160553240614256,-3.1036099622719515,10.589403581541138
09277,2006,0.015725184140297263,-0.31708124132951915,-2.652161775060583,-3.853951922026124,17.728859643110106
09565,2006,0.29915616935141204,-0.08256646638315784,-0.5226022292837577,-2.8121974214631877,6.787090440544851
09376,2006,0.07233776643804858,-0.22443421167072486,-3.3400643715519664,-3.9453152401468268,16.110205058497463
09662,2006,0.31736995059515344,-0.019874197148572637,2.3877753190265185,-1.0306816506679217,6.683138791854818
09678,2006,0.3277582558780103,-0.026179299966980374,1.0961225452959846,-1.519367278345365,6.345428626191964
09188,2006,0.04781026627896399,-0.31596973667732003,-2.8874608810257705,-4.9173354870383665,23.378275871388556
09278,2006,0.030811550421822684,-0.22865856123423464,-3.677126812135856,-4.9027700742785925,14.958658493687857
09263,2006,0.013127369035950914,-0.1919240983781896,-3.3645558091366645,-4.917712563847173,15.710689833247262
09377,2006,0.028716545238710003,-0.17248970107058076,-4.789618301125997,-4.515834716423841,17.17745378502402
09189,2006,0.00445647284156246,-0.3572827685763355,-4.6617710334235225,-6.063600270969549,20.437221132769043
09778,2006,0.06552003576014116,-0.32460436562614675,-2.77590393636962,-4.693968877078091,18.89738665461666
09663,2006,0.33239173603418437,-0.01378694475197978,1.200776885070125,-1.926607997772643,6.050067531488518
09679,2006,0.30416453485506945,-0.03857516914643705,0.5764332855178825,-2.0760951162301797,7.916849834264079
09577,2006,0.14352612254439637,-0.20675057375426356,-1.3127075828177834,-2.8743994786276588,11.255846403629654
09363,2006,0.11037560439252725,-0.18657997881953098,-1.8243240279184663,-2.917566004731364,11.417003277189238
09190,2006,0.02935405500213573,-0.36634362734365145,-2.8462017548777476,-5.037226418341945,24.612244897959183
09479,2006,0.030886086328163562,-0.13748741691432112,-5.433351690599267,-4.675923900837851,16.376709717806943
11000,2006,0.24203530405317084,-0.0946093978743591,0.05714432077162961,-2.063267350410443,10.730406808855573
12060,2006,0.22551939737917115,-0.1168961422338658,-1.260700443790779,-2.311485456286861,14.402252840567185
12051,2006,0.3257064178019515,-0.04547786971985679,0.23710348010326573,-1.6237574851358016,3.7055447859934154
12052,2006,0.1355811321835626,-0.2698813484617273,-1.2477305830852414,-3.1639533297243294,13.301803815006176
12061,2006,0.19244469138969797,-0.20730563369255708,-0.9676789416045936,-2.6325196972646605,12.472822269919735
12062,2006,0.1470008356285369,-0.2853482781835852,-1.4129396541957344,-3.30498505205171,14.057531221348684
12053,2006,0.26311387386862384,-0.11356153178867279,-1.3984816914116343,-2.720228121412435,15.007698063696097
12063,2006,0.3377406190566994,-0.06690952849589349,0.31718304362694094,-1.5599799101461993,6.693131267931877
12064,2006,0.2571411719215199,-0.10258391482850943,-1.339587300585478,-2.8349994424927596,15.396455230833448
12065,2006,0.26263080432611446,-0.10258649307838114,-0.9341532870179338,-2.1207472414722197,13.855762436173196
12066,2006,0.13816189797745548,-0.24129220256143113,-1.2600819712855786,-2.912832541553256,14.312516878206859
12067,2006,0.1853968098356472,-0.200480806376657,-1.829869318541392,-3.052557798765879,14.773993467593808
12068,2006,0.32040405448148185,-0.05020084834093719,-0.44760452704104314,-1.6610912464534089,11.645766620150518
12069,2006,0.30802333181368374,-0.10771304835710582,-0.457537048947009,-2.3155838331795886,8.585158034758978
12054,2006,0.3207297443046463,-0.08897564372605027,0.7713167544750996,-1.0167381780362599,5.146136788556026
12070,2006,0.3569200168465211,-0.018563233747876495,-0.3245465527750754,-1.6506372650084549,9.413232307196532
12071,2006,0.14449144635877212,-0.24786724695644333,-1.6295743725443932,-3.260987955386658,14.462474246307279
12072,2006,0.2012483517094146,-0.19357575713977818,-1.1925892270035203,-2.752568136051983,13.075950729102647
12073,2006,0.22341951203247976,-0.12750872989208292,-1.2319925329743193,-2.0055453422217777,12.179139044705082
04011,2006,0.43819971355317494,0.011641290489766809,1.6668444534956723,-1.2614510749357724,3.12562209461307
04012,2006,0.4286933535408126,0.03064116023761837,2.2117922920294784,-0.9562488137737968,1.3280632411067195
02000,2006,0.3786950974571572,0.0016545706486016942,1.1544564749673742,-1.2286152871655245,3.6132386011798077
06431,2006,0.3966747328553298,0.021946356328375438,2.1786242423965905,-2.316378608367651,5.255464648232411
06432,2006,0.42990936940678404,0.025266564700641203,1.7619488507179377,-2.0878340931630954,6.094955810023594
06411,2006,0.4772190014711684,0.07946786437617093,2.143429880123135,-2.236252338822155,4.569936470334877
06412,2006,0.4112537593474546,0.05025970211448183,2.7991499616000155,-1.0995282799238577,3.3575199555420867
06631,2006,0.25175751822770875,-0.11433777114590349,-0.7592601836151799,-2.347253720156422,10.25482175986453
06531,2006,0.3907343059610219,0.01749057234884288,1.295160212721782,-1.3017422716996463,4.662568600391544
06433,2006,0.396492221217067,0.04248978966812844,2.4481904715470786,-2.0047627766061393,4.31618536636684
06632,2006,0.2743302453835589,-0.06853695368863855,-0.7429577066533556,-2.1188720608898923,9.499259020145848
06434,2006,0.36416632980883235,-0.01819152588623052,1.0274735360243643,-1.6706147988390712,6.040575406484275
06611,2006,0.35585689894590616,0.04365288966371894,1.4895393180750154,-1.0190972136653045,3.6173662403170606
06633,2006,0.29654774798897315,-0.0430963568140848,-0.4181838504289856,-2.0698231432774006,7.305072943856945
06532,2006,0.3653492605183584,-9.51716187012619e-05,1.1106159441911967,-1.372486378728823,5.339495577410778
06533,2006,0.46898189328469375,0.06885890596867555,1.1656972172131386,-1.7133117383070482,4.938154543920034
06435,2006,0.3929378180556915,0.02274994598733482,1.3393342938483863,-1.7122782742587066,4.903294222528974
06436,2006,0.4136117145990496,0.053539954080398355,2.8340279139228035,-1.1494395374791568,3.2980569436138647
06534,2006,0.3712688657880336,0.007628281447545127,0.16014548483469992,-1.63802505528316,5.5127652121353625
06437,2006,0.3965705845103593,-0.04639612229541468,0.5374183298657639,-2.2560805875197527,8.32695707879564
06413,2006,0.4210637119585372,0.04791771877697143,3.3439045092838486,-1.4565816880188618,4.933725820016821
06438,2006,0.46431593112672814,0.03855539617569487,2.4031439491876587,-1.5821381600918576,5.055590383951074
06439,2006,0.314023748705623,-0.08375862916791543,0.1494293314916816,-2.26257548808469,8.9894100080011
06634,2006,0.37461405756192956,0.025461358243698107,-0.013822950956348647,-1.8974686769321056,6.772270207731606
06535,2006,0.33175392252607533,-0.03500243889523397,-0.19106126727800565,-1.7978820108537732,8.6087539755516
06635,2006,0.2582772395738208,-0.0567820115857417,-1.3802056928828288,-2.328492433350623,10.84688499016498
06636,2006,0.20925414705048165,-0.10736050455223786,-0.5030275013919836,-2.0440009862438453,8.783586210131133
06440,2006,0.4269772783648802,0.045791756624529556,1.559925274712497,-1.590659745413031,4.6565029853324535
06414,2006,0.3680921795644295,0.021239934120721005,2.5685022780931237,-1.3217339638304235,4.888138780895171
13076,2006,0.3649904770200903,-0.015277830777459867,0.41563542670067355,-1.0253532994381183,7.218948543559303
13071,2006,0.2638825972585561,-0.08208176893253172,-0.5538512953216432,-1.314396374207486,9.572351923252734
13074,2006,0.3701050158023081,-0.023767196356381692,0.5198334673724517,-0.9325458313112903,6.999934865789973
13003,2006,0.2984497062676253,-0.08024679455325429,0.6334419714186613,-1.149948085864271,6.899381995272402
13072,2006,0.27320902250318296,-0.10294716806964216,-0.2689479584463402,-1.438564107550276,9.691270566279778
13004,2006,0.35535086337712746,-0.012095838388689384,1.1105187569111905,-0.4135828307007361,6.007134637514385
13075,2006,0.26954760098403074,-0.09324603843763335,-0.7249566763377198,-1.7176871693231504,8.191266133972702
13073,2006,0.2700350213571217,-0.12396733777518204,0.00305983297557367,-1.2644300737955647,7.806001149474713
03451,2006,0.5334322807808127,0.05072838501990168,1.3767431911919534,-1.3369405862948354,2.737134722176943
03452,2006,0.5400163609169361,0.07339169419651015,2.283745766109169,-0.90225582145119,2.830141480538201
03101,2006,0.3838493515251745,0.023839190440659463,1.2124589992924855,-1.2142082256433389,3.3429977244600573
03351,2006,0.35547815489003287,-0.02533597682767824,0.2636959835259695,-1.4982008181296262,3.2698630931182144
03453,2006,0.44910772030666274,0.02164726042423959,1.2388473395104391,-1.355429744561829,3.320116520834149
03352,2006,0.48350548680231864,0.026331856195251524,1.3347377168988113,-1.1823587027954587,2.3946608247899386
03401,2006,0.47765817966328156,0.015276452493118153,2.181297637784276,-0.8593665535036088,2.0603433476394852
03251,2006,0.4220298657526283,-0.023653902757123646,1.0022313067360353,-1.4136572105809648,4.295125307524322
03402,2006,0.4581356879556361,0.06109704123051307,2.5821486459935987,-1.033180535264183,3.3862420440918735
03454,2006,0.43048822263242764,0.009473164049056682,1.8667639136710221,-1.1542639314516214,3.0804429973994147
03455,2006,0.5490700282749501,0.05856238527805108,1.8738886965417794,-1.0596471982917466,2.804821447126874
03152,2006,0.21562121742839313,-0.1321508442261285,-0.7884959686070366,-2.2616424545233946,8.288311174645862
03151,2006,0.36003957266651154,-0.02021144499006927,0.8507530257834405,-1.001616607085003,3.7865516837959827
03153,2006,0.35072097717084494,0.010882432870763903,0.950092106056564,-1.018539584609441,6.324571703781847
03456,2006,0.4566170598515955,-0.0004971084894109246,2.4745542264782174,-0.847739420840893,2.627029918813798
03252,2006,0.25719738222104943,-0.09401651796930116,0.4251688781542381,-1.350040749313512,4.96839482144213
03353,2006,0.4031856140208388,0.0030509858227475983,0.3127108821833193,-1.5064909214870716,3.2954295743858464
03358,2006,0.3906316942783955,-0.019949711436420936,0.9519090211831331,-0.9276079776445094,2.397274651211182
03154,2006,0.37387196590399363,-0.004441705287363651,0.8441951585786225,-1.2458896454051904,4.570509627222804
03254,2006,0.31756670008237936,-0.018638282424257413,0.7983444117941021,-1.2537236091239565,4.366975637226741
03255,2006,0.24114077553889837,-0.09515325755571316,-0.4361860373506057,-1.952807120916068,6.770979812541307
03354,2006,0.41949091620849405,0.015212934399815303,0.7266731912728462,-1.1247539767859314,5.280603208012928
03355,2006,0.3722129156296925,-0.018290110390537073,0.09558839957565214,-1.7178915547753266,4.978047746977522
03457,2006,0.5411937525038393,0.060783597046660864,2.3786002118590246,-0.7488462330614176,2.9318660055629464
03256,2006,0.41806610478450706,-0.028793772813744067,1.31428037827681,-1.1884550470196875,3.983897394125934
03155,2006,0.21043741539215863,-0.12051631430295037,-0.2843444974003398,-1.848393584131944,7.145791538254672
03403,2006,0.48100998108362086,0.042589305661257626,1.091292272028361,-1.6102939649738344,2.9858412264427296
03458,2006,0.4771162459891017,0.023334291726074208,1.4083182159838574,-1.075699558938958,2.8709664286816587
03404,2006,0.23922282923572566,-0.1540538781381602,0.7625722226225708,-2.01073376595805,7.887984965752573
03459,2006,0.37330549319511946,-0.060695344549025976,1.0578089346446997,-1.6021776600587734,5.726735641643634
03356,2006,0.45185326382366003,-0.011433646272911546,0.5672866949621768,-1.8962303687988324,3.131481971795528
03156,2006,0.1643501821701873,-0.15079907253648658,-0.7697810039383981,-1.8139025708828016,9.405000444483955
03157,2006,0.3485781692292446,-0.003170633429011138,0.703227458656702,-1.6038704827345964,3.369486874482692
03241,2006,0.3657489187052513,-0.03307422679799504,1.1182543456284437,-1.2507719191791822,4.329503047167726
03357,2006,0.4091257755262793,-0.023333492761429875,0.49361494919555665,-1.719442216854276,2.770795458523436
03102,2006,0.36336838956718487,0.033023151834775166,1.8112887131977342,-0.4623795858556943,4.107245475349415
03257,2006,0.36630753864869553,-0.03709677080587981,1.1553180095627842,-1.201980676543049,5.112327502563797
03359,2006,0.45248305115216636,0.02559264312930931,1.379720796137899,-0.872928526771303,2.7125730165031476
03360,2006,0.3397941218600155,-0.020644459062829412,-0.04165875132186196,-1.5605359485609918,5.256019679548949
03460,2006,0.41504284013753284,-0.00759560512320423,1.1308378841421893,-1.4554250322615743,4.755834265266158
03361,2006,0.41523019343016665,-0.030446041649726474,1.2971075940854213,-1.070511388032279,1.9370706104700952
03461,2006,0.5193772667561615,0.03414210258352046,1.3395923966108316,-1.4766292432508077,2.510581143116582
03405,2006,0.5186405553441978,0.0784702129410405,1.9927448930297018,-1.0784698034242828,3.7231884057971008
03462,2006,0.543770951428255,0.06283423020363949,2.0732700228819065,-0.927415482417639,3.0763361646336653
03158,2006,0.3852008714346051,0.026925022899952133,1.1906050115062794,-1.0269310451966362,4.226951665469552
03103,2006,0.3687426957664444,-0.020786099300176553,0.8500909204282263,-1.224365688832644,4.069246010106518
05711,2006,0.29157999327848255,-0.09099264315472338,0.7066863426469185,-1.756461376333404,6.64205718727984
05911,2006,0.4312744343726314,0.009161157113439011,2.5741267271797708,-1.6883091248291966,5.759960722468533
05314,2006,0.430626441852113,-0.0014129380064116792,2.50169006872659,-1.7803535337821619,3.4522648530732707
05554,2006,0.4523173288918975,-0.029210007901413926,2.1502427648736124,-1.3529843849120513,3.629974714143358
05512,2006,0.43868487277215995,0.003294599754680161,2.212030215956399,-1.56875718884968,2.2467359667359665
05558,2006,0.3822276403011339,-0.0591418674934559,1.8616013882244504,-1.4173853727487378,5.582061411319193
05358,2006,0.379880035867687,-0.03258767507715066,2.1646773188317963,-1.5693483380784023,2.4844635674637554
05111,2006,0.4431010417548118,0.0115247640647414,2.712627994291724,-1.2615077838245279,1.7594467333725727
05913,2006,0.4208518213223437,-0.014879102696212954,1.9921765583860767,-2.006800654539746,5.6487464461101045
05112,2006,0.4156186965473534,-0.0014298758633183861,2.8069290181102082,-1.300232617280106,1.2257112184648415
05954,2006,0.3433196532366994,-0.07529450953017608,1.0821153750802368,-1.949049359354223,7.709432421396487
05113,2006,0.4356852284514879,-0.024902141984716797,2.288126096589704,-1.5113740056597704,4.565881461100037
05366,2006,0.40186638701278327,-0.039681903354857606,1.6928799794752527,-1.8924218066446208,5.323929669537365
05754,2006,0.3870218301032901,-0.057934871809583566,1.274101847151565,-1.740110234496252,6.175296060647083
05513,2006,0.43728803862389226,0.018793306815857613,2.8986881842795973,-1.3951971048001615,2.0960602036299254
05762,2006,0.2569476904410125,-0.09408527822225038,-0.23806491683938646,-1.7758022157927875,8.247096002135446
05914,2006,0.3473453863798505,-0.05570758439629714,1.3259123685645258,-1.9282130877764398,6.890189931772081
05915,2006,0.4623420587076377,0.009088469376097752,1.739655221777522,-1.7624619204847578,6.686396687907412
05370,2006,0.43069028831667777,-0.02706114031051804,2.538800940808061,-1.3672565498777578,1.1912085405150656
05758,2006,0.31571443740273986,-0.08649838986418029,0.5828548118293493,-1.6527487702613426,5.975844285029374
05916,2006,0.4484609101984004,0.01743069960772814,2.531023733419881,-1.5799455910128217,4.898305084745762
05958,2006,0.21982625152089116,-0.11351305012546761,-1.5339745552859294,-2.51017438276405,13.874917103854914
05315,2006,0.40901910771344824,0.013957745980984482,3.052585238745742,-1.1831676195287875,1.4074334293543171
05154,2006,0.49485133365630746,0.02087704009766589,2.9062382956610997,-0.824864334140706,1.2014505889688754
05114,2006,0.41923841549433044,-0.01476299927662389,3.257113688149962,-1.1423460977596034,0.2379971838236407
05316,2006,0.44377159227027135,0.009117621545224164,3.4153567450898503,-0.8698627393475569,1.5386662231831028
05766,2006,0.22216554721117607,-0.14001098477775684,-0.44835275061497143,-2.1568651933826453,6.6598074267966
05962,2006,0.260451351952866,-0.15139247183869364,-0.01055623198047787,-2.502632739917069,8.657048902877165
05116,2006,0.4273631123222989,-0.012399435960379124,2.8862966983125826,-1.1222081959574899,1.5047230740841626
05117,2006,0.4320701133569489,-0.03701187535976069,2.5387761555960524,-1.4631132035179193,4.022460141976027
05515,2006,0.4129820617827894,-0.036065907717629464,1.7487944029033435,-1.5913125372157404,5.35471152471985
05158,2006,0.4528886563638734,-0.0016164911242973479,2.135777793421949,-1.513141002235865,4.707115444687403
05770,2006,0.34292542935972914,-0.08986069549130715,1.180037665931484,-1.3812550946502997,5.644415040567655
05374,2006,0.33160864988582345,-0.06970644959318156,0.6274345147886226,-1.4919188194365485,7.953599705394955
05119,2006,0.45017202153295016,0.041927055704588934,4.091261328313151,-0.8271850398578646,0.8170395341710084
05966,2006,0.2962979411277855,-0.03127754328413729,-1.0350207209716757,-2.051985090669204,12.634523590967506
05774,2006,0.29895806735292063,-0.10578232044167352,0.5637727811507243,-1.7841325617284585,7.053988946072654
05562,2006,0.44615079159902266,-0.0032067296282125013,2.3534619051519856,-1.4318623707358271,3.7450581676472354
05120,2006,0.27800963364060116,-0.09053187586882272,0.8961918741898945,-1.3324495716083549,8.658520254435889
05362,2006,0.37208715552314114,-0.019262119049315518,2.6121529910526804,-1.3907518339654854,1.0288778825630667
05162,2006,0.4041989203058709,0.008416061578708445,2.9485601335532956,-0.9571636991314008,1.1704515891357317
05382,2006,0.4251039910572356,-0.004522870496962317,2.100749835187506,-1.7425704172472165,3.8572478044545377
05378,2006,0.4630821694601082,-3.786608622496912e-05,2.355282988055835,-0.9677556179694955,4.227824413195744
05970,2006,0.3737267690082812,0.05442880816769863,0.009239518699004561,-1.0901535560570328,8.509861212563914
05974,2006,0.3756930351877336,-0.08200684657943441,0.8218309348891311,-2.1963465269616105,6.731355239635002
05122,2006,0.3754683318634458,-0.05574236922244569,2.358029315551504,-1.519395901690503,5.492708035458963
05334,2006,0.3920822691996395,-0.019793766486185138,2.3459291500379327,-1.5486378862324761,1.7484170751633976
05566,2006,0.3782906618718543,-0.05646161661103327,1.4217407041693564,-1.621329933535737,7.075578224169998
05978,2006,0.4098026951322055,-0.03513437744577125,1.4701547910355799,-2.0449938471083273,6.08904366608397
05166,2006,0.4693529869305914,0.008501184438404918,2.8094753566673676,-1.1955548282398123,0.9520171447439199
05570,2006,0.4139707988084049,-0.028591081769263282,1.5431709253526278,-1.604380670326801,6.096628866231562
05170,2006,0.48188562662817164,-0.0035936347162767723,2.724993488696212,-1.1284248450643823,1.5295983862094265
05124,2006,0.39244151170273817,-0.027090051462854703,1.4305731032945561,-1.7500517295002609,7.616229589312224
07131,2006,0.43064726750268845,-0.01320987437564286,1.2691244358303677,-1.8128094834423234,7.526262270028806
07132,2006,0.4013169431666103,-0.02762683714267139,1.059839380753923,-1.4821487193394474,7.478417097228746
07331,2006,0.36679679523756925,0.05005491724555511,2.010787438930304,-1.9719841300062506,4.294254685812135
07332,2006,0.36855987058279926,0.013206725384810158,1.8898187056933027,-2.2735298994189694,4.590153091991364
07133,2006,0.46226271661193913,0.06942315891887357,1.3353894133608681,-1.6347552226356619,4.191333864235811
07231,2006,0.46532944866760606,0.09619047981155793,0.9055718440869344,-1.4652933036161344,3.0891363478331986
07134,2006,0.3623619856172642,-0.004179988577472427,0.1340995924126781,-1.5313938130723508,4.9848276473980775
07135,2006,0.43956668004543314,0.06935266778651611,0.22283005836226547,-1.8864670573152307,7.87163284293957
07333,2006,0.4329938369668368,0.05671565655960814,1.0463347569029058,-2.069516992116366,4.602081081817437
07232,2006,0.4609264824644387,0.11190757441516475,1.457134502636809,-0.5499786658832035,1.999373527222884
07311,2006,0.254181059897307,-0.011281313737483312,2.049902750013556,-2.6893976974100195,4.564419178975816
07334,2006,0.3184614612824319,-0.0050239847508490865,2.0417419753869894,-2.068933308829108,4.963620912916803
07312,2006,0.43857849172765645,0.04406356992053967,1.641775277089738,-1.8035350306873343,3.5229819345986724
07335,2006,0.43590547281083486,0.01994157743011371,0.9454897700824825,-1.8437639929176086,3.9365867030286843
07111,2006,0.3984107862303356,0.06308121427473373,1.8308449076191469,-1.9740907478161671,5.725513234766149
07336,2006,0.4666843762863841,0.06475593099723209,0.8856635546080334,-1.532547002111325,3.4880011266547744
07313,2006,0.35670890528948473,0.013950435791194926,2.4815838551826777,-1.7688471815102589,3.402149521672375
07314,2006,0.27172390496798715,-0.018580731916547355,2.3977887504533046,-2.631970664302304,5.212006878673544
07339,2006,0.3735673859680876,0.03421900520329696,2.1383349307064456,-1.7443352953369398,4.747753648985402
07315,2006,0.2965889712249329,0.015788867709258747,1.918218318366827,-1.9183831150998145,5.533376863641309
07137,2006,0.4661719993342078,0.05001750630656521,1.3077465227279739,-1.7649158536670189,7.280913465757571
07316,2006,0.38045988671310865,-0.019030343318498177,2.5110769652434395,-1.9772301659848694,4.308777984249182
07138,2006,0.4048089328409435,0.03150078374263826,1.3620932533050016,-1.7299569757131352,6.776852565917279
07317,2006,0.4198679152610353,0.00560496597620419,1.1144049817954191,-2.0172348141371756,6.583932681242809
07140,2006,0.405932219028234,0.03384490720083455,0.06561544881320845,-1.8981876572784617,7.202810533895207
07141,2006,0.40113854579033653,-0.00661656736582833,0.49307646269082156,-1.9672371063802552,6.09995572813877
07338,2006,0.2913901162851487,-0.0166204891624529,1.938087877670868,-2.5370699644071752,4.7796214741613845
07337,2006,0.3725093115702426,0.011836920617907587,2.315982698098601,-1.8741555149591562,4.4526000222440185
07340,2006,0.44284695451406786,0.0210716972872807,0.9981088546310065,-2.0059049496872294,5.175539391556496
07318,2006,0.2917054916375152,-0.021630988678814855,2.110338428445934,-2.290044724323049,5.274953271028036
07235,2006,0.4417749928633508,0.06299398349772528,1.1190789967651753,-1.4137189812085205,2.7575814052557304
07211,2006,0.44388817162423316,0.10249327367121752,1.8390304357355463,-1.5780094735769798,1.7614459348825489
07233,2006,0.41888039103155256,0.08973105864025532,1.0179079283315,-0.5633861213334326,6.261518006821205
07143,2006,0.37935950014555947,0.011094455579771123,0.2581342756068168,-1.9680951223130967,9.3190632443964
07319,2006,0.3576108456995477,0.03051160447415241,2.1122753972732675,-2.338554889016861,4.188445474009338
07320,2006,0.4578823306724636,0.06925658097851356,1.6022057131142662,-1.4788604256620068,3.2148931756896912
10042,2006,0.4519360277370404,0.05159681368447788,1.3867332589613062,-1.4308777002640443,1.7303893012621754
10043,2006,0.5216398111787509,0.0958328936368954,1.3311715578233718,-1.5635852606657106,2.554637807166064
10041,2006,0.558856971585307,0.10882483445656671,2.109666362195708,-1.5597973423900684,1.6990352680689549
10044,2006,0.5207903845530766,0.09730597318208578,1.934924746283007,-1.5371597162319124,0.9029970107107007
10045,2006,0.4701147034289786,0.06504442522604886,1.6743364000929764,-1.4961324111108794,2.9816130153351583
10046,2006,0.4341131906278341,0.05382887089283045,0.7128224331734858,-1.5608417178353384,3.27551904436721
15081,2006,0.40276426449799585,-0.007773772164626269,0.7855986201173568,-1.2328562219324484,5.138267709333697
15082,2006,0.38172677247676046,-0.050429049669296955,0.52865548912208,-1.6868789369715567,4.024457723709482
15083,2006,0.3799213178084898,-0.007890358249588947,0.5100249704356643,-1.5177725539206999,5.649032870428464
15084,2006,0.27691407377499394,-0.13552387051076975,0.3687055122156385,-1.8782133464547952,9.027951389313577
15001,2006,0.4089771822265678,-0.02157988332302102,0.18959958859326398,-1.877586370025116,2.9851956108113744
15002,2006,0.343698308351531,-0.0817151974467688,0.8441807049539889,-1.8165408753802306,4.720113396117625
15085,2006,0.4024335697987943,0.008589493637325418,0.7202629059246768,-1.5391536698747774,7.203722842696026
15086,2006,0.4149314581445153,-0.02162882653424336,0.11089133419719711,-2.010822688679925,4.856072945441358
15003,2006,0.38727928911454346,0.008288862062386493,0.8302920200831728,-1.4391536718007067,2.728384026284638
15087,2006,0.3155419739453057,-0.06781779897424423,-0.04598344276838078,-1.786885999710404,5.855731739598915
15088,2006,0.34832437105448544,-0.07881357009372586,0.4830561476712613,-1.867553207357103,6.011304673532888
15089,2006,0.4173063354839606,0.0031823100295550466,1.1791009783085322,-1.2773599867855998,4.046181123957136
15090,2006,0.4232396797431066,0.012539183006286037,0.9078953668117885,-1.1528662007539983,4.241951960282169
15091,2006,0.27812305338915666,-0.13627091072797626,-0.9055940773482545,-2.7375150397104124,10.400905964211045
14625,2006,0.10765885872656374,-0.2650466824845748,-2.5363288546010123,-3.7624773344060873,17.68474009632072
14511,2006,0.033609911723881385,-0.31384823202150564,-2.2083611554477223,-3.5048265288857867,19.93993130939246
14612,2006,0.057334955388398154,-0.29342134215936805,-2.434400391899465,-3.8660250537915797,16.74268815614372
14521,2006,0.01586043132420355,-0.23530693902026334,-3.795112182920608,-3.7817737507781604,23.55675780472211
14626,2006,0.06125213042943378,-0.28268332153664827,-3.478921695729739,-4.143027412112427,19.373977020662267
14713,2006,0.33968077160708204,-0.0867647970870376,0.05347817039822892,-2.2871619489748163,4.823943059749113
14729,2006,0.21025282313890345,-0.22032106295334922,-0.3441023463110535,-2.3367997221688075,8.910278884363786
14627,2006,0.10746412099147441,-0.32160413716481423,-1.5056540135886227,-3.3412867179452403,15.047110902369106
14522,2006,0.05358148817960233,-0.30557296126134337,-2.268251285272105,-3.396788719044289,19.115019488772234
14730,2006,0.2812026075478293,-0.16582933964980828,-0.5395312727296896,-2.5277442733571522,9.42601895760354
14628,2006,0.05188000978388882,-0.2593149979552877,-3.1868911980703647,-3.8425267845841775,20.683612825566176
14523,2006,0.04766142251545196,-0.23555132608224827,-3.3237416886190165,-3.7634627910043634,19.98855972196816
14524,2006,0.10302535726293661,-0.2699451087952318,-1.8112625942663827,-3.339190000492536,16.501683710622128
01051,2006,0.48335767299554,0.07490365257008547,1.7661086983569385,-0.31499767024363035,3.75989754417251
01001,2006,0.4380662921292989,0.05150671323923994,0.6912895482820219,-0.8567071762301973,5.0092337210696725
01053,2006,0.4231069610958646,0.00564309493791465,-0.023498602894332518,-1.5569652249630141,5.26086051214668
01002,2006,0.3772013795101644,-0.029377360832281818,0.5660183078830878,-1.0727292311741246,3.296559858462748
01003,2006,0.42664018093654965,0.01129379091924515,0.8030969058256301,-0.9148971378585513,4.174055658627088
01004,2006,0.41358583372502555,0.024642580453012708,1.0826769675944825,-0.7344385811085263,3.1523712599226545
01054,2006,0.521945871267231,0.08007274109228829,1.5274780782477442,-0.6649862250854843,4.085342036207809
01055,2006,0.48320016818450295,0.06168030345218939,1.4634182015607524,-0.33742453421045804,3.906749914345918
01056,2006,0.45369385362911896,0.017052876977589226,1.2214541038468334,-1.029857141831147,3.148450335863015
01057,2006,0.44661496381177845,0.02606701896943442,1.0245016152577882,-0.4847456246004509,3.3209544307974745
01058,2006,0.4832503290718198,0.048008090763440814,1.0647815336147155,-0.6147337761202376,3.407892281420035
01059,2006,0.4793810593618949,0.045302425164314764,1.3577895896574887,-0.3979846666877269,4.101024335717076
01060,2006,0.4662275295849208,0.04540244534887383,0.7996706178360614,-0.7278318865207766,4.054999108215558
01061,2006,0.4858370944506672,0.04438837279408331,1.4677211120251445,-0.5720891940039838,3.213448475235523
01062,2006,0.45098136755552426,0.026688959170084237,0.4294824039551368,-1.1647803513119743,4.878825662947678
16077,2006,0.20321530517580408,-0.19819873615942937,-0.20318065478925057,-2.07113079339957,10.992413062909057
16061,2006,0.18563934908947013,-0.10734484132457053,-1.5002937135789878,-2.376843459533668,10.229264545259756
16056,2006,0.10134705406157342,-0.1881788788011708,-1.430879665796266,-3.0556510564591957,11.629109779216055
16051,2006,0.17332199743645604,-0.19331009121932735,-0.22251931112005469,-2.6438719123131467,11.422960700567444
16052,2006,0.1718135793301497,-0.2291935033637388,-0.48129397052465417,-2.3245624886202054,12.433064683531741
16067,2006,0.1514572650731698,-0.200877576243007,-1.121268625556653,-3.084855429344639,12.895586082725718
16076,2006,0.12404200280079627,-0.24737223925792876,-1.6155666357502354,-2.889329403633137,16.29292334326492
16069,2006,0.14948583906547885,-0.12109556804575061,-2.21527170962442,-3.1484174257490256,12.481477979361639
16070,2006,0.13240238811529853,-0.22586031336483886,-1.0610497905692327,-2.954846544865256,14.928970947342798
16053,2006,0.24573203361744553,-0.12065609235739069,-0.898838082854903,-2.7673645691165554,10.210736418960412
16065,2006,0.2753317110159454,-0.09097597870424662,0.06542951679231224,-1.819275549147512,8.028229621828203
16062,2006,0.22267246072177935,-0.11561550458923894,-1.2785634558609338,-2.5027561258969735,7.868628011138259
16068,2006,0.2665157605150609,-0.12632977980275972,0.3427388094919815,-2.286847264776659,8.360875634211936
16074,2006,0.20647571757461775,-0.18044580211370392,-0.762089151837786,-2.6289404221997272,11.986131909271084
16075,2006,0.08226291792491672,-0.22052116267173236,-2.5812643230405388,-3.1895311401678343,17.063768942885723
16073,2006,0.16333661753592982,-0.19214126433301093,-1.715390458842223,-3.0258839708206526,15.139484680544866
16066,2006,0.1521038536417251,-0.1019977962250447,-1.90720799588814,-2.617301788585012,12.03614599057682
16072,2006,0.08264885615747995,-0.14665898739161054,-1.8752634057988773,-2.4403263305687197,13.085438184557335
16064,2006,0.19071308416201035,-0.13013829683116576,-0.9042570952852057,-2.6744076629985503,10.547806510708957
16063,2006,0.1769994168481942,-0.14467042210074127,-1.0630167701111068,-2.3890075275330744,10.785021896030843
16071,2006,0.2429008670818857,-0.1341665602021148,-0.4772274332071823,-2.5021474619147295,10.795659586252263
16055,2006,0.24104914581914183,-0.14600400633804433,-0.44675761514057494,-2.636949166045633,9.496623802627672
08425,2007,0.5439797501097547,0.25518751646398885,5.394613106633265,3.879498814534682,1.5247671369568563
08115,2007,0.577149283065357,0.1812575291956846,6.378897861428991,3.5147786889135624,1.6549069537227847
08211,2007,0.5016396393042372,0.1059245368700028,6.679718744273216,2.131205389431166,2.1948204826368456
08426,2007,0.5659544135913593,0.23216709068713004,5.135007440480474,3.4541005157118283,0.8941436234407778
08435,2007,0.5583256977147066,0.2244446666740894,5.8668482687816255,3.5112249211985334,1.6404392874283615
08315,2007,0.44360098593551034,0.09390539661607084,7.666803303168582,3.0393428943377776,2.20481597990413
08235,2007,0.6055916218083544,0.20478322095735807,5.7460885880288215,3.6301158656001147,1.5360514729945847
08316,2007,0.4731401163615641,0.073237103685385,7.970569680314102,2.928583004861263,2.1910502084240653
08236,2007,0.5856644953304498,0.142759203508807,6.121602596229586,2.8254429058705526,2.0132769005111726
08116,2007,0.5333203968932616,0.13305026734975084,6.472041912050302,3.0644753471347217,1.8396837928762872
08311,2007,0.5025571057076977,0.07827340200659466,8.11665442525744,2.9541380667169177,2.995846726136733
08237,2007,0.5873835839008537,0.21749467733118705,5.649843308800889,3.4726138402355566,1.9739060641744441
08117,2007,0.6025342365572752,0.23291850645807716,5.8544578771445375,3.6392871099603066,1.3444362676909547
08221,2007,0.4833198669157123,0.11199051748084293,7.733809143113603,3.0126087364841236,0.4737098819627354
08135,2007,0.5503186742550863,0.26640470919360093,5.0271211028344,3.762837204631164,2.0460942116808045
08125,2007,0.5422657514643484,0.15318202266704145,6.26726849678827,2.806422778025413,1.7419241735715676
08121,2007,0.4947353272069308,0.1373983877707723,7.423163462438553,3.5585651495345996,1.4459421510811574
08126,2007,0.5899154863417174,0.176600793911599,5.455734215683088,2.65524618619242,1.1115529304682914
08215,2007,0.536238853362814,0.10907503374353678,6.362532934470003,2.3761172045961656,1.506834936898663
08212,2007,0.5073953816732094,0.10041713285187642,6.663951455380983,2.3639775209461673,1.3246355324932049
08335,2007,0.531655194972535,0.21121318418186585,5.77744160346387,3.36966615077292,1.0587404817484025
08336,2007,0.5175533689696894,0.09158049544000013,7.343340052261556,3.050859329770753,1.4979031323390366
08118,2007,0.5483573960658992,0.15394167054945374,6.377317853229804,2.596538005335777,2.500852757248438
08128,2007,0.5537830768454228,0.17223841414149987,5.081851829658215,2.5963281875711077,1.9892767601116008
08222,2007,0.4707196079716968,0.11297910771518,7.478846732450683,2.4159018193911495,0.1797531287502143
08225,2007,0.5774393075907448,0.19464603317221268,5.096965869264223,2.7023016778494138,2.09266029073274
08317,2007,0.4843756394885648,0.09733315539141935,7.402046198261194,2.796776577912407,1.9262558257993005
08136,2007,0.6067777002299192,0.2506669956818648,5.421702972820349,3.690405613893595,2.23464301159883
08231,2007,0.5590252911962257,0.12221019517704412,6.519271902640629,3.1088473379414396,1.8914782956591318
08216,2007,0.4814463569038923,0.08944986646645176,6.840815595256595,2.4597639344383717,2.1724641798920326
08436,2007,0.600208117148401,0.25809055426353217,5.902933156125093,3.9215096677409527,1.9520905185454114
08119,2007,0.568218255263558,0.14538654332614337,6.217117636817685,2.755889004683845,2.4602386940335506
08415,2007,0.5251781947660519,0.25494279780605245,5.309844466692729,4.086333837804192,2.3041613458442076
08226,2007,0.5313999691511554,0.12365959192289472,6.760898791447661,2.827786518286446,1.1241365544637396
08325,2007,0.5786605544569203,0.24687367320711928,4.7822195078989065,3.12766588683475,2.2056182901505177
08127,2007,0.6179318849893745,0.24320810526130443,5.074024048434881,2.9772579211082855,1.664614370822074
08326,2007,0.5622956247085248,0.2619568479608914,5.316978465826527,4.160506243545157,2.369085090179125
08437,2007,0.5435224860952607,0.2475929508819784,5.091876892541411,3.816297349030901,1.7445190655038512
08111,2007,0.465369017999527,0.10214180375306536,6.684976114897822,2.668471828163102,3.2806143485431547
08416,2007,0.5798498158716636,0.16587568568238142,6.557885797010605,3.4330469533030583,1.1602587890441978
08327,2007,0.5394191781905742,0.25469662553849276,5.649301923111524,4.416435186678502,2.0059980963633977
08421,2007,0.5161072129375798,0.23660809617280898,5.428190561590418,3.6395722933905077,0.8672141307716149
08337,2007,0.5368576522121998,0.22587057933403631,5.616904156329751,3.5396352648491787,1.9541022010244975
08417,2007,0.5657352271969256,0.22467895140023125,5.33660612024965,3.257068066291888,1.8523288696467735
09771,2007,0.5640073401613179,0.23229874794440125,5.770161897666787,3.900102488725121,0.6123056575516224
09171,2007,0.5712497561049987,0.23122703001976153,5.677582104036255,4.2128492988625705,2.552681279259744
09371,2007,0.5535298772340033,0.24714862957335093,3.91412119686138,3.4960920321622693,2.518746419158933
09361,2007,0.5681682187459274,0.2450851732033264,4.771988576437494,3.845858521428542,2.246920192822711
09561,2007,0.5458221888062027,0.18695994333393978,4.406095059444714,2.9049664864443154,2.024173950890429
09571,2007,0.5687350046291966,0.1959405795411887,4.969602382120052,3.197941378360542,2.088053492203018
09661,2007,0.5351993155116777,0.13338481995293933,7.631576313741439,3.3555537211532096,0.5712506671410781
09671,2007,0.5565781916302115,0.1437369762412064,6.780153324589325,3.4881110365487147,0.5262580427746298
09761,2007,0.5071479051174472,0.1862426147946981,6.204113842560928,3.6321747168128855,0.5344162673834286
09772,2007,0.5509364493441049,0.21015154945393338,6.047429279912545,3.9921153191459675,0.7266862819336324
09672,2007,0.49797900969497316,0.1574571441516029,5.87462035207555,3.8275124288287112,0.6113812717619669
09173,2007,0.6076261424982131,0.2762544460974455,5.957995336284083,4.2263796139988035,4.564530592536388
09461,2007,0.5155877132375358,0.16678590395235204,6.43052477794834,3.6876119268946908,1.2471115840681057
09471,2007,0.5599019229692435,0.21367766986376674,4.939554484516169,3.2262929130472435,2.1834899323854957
09462,2007,0.5071918487125401,0.18671141269160924,5.170504180956022,3.687708156095728,1.5373904807009238
09472,2007,0.5083247102818204,0.2342468047390775,3.737596861161921,3.171940169770499,1.9546809845381763
09172,2007,0.6239805128614911,0.21347884590809424,6.639341573543371,4.639988986591301,0.7845368533992263
09372,2007,0.5984620468504536,0.27004786016665033,4.507109441491397,3.9982213979675936,1.993034480568673
09463,2007,0.514031573145976,0.21412016773008624,5.976043873035624,4.423683337417529,0.8977574596898744
09473,2007,0.5345215514686397,0.22409877118853044,5.105792774857812,3.845332355830416,1.4282784238786632
09174,2007,0.5472884344827571,0.21718626120581425,5.3835362243180445,3.6961417367274523,0.6685913098726254
09271,2007,0.42931629831720064,0.19638410950543517,5.223696603680503,3.9023059708952137,2.2222257518000847
09773,2007,0.5461930158707295,0.24296103472119424,5.244375992536206,3.481210719755738,1.3950936828702862
09279,2007,0.539603003121049,0.23100724762736546,5.40508345057863,3.8823833682821682,1.8558807982096956
09779,2007,0.5400846969785053,0.22122100549466273,4.856740881274268,3.0122543807124393,1.5828285062868246
09175,2007,0.581347810227794,0.22354474926754897,6.58906717065005,4.595159312607837,1.9869505663503422
09176,2007,0.5267480610576907,0.23746571198515648,4.976813391371155,3.7172278809934243,1.1715326081566595
09177,2007,0.5628199283827816,0.22332387515446012,6.495011573404991,4.76167037146176,0.8189808460644027
09572,2007,0.5697897570905277,0.1944650109722066,5.70432609909704,3.4630708639479177,1.883447169530487
09562,2007,0.5225411368568349,0.1773299080287571,5.2669172739778,2.7521152236651867,1.3189080192337526
09179,2007,0.5646352684492453,0.22181747693874132,6.3374563189394895,4.392506499792263,0.8658137071615029
09563,2007,0.47619883159205656,0.14659036871745484,5.4916813843636225,2.5532940783304165,1.0478272198257146
09573,2007,0.5717274299006606,0.18528880500508943,5.289373755204628,3.1137361239531263,1.8078696225576096
09474,2007,0.5352603963613761,0.2189469549762097,5.287963008447262,3.5372861858144766,1.9826096745143458
09178,2007,0.5516704027039039,0.22394526945759297,5.560631661666217,3.772002618791787,0.8292342392187885
09272,2007,0.554521114710961,0.3329762731278757,5.923096061284011,5.846224580480894,3.6081621584977297
09774,2007,0.557469645450018,0.19871654462139726,5.505493056527617,3.512436131211179,0.7720614705419524
09674,2007,0.5595590745470771,0.1996931039713002,5.307936441668262,3.2323328373678595,1.456633992781186
09464,2007,0.5318794024056563,0.34121533238054075,5.372283019594763,5.601717938410836,1.6920571516361955
09475,2007,0.5340904504202749,0.35423871091781983,4.540380304906104,5.028040172000924,1.94868738133489
09161,2007,0.4922571506901856,0.19846154337156213,5.984082519973759,3.8624884430155366,0.5024561950697874
09762,2007,0.6443221944471749,0.256485695790076,5.7421817133143485,3.965119427533801,1.8591160220994474
09273,2007,0.5554241590509977,0.2561535688389926,5.5338699962680575,4.277502074974519,1.3807719148037811
09675,2007,0.530534263896568,0.16534738450335223,5.230936556795561,2.294186245569543,1.6936623936743744
09476,2007,0.5363130987557375,0.29001820121706784,4.537340742432365,3.9080226733670393,1.4731421016428299
09477,2007,0.5130873444015943,0.24284462726877265,4.127145199130105,3.399566558275078,1.6753732711235156
09181,2007,0.5681511821007021,0.22687996080769113,6.025400410432754,4.230204500618957,1.916905670075995
09261,2007,0.5308664115215822,0.21077823108462146,6.043284025803985,4.197021341798822,1.0377714542459189
09274,2007,0.5864254458610018,0.2585193993461348,5.740615294293644,4.429786420067192,1.507145279895803
09478,2007,0.5422616303471416,0.2080316912687858,4.617757796348097,3.3257869610573714,2.328200357509121
09183,2007,0.5839895117495553,0.2384032252846739,5.716224475137919,4.255105747762917,1.8036986360205907
09162,2007,0.49160488442047245,0.172767904238332,6.886060823873437,3.778803934734238,0.8591338304354413
09184,2007,0.514335913485026,0.2061486573640327,6.332358623658152,4.016629720959197,1.8790437255599004
09677,2007,0.49933485866674965,0.1431817562819543,5.960125930293463,3.45415616022007,0.9348798351028905
09764,2007,0.6010254202426146,0.22012146571175573,6.341930184013962,4.3844119468725316,2.449789944436915
09182,2007,0.5786983724774932,0.2727830650029869,5.83271430818461,4.3960257598391,3.6913300616584883
09676,2007,0.5714565521523104,0.1549182916545216,5.611972586123434,2.775413565354686,1.248363507040532
09574,2007,0.5475534267405681,0.25231635521814655,4.49274522366914,3.401583826779266,2.256488044347609
09564,2007,0.4236827403912031,0.12425707032994537,6.15265029112415,2.9577786651750912,1.314577253354049
09775,2007,0.5402802666398234,0.1911787171259895,5.706224302645354,3.5826281864013536,0.6986827323119472
09185,2007,0.5105571743960415,0.20731291698378568,5.867824774963245,3.9317547907210137,0.811116405357777
09373,2007,0.5187397064577598,0.24482845302664963,4.070991750300929,3.330741955947664,2.417746396250368
09575,2007,0.5771962093608846,0.19918034043132005,5.591360011060666,3.1488606562030856,1.7964600405981108
09374,2007,0.5185623345812671,0.2679440827509957,3.4393165345318164,3.2033324580087035,2.2459416201619815
09780,2007,0.6402783758673902,0.31233114294989506,5.826837280366722,4.670179347404068,7.743801652892563
09777,2007,0.6020026674557366,0.2361262412311086,6.325093715839754,4.517649240183647,2.254136363636364
09262,2007,0.4896980533976509,0.21963879119643598,5.085691279142952,3.5719174267700757,1.8204477476660927
09275,2007,0.5141217372387249,0.24175418337148513,4.901011179557326,3.598070755135061,2.4052834781363632
09186,2007,0.5382630041050703,0.21046137989989638,5.8164411643769265,4.008481630360334,0.7030407286903502
09276,2007,0.6073465961962938,0.35084237020782894,4.989449862637389,5.377209920948758,2.84375
09362,2007,0.44273653747613256,0.20745031354355511,5.777613520014772,3.9880636679242603,1.8462539979055217
09375,2007,0.5058585893062072,0.23817189971399827,5.316231238542989,4.249850221287595,2.1878795755522886
09673,2007,0.5271946109134555,0.22378535176125863,6.148135282016572,4.572175506038749,0.5414171400325192
09163,2007,0.6204840918160662,0.20880771494482192,6.5496118050029715,4.270273156769768,1.4257689513199323
09187,2007,0.6578430821113714,0.23461787161200748,6.193215056934894,4.321491159242746,1.3034865153113229
09576,2007,0.5531071489833205,0.19255575671410047,4.611780908996192,3.024226270785666,2.2200464975330734
09277,2007,0.5836611443214558,0.25085471885163935,5.388690234377009,4.186900087411468,1.9355362575596995
09565,2007,0.5470563700841621,0.1653337343495922,4.976998393699433,2.687403201520003,3.326236348018162
09376,2007,0.5524773392274029,0.2557053611186295,4.395375598173867,3.7901247295790075,2.029805413925148
09662,2007,0.47840808163238063,0.14116393388865456,6.455712921879772,3.0372559521853315,0.12609695833688334
09678,2007,0.5314614268765879,0.17752387103159728,5.7245044607488555,3.109014637107506,0.8120357947194411
09188,2007,0.5884742787263095,0.2246942757700255,6.173200832035579,4.143326226022982,2.776875884001045
09278,2007,0.46457136753127626,0.20510125587521894,5.040867670112204,3.815224407969468,2.5375448927567947
09263,2007,0.37889066042372677,0.17383919300958625,5.382025204850657,3.828868450140148,2.250945376401406
09377,2007,0.5128799234602084,0.31167367715091765,3.7550777812072953,4.028861365909451,1.5345262787703227
09189,2007,0.6099116780499694,0.2481724366320714,5.785979048624934,4.384149811078907,2.425575561877454
09778,2007,0.6215436617534328,0.23141926036714489,6.29858890437311,4.38052396366464,1.4733366686032754
09663,2007,0.47524458422868854,0.1290659034425244,6.195599546039315,3.068214663196547,1.7082011496058038
09679,2007,0.49876775841587956,0.15602805441437306,5.158803237903423,2.506274836155361,1.6385895100346812
09577,2007,0.5537819817081522,0.20350528540949225,4.568308808747562,3.006616912937687,1.8032029214295229
09363,2007,0.47777828690814184,0.1808227036960836,3.5778121985222366,2.4845702217093386,2.1302873256611536
09190,2007,0.6023041846192613,0.2066065022734741,6.857438411078754,4.666413747614557,2.295918367346939
09479,2007,0.4708560299016133,0.3024825266591286,3.6685407502523986,4.425968540013815,1.8110296251997802
11000,2007,0.40785263278855904,0.07120793086102911,5.048176952149322,2.927765280967249,1.477911748315518
12060,2007,0.46982568835858346,0.12741014874554651,4.3788874795688075,3.3281024670727257,1.0916366154198185
12051,2007,0.4604531193838748,0.08926883186206652,5.023768112432635,3.162907147193568,0.9229053201636973
12052,2007,0.5092062579423374,0.10374377729704753,5.268812574849129,3.352589828210041,1.3035736632282746
12061,2007,0.49916714792138034,0.09941682283912529,5.313782332479318,3.648941576819251,0.6255669548208393
12062,2007,0.537271879590412,0.1049227657782899,5.413413916839156,3.5213685189831807,1.124374927656074
12053,2007,0.4573726962358627,0.08069729057856606,4.162387677357295,2.840641247356495,2.5075699334747896
12063,2007,0.5280681762263139,0.12341802867372098,5.114802294596512,3.2376393408233715,1.7695647841406053
12064,2007,0.4588067009713383,0.09908161422130896,4.656231418754164,3.1608192768468824,1.1936886953475547
12065,2007,0.4901470821024469,0.1249297846979513,4.621547424061784,3.434953469607499,1.3003938344941819
12066,2007,0.4981202069872298,0.11866610644834319,5.073812792458657,3.42106222219098,1.2684499898730761
12067,2007,0.49946359330620793,0.11358597709390372,4.521591506502609,3.2989030262781216,0.8855055254081865
12068,2007,0.5243917447338039,0.15378684191138486,4.64766870957284,3.434181990160474,1.900020153093209
12069,2007,0.5332404285574743,0.11750404838668477,5.29304447392624,3.4349976896936605,1.0745727422573095
12054,2007,0.5150867962531152,0.1053814082224186,4.791006170120181,3.002951237608822,1.9833688421235711
12070,2007,0.5761350030261724,0.2006517524317748,4.682901933655847,3.3568112214224675,1.8037790919989396
12071,2007,0.5081676385047819,0.11580894518956641,5.071005837733078,3.439592254890813,1.454295139535502
12072,2007,0.5114259606309886,0.11660185178179577,5.1131343591632525,3.55315545011479,0.8936778403593187
12073,2007,0.5172070018164542,0.1662787598918915,3.9885453352849303,3.214992526037472,1.5528126332332943
04011,2007,0.47962546239532916,0.05306703933192103,4.717862869816384,1.789567341384939,1.5465135356849877
04012,2007,0.5041606874255481,0.10610849412235385,5.659660238751175,2.4916191329479,0.0026350461133069825
02000,2007,0.47036680157156724,0.09332627476301175,4.174294426602445,1.791222664469546,1.7245271540157963
06431,2007,0.4929269985006036,0.11819862197364928,7.395857979777299,2.900855129013057,0.6749387469373469
06432,2007,0.5393954174250464,0.13475261271890354,6.965625731435358,3.1158427875543246,0.45500558785895934
06411,2007,0.49193561472792124,0.09418447763292376,7.828826559583555,3.4491443406382647,0.8792218513334048
06412,2007,0.451401161475788,0.09040710424281523,7.662183952671267,3.7635057111473937,0.18883247448721852
06631,2007,0.6145835508472172,0.24848826147360492,5.706218364838129,4.118224828296888,0.7509431847895112
06531,2007,0.45119683943957484,0.07795310582739584,6.140068857708244,3.543166373286816,0.5896974476298765
06433,2007,0.46148456100741503,0.10748212945847646,7.2276734092789,2.774720161125682,0.5934787754457944
06632,2007,0.5811383157901618,0.23827111671796442,5.202264263982757,3.82634990974622,0.9789542157596387
06434,2007,0.4918626883687014,0.10950483267363853,6.672299803368762,3.974211468505327,0.662155583682212
06611,2007,0.4189584349065489,0.10675442562436166,6.3195061404897785,3.8108696087494587,0.24896415060349492
06633,2007,0.47338920544588925,0.1337451006428313,5.822448559217108,4.170809266368693,0.7927583506204658
06532,2007,0.4910306331325466,0.1255862009954869,6.048873880948885,3.565771558028865,0.5190588853838067
06533,2007,0.48799556555605345,0.08787257824003525,6.778201029957054,3.899192074436867,0.4281087243166811
06435,2007,0.49644683488336483,0.12625896281500815,6.598285338772547,3.5466727706654537,0.3540462427745666
06436,2007,0.4349493519358155,0.07487759141716427,7.496688893918306,3.513221442516346,0.23975511610699493
06534,2007,0.4155527444007517,0.051912160060263224,5.457852746722227,3.6596822066043675,1.1563420815847127
06437,2007,0.6246330652983045,0.18166635849253054,6.003908961318457,3.2104100439329404,1.03624599615631
06413,2007,0.42804158135960335,0.05489558817803758,8.68338500355829,3.8828988062555787,0.750210260723297
06438,2007,0.5288907769866846,0.10313024203565135,7.586070425001139,3.6007883157216223,0.388326659075498
06439,2007,0.5708900211281265,0.17310764325458805,6.41320578637308,4.001200966796708,0.30067830988212385
06634,2007,0.5140324411703655,0.16487974185213405,5.63452470454977,3.750878978574013,0.7558271935393155
06535,2007,0.5605039265251852,0.19374756510387592,5.256253618497279,3.6494328749215117,1.2040955644984734
06635,2007,0.45302932891416153,0.13797007775459902,4.29173708585915,3.343450345391356,1.1726174500027096
06636,2007,0.5220881904744715,0.20547353887175202,5.623586795563399,4.082613310711537,0.9007502094574571
06440,2007,0.4977733865752756,0.11658786483492495,6.494690800780927,3.3441057806553993,0.6067686584901766
06414,2007,0.4417312216719995,0.094878976228291,6.621063570796032,2.730827328872485,0.4387008940476358
13076,2007,0.5754599105744341,0.19519160277688397,4.248684252948112,2.8076955268093204,2.2436307058125795
13071,2007,0.549429963376969,0.2034655971858812,3.5765003459893894,2.8159552671035466,2.533673914452233
13074,2007,0.5867801492994164,0.19290793714072657,3.9933886425060203,2.541009343822278,2.284860593155607
13003,2007,0.5495135881127878,0.17081708729190825,4.100659235718608,2.317269178435675,0.9357502919146751
13072,2007,0.5729987049424057,0.19684251436958056,4.033696063146978,2.8640799140430424,2.0335919519071926
13004,2007,0.5760060282699168,0.20855932650409992,4.091570966902326,2.5674693792903995,2.4175680859225164
13075,2007,0.5332506607216458,0.17045702129998175,4.1934757319730815,3.200745238987651,2.3598925271461675
13073,2007,0.5604185385537424,0.1664161794214386,3.9167936466534776,2.649303739882339,1.5741471525264652
03451,2007,0.5108613875693857,0.028157491808474655,5.459567162564785,2.745883385077996,1.2223845075473547
03452,2007,0.5239787046973818,0.05735403797695593,5.5378124109455635,2.3518108233852044,2.364559434874094
03101,2007,0.45471347419054936,0.0947033131060343,5.18824010769176,2.7615728827559356,0.7168549642700308
03351,2007,0.4828332949454429,0.1020191632277318,3.9224786678217334,2.1605818661661376,1.3722989257820586
03453,2007,0.4726801499757729,0.04521969009334975,5.096769316873476,2.502492232801208,1.1227033383688916
03352,2007,0.5537752595795278,0.09660162897246066,5.135491735252702,2.6183953155584323,0.8846735362809687
03401,2007,0.48078728934214354,0.01840556217198014,4.921269151601887,1.8806049603140025,1.2191416309012877
03251,2007,0.5091245262557162,0.0634407577459643,4.052599474427554,1.6367109571105538,1.425044400984077
03402,2007,0.5375950107207137,0.14055636399559068,6.6199031951506635,3.004574013892882,1.8196430218614519
03454,2007,0.47123169806564236,0.0502166394822714,5.3466786264687,2.3256507813460563,1.2678366939326489
03455,2007,0.5402352538219557,0.04972761082505667,5.262184281652958,2.3286483868194323,1.4451872120813278
03152,2007,0.5401529083088957,0.1923808466543741,5.11912160087075,3.645975114954392,0.5670405297743824
03151,2007,0.4732420628169456,0.09299104516036477,4.572589016810513,2.7202193839420694,1.3582806099389038
03153,2007,0.45120035502649936,0.11136181072641832,4.920928583212642,2.9522968925466366,0.5187785244134575
03456,2007,0.5111147638285305,0.05400059548752406,5.2047781288060335,1.882484481486923,1.6118341496974777
03252,2007,0.3749119982097433,0.02369809801939271,3.834776477453409,2.059566849985659,0.8774550476313694
03353,2007,0.5110842272827639,0.11094959908467272,4.128031170516053,2.3088293668456616,2.161190984608951
03358,2007,0.5193698179095718,0.10878841219475538,4.037551119478612,2.158034120650969,1.6681418399403165
03154,2007,0.49352471069122034,0.11521103949986305,4.957426869346363,2.86734206536255,0.49386134585149055
03254,2007,0.43815716866658516,0.10195218615994839,4.531527134967814,2.4794591140497557,1.0854711740961378
03255,2007,0.39103390827855394,0.05473987518394241,4.053905688345337,2.5372846047798743,1.1371747966421888
03354,2007,0.5843499850069308,0.18007200319825206,4.937779752435351,3.0863525843765736,1.1435104778015226
03355,2007,0.538127052888041,0.1476240268678114,4.6519095290879005,2.8384295747369217,1.4911318960355306
03457,2007,0.5777573079974829,0.09734715254030452,5.709531581101279,2.582085136180837,1.617668400048373
03256,2007,0.5106213045117295,0.06376142691347836,4.155731252602038,1.6529958273055407,1.072946447051283
03155,2007,0.49185810729412227,0.16090437759901327,4.784739148782856,3.220690062051252,0.9152011985463296
03403,2007,0.4913182840596627,0.052897608637299476,4.793553637636035,2.0919674006338393,1.631578947368421
03458,2007,0.5210424447865437,0.06726049052351624,4.968410691420296,2.4843929164974803,1.0686262164738896
03404,2007,0.44400918126726746,0.05073247389338159,4.894170527865432,2.120864539284811,0.8721594421502928
03459,2007,0.49719131199338973,0.06319047424924429,4.486140696840742,1.8261541021372691,1.3295075969280625
03356,2007,0.5663844142845761,0.10309750418800451,5.17151311866911,2.707996054908101,1.1379666563941857
03156,2007,0.5394329294143745,0.2242836747077006,4.5721951221233965,3.528073555178993,0.8764290159125255
03157,2007,0.4384888173247717,0.08674001466651593,4.618230112029858,2.3111321706385595,0.8481852253279186
03241,2007,0.4856484436407569,0.08682529813751055,4.3783525217580195,2.0093262569503936,0.8414534864090046
03357,2007,0.5280820039822978,0.09562273569458857,4.39944221863927,2.1863850525894373,1.4767698572912167
03102,2007,0.4408022745117156,0.1104570367793059,5.173456163506692,2.899787864453263,0.9443441287465588
03257,2007,0.44304579556443713,0.03964148610986179,4.1238828416496816,1.7665841555438484,0.9443002507723885
03359,2007,0.5511606519752305,0.1242702439523734,4.488163476394985,2.235514153485783,1.1077827558176903
03360,2007,0.5117514421128851,0.15131286119004023,4.678730963135033,3.159853765895903,1.074304811553955
03460,2007,0.4984296164372964,0.07579117117655931,4.341069803417071,1.7548068870133071,1.2725676553301735
03361,2007,0.5518562133538267,0.1061799782739336,4.388474540562039,2.020855558444339,0.9845196217658906
03461,2007,0.5591210541208492,0.07388588994820822,5.085951995969654,2.2697303561080147,1.247830802603037
03405,2007,0.45151501386493864,0.011344671461781308,5.825733133372294,2.7545184369183096,1.4057971014492752
03462,2007,0.5501991861214048,0.06926246489678928,4.743843211809041,1.743157706509495,1.623330615986266
03158,2007,0.4775255307902676,0.11924968225561466,5.37161744719659,3.154081390493674,0.6065259453882275
03103,2007,0.49950501378408274,0.10997621871746177,5.320591561859727,3.2461349525988568,0.7674501036099901
05711,2007,0.36785767853122736,-0.014714957901978576,4.8050611942248675,2.341913475244545,0.3488731789876023
05911,2007,0.4510630060317745,0.028949728772582117,6.984452588950037,2.72201673694107,1.4074151218496145
05314,2007,0.5119356093045055,0.07989622944598085,6.862015437917681,2.579971835408929,0.4478378031566789
05554,2007,0.5041657817422094,0.02263844494889794,6.753369605034923,3.250142455249259,0.4412275587262344
05512,2007,0.42599665603576564,-0.009393616981714148,6.330590474358196,2.549803069552117,0.5514067914067913
05558,2007,0.47275017484250387,0.03138066704791409,5.856724008172927,2.577737247199739,0.5495517169947779
05358,2007,0.4688849573145887,0.05641724636975104,6.807086646629746,3.0730609897195476,0.5141365001445244
05111,2007,0.5073186272092725,0.07574234951920206,6.332231243227621,2.3580954651113695,0.4883853247008045
05913,2007,0.4488635089407959,0.013132584922239232,6.667373810299023,2.6683965973732002,0.620113050220819
05112,2007,0.4762770324730379,0.059228460062366095,6.403991895745679,2.2968302603553648,1.1037752728573984
05954,2007,0.4743504476339147,0.05573628486703924,5.7127936972004765,2.6816289627660166,1.0015312372396896
05113,2007,0.4917766547224486,0.0311892842862439,6.005954153538506,2.206454051289032,1.5279501361709298
05366,2007,0.5252763321102871,0.08372804174264625,6.736248893361848,3.150947107241975,0.6021013625531577
05754,2007,0.46813269177289396,0.023175989860020285,5.466575875267952,2.452363793620135,0.5097224854474078
05513,2007,0.41230332146589593,-0.0061914103421387146,6.8460443801071555,2.552159091027397,0.6806108897742363
05762,2007,0.3709884541608038,0.019955485497540892,4.393154871536443,2.855417572583042,0.8489821136325694
05914,2007,0.42188862034140445,0.018835649565256796,5.8746007383421475,2.620475282001182,0.37626774847870176
05915,2007,0.4377968532864678,-0.015456736045072195,6.3744376315487274,2.8723204892864476,1.298773124794171
05370,2007,0.5091036237567942,0.05135219512959838,6.852488578410143,2.9464310877243243,0.32567992879902363
05758,2007,0.4096157819934644,0.007402954726544231,4.205407292430494,1.9698037103398023,0.6100875090175061
05916,2007,0.4268465106884204,-0.0041836999022518695,6.8735900239727785,2.7626206995400757,0.29141607435757244
05958,2007,0.47508186419213416,0.14174256254577539,4.327071358820581,3.350871531342461,1.4214078884299957
05315,2007,0.4902166108588559,0.09515524912639212,6.630082991752406,2.394330133477877,0.5178019391554836
05154,2007,0.5104070515407618,0.036432757982120256,6.435819031275535,2.704716401473729,0.6304377571888915
05114,2007,0.49243731946346464,0.05843590469251031,7.003045718852866,2.603585932943301,0.7440156252365738
05316,2007,0.5056674731599495,0.07101350243490234,6.426319170823109,2.1410996863857017,0.20281057708298683
05766,2007,0.33903273116754845,-0.023143800821384453,3.976699700460024,2.2681872576923503,0.7396413672951164
05962,2007,0.5033636239903634,0.09151980019880374,5.041808837385895,2.549732329449304,1.030360165088037
05116,2007,0.5150893535020956,0.07532680521941759,6.908041830588598,2.8995369363185253,0.6275493616161261
05117,2007,0.4934536023677805,0.024371613651070934,6.116076689741628,2.114187330627656,2.7216338880484114
05515,2007,0.43979973037262465,-0.009248239127794211,5.987700587708944,2.64759364758986,0.549376644557094
05158,2007,0.5485716513940939,0.0940665039059232,6.215407050291412,2.566488254633598,0.7538210094158596
05770,2007,0.496641980347452,0.0638558554964157,4.238116802634385,1.6768240420526017,0.6639597328447765
05374,2007,0.5367325129835585,0.1354174135045535,4.177729154967078,2.0583758207419067,1.268458847357761
05119,2007,0.3847849713926699,-0.023459994435691356,6.841599686961348,1.923153318790332,0.7465522525283482
05966,2007,0.46455623800106305,0.13698075358914025,3.490933038421431,2.473968668723903,1.53602900679273
05774,2007,0.4256407119554009,0.020900324160806727,6.1399994041000125,3.79209406122083,0.352518475448566
05562,2007,0.4606806799557877,0.011323158728552551,6.689249242322752,2.9039249664349396,0.5303775996403566
05120,2007,0.5118028683569824,0.14326135884755853,5.2662122902950115,3.037570844496762,0.25610980917308335
05362,2007,0.45271457665746884,0.061365302085012174,6.726592458247233,2.7236876332290674,0.5411792461792775
05162,2007,0.4666919217058654,0.07090906297870292,6.7729016229393775,2.867177790254681,0.6764892984711564
05382,2007,0.5201463539920157,0.09051949243781776,6.626061372052029,2.782741119617307,0.4562031811756326
05378,2007,0.5744407632268319,0.11132072768049872,5.645513465735496,2.3224748597101654,1.192749826231086
05970,2007,0.4276120744324497,0.1083141135918671,2.455475795205554,1.3560827204495167,1.4411979547114682
05974,2007,0.5122704486904052,0.05457056692323714,6.004540137889683,2.9863626760389415,1.0006816674587364
05122,2007,0.5257473743691388,0.09453667328324727,6.518653342558715,2.641228125316708,0.8178438661710038
05334,2007,0.48026979674411663,0.06839376105829198,6.6918638704224875,2.7972968341520787,1.205050040849673
05566,2007,0.45243172627048917,0.01767944778760161,5.4101832269434,2.3671125892383067,1.0643248525459805
05978,2007,0.4849487481797904,0.04001167560181362,6.684709214355032,3.1695605762111247,0.755903295778
05166,2007,0.5218486642001136,0.060996861707927064,6.700207447238854,2.695177262331674,0.4256843049588101
05570,2007,0.4244404804035887,-0.018121400174079483,5.07367899378022,1.9261273981007911,0.7945859483092426
05170,2007,0.5219826544728765,0.0365033931284281,6.410993206943195,2.557574873182601,0.5286799315361574
05124,2007,0.5459218575658332,0.12639029440024035,5.888048324538211,2.707423491743394,0.6674913409203365
07131,2007,0.5567571846869533,0.11290004280862204,6.220666773416793,3.138732854144102,0.5033209898313058
07132,2007,0.5780481708783283,0.14910439056904656,5.896677854711472,3.3546897546181014,0.6508219821512446
07331,2007,0.40838703547929306,0.09164515748727892,7.019385149848805,3.0366135809122503,0.7414413392656276
07332,2007,0.453355594082464,0.0980024488844749,7.705168381310412,3.54181977619814,0.3361669292768172
07133,2007,0.5459179078782352,0.1530783501851697,6.269160981481154,3.2990163454846244,0.7610487018304842
07231,2007,0.5287582657397215,0.15961929688367338,5.921751743366183,3.5508865956631146,0.576603199923649
07134,2007,0.5683972015689341,0.20185522737419753,5.153066591010725,3.487573185525696,1.0573399582982124
07135,2007,0.5547639668520997,0.18454995459318269,5.282606775351817,3.1733096596743207,1.3218022526570492
07333,2007,0.5300655144076538,0.15378733400042516,7.233807619662089,4.117955870642817,0.513602183251446
07232,2007,0.5371081871281768,0.18808927907890283,5.566281302390632,3.559168133870619,0.5170921398045706
07311,2007,0.31242922964351755,0.04696685600872724,7.542159304986853,2.802858857563278,0.4188295046829133
07334,2007,0.41193486217532377,0.08844941614204277,7.300458323992656,3.1897830397765583,0.9318832955649078
07312,2007,0.526210241645009,0.13169531983789218,7.506617042915952,4.06130673513888,2.699862794420306
07335,2007,0.5791522898217475,0.16318839444102634,6.829762623966174,4.040508860966083,0.8855439893725439
07111,2007,0.4714178733974856,0.13608830144188372,7.104976882566748,3.3000412271314343,0.30053200169718325
07336,2007,0.5987043555327541,0.19677591024360214,6.064028380177075,3.6458178234577168,0.9652755609801896
07313,2007,0.46299314884849707,0.12023467935020726,7.321154391118929,3.0707233544259926,0.8493563245541513
07314,2007,0.35497697876770457,0.06467234188317006,7.8870288414177585,2.8572694266621497,0.18623751957085286
07339,2007,0.44606956351541766,0.10672118275062703,6.853394177853031,2.9707239518096453,0.8524001423994303
07315,2007,0.3707152750465112,0.08991517153083706,6.241398786708657,2.404797353242015,0.6749591903362716
07137,2007,0.591114849253084,0.17496035622544143,6.2902784606969355,3.217616084301943,0.5661646580950898
07316,2007,0.5158160661685341,0.11632583613692732,7.662390243918285,3.174083112689976,0.8677993097955933
07138,2007,0.5208963279994322,0.14758817890112697,6.132451218373652,3.0404009893555153,0.4766836849246869
07317,2007,0.5802377067909279,0.1659747575060968,7.268532851642064,4.13689305570947,0.5085586881472957
07140,2007,0.5733778265563859,0.20129051472898646,5.0213099597170965,3.0575068536254264,1.0390594567796312
07141,2007,0.5552348415869786,0.1474797284308137,6.185546002112088,3.725232433041011,0.4314852942745283
07338,2007,0.3695450341191628,0.06153442867156117,7.504920471005224,3.0297626289271813,0.4625553262727347
07337,2007,0.4710814067003929,0.11040901574805789,7.487920051255671,3.2977818381979134,0.7557758611973345
07340,2007,0.5969406417172013,0.17516538449041413,7.266373946479167,4.262360142160931,0.644242394456185
07318,2007,0.38144036356998007,0.06810388325365002,7.341368328882984,2.940985176114001,1.0862928348909655
07235,2007,0.5634961182419641,0.18471510887633857,6.063669358450047,3.5308713804763516,0.6046852951356531
07211,2007,0.4621126923314329,0.12071779437841723,6.941566638118718,3.5245267288061917,0.3764720700295987
07233,2007,0.5266314503659325,0.19748211797463527,5.159640720220708,3.578346670555776,0.6017833400774613
07143,2007,0.470696463725206,0.10243141915941767,5.287340014926596,3.061110617006683,0.8744487281284978
07319,2007,0.4143410132203286,0.08724177199493333,7.241522902289516,2.7906926159993874,1.0815111204707926
07320,2007,0.5544286341072951,0.16580288441334512,7.116249557871953,4.03518341909568,1.17977894331348
10042,2007,0.5543171840473606,0.15397796999479813,6.1508218478881185,3.333210888662768,1.335663503398164
10043,2007,0.6025975153122217,0.1767905977703662,6.940962860108543,4.046206041619461,1.0287832334233282
10041,2007,0.5960070686116681,0.14597493148292778,7.2651503076350545,3.5956866030492782,0.48975395946770295
10044,2007,0.5513441251816834,0.1278597138106926,7.223034029293671,3.7509495667787514,1.104398998422626
10045,2007,0.5629414835062525,0.15787120530332277,6.653336536763571,3.482867725559715,1.0845279986098442
10046,2007,0.5814070459649086,0.2011227262299049,5.948187228088971,3.6745230770801465,1.2710038425081285
15081,2007,0.5207263800288132,0.1101883433661911,4.964646071723382,2.946191229673577,0.9865917741611282
15082,2007,0.5353149909201156,0.10315916877405817,5.129665497460405,2.914131071366768,0.6094833072218842
15083,2007,0.4767448657336651,0.08893318967558633,4.860830372092319,2.8330328477359545,0.9967081745431885
15084,2007,0.5685450453785662,0.1561071010928025,5.350229772160022,3.103310913489588,0.4328092779091927
15001,2007,0.5390156952205655,0.10845862967097664,5.16409674806363,3.0969107894452503,0.9265514634972761
15002,2007,0.5295187910693312,0.10410528527103141,5.235682702339968,2.5749611220057487,0.7897847395733228
15085,2007,0.49832744311070853,0.10448336694923965,5.451650587091586,3.1922340112921317,0.9404175549726138
15086,2007,0.5552347546214698,0.11867446994271108,4.590748694184179,2.469034671307057,1.4109499479971794
15003,2007,0.4374092854005333,0.058418858348376346,4.866728588882079,2.5972828969981996,1.0688361156073087
15087,2007,0.5392883974560834,0.15592862453653344,4.953302813613051,3.2124002566710272,0.6785647442183015
15088,2007,0.5556053049126474,0.12846736376443607,5.157329033774768,2.8067196787464033,0.7482512742029628
15089,2007,0.49385970802756296,0.07973568257315738,5.411758344694356,2.9552973796002235,0.8412742961661838
15090,2007,0.536519906527214,0.12581940979039347,4.959883163845192,2.8991215962794055,1.3342751864850309
15091,2007,0.5062355950817321,0.09184163096459919,5.142779671444675,3.310858709082517,0.8758715425312747
14625,2007,0.5731252622011911,0.20041972099005256,4.659483142661959,3.4333346628568844,1.7631643365779464
14511,2007,0.5652056341165409,0.21774749037115387,4.572215790835048,3.2757504173969836,1.9942253621383077
14612,2007,0.5335265232199512,0.18277022567218498,5.04844327398581,3.616818612093695,1.4975109665335895
14521,2007,0.5325966035341518,0.28142923318968494,3.7179197941788362,3.731258226321284,1.8054714272240435
14626,2007,0.5679604051324385,0.22402495316635646,4.664977611363005,4.0008718949803175,1.8480041397085716
14713,2007,0.5500533991455671,0.12360783045144741,5.3748322181013,3.034192098728255,0.3998973812483963
14729,2007,0.5812020025294762,0.1506281164372235,4.99160303442091,2.9989056585631566,1.385314345181587
14627,2007,0.5726853980274929,0.14361713987120422,5.381570327738793,3.5459376233821756,2.3412679617073366
14522,2007,0.5657495138811438,0.2065950644401981,4.53571523610538,3.4071778023331962,1.9513867159583869
14730,2007,0.5555206375427929,0.10848869034515535,5.027432474878805,3.0392194742513423,0.973622678775478
14628,2007,0.5231008473081337,0.21190583956895714,4.387398879861754,3.7317632933479414,1.5862149946304456
14523,2007,0.5615023432582568,0.2782895946605565,5.238155481363132,4.7984343789777855,1.8483424181452353
14524,2007,0.5822490867475019,0.20927862068933345,5.8057050402849555,4.277777634058802,2.0011625771727073
01051,2007,0.5010732343523725,0.09261921392691796,4.325509708534196,2.244403339933627,2.1456561717605775
01001,2007,0.413011224117764,0.026451645227705045,3.473682762015566,1.9256860375033467,2.2900827437342604
01053,2007,0.6053866715585312,0.18792280540058126,4.061006703566408,2.527540081497726,3.451690437729198
01002,2007,0.5267760138193422,0.12019727347689602,4.707464431970653,3.0687168929134403,1.6757617456261051
01003,2007,0.5718841850976554,0.15653779508035087,4.279768998805156,2.561774955120974,3.616875695732839
01004,2007,0.5067138904664319,0.11777063719441905,4.635746346753216,2.818630798050207,1.3196010584164464
01054,2007,0.5067692857225551,0.06489615554761236,4.781075599168392,2.5886112958351633,3.3461952608090084
01055,2007,0.6013080928369116,0.179788228104598,4.224096692951676,2.4232539571804654,1.8520976284218844
01056,2007,0.5421218697434551,0.10548089309192538,4.719867070680497,2.4685558250025164,1.4843357065417842
01057,2007,0.5798984782551904,0.15935053341284633,3.8317646129624614,2.3225173731042226,2.0494636477423236
01058,2007,0.5419820684199154,0.10673983011153637,4.360946125539724,2.6814308158047706,1.4424076227932832
01059,2007,0.44192009898459794,0.007841464787017804,3.997288056972714,2.241513800627498,2.6012250010100604
01060,2007,0.5696664424382399,0.14884135820219296,4.256105201428335,2.728602697071497,2.369343619485988
01061,2007,0.5512397377362954,0.10979101607971153,4.384896771254044,2.3450864652249157,1.3909027384850368
01062,2007,0.5608957997168414,0.13660339133140142,4.011695722742542,2.4174329674754307,3.3839895055725844
16077,2007,0.5711964527681083,0.1697824114328748,5.295745293113345,3.427795154503026,1.6826233795838053
16061,2007,0.5498229259433632,0.25683873552932257,5.051032732180758,4.174482986226078,0.48286525808592545
16056,2007,0.5700115309932072,0.28048559813046303,5.891375839850588,4.266604449187659,0.6707389464412234
16051,2007,0.5430914198734972,0.1764593312177138,6.030233497016545,3.6088808958234533,0.5478395249510226
16052,2007,0.5865183884162603,0.18551130572237173,4.913030177891112,3.06976165979556,1.2823891481123812
16067,2007,0.5584614700983902,0.20612662878221338,5.871721931973998,3.908135128186012,0.4601565452833684
16076,2007,0.5788243067221286,0.20741006466340356,5.118450767537852,3.8446879996549503,1.768917685264404
16069,2007,0.4985235569158629,0.22794214980463345,5.4721737625167215,4.539028046392116,1.0247565773266676
16070,2007,0.5639471808071769,0.20568447932703948,5.970146257889122,4.076349503593099,0.42129981902083974
16053,2007,0.5304279698894144,0.1640398439145782,5.1954067258649355,3.326880239603283,0.3780916755066719
16065,2007,0.5253103811069871,0.15900269138679513,5.207407035275564,3.322701969335739,0.49915338801573716
16062,2007,0.5254947138295492,0.18720674851853086,4.868677301744423,3.644484631708383,0.7166459794572733
16068,2007,0.5442465693259638,0.15140102900814323,5.7454568080305295,3.1158707337618887,0.562365487747683
16074,2007,0.5589089351951426,0.17198741550682095,5.311792574605326,3.4449413042433843,0.48627504954855744
16075,2007,0.5664431012704191,0.26365902067377,4.88339081955591,4.275124002428614,1.9068065870979123
16073,2007,0.5706637275543957,0.2151858456854549,5.396594467550133,4.086100955571704,0.888386375973641
16066,2007,0.5260168954526907,0.2719152455859209,5.174125977725811,4.464032185028938,0.7196491468825762
16072,2007,0.4995686647553164,0.2702608212062259,4.130244069312645,3.565181144542802,1.080986441184055
16064,2007,0.5087518148859675,0.18790043389279143,5.457068465258518,3.686917897545174,0.7919184714596655
16063,2007,0.5607400693014853,0.23907023035254987,5.460050899991276,4.134060142569308,0.8278945856295863
16071,2007,0.5578664863646609,0.18079905908066035,5.640712593438347,3.6157925647308,0.5178748371966236
16055,2007,0.5708470751531077,0.18379392299592157,6.076178500060393,3.8859869491553347,0.5144382600806098
08425,2008,0.36288332730456024,0.07409109365879435,3.2589572147214008,1.7438429226228171,3.668587028693828
08115,2008,0.3773591459356043,-0.018532607934068024,4.163660317335561,1.2995411448201324,1.5558059756317746
08211,2008,0.407768870703328,0.012053768269093657,4.496862493990247,-0.051650860851802705,0.3727192466156563
08426,2008,0.4074254350861181,0.07363811218188882,3.3790919369933268,1.698185012224681,2.6602565598162333
08435,2008,0.4536341038424901,0.11975307280187286,4.335090873385135,1.9794675258020429,2.022684283334744
08315,2008,0.33262640958591655,-0.017069179733522954,4.972411572596466,0.34495116376566237,0.8848808536135693
08235,2008,0.42989963104212886,0.029091230191132578,3.5907978066835455,1.4748250842548387,1.8041358699343624
08316,2008,0.36515966432516,-0.03474334835101911,5.270412068378934,0.22842539292609487,0.4767570874551525
08236,2008,0.41261851614655554,-0.030286775675087307,4.252037299052453,0.9558776086934193,0.8298662318301899
08116,2008,0.37197495747444137,-0.028295172069069396,4.144611930414947,0.737045365499367,2.2208320551954417
08311,2008,0.4024846732633645,-0.021799030437738565,5.230919969078345,0.06840361053782207,0.41948066018996716
08237,2008,0.4137637477093276,0.043874841139661,4.160151837418036,1.9829223688527042,2.6506435605860887
08117,2008,0.4101368833361639,0.04052115323696581,3.332487304995521,1.11731653781129,4.234516768826227
08221,2008,0.37329639631060313,0.0019670468757337356,5.164582375060014,0.44338196843053534,0.31143303092381225
08135,2008,0.37337789925986326,0.08946393419837789,2.8866139421523513,1.622330043949115,2.7841625016276175
08125,2008,0.37761236807892984,-0.011471360718377122,4.2344643822226224,0.7736186634597657,0.986966980429182
08121,2008,0.3250612541390869,-0.03227568529707164,4.266189304213559,0.4015909913096056,0.3233501825329964
08126,2008,0.42721038882576823,0.013895696395649804,3.3537058498354053,0.5532178203447375,2.0508563364971897
08215,2008,0.4049541758540385,-0.022209643765238707,4.69413224420438,0.7077165143305431,0.6148844183431219
08212,2008,0.39099029944742447,-0.015987949373908517,5.052693171353836,0.7527192369190203,0.5355572028663209
08335,2008,0.4260188356689741,0.10557682487830494,4.625888710740585,2.2181132580496357,1.8079071569097163
08336,2008,0.408779956649338,-0.01719291688035124,4.451852599504261,0.15937187701345756,0.6377298929453745
08118,2008,0.3586439705293244,-0.03577175498712104,4.646499389262011,0.8657195413679837,1.2562823759526436
08128,2008,0.4167419965046185,0.03519733380069556,3.221174044277038,0.7356504021899304,1.3467916153811184
08222,2008,0.3326455529179496,-0.02509494733856721,6.070106452927635,1.0071615398681013,0.2993828218755358
08225,2008,0.43336022823433656,0.05056695381580445,3.1702856929172314,0.7756215015024219,1.7350363176588204
08317,2008,0.3696936609402462,-0.017348823156899285,4.697635969547185,0.09236634919839837,0.9943912075501213
08136,2008,0.4189692052128452,0.06285850066479082,3.0725825554551918,1.3412851965284371,2.7259999804897714
08231,2008,0.3784542559748722,-0.05836084004430936,4.006435228071287,0.5960106633720978,0.54500900180036
08216,2008,0.3930603473552692,0.0010638569178286206,4.913590667647712,0.5325390068294888,0.686863254454682
08436,2008,0.44783507628406843,0.10571751339919955,3.8148933252478288,1.8334698368636884,3.7897089610939685
08119,2008,0.42011639450194005,-0.00271531743547454,4.156752048723367,0.695523416589527,1.3742394331918117
08415,2008,0.3211765096367588,0.05094111267675938,2.6728817816405144,1.4493711527519777,8.083510077175063
08226,2008,0.41323143954104385,0.005491062312783179,4.505537723865787,0.5724254507045718,0.35080021072815776
08325,2008,0.39645261875483684,0.06466573750503579,3.2662538982623723,1.611700277198216,4.141950216479595
08127,2008,0.4271405601562743,0.052416780428204246,2.959553251120903,0.8627871237943077,2.7368527056840453
08326,2008,0.41864762623486984,0.11830884948723647,3.5227321910917566,2.366259968810386,4.591695684520534
08437,2008,0.401526044023476,0.10559650881019378,3.1696552851683073,1.8940757416577978,4.31518556241645
08111,2008,0.32768751527968665,-0.035539698966775,4.728929511753504,0.7124252250187846,1.4375687190764153
08416,2008,0.3819451379025349,-0.03202899228674727,4.572802542977644,1.447963699270098,1.978960270783901
08327,2008,0.39305139960860763,0.10832884695652623,3.4150883807487777,2.182221644315756,4.563230274386241
08421,2008,0.35008937026718545,0.07059025350241466,3.5029967073736756,1.714378439173766,2.5202200185931214
08337,2008,0.44990481954747436,0.13891774666931084,4.370665986904844,2.2933970954242717,2.4640884421142997
08417,2008,0.3725049744066176,0.031448698609923276,3.556179840838675,1.4766417868809127,5.527731856700975
09771,2008,0.40671049190455,0.07500189968763332,3.553910159387253,1.6838507504455869,1.6967083866468284
09171,2008,0.43265109827325615,0.09262837218801895,2.787435565047238,1.3227027598735537,2.6742968917845378
09371,2008,0.4532168314283129,0.1468355837676606,2.041365925917029,1.6233367612179186,1.9757337654896954
09361,2008,0.43150449952664927,0.10842145398404829,1.64234864989631,0.7162185948873582,1.2160838625755606
09561,2008,0.44606492281552423,0.08720267734326131,2.0598766345910016,0.5587480615906033,1.7695223241812055
09571,2008,0.4463691938311801,0.07357476874317226,2.848032641643323,1.0763716378838128,1.30889904528098
09661,2008,0.40428840601874755,0.002473910460009221,4.59937889276711,0.3233563001788804,0.3563422878491372
09671,2008,0.4545018900049802,0.04166067461597511,3.654817968447097,0.3627756804064872,0.5748712764206616
09761,2008,0.37342693469511457,0.05252164437236545,3.969840641468723,1.3979015157206804,1.6404697908145383
09772,2008,0.3911268548288795,0.05034195493870797,3.619474517928637,1.5641605571620598,2.0200345245811135
09672,2008,0.430225172539089,0.08970330699571871,2.827373482494201,0.7802655592473622,0.5944053588645676
09173,2008,0.374929285755797,0.04355758935502935,2.7725870624110733,1.0409713401257943,13.589777195281783
09461,2008,0.40039921909181053,0.05159740980662675,3.679756994025815,0.9368441429721659,0.6549863180297961
09471,2008,0.42898041814908483,0.08275616504360811,2.7428480985891945,1.0295865271202693,1.4070079991649156
09462,2008,0.45609691257502794,0.1356164765540971,3.1584891597470617,1.6756931348867679,0.5552450864314471
09472,2008,0.4379903844998808,0.16391247895713795,2.067797875394259,1.5021411840028371,2.0820731392302303
09172,2008,0.43873892286882943,0.028237255915432524,1.930480436717672,-0.0688721502343983,10.386253535780474
09372,2008,0.4427520636825986,0.11433787699879538,2.050164422709447,1.5412763791856436,3.934642968930744
09463,2008,0.4160994666784978,0.116188061262608,3.3675182399199475,1.8151577043018525,2.486069067770433
09473,2008,0.440615347327855,0.1301925670477458,2.9241828671413246,1.663722448113929,2.552021153875621
09174,2008,0.36667528351137396,0.036573110234431105,3.249423089573428,1.5620286019828358,2.110410984829282
09271,2008,0.3117294167934353,0.07879722798166983,3.192054984661051,1.8706643518757615,2.279914937173514
09773,2008,0.3686618961966463,0.06542991504711099,3.586475731103492,1.8233104583230242,1.347171421357561
09279,2008,0.3836717751049111,0.0750760196112275,3.601229162442302,2.0785290801458403,1.5124455169022897
09779,2008,0.39973401855067814,0.08087032706683561,3.356762140298542,1.5122756397367132,1.1635576423847043
09175,2008,0.42193691011936035,0.0641338491591153,3.6142284879804345,1.6203206299382218,3.1015616669810786
09176,2008,0.41057944760899656,0.12129709853646237,3.2816994668211175,2.0221139564433868,0.8116865992579944
09177,2008,0.3932799297740789,0.05378387654575739,3.123884822513089,1.390543620569858,1.9118580158776803
09572,2008,0.44128722055861985,0.06596247444029874,3.258923770046444,1.017668534897322,0.8235268824317392
09562,2008,0.39151030189772434,0.046299073069646535,3.3859107629354535,0.8711087126228403,0.38104544749495883
09179,2008,0.3823015643177586,0.039483772807254625,3.7471122772976533,1.8021624581504267,2.585564128239115
09563,2008,0.37987828032741827,0.050269817452816556,3.929881474864973,0.9914941688317671,0.33563012072609366
09573,2008,0.4472269292174522,0.06078830432188104,2.851886277722814,0.6762486464713122,0.8129814946429867
09474,2008,0.42525673703132716,0.10894329564616073,2.7722768218546845,1.0215999992218991,1.5640840087482315
09178,2008,0.3892300002904579,0.06150486704414698,3.0813613575975336,1.2927323147231042,2.312701932127582
09272,2008,0.2940344837897067,0.07248964220662141,0.9482374597811124,0.8713659789779953,8.868280116602264
09774,2008,0.40351646674954167,0.04476336592092095,3.0635316311925167,1.0704747058760788,2.8489492279536193
09674,2008,0.42730550324340244,0.06743953266762553,2.4838277552798265,0.4082241509794242,1.142425861446131
09464,2008,0.3436809520857694,0.15301688206065378,1.4327661313439748,1.6622010501600482,3.097280688277768
09475,2008,0.36122484732249466,0.18137310782003957,1.0333414093170055,1.5210012764118255,3.344276690521396
09161,2008,0.40468858993891477,0.11089298262029129,3.9296870082453705,1.808092931287148,0.2769540953293309
09762,2008,0.44856181773691545,0.0607253190798166,3.4367219152854807,1.659659629504933,7.295580110497237
09273,2008,0.40664746555724546,0.10737687534524032,2.9404981069827207,1.684130185689182,1.1564193310032604
09675,2008,0.38978627945191013,0.024599400058694376,3.6232447393382228,0.6864944281122054,0.4805754925558452
09476,2008,0.4210543995808073,0.17475950204213764,2.1854397493703748,1.556121680305049,3.527849492143183
09477,2008,0.43361378783571924,0.16337107070289758,2.124865029273129,1.397286388418102,2.1882938656199507
09181,2008,0.38477015421565686,0.04349893292264584,3.357302255123247,1.5621063453094495,4.266298474856454
09261,2008,0.39140108415818725,0.0713129037212265,3.114455951761313,1.2681932677561496,0.8263890968998052
09274,2008,0.40985267671269454,0.08194663019782761,2.9269538661037036,1.616124991877252,1.6413277073779615
09478,2008,0.42476409847088303,0.09053415939252724,2.6859824864191446,1.394011651128419,2.0251081893718825
09183,2008,0.4339153575037432,0.08832907103886184,2.974723847028307,1.5136051196533056,2.2141395517213893
09162,2008,0.3518777225885207,0.03304074240638022,4.446701534378753,1.339444645239554,1.6383329686421708
09184,2008,0.36069640957599164,0.05250915345499829,3.606159069404252,1.2904301667052973,4.951133473707237
09677,2008,0.4076122901912132,0.05145918780641784,3.1322981720610175,0.6263284019876241,0.49320428435719293
09764,2008,0.450683975174492,0.06978002064363309,3.3899239153582834,1.4324056782168528,4.00542078872476
09182,2008,0.3211036637581053,0.015188356283598936,2.097349803713367,0.6606612553678568,18.116962375739273
09676,2008,0.4457255304975903,0.02918726999980148,3.2667298395239124,0.4301708187551645,0.756498738594561
09574,2008,0.4309138993754797,0.13567682785305818,2.3001868808935786,1.2090254840037042,1.4876416889599822
09564,2008,0.34083464653511897,0.041408976473861214,3.928048528761365,0.7331769028123061,0.23683050242499318
09775,2008,0.4083664707140066,0.05926492120017268,3.2369268545191012,1.113330738275101,3.0156016592387767
09185,2008,0.4009593824685514,0.09771512505629554,3.6976066037245046,1.7615366194822732,0.9102927718406582
09373,2008,0.40391164448899186,0.1300003910578817,2.8935350455388846,2.1532852511856193,1.5978406595820729
09575,2008,0.4246375655568566,0.0466216966272921,3.4121291114896186,0.9696297566320382,0.8798312250058249
09374,2008,0.421259261602604,0.1706410097723326,1.577111390168366,1.3411273136452528,2.6191233936642337
09780,2008,0.4118157436706282,0.08386851075313301,1.8663948017223722,0.7097368687597185,17.473991249392316
09777,2008,0.4244750541954329,0.058598627970804895,3.765932335497864,1.9584878598417563,5.940651515151515
09262,2008,0.39581474924923815,0.12575548704802325,3.3900755658432913,1.876301713470415,2.0100607269101785
09275,2008,0.37044961741995786,0.09808206355271809,3.1615587978437647,1.8586183734214998,1.7961217675003702
09186,2008,0.4134091499285251,0.08560752572335117,3.1777077490433094,1.3697482150267175,1.2887684664087244
09276,2008,0.3981926254928112,0.1416883995043463,0.776307005494536,1.1640670638059052,7.21875
09362,2008,0.33722429705909157,0.10193807312651412,3.9053464428357287,2.1157965907452168,1.7656165973224647
09375,2008,0.3710458657837886,0.1033591761915797,2.965600999880499,1.899219982625105,2.551112338568981
09673,2008,0.4185781399872042,0.11516888083500731,2.964086955766362,1.3881271797885397,0.8465628154518832
09163,2008,0.4339911667316553,0.022314789860410966,2.463808276822505,0.1844696285893015,4.013562605957859
09187,2008,0.48840345923675865,0.0651782487373947,2.660338398926127,0.7886145012339796,5.095368007966482
09576,2008,0.4507089922026651,0.09015759993344508,2.82220879567221,1.2346541574616845,0.9511468128829417
09277,2008,0.4272920222237633,0.09448559675394685,3.3549979906497636,2.1532078436842226,1.276033400647835
09565,2008,0.44514220148774797,0.06341956575317809,3.330882791483509,1.0412875993040789,0.18210823413915816
09376,2008,0.4433539712237742,0.14658199311500075,1.834018915786204,1.2287680471913438,2.7959451096959818
09662,2008,0.3425008082847899,0.005256660541063829,4.640905364551125,1.222448394856685,0.8304507114254067
09678,2008,0.38077646323182834,0.026838907386837696,3.360981942985956,0.7454921193446067,0.531244908716278
09188,2008,0.4210838294603207,0.05730382650403665,3.2877602401810213,1.2578856341684248,5.692948712173764
09278,2008,0.32250916103093497,0.06303904937487764,3.418599437214726,2.19295617507199,2.9039913840648572
09263,2008,0.2530624811109843,0.04801101369684377,3.3745365969662875,1.8213798422557785,3.986556497692782
09377,2008,0.38447084380303925,0.1832645974937485,1.3933601924624783,1.6671437771646342,3.5298617663130316
09189,2008,0.4387836587921459,0.07704441737424794,2.072050923172281,0.6702216856262542,7.445554821813729
09778,2008,0.4462610350560347,0.056136633669746805,3.584253969923996,1.6661890292155255,4.163718718395628
09663,2008,0.364991811438976,0.01881313065281187,3.7355762830264023,0.6081914001836344,1.2912334704903095
09679,2008,0.3627596881683732,0.020019984166866678,3.495755893111842,0.8432274913637801,0.8959621533428888
09577,2008,0.42962049321451296,0.07934379691585303,2.7780358482095973,1.216343952399722,1.3218361986834892
09363,2008,0.4217526723588351,0.1247970891467769,2.3913722607829677,1.29813028397007,2.1404618550415364
09190,2008,0.42572578544519385,0.030028103099406678,3.913853106077626,1.7228284426134288,8.33673469387755
09479,2008,0.3637407630833589,0.19536725984087422,0.7664050624705536,1.52383285223197,3.9578336638234037
11000,2008,0.40948942662692567,0.07284472469939574,3.3726152564780176,1.2522035852959448,0.6097573331982372
12060,2008,0.4301710741045805,0.08775553449154355,2.2807645539527686,1.2299795414566868,0.8631639319660577
12051,2008,0.4109423487810887,0.03975806125928044,3.3509077823555766,1.4900468171165093,0.607849472291455
12052,2008,0.4664932777945474,0.06103079714925752,3.4642636224517944,1.5480408758127064,1.2323506802295445
12061,2008,0.47886820896240734,0.07911788388015228,3.3943436351315617,1.7295028794714946,0.6319514185630801
12062,2008,0.4823113466648024,0.04996223285268031,3.5202351782605414,1.628189780404566,0.5807125054440105
12053,2008,0.4474627660557246,0.07078736039842798,2.614783626420214,1.2930371964194134,0.7286919441967259
12063,2008,0.46269951044043744,0.05804936288784457,3.2857173519927496,1.4085543982196094,0.5689900239530415
12064,2008,0.3978268271316907,0.038101740381661364,2.7306328975442082,1.2352207556369268,0.8461518752888213
12065,2008,0.45618112858359583,0.09096383117910023,2.1887404380775104,1.0021464836232246,0.6078552405012007
12066,2008,0.45751109625603453,0.07805699571714791,3.2340063206914342,1.581255750423757,0.8739915271401566
12067,2008,0.4591346934114079,0.07325707719910368,2.877764629528333,1.655076149303846,0.4958961838722463
12068,2008,0.4524628612241086,0.08185795840168958,2.423579676722242,1.2100929573098762,0.6644621291742979
12069,2008,0.4737456307431564,0.05800925057236683,3.5584017668577514,1.700354982625172,0.7272779850206766
12054,2008,0.47348522988991815,0.06377984185922159,3.3704249714950487,1.5823700389836892,0.2667507282925346
12070,2008,0.4427685947968082,0.06728534420241061,2.5904111142536412,1.2643204020202619,0.7743979333453236
12071,2008,0.45656091639744195,0.0642022230822265,3.1685223481069107,1.5371087652646458,0.9471003632859493
12072,2008,0.48413699908355895,0.08931289023436617,3.171762245705634,1.6117833366571712,1.0365338529737325
12073,2008,0.3945925042269262,0.04366426230236353,2.0665047985540546,1.2929519893065964,0.7557051716114502
04011,2008,0.44197411775947554,0.015415694696067406,4.202949109875965,1.27465358144452,1.1583264971287939
04012,2008,0.4402337171264944,0.04218152382330015,4.424493245007109,1.2564521392038337,1.930171277997365
02000,2008,0.46965080830893907,0.09261028150038358,3.673414148341955,1.2903423862090562,0.8454192875533686
06431,2008,0.3672363037530347,-0.007492072773919667,5.5584530003379795,1.0634501495737378,0.4129462723136156
06432,2008,0.3993108227179583,-0.00533198198818452,4.3888158900309175,0.5390329461498844,0.30395793179032854
06411,2008,0.40923672081225165,0.011485583717254166,5.149029943711246,0.7693477247659555,0.19945443451419548
06412,2008,0.38615607141596264,0.025162014182989856,4.5962624761494375,0.6975842346255643,0.49594574113367745
06631,2008,0.46173056265919404,0.0956352732855818,2.7926834134087373,1.2046898768674954,1.1919593756095948
06531,2008,0.442666677452839,0.06942294384066,3.1277884764483246,0.5308859920268962,0.7362306348602317
06433,2008,0.341900697675277,-0.012101733873661591,5.232627605118455,0.7796743569652369,0.5843163168691811
06632,2008,0.41642477772537967,0.07355757865318224,2.4430944766786067,1.0671801224420698,1.05889689375376
06434,2008,0.44162519198887057,0.059267336293807704,3.1934625440634785,0.49537420920004305,0.7553954499724139
06611,2008,0.2945747756902709,-0.017629233591916316,3.291742786357571,0.7831062546172509,0.44901819491983436
06633,2008,0.31775725520112047,-0.021886849601937486,2.4945944930655437,0.8429552002171286,0.8253245334887667
06532,2008,0.38400971132179157,0.018565279184731887,2.952242438591215,0.4691401156711952,0.903924661347189
06533,2008,0.4106523736066455,0.01052938629062733,3.2756524566424057,0.3966435011222189,1.0852371831096173
06435,2008,0.42829644548672585,0.05810857341836917,3.5355907491797423,0.48397818107264934,0.7688052991305516
06436,2008,0.35582716547051757,-0.004244595048133681,4.372394948807663,0.3889274974057031,0.7330299313798034
06534,2008,0.42566160473153053,0.06202102039104207,2.6359270231880116,0.8377564830701518,0.5798778770665767
06437,2008,0.49526621078161914,0.05229950397584515,3.2704504547982753,0.47695153741275886,1.249596412556054
06413,2008,0.42283698437191847,0.049690991190352696,5.905205556428462,1.1047193591257516,1.5518923465096723
06438,2008,0.4522606014608278,0.02650006650979453,4.475353801142953,0.4900716918634367,0.30838909430534406
06439,2008,0.46348624023485085,0.06570386236131243,3.48912902707228,1.0771242074959084,0.48927495757378076
06634,2008,0.36626479325055405,0.017112093932322603,2.716289494312802,0.8326437683370449,1.021486759938405
06535,2008,0.45200975995192444,0.08525339853061514,2.4062761516147817,0.7994554080390142,1.0775844568371524
06635,2008,0.35408496926580585,0.039025718106243334,2.3151568674969063,1.3668701270291121,1.2258664075918018
06636,2008,0.3801256750533617,0.06351102345064219,2.7293929630807505,1.188419478228889,0.7671643191087029
06440,2008,0.4389547913790599,0.057769269638709264,3.755855875587294,0.6052708554617663,0.7340073331246562
06414,2008,0.3437108468604669,-0.003141398583241639,4.805647722317998,0.9154114803944506,0.8692332523965249
13076,2008,0.4694974963255959,0.08922918852804573,2.621595917256043,1.180607191117251,0.8613357691370983
13071,2008,0.39178056876031264,0.045816202569224806,2.018983640601375,1.2584385617155323,0.9456050613257662
13074,2008,0.4896001939802982,0.09572798182160841,2.7907615578370577,1.3383822591533157,1.0286610288240459
13003,2008,0.4486171937459379,0.06992069292505831,3.709769118378139,1.9263790610952065,0.2131119528379802
13072,2008,0.46154285276204826,0.08538666218922314,2.9502988347581076,1.7806826856541718,0.8621497583797206
13004,2008,0.4898256812937696,0.12237897952795274,2.147029738935178,0.6229281513232512,0.6400843881856542
13075,2008,0.36075556930338165,-0.0020380701182824423,2.537309291428692,1.5445787984432613,1.0735071900058821
13073,2008,0.43889037530837605,0.0448880161760723,3.0568399964057043,1.7893500896345658,0.8348131527199718
03451,2008,0.510536486151117,0.02783259039020597,4.259017318722055,1.5453335412352662,1.4710049011617168
03452,2008,0.5017590734104216,0.03513440668999568,4.6378472796617185,1.4518456921013594,2.578412265837792
03101,2008,0.38455838961733857,0.024548228532823513,3.3664858433082494,0.9398186183724251,1.369086590283046
03351,2008,0.460793508732718,0.0799793770150069,3.348574111227448,1.586677309571852,1.3524816812652558
03453,2008,0.41393718123542755,-0.013523278646995596,4.42814071660486,1.8338636325325917,1.226765177165309
03352,2008,0.5161949163983275,0.05902128579126037,4.273646864553033,1.756550444858763,1.7066489735274697
03401,2008,0.49787855411292153,0.03549682694275813,4.5142291741734955,1.4735649828856108,1.7440343347639489
03251,2008,0.4740906150312034,0.02840684652145148,3.6052014317471897,1.1893129144301895,1.3678180976337895
03402,2008,0.40569798388367107,0.008659337158548053,4.626379683122456,1.0110505018646747,1.7604464532792177
03454,2008,0.39442510198469677,-0.02658995659867419,4.61280564976911,1.5917778046464668,1.1704068790294506
03455,2008,0.5383754512010935,0.047867808204194506,4.510318173203557,1.5767822783700312,2.1513413113504907
03152,2008,0.33512532295179703,-0.012646738702724591,2.1197879109168545,0.6466414250004964,0.9544470875404703
03151,2008,0.45485679038029875,0.07460577272371793,3.5097751381561904,1.657405505287747,0.8264853941398129
03153,2008,0.36626857062986906,0.026430026329788026,3.2746051642409983,1.3059734735749933,0.8057335504437765
03456,2008,0.46019391247323765,0.0030797441322312213,4.5792959092143795,1.257002261895269,1.6109562328927565
03252,2008,0.3330946603310449,-0.01811923985930569,2.463639615181183,0.688429987713433,0.9928461536298
03353,2008,0.5158119798811313,0.11567735168304005,3.18843010552488,1.3692283018544888,0.9577427305964431
03358,2008,0.5140898792371692,0.10350847352235276,3.5148554672421666,1.635338468414524,1.283231238485782
03154,2008,0.43669640346496746,0.05838273227361018,3.142348623213465,1.052263819229652,1.9434079964815123
03254,2008,0.33347288047470725,-0.0027321020319295286,3.249456838366922,1.1973888174488634,0.7748496201752887
03255,2008,0.3605078209960138,0.024213787901402273,2.1540557198400667,0.6374346362746044,1.0718947275291568
03354,2008,0.49513031799946067,0.09085233619078192,3.651381689380199,1.7999545213214214,0.5886045165275293
03355,2008,0.4792304144257536,0.08872738840552402,3.1623393326519484,1.3488593783009697,0.7781292927611041
03457,2008,0.4945706923838736,0.014160536926695166,4.592617033060355,1.4651705881399129,1.6618857580521629
03256,2008,0.4979638375006666,0.05110395990241545,3.426743592465891,0.9240081671693936,1.2634429852380533
03155,2008,0.35926455180412953,0.028310822109020528,2.5446402866464704,0.980591199914866,1.4736535158355053
03403,2008,0.39569179988875886,-0.04272887553360438,4.088979925368194,1.3873936883659983,0.7526608729616248
03458,2008,0.4879028698432245,0.03412091558019703,4.073316436344132,1.5892986614213163,1.2393240480994174
03404,2008,0.3712806461283543,-0.02199606124553155,4.132173957830893,1.3588679692502716,0.5918498553448233
03459,2008,0.40809489055192705,-0.025905947192218393,4.0371207938257765,1.3771341991223034,1.1189318237453014
03356,2008,0.49530046720346327,0.03201355710689169,3.951412636328957,1.4878955725679477,1.3455633732513272
03156,2008,0.3559052986397125,0.04075604393303861,2.384548180060995,1.3404266131165916,1.212063294515068
03157,2008,0.3805750705870509,0.02882626792879517,3.9867003700859702,1.6796024286946718,0.683513095098964
03241,2008,0.41280720986721314,0.01398406436396682,3.4323325813940153,1.0633063165863894,1.1368746687132971
03357,2008,0.523330773659775,0.09087150537206579,4.100204263914974,1.8871470978651415,1.051947513973325
03102,2008,0.36893754165626275,0.038592303923853044,3.4149143197958014,1.141246020742373,1.111632030673394
03257,2008,0.36228351933635955,-0.04112079011821579,3.069264041367895,0.7119653552620617,1.0183780568471592
03359,2008,0.515698595845106,0.08880818782224897,3.706106788016017,1.453457465106815,1.0828295430915515
03360,2008,0.45290743129423616,0.09246885037139124,2.92230835637617,1.4034311591370403,0.7528639489576664
03460,2008,0.42594943582750416,0.0033109905667670914,4.270798182414066,1.6845352660103026,1.1756200387670754
03361,2008,0.5131382137746628,0.06746197869476972,3.6961429528275564,1.3285239707098562,1.4710330204621678
03461,2008,0.5000109629954459,0.014775798822804886,4.331979794726177,1.5157581548645376,1.474385814457953
03405,2008,0.4800405523699262,0.03987020996676888,4.593525773743191,1.5223110772892063,2.653623188405797
03462,2008,0.5348090462499656,0.053872325025350054,4.6250525096916695,1.624367004392124,2.640386038596347
03158,2008,0.40112166065858557,0.042845812123932625,3.504760542504267,1.2872244858013513,1.4464118179669962
03103,2008,0.45028767815645176,0.060758883089830795,3.4839539697391015,1.4094973604782313,1.0929854218926092
05711,2008,0.3481810614215075,-0.03439157501169843,3.607924866476643,1.1447771474963204,0.8269076597915604
05911,2008,0.4212266437847449,-0.0008866334744475068,5.0349079124127485,0.7724720604037811,0.6606956883982504
05314,2008,0.402800118454335,-0.029239261404189698,5.208580284786459,0.9265366822777068,0.5658924675991274
05554,2008,0.48891806917346126,0.0073907323801498115,4.939423939545057,1.4361967897593937,0.7882213749693723
05512,2008,0.46762052885790445,0.03223025584042466,4.729249040282916,0.9484616354768369,1.2461538461538464
05558,2008,0.44781439487273295,0.006444887078143169,4.3641890680876525,1.0852023071144643,0.7600117749244993
05358,2008,0.3694995825695921,-0.04296812837524555,4.159051832828132,0.425026175917933,0.776701597613133
05111,2008,0.4506573252381355,0.01908104754806511,4.608337080114675,0.6342013019984227,0.5636256621542085
05913,2008,0.44721183030770956,0.011480906289152881,4.779890585284813,0.7809133723589898,0.9847168687561103
05112,2008,0.4265367483187285,0.009488175908056729,4.51646407549631,0.4093024401059955,1.0631001371742108
05954,2008,0.45213953052834144,0.033525367761465974,3.85338290018818,0.82221816575372,0.9361371988566765
05113,2008,0.4979247506790012,0.037337380242796536,3.971038137630524,0.17153803538104961,1.3261083190611231
05366,2008,0.39969718707288715,-0.04185110329475372,4.05630709796174,0.4710053118418669,0.5298342761449448
05754,2008,0.4210937331366218,-0.02386296877625188,3.890890424341564,0.8766783426937468,0.9919620955733044
05513,2008,0.458207495810712,0.03971276400267737,5.516293709978998,1.2224084208992396,2.0721558211598055
05762,2008,0.3424568063389541,-0.0085761623243088,2.4255569641045214,0.8878196651511203,1.3788598752922998
05914,2008,0.4137529956746009,0.010700024898453231,4.012229983582124,0.7581045272411582,1.18052738336714
05915,2008,0.45003604922769036,-0.0032175401038496143,4.7778591709390374,1.2757420286767576,0.965483353284649
05370,2008,0.4295050846712139,-0.028246343955981912,4.293424344664547,0.38736685397872783,0.6008362812798758
05758,2008,0.33998737243586874,-0.06222545483105141,2.875909061304921,0.6403054792142293,1.4019657043512548
05916,2008,0.44757069964236806,0.016540489051695806,5.30245468309714,1.191485358664437,0.6705850191361399
05958,2008,0.4001355658308454,0.06679626418448664,2.3371686226159123,1.3609687951377918,1.64735487429333
05315,2008,0.3856709973224022,-0.00939036441006158,4.887023318360488,0.6512704600859589,0.4219946602964939
05154,2008,0.47637804145097545,0.002403747892333885,4.594200129934988,0.8630975001331822,0.809363627096884
05114,2008,0.42593223235779604,-0.008069182413158293,4.75769036019474,0.3582305742851748,1.5056702045513042
05316,2008,0.4527780348439693,0.01812406411892209,5.326734564807413,1.0415150803700062,0.5440711791119242
05766,2008,0.368617455719942,0.006440923731009074,2.136755035247202,0.42824259247952834,1.4174121442903556
05962,2008,0.46560524631577127,0.05376142252421162,3.0328271881033513,0.5407506801667599,2.0785355859734556
05116,2008,0.4245340326229411,-0.01522851565973693,4.275311852928935,0.2668069586588624,0.6957461578341521
05117,2008,0.498992076755111,0.029910088038401395,4.203044736984602,0.20115537787062987,0.5878622134295357
05515,2008,0.4515814175022011,0.0025334480017822347,4.497707758541901,1.1576008184228175,0.604877556682051
05158,2008,0.4954669893985202,0.04096184191034946,4.522325163712628,0.8734063680548139,0.46482440091034843
05770,2008,0.41127999910433866,-0.021506125746697635,3.8624664207771158,1.301173660195332,1.562984881237419
05374,2008,0.5139870641365869,0.11267196465758189,2.940097304647143,0.8207439704219719,1.4192598048241576
05119,2008,0.4447865139349378,0.03654154810657656,5.3358476423974714,0.4174012742264557,1.429972418020227
05966,2008,0.40223257932439244,0.07465709491246963,1.6574980352858366,0.6405336655883087,1.967229667706995
05774,2008,0.38066270765598453,-0.024077680138609614,2.7892209935306953,0.44131565065151257,0.9716843081352494
05562,2008,0.4792562508362414,0.029898729609006247,5.037182885805662,1.2518586099178495,0.9776843238778777
05120,2008,0.49095174239198214,0.12241023288255826,3.4823092374649414,1.2536677916666918,0.17073987278205555
05362,2008,0.3565929999390756,-0.034756274633381046,4.35094260198238,0.34803777696421445,0.7209511112237075
05162,2008,0.3786194111110258,-0.01716344761613664,4.620034377335177,0.7143105446504805,0.9756573687778558
05382,2008,0.4062742290197373,-0.023352632534460627,4.580280235499739,0.7369599830650166,0.5380477732883652
05378,2008,0.5236368460804488,0.06051681053411562,4.469866282276806,1.1468276762514757,0.5531732877078546
05970,2008,0.2624536483413203,-0.056844312499262306,0.7169663766961293,-0.38242669805990814,1.1176040905770634
05974,2008,0.3929837356502029,-0.06471614611696513,3.5702676462261973,0.5520901843754555,1.0672670988772142
05122,2008,0.49307350790054066,0.061862806814649174,5.1595469586176215,1.2821217413756143,0.3657420646268229
05334,2008,0.38439155713947226,-0.027484478546352387,4.616740973987237,0.7221739377168279,0.4539726307189542
05566,2008,0.4381152508540563,0.0033629723711687265,4.22644579858758,1.1833751608824867,1.1484267416525813
05978,2008,0.44825866264072056,0.0033215900627437955,4.678670849185708,1.1635222110418004,1.0469861158144267
05166,2008,0.4567717376159584,-0.0040800648762280844,4.376697314440407,0.3716671295332272,1.1167445752958698
05570,2008,0.3968851879171052,-0.04567669266056301,3.9558420226588713,0.8082904269794424,0.8524494312035863
05170,2008,0.5020020206943289,0.016522759349880456,4.800415600954177,0.9469972671935829,0.8980286081056297
05124,2008,0.5068135157426592,0.08728195257706634,4.072250926807019,0.891626094012202,0.49094507669470555
07131,2008,0.44115719075043686,-0.002699951127894451,3.9015207002021475,0.8195867809294564,0.9724210897548935
07132,2008,0.4166855417174483,-0.012258238591833392,2.6377957797969236,0.0958076797035532,1.071582902771254
07331,2008,0.28372409866845855,-0.033017779323555596,4.525260041069369,0.5424884721328138,0.9274533463977668
07332,2008,0.3268773591592765,-0.02847578603871259,5.355436615051101,1.1920880099388285,0.3193469112507377
07133,2008,0.4333158600786638,0.04047630238559824,4.315857565958696,1.3457129299621662,0.6389467798505567
07231,2008,0.4098576401899788,0.040718671333930645,3.6420741503726273,1.2712090026695586,0.7760735150759074
07134,2008,0.4620777834491356,0.09553580925439897,3.580620887037642,1.9151274815526134,0.9818404980553953
07135,2008,0.41459806522700704,0.044384052968090004,3.2741944250868595,1.1648973094093633,0.617235652568772
07333,2008,0.395415311756398,0.019137131349169334,3.889125215737027,0.7732734667177548,1.0682311485682636
07232,2008,0.4336193225591333,0.08460041450985939,3.2495325460615354,1.2424193775415229,0.5362214483144864
07311,2008,0.25002729860895384,-0.015435075025836464,6.138967103458677,1.3996666560351017,0.19411956572387132
07334,2008,0.3043228526806533,-0.01916259335262771,4.622555083537387,0.5118797993212896,0.6063653285853025
07312,2008,0.40523103925978965,0.010716117452672869,4.102166103962383,0.6568557961853108,0.7946489823919505
07335,2008,0.47684485985215297,0.06088096447143182,3.8792941153252354,1.0900403523251443,0.9407477174165156
07111,2008,0.3177416221777574,-0.017587949777844447,3.9908280441413,0.185892388705986,1.147100101178237
07336,2008,0.4726323945413351,0.0707039492521831,3.5413376250091972,1.1231270682898389,0.9768847995493379
07313,2008,0.31095015947745813,-0.031808310020831676,5.069826009705451,0.8193949730125141,1.4973426243061294
07314,2008,0.26797035256215335,-0.02233428432238116,5.922192103063929,0.89243268830832,0.2814609481276147
07339,2008,0.3259956337721929,-0.013352746992597697,4.675276941812779,0.7926067157693937,0.9760683517265929
07315,2008,0.26705655999516553,-0.013743543520508605,4.557366107529465,0.7207646740628237,1.655631733594515
07137,2008,0.42723200570707653,0.011077512679433965,3.3969710089154534,0.3243086325204607,1.0828860388604429
07316,2008,0.3504800982446958,-0.04901013178691105,5.098897564415377,0.6105904331870677,0.3483320060171667
07138,2008,0.3354446991140135,-0.03786344998429175,2.96404440165191,-0.128005827366227,1.154755513037027
07317,2008,0.48314889302633707,0.06888594374150597,2.8658012334328795,-0.26583856249971527,1.9430379746835442
07140,2008,0.4475230101551051,0.07543569832770564,3.5551855220113455,1.5913824159196754,0.5894861716066435
07141,2008,0.43592516421217176,0.028170051056006895,3.305185039519898,0.8448714704488212,0.7540058033475928
07338,2008,0.28185215817948295,-0.026158447268118667,5.29495321269048,0.8197953706124368,0.5128371718722887
07337,2008,0.33103530340575177,-0.02963708754658323,4.819622632290901,0.6294844192331439,0.4906524574583175
07340,2008,0.4624311846845032,0.04065592745771607,3.656021850914964,0.6520080465967277,0.8276748414999753
07318,2008,0.2817847716464804,-0.03155170866984963,5.010854140335291,0.6104709875663081,0.6404361370716513
07235,2008,0.4674410763877528,0.08866006702212725,4.0711048474829035,1.5383068695092077,0.4450764131100401
07211,2008,0.4015379344745488,0.06014303652153313,4.20086228237412,0.7838223730615943,0.7010517035077772
07233,2008,0.3838335283616792,0.05468419597038199,2.859750296218222,1.2784562465532894,0.7244277125845426
07143,2008,0.32874095680176096,-0.03952408776402738,2.413012885453078,0.18678348753316465,1.1009556973529384
07319,2008,0.2943442018930289,-0.0327550393323664,5.870928199677002,1.4200979133868739,0.40900635288336673
07320,2008,0.41299515902372586,0.024369409329775826,3.4099654856162394,0.32889934683996636,0.9059471953062497
10042,2008,0.4808287283787244,0.08048951432616192,4.455352335889049,1.637741376663699,0.531817470011588
10043,2008,0.501189535194003,0.07538261765214749,4.474239623997603,1.5794828055085204,0.6971125245961649
10041,2008,0.5076066162750724,0.057574479146332125,4.385583050110791,0.7161193455250143,0.5480671471498613
10044,2008,0.46347029180798166,0.03998588043699086,4.968949475310209,1.4968650127952898,0.41601861963224007
10045,2008,0.43951457814518236,0.03444429994225262,3.68661739537672,0.5161485841728641,1.039499978278813
10046,2008,0.4746199989810204,0.09433567924601677,4.14564859128748,1.8719844402786556,0.5604456086349413
15081,2008,0.47545609207147704,0.06491805540885492,3.6759654855190376,1.6575106434692324,0.648517836689245
15082,2008,0.48437631251135355,0.052220490365296135,3.1914395339436306,0.9759051078499938,0.725104945194494
15083,2008,0.45154185594108226,0.0637301798830035,3.4444883290455586,1.4166908046891944,1.2485587788893129
15084,2008,0.44223392383364046,0.029795979547876772,3.5004885696439496,1.2535697109735158,0.8471406485827996
15001,2008,0.49968166108981776,0.06912459554022893,3.1301254858092284,1.0629395271908484,0.9434409779237368
15002,2008,0.47151420649277814,0.04610070069447836,3.381113898434223,0.7203923181000036,0.7723428791082066
15085,2008,0.4676430026399589,0.07379892647849001,3.4924071771216676,1.2329906013222134,1.2331441205113145
15086,2008,0.4664045187677254,0.029844234088966692,3.636927175605634,1.5152131527285118,0.9916860542179206
15003,2008,0.41766729370885225,0.038676866656695286,3.647285634811373,1.3778399429274932,1.5056571562019345
15087,2008,0.43968029791658014,0.05632052499703022,3.4533909420492352,1.712488385107212,0.8877513356722364
15088,2008,0.4694843110577174,0.042346369909506076,3.3717776356541003,1.0211682806257358,0.7083086305707607
15089,2008,0.48126453890754584,0.06714051345314026,3.6039241719740076,1.1474632068798756,1.1407400846457407
15090,2008,0.45074898783704914,0.04004849110022857,3.6607257272033706,1.599964159637584,0.852178601487715
15091,2008,0.46908461719206035,0.05469065307492743,3.086284909684171,1.2543639473220132,0.79256267705864
14625,2008,0.4582632441564165,0.08555770294527798,2.6930378070186833,1.466889327213608,0.9648052544577903
14511,2008,0.43107699291634677,0.08361884917095974,2.9110537122607036,1.6145883388226392,3.57858490230274
14612,2008,0.43816036275141856,0.08740406520365235,3.096342669379872,1.6647180074877574,0.7492138597269455
14521,2008,0.32071494912870235,0.06954757878423545,1.7782990280710682,1.7916374602135157,9.356828717045843
14626,2008,0.4066818911938952,0.06274643922781314,2.3063458393520615,1.6422401229693737,2.234515644209187
14713,2008,0.44866633754161594,0.022220768847496297,3.265810767139265,0.9251706477662198,0.74219012097172
14729,2008,0.4632401881531194,0.032666302060866736,3.0806360587146764,1.0879386828569226,0.6576170083538151
14627,2008,0.48352368723150013,0.0544554290752115,3.3808625328385724,1.5452298284819546,0.5312393238085946
14522,2008,0.4119375103258661,0.05278306088492041,2.7158592959983126,1.5873218622261285,3.1870555149941873
14730,2008,0.4815569993693377,0.034525052171700155,2.8604820367806725,0.8722690361532097,0.8400712182238829
14628,2008,0.3710863603199445,0.059891352580768,2.425789996554897,1.770154410041084,3.9498896585907004
14523,2008,0.39557085373151085,0.11235810513381062,1.8424279928729577,1.402706890487611,3.8487960490214
14524,2008,0.4263938317511943,0.05342336569302586,2.931117335331157,1.4031899291050034,3.2679107171125503
01051,2008,0.4945320259766017,0.08607800555114714,3.79471994333934,1.7136135747387713,2.519823908963093
01001,2008,0.4302556175045693,0.04369603861451038,3.880787217978517,2.3327904934662973,1.4464564096414438
01053,2008,0.5282735613600799,0.11080969520212991,2.6336932687713173,1.1002266467026356,1.2784261563137898
01002,2008,0.5195143007707194,0.11293556042827313,2.620535548561291,0.9817880095040785,1.0043640652643993
01003,2008,0.480469241115954,0.06512285109864951,2.786983285759761,1.0689892420755795,1.9772467532467533
01004,2008,0.4834537997923726,0.09451054652035973,3.3219154030310816,1.5047998543280727,1.4825971911255855
01054,2008,0.5280399766393045,0.08616684646436173,3.9266468753827866,1.734182572049558,2.5458611661429553
01055,2008,0.49233620044155185,0.07081633570923829,3.1558091015074208,1.3549663657362103,0.8575826224770426
01056,2008,0.5150518646354393,0.07841088798390955,3.6879889693738934,1.436677723695913,1.1504817203339626
01057,2008,0.5255125093569813,0.10496456451463732,2.538520417502351,1.029273177644112,1.4294911240014325
01058,2008,0.5401969557735529,0.10495471746517387,3.224071692537334,1.544556382802381,1.7695008211495176
01059,2008,0.5125506794785576,0.07847204528097745,3.762517779067306,2.0067435227220907,1.2765109724353119
01060,2008,0.5235507497128885,0.10272566547684153,2.988433101006084,1.460930596649246,1.7025333015852042
01061,2008,0.5136993343732748,0.07225061271669087,3.5138718056746927,1.4740614996455643,2.2688303697588625
01062,2008,0.5191734945486929,0.09488108616325286,2.9658617622715586,1.3715990070044475,1.2956766559489332
16077,2008,0.41074042637880764,0.009326385043574192,2.938550432592568,1.0706002939822488,1.6812316662767475
16061,2008,0.3807431274825157,0.08775893706847504,2.777211062085335,1.900661316130655,1.1158956577180148
16056,2008,0.3431082582422053,0.053582325379461115,2.956991134799521,1.3322197441365908,1.402791873312525
16051,2008,0.4082022308181512,0.04157014216236782,3.5607005219355674,1.1393479207424755,2.614326912546695
16052,2008,0.4299759554088446,0.028968872714956073,3.1596404474504034,1.3163719293548521,1.6284961327063836
16067,2008,0.3840461149935955,0.03171127367741866,3.4428852162130004,1.4792984124250141,2.1038627789192996
16076,2008,0.4199917864083965,0.048577544349671486,2.763815284385233,1.490052516502331,2.433053442881855
16069,2008,0.39720085669351907,0.1266194495822896,2.7146806822721152,1.7815349661475097,1.8106242519402889
16070,2008,0.41969327397687295,0.06143057249673556,3.2069383694494764,1.3131416151534532,2.9296077692269864
16053,2008,0.40894837050683264,0.042560244531996416,3.4311003987870317,1.5625739125253792,2.341326559097761
16065,2008,0.40734065955383225,0.04103296983364024,3.4621385067231536,1.5774334407833293,1.2650956081311635
16062,2008,0.39085432532356634,0.05256636001254805,3.141761308990417,1.9175686389543771,0.8951273412667141
16068,2008,0.4262661382735591,0.033420597955738485,3.7485373151167543,1.1189512408481135,1.8528479986059838
16074,2008,0.41152934890489556,0.024607829216573895,3.274821583721987,1.4079703133600456,2.095775526682815
16075,2008,0.3932394795424317,0.09045539894578264,1.751591454090956,1.1433246369636603,4.413394627023142
16073,2008,0.44314660101818815,0.0876687191492474,2.575060087749173,1.2645665757707432,4.01848497090124
16066,2008,0.38665386324091544,0.13255221337414563,2.657418083413759,1.947324290716887,1.1670411920772146
16072,2008,0.4014680347676874,0.17216019121859688,2.4518076134563507,1.886744688686508,3.817872120957125
16064,2008,0.384761299855017,0.06390991886184089,3.30195736547988,1.5318067977665355,1.2782551241008298
16063,2008,0.39222429191719704,0.07055445296826157,2.760461529152172,1.4344707717302043,1.120827783146585
16071,2008,0.41697447925276754,0.03990705196876704,3.3719028752015587,1.3469828464940115,2.465390490119299
16055,2008,0.42819403866833516,0.041140886511149,3.324901986243043,1.1347104353379849,2.782981173555736
08425,2009,0.1602203695549193,-0.1285718640908466,-1.317563918448403,-2.8326782105469865,12.424404384540068
08115,2009,0.3714238147527443,-0.024467939116928072,0.0633196591261023,-2.8007995133893258,11.101211562766544
08211,2009,0.3518575319232065,-0.043857570511027844,2.2306458670327385,-2.3178674878093113,5.545467922307241
08426,2009,0.13953253975509716,-0.19425478314913214,-0.6903327224713022,-2.371239647239948,10.408317407931383
08435,2009,0.14923595761796618,-0.18464507342265105,-0.2262748553827717,-2.581898202965864,8.508422498894252
08315,2009,0.2545017588232486,-0.0951938304961909,1.7433873677209306,-2.8840730411098736,4.293861771755163
08235,2009,0.3701278301709776,-0.03068057068001867,-0.9361564134716681,-3.052129135900375,13.623850718436051
08316,2009,0.34237574863027836,-0.05752726404590075,2.6764268030683107,-2.3655598723845284,2.3979240548331573
08236,2009,0.41029787045410576,-0.03260742136753708,0.11473582960438773,-3.1814238607546454,10.28331914519461
08116,2009,0.33011992902024945,-0.07015020052326132,0.30482629763902064,-3.1027402672765594,11.790206027446857
08311,2009,0.3365894311962262,-0.08769427250487688,2.387792919898298,-2.7747234386422246,3.3568203979919815
08237,2009,0.3190205710866355,-0.0508683354830311,-0.7562054988596708,-2.933434967425003,14.178451119274008
08117,2009,0.23064485893872466,-0.1389708711604734,-0.7980353249886131,-3.013206092172844,14.921141195580962
08221,2009,0.33513944504800547,-0.036189904386863925,1.470769223622633,-3.250431183006846,11.735976977855819
08135,2009,0.18661872689986386,-0.0972952381616215,-1.9867608454773396,-3.251044743680576,13.055031934748282
08125,2009,0.3477180847981741,-0.04136564399913284,0.8240424784721045,-2.636803240290752,8.940243204560053
08121,2009,0.3181949511157835,-0.03914198832037502,0.8828568439610844,-2.981741468942869,8.690157259196852
08126,2009,0.39165313981315847,-0.021661552616959956,0.041266574641621936,-2.7592214548490457,9.41221527752767
08215,2009,0.36901874005300506,-0.05814507956627213,0.7092835458837582,-3.2771321839900787,8.555561664375869
08212,2009,0.36231022110714695,-0.04466802771418604,0.5466785960875215,-3.753295338347294,7.948060291574004
08335,2009,0.1257102763761153,-0.19473173441455385,-1.13758662141076,-3.5453620741017096,9.137503695171308
08336,2009,0.36561798922042427,-0.060354884309265,1.8687497692322328,-2.4237309532585707,3.4665873669442155
08118,2009,0.36157440113209466,-0.03284132438435078,1.1362328011799312,-2.644547046714096,8.890745695464277
08128,2009,0.3699929210268228,-0.011551741677100158,-0.5974149296476953,-3.082938571734803,8.76367787680355
08222,2009,0.3278441416400794,-0.029896358616437413,2.0919555824997063,-2.9709893305598274,8.705263157894736
08225,2009,0.34907691874243907,-0.033716355676093046,-0.36641379713178107,-2.7610779885465906,7.710401032841119
08317,2009,0.32753368839022445,-0.059508795706921025,2.216904102171185,-2.3883655181776016,3.783742896006501
08136,2009,0.3311045957214662,-0.025006108826588158,-0.8717054676029127,-2.6030028265296674,12.29314768267264
08231,2009,0.4285532543959201,-0.008261841623261434,0.3444949044754301,-3.065929660223759,11.11682336467293
08216,2009,0.32331469159750387,-0.06868179883993669,1.769329223628823,-2.6117224371894006,7.392904980314162
08436,2009,0.07813748187739167,-0.2639800810074772,-1.2805709153878082,-3.261994403771949,11.308919949174086
08119,2009,0.40389333473030076,-0.018938377207113832,1.1297598332316283,-2.331468798902211,10.121289560741682
08415,2009,0.14404800867281692,-0.1261873882871825,-1.4681285127860229,-2.6916391416745595,16.202937093998123
08226,2009,0.3625411127120732,-0.0451992645161875,1.3113419365703838,-2.6217703365908314,10.28726599848825
08325,2009,0.17543842448885008,-0.15634845676095097,-2.075510984080062,-3.730064605144218,14.48554201332808
08127,2009,0.41590142528665947,0.04117764555858944,-0.960889497745018,-3.057655625071613,9.94402510266643
08326,2009,0.04339223972782391,-0.25694653701980946,-3.2051392070071407,-4.361611429288511,18.99199679519631
08437,2009,0.08762424971136472,-0.20830528550191751,-1.9883002053153698,-3.2638797488258793,12.256820930676678
08111,2009,0.32735827044543403,-0.03586894380102762,0.7955648830164975,-3.2209394037182224,10.437087685541504
08416,2009,0.3753554522924994,-0.038618677896782805,-0.18290166253303908,-3.3077405062405854,12.55656137431076
08327,2009,0.057798458340441644,-0.22692409431163976,-3.0082747271682346,-4.241141463601256,20.062467178679267
08421,2009,0.13534857060719574,-0.14415054615757505,-1.162198601139733,-2.9508168693396426,12.060995764900325
08337,2009,0.10099161161850463,-0.2099954612596589,-1.2807213377003415,-3.3579902291809134,11.292182291520414
08417,2009,0.2685748008180078,-0.07248147497868657,-1.0836240274134272,-3.1631620813711896,15.998389472836562
09771,2009,0.3057530543934474,-0.025955537823469266,-0.535606237357378,-2.405665646299044,9.815665206536824
09171,2009,0.3707061115164536,0.030683385431216403,0.4617321900755604,-1.003000615098124,4.765110144044127
09371,2009,0.20123576465843188,-0.10514548300222046,-2.4291985502871674,-2.847227714986278,11.822080898361408
09361,2009,0.210041830396712,-0.11304121514588897,-2.095651836736703,-3.021781891745655,11.198829290687891
09561,2009,0.37431731451617456,0.01545506904391164,-2.617431158515989,-4.118559731516387,9.63138805266403
09571,2009,0.3513870892920412,-0.021407335795966653,-2.0188888902873314,-3.7905498940468414,10.151334370107609
09661,2009,0.39788493054911167,-0.0039295650096266566,1.6793325262770473,-2.596690066311182,6.905888631916029
09671,2009,0.4103586817034081,-0.002482533685596977,0.7770720842258048,-2.514970203814805,6.803415387267925
09761,2009,0.31639627987399693,-0.004509010448752182,0.7043775189466133,-1.8675616068014294,7.996455143936738
09772,2009,0.33523331169837217,-0.00555158819179935,-0.20814331464993316,-2.2634572754165103,8.472654670765117
09672,2009,0.3395090315272693,-0.001012834016100972,0.3594537188661013,-1.6876542043807377,8.110097131525436
09173,2009,0.07646834516263468,-0.25490335123813296,-1.1722576232715987,-2.9038733455568777,21.026557218734915
09461,2009,0.29090260938330953,-0.057899199901874254,0.2833749444535655,-2.4595379066000835,9.631574946792334
09471,2009,0.2874564637663297,-0.058767789339147,-0.7731320522638205,-2.486393623732746,11.654027729278546
09462,2009,0.2381743336121547,-0.08230610240877614,-2.8228526458044523,-4.3056486706647465,14.261567605967326
09472,2009,0.18921901309923775,-0.08485889244350511,-2.67687773589896,-3.2425344272903818,14.00430089671206
09172,2009,0.3412269718527647,-0.06927469510063222,0.5841130599413558,-1.4152395270107145,12.86734727054004
09372,2009,0.21945717851339228,-0.10895700817041096,-2.0905139778527064,-2.59940202137651,10.440474408350456
09463,2009,0.2537592818546639,-0.04615212356122589,-1.0765150531119851,-2.62887558873008,11.346327299684932
09473,2009,0.24641392644347573,-0.06400885383663349,-1.468820250940033,-2.7292806699674284,12.299973951663919
09174,2009,0.27795129357337306,-0.0521508797035698,0.01573047826800648,-1.6716640093225856,6.420107874646415
09271,2009,0.20632100739546164,-0.026611181416303836,-0.8033757028111509,-2.1247663355964406,9.077022448115203
09773,2009,0.3063246937071469,0.0030927125576115655,-0.8684595560795375,-2.6316248288600055,9.301886079145385
09279,2009,0.29821491535869327,-0.010380840134990299,-0.7800069031569018,-2.3027069854533635,9.391910071103688
09779,2009,0.30894156260534444,-0.009922128878498082,-0.6605506251271446,-2.505037125688973,9.41080927334703
09175,2009,0.22270849028790024,-0.13509457067234482,0.1653149742335606,-1.828592883808652,10.590464317057771
09176,2009,0.15885883542638674,-0.13042351364614746,-1.6034824281092346,-2.8630679384869655,10.946254130396557
09177,2009,0.25618366806175896,-0.08331238516656253,-0.016199765912125613,-1.7495409678553566,7.9777207727030195
09572,2009,0.32657045090161746,-0.04875429521670366,-0.6896004543844998,-2.930855689533622,9.948709213289883
09562,2009,0.30138812263090137,-0.04382310619717644,-1.2789124008817527,-3.793714451194366,9.530820536683729
09179,2009,0.32784014001535944,-0.014977651495144517,0.42523840685482067,-1.5197114122924058,6.91566871755098
09563,2009,0.27126571560956214,-0.058342747265039574,-0.9461505458744537,-3.88453785190766,9.27842274398541
09573,2009,0.28631948873815904,-0.10011913615741214,-1.777365168518499,-3.953002799770001,9.152041138218186
09474,2009,0.26769043188599645,-0.04862300949916998,-1.3678755462890628,-3.118552368921848,11.185234143831213
09178,2009,0.2578977413907908,-0.06982739185552012,-0.7813357130078109,-2.56996475588224,6.485085199134965
09272,2009,0.1734592922271292,-0.0480855493559561,-0.7584111985453981,-0.8352826793485152,13.115246423971257
09774,2009,0.28511708402023994,-0.07363601680838078,-0.9970149184273823,-2.99007184374382,9.04562650760837
09674,2009,0.3796613699437026,0.01979539936792568,-0.17252164656825947,-2.2481252508686618,11.697919354495971
09464,2009,0.06688159524703062,-0.12378247477808497,-3.456983673399682,-3.2275487545836086,9.917068674143488
09475,2009,0.05444578179300192,-0.12540595770945318,-3.627542352789626,-3.139882485694806,12.492916605812765
09161,2009,0.20598313279104946,-0.08781247452757401,-0.6581107410332282,-2.7797048179914507,8.106446258897451
09762,2009,0.08786609493072521,-0.2999704037263736,-1.0687450670875793,-2.845807352868127,9.450276243093924
09273,2009,0.26424895861012715,-0.03502163160187799,-1.685533022402566,-2.9419009436961048,8.944710128779528
09675,2009,0.3664007176010986,0.0012138382078828447,0.219033522891889,-2.7177167883341284,9.887271109147232
09476,2009,0.12307605050245372,-0.12321884703621595,-2.5196329370179575,-3.1489510060832835,13.724524526312967
09477,2009,0.1719857325066869,-0.09825698462613477,-2.764394476689103,-3.49197311754413,15.386234489298618
09181,2009,0.2356491724678651,-0.10562204882514592,-0.804019856797943,-2.599215766611741,9.337479628731813
09261,2009,0.31099584488583404,-0.009092335551126707,-0.5790835291312163,-2.4253462131363794,6.402815635764565
09274,2009,0.28557278537083436,-0.042333261144032575,-0.974269765083623,-2.2850986393100747,8.136715464141318
09478,2009,0.21851556544786446,-0.11571437363049134,-1.6971845952829328,-2.9891554305736583,14.064135739164412
09183,2009,0.33363025894402487,-0.011956027520856505,0.028166247747760935,-1.4329524796272406,5.79092091619166
09162,2009,0.26497295256096803,-0.05386402762117243,1.5413003158869014,-1.5659565732522973,5.615003955496458
09184,2009,0.1794564069110498,-0.12873084920994354,0.18864659366222888,-2.1270823090367257,11.779187973420106
09677,2009,0.37610961263101894,0.01995651024622358,0.41898173679652106,-2.086988033276872,8.955129083921072
09764,2009,0.31141820447446633,-0.06948575005639257,-0.5631432844909984,-2.520661521632429,8.989655328183588
09182,2009,0.13144735398589708,-0.17446795348860927,-0.511494491205675,-1.9481830395511852,19.905247263118156
09676,2009,0.4178761927927385,0.0013379322949497174,0.2883793912324351,-2.5481796295363126,7.006684893141736
09574,2009,0.23713178200118484,-0.05810528952123667,-2.0799191288227683,-3.1710805257126427,10.269284867205382
09564,2009,0.21711200222464677,-0.08231366783661098,-0.9709972434245808,-4.165868869373639,8.49104537151735
09775,2009,0.21252832059072868,-0.13657322892310525,-1.2396651356846482,-3.363261251928648,10.4242231577388
09185,2009,0.2752568513870405,-0.027987406025215378,-0.9922368691985654,-2.9283068534407968,10.565756812560975
09373,2009,0.1345487624202256,-0.13936249101088458,-2.6066178293132167,-3.346867623666482,12.81984398694232
09575,2009,0.3690071073318832,-0.009008761597681325,-0.4833935888503364,-2.925892943707917,9.921039485696827
09374,2009,0.11050615123453846,-0.14011210059573298,-2.392462328479237,-2.6284464050023497,12.441122195577464
09780,2009,0.07411223212433604,-0.2538350007931591,-3.3687803907322316,-4.525438323694885,16.616431696645602
09777,2009,0.12027595553087124,-0.2456004706937568,-1.8087159916850541,-3.616160467341162,11.406848484848489
09262,2009,0.300783309473376,0.030724047272161104,0.45403296996067116,-1.0597408824122052,5.172029366446115
09275,2009,0.2272699925933625,-0.04509756127387726,-0.12859782959874255,-1.4315382540210075,5.730263406851338
09186,2009,0.23661346310483883,-0.09118816110033512,-1.555623215617508,-3.3635827496340998,9.474852342009608
09276,2009,0.1766586888115853,-0.07984553717687959,-1.588027306027279,-1.2002672477159098,14.90625
09362,2009,0.18525971541663758,-0.05002650851593987,-1.323587055777524,-3.1131369078680358,7.085930202937929
09375,2009,0.19358942559006562,-0.07409726400214331,-2.0385426699953775,-3.1049236872507713,9.335103219279027
09673,2009,0.2748796329904401,-0.028529626161756805,-0.18109393972141033,-1.7570537156992327,9.331562058714496
09163,2009,0.42815330255930933,0.016476925688065025,1.8354068852355634,-0.44393176299764026,3.0850084766287234
09187,2009,0.3878486897982337,-0.03537652070113023,1.0076516764559065,-0.8640722212362411,6.237857298584063
09576,2009,0.24405680046592135,-0.11649459180329866,-1.9676812454463375,-3.555235883656863,10.694072748278828
09277,2009,0.34382751045217647,0.011021084982360041,-0.6645679063421708,-1.8663580533077118,6.921259607255903
09565,2009,0.27982513135138387,-0.10189750438318601,-2.278438133947128,-4.568033326126558,8.293471591606332
09376,2009,0.16315943848844844,-0.133612539620325,-2.1735655960020623,-2.7788164645969227,12.485737935557571
09662,2009,0.3248718901002306,-0.012372257643495477,1.0273804594201912,-2.391076510274249,10.726931924682628
09678,2009,0.36899928019614475,0.015061724351154104,0.24796268896942084,-2.3675271346719287,11.233028654942743
09188,2009,0.23903913806215982,-0.12474086489412423,-0.4626614198496602,-2.4925360258622566,11.481464130953773
09278,2009,0.26030175623494406,0.0008316445788867366,-1.724712086833457,-2.950355348976193,8.221128583277956
09263,2009,0.2357493077883374,0.030697840374196872,-1.4031950572374576,-2.9563518119479664,7.486964633760349
09377,2009,0.05813427349569314,-0.14307197281359763,-3.052483166070869,-2.778699581368713,13.414547909099673
09189,2009,0.26026619305940313,-0.10147304835849486,0.12704819042830223,-1.2747810471177243,11.157747518599528
09778,2009,0.2588092190961308,-0.1313151822901571,-0.5322345857328463,-2.450299526441317,8.695764207174058
09663,2009,0.34945669370623617,0.0032780129200720154,1.0371912549449984,-2.0901936278977695,8.52517511072023
09679,2009,0.32568528069382713,-0.017054423307679367,0.23735861416713963,-2.4151697875809224,10.273967475908353
09577,2009,0.23263504388716486,-0.11764165241149507,-2.3886214495695643,-3.9503133453794397,11.909673604254888
09363,2009,0.20939698708010496,-0.08755859613195327,-0.7186398212335355,-1.8118817980464335,9.944173462388536
09190,2009,0.13184918191435993,-0.26384850043142727,-1.3677525977423668,-3.558777261206564,15.60204081632653
09479,2009,0.05623462732319848,-0.1121388759192862,-3.9209289614326073,-3.163501171671191,12.672524559434004
11000,2009,0.13809747579076057,-0.19854722613676937,-0.7112166386970177,-2.8316283098790906,6.923324383200773
12060,2009,0.1333321707388573,-0.20908336887417964,-1.8197628783033453,-2.8705478907994273,7.761766790437687
12051,2009,0.29133250757393,-0.07985177994787829,0.5310382868155242,-1.3298226784235432,6.560371088341182
12052,2009,0.26504063157631697,-0.14042184906897293,0.48198363111605885,-1.4342391155230292,7.007311797200425
12061,2009,0.26189636338206257,-0.13785396170019248,-0.2744316212916074,-1.9392723769516744,8.197744433285854
12062,2009,0.2319200309267561,-0.200429082885366,-0.8545994766058124,-2.7466448744617877,7.416252172399642
12053,2009,0.34494890075181567,-0.03172650490548096,-0.007432852342723029,-1.3291792823435236,7.944012218497905
12063,2009,0.2595921978984139,-0.14505794965417895,-0.4331261564895275,-2.310289110262668,7.298072475811939
12064,2009,0.2464633235914089,-0.11326176315862044,-0.7620342103366862,-2.2574463522439676,6.214672029426233
12065,2009,0.13428249644644705,-0.23093480095804855,-1.5128596529438405,-2.6994536073981266,8.935822256117543
12066,2009,0.201972262894199,-0.1774818376446876,-0.6231946054099627,-2.27594517567764,7.615276043073183
12067,2009,0.30305736638358766,-0.08282024982871655,-0.414389281816913,-1.6370777620414,8.093570555041682
12068,2009,0.16256050577935718,-0.20804439704306185,-1.652945482573399,-2.8664322019857646,9.065211660204794
12069,2009,0.3258829774523063,-0.08985340271848324,0.1223472600503102,-1.7356995241822692,6.533734565223682
12054,2009,0.33406325690589217,-0.07564213112480439,-0.0066036580827376,-1.794658590594097,7.652615331101354
12070,2009,0.239834815511911,-0.13564843508248658,-0.8397788779599163,-2.165869590193296,7.802943126384819
12071,2009,0.26396524944678146,-0.128393443868434,0.5413146732822468,-1.0900989095600182,6.886850763077844
12072,2009,0.28592253649251537,-0.10890157235667741,-0.7987577157890933,-2.358736624837556,7.919828379422938
12073,2009,0.22081889070191624,-0.13010935122264644,-0.70551204346152,-1.4790648527089783,7.1551873556203835
04011,2009,0.395469334764757,-0.031089088298651146,2.288357754359423,-0.6399377740720218,3.7496855345911935
04012,2009,0.3791955299135567,-0.01885666338963754,2.7831118639814565,-0.38492924182181865,3.7075098814229253
02000,2009,0.42594301350487845,0.048902486696322967,2.7121211412190727,0.32904937908617393,3.6124129539701704
06431,2009,0.3460447449055863,-0.028683631621368055,1.7427420315465352,-2.7522608192177067,8.35995799789989
06432,2009,0.37871999550462226,-0.02592280920152057,1.22384936325091,-2.6259335806301234,6.382568579496071
06411,2009,0.36750768472488904,-0.030243452370108448,1.3441269915333938,-3.0355552274118964,6.106098130002512
06412,2009,0.3314422471509947,-0.029551810081978103,1.4226909841643387,-2.4759872573595345,5.703975952308789
06631,2009,0.21198254239821024,-0.154112746975402,-2.5665775135052424,-4.154571050046484,10.567440306467622
06531,2009,0.3426500345525021,-0.030593699059676904,-0.6355872114809483,-3.232489695902377,6.0653887240900275
06433,2009,0.3378855324900489,-0.01611689905888969,2.025306978009436,-2.4276462701437818,4.741465467361001
06632,2009,0.1799330769531389,-0.16293412211905853,-2.4812889572131516,-3.8572033114496884,9.196073540416418
06434,2009,0.33985094446008834,-0.04250691123497452,0.05854259518354326,-2.639545739679892,5.972811800214195
06611,2009,0.25286868323191636,-0.059335326050270865,0.36868629436980316,-2.139950237370517,6.656638443523691
06633,2009,0.2515149512546024,-0.08812915354845557,-0.2528947909796663,-1.9045340838280813,8.497974418663587
06532,2009,0.3216830605028422,-0.043761371634217505,-0.44608930638560007,-2.92919162930562,5.416380590090926
06533,2009,0.3685507006260662,-0.03157228668995199,-0.5757327903777556,-3.4547417458979424,5.8001306335728255
06435,2009,0.3356985239359673,-0.03448934813238941,-0.12460235715203272,-3.1762149252591256,7.244135775841408
06436,2009,0.33716396454428593,-0.02290779597436532,1.6496834857965292,-2.333783965605431,4.765799369545607
06534,2009,0.28546722926881973,-0.07817335507166873,-1.4824025267041436,-3.2805730668220034,7.139599975273196
06437,2009,0.44723053178865124,0.004263824982877251,-0.2628002212947984,-3.056299138680315,7.460243433696351
06413,2009,0.34425070733458585,-0.028895285846979923,1.946165558019246,-2.8543206392834644,5.309671993271658
06438,2009,0.3915889770573447,-0.03417155789368859,0.9026990831200256,-3.0825830261594906,6.320978493110373
06439,2009,0.37431897422641847,-0.023463403647119963,-0.13254503538046725,-2.544549854956839,5.7828694903247815
06634,2009,0.23708107362987524,-0.11207162568835621,-1.0047178960383005,-2.8883636220140576,7.952670684441612
06535,2009,0.24694155522513403,-0.11981480619617527,-2.239494475998632,-3.8463152195743997,8.293918152398465
06635,2009,0.250586784682925,-0.06447246647663751,-1.5061867062325647,-2.454473446700359,9.571796878248675
06636,2009,0.16335879792221092,-0.1532558536805086,-1.5105003898726284,-3.05147387472449,8.250890593921152
06440,2009,0.35330463170370663,-0.027880890036644013,-0.06635357148374901,-3.216938591609277,6.325078481058687
06414,2009,0.33102050971616104,-0.01583173572754748,1.9157580346829064,-1.9744782072406408,4.735533130289548
13076,2009,0.2998175005038089,-0.08045080729374127,0.9166384406619714,-0.5243502854768203,7.4088843580962624
13071,2009,0.17374284354900116,-0.17222152264208668,-0.9236409770141092,-1.684186055899952,6.374069607629864
13074,2009,0.3568160092186149,-0.03705620294007489,1.4505164281178937,-0.001862870565848329,3.987882390742966
13003,2009,0.27979921314665784,-0.09889728767422173,1.4252343599912298,-0.3581556972917026,4.993221883632841
13072,2009,0.31007367348116877,-0.06608251709165636,0.27986358187099664,-0.8897525672329392,6.430287349097562
13004,2009,0.27457049547379897,-0.09287620629201787,1.0408909748224173,-0.4832106127895093,7.531914077483697
13075,2009,0.2615186090642777,-0.10127503035738639,-0.16697115228033862,-1.1597016452657691,4.509851537169833
13073,2009,0.3664520927450856,-0.027550266387218136,0.3103540748278735,-0.957135831943265,4.681887205329282
03451,2009,0.47156216756072433,-0.011141728200186718,1.9542357404796786,-0.7594480370071102,3.5021354285527972
03452,2009,0.4727262253063681,0.006101558585942191,2.318903397500767,-0.867098190059592,2.786844956219544
03101,2009,0.38881852240104436,0.028808361316529307,1.241831367336568,-1.1848358575992564,6.017755199808376
03351,2009,0.4196756592578394,0.03886152754012828,0.8933423217064759,-0.8685544799491199,5.889136307004602
03453,2009,0.43321826944167957,0.005757809559256422,1.7684065606028425,-0.8258705234694257,2.44610710838982
03352,2009,0.4203324415790505,-0.03684118902801664,1.535084310105368,-0.9820121095889021,6.36529701877584
03401,2009,0.4567771186414195,-0.005604608528743893,2.7046090113034604,-0.33605517998442425,5.469012875536481
03251,2009,0.4689273253124837,0.02324355680273177,2.0137346218599013,-0.4021538954570989,2.5260963760504196
03402,2009,0.4224767416688821,0.025438094943759093,2.71143782646345,-0.9038913547943315,2.9637487316668203
03454,2009,0.4082568192107964,-0.012758239372574587,2.333521820676946,-0.6875060244456974,1.8291508166405974
03455,2009,0.47963828782034434,-0.010869355176554685,2.451695622045383,-0.4818402727881428,2.9621592601572506
03152,2009,0.2605538144754577,-0.0872182471790639,-0.3277829049830165,-1.8009293908993746,8.300988241675658
03151,2009,0.39684879997290606,0.01659778231632525,0.9491929876356218,-0.9031766452328216,4.801849814707113
03153,2009,0.21494425795458855,-0.12489428634549249,0.13217656100639158,-1.8364551296596134,8.693550902460837
03456,2009,0.43734233350133006,-0.019771834839676372,2.2052124229092627,-1.1170812244098478,2.6291297438635524
03252,2009,0.24246978512812936,-0.10874411506222123,-0.849947429942104,-2.625157057409854,6.903903325336175
03353,2009,0.3925280901016297,-0.0076065380964615015,1.8015424364402288,-0.01765936723016215,5.879934608633942
03358,2009,0.4296898418690161,0.01910843615419966,1.9326856211769907,0.05316862234934816,2.847805764341072
03154,2009,0.38518086528906104,0.006867194097703755,1.631081781389553,-0.45900302259425985,6.07096364977284
03254,2009,0.29476932116210824,-0.04143566134452853,0.6221902110366133,-1.4298778098814453,7.1297412001066975
03255,2009,0.30447684634869665,-0.03181718674591488,-0.6221043776153524,-2.138725461180815,7.452721585852645
03354,2009,0.3912144885109369,-0.013063493297741868,0.707499623987984,-1.1439275440707934,7.041381774199447
03355,2009,0.40078466677478347,0.0102816407545539,1.4360025340073854,-0.37747742034359333,6.663960926334487
03457,2009,0.5096259014194502,0.029215745962271777,2.591178292248361,-0.5362681526720814,2.6613617124198794
03256,2009,0.47173684609321376,0.024876968494962626,1.9186389110999493,-0.5840965141965482,1.4926343831162328
03155,2009,0.30237418336972005,-0.02857954632538895,0.16452481533747068,-1.3995242713941336,7.1807587564875766
03403,2009,0.41396923579283607,-0.024451439629527172,2.2799762371860117,-0.42160999981618374,2.8679816424177322
03458,2009,0.44736137167691414,-0.0064205825861133325,1.616570509044127,-0.8674472658786885,2.9714531602521808
03404,2009,0.39303418868376416,-0.0002425186901217069,1.5272378264565183,-1.2460681621241028,4.388170421107293
03459,2009,0.4212808264198056,-0.012720011324339864,1.8767327640546392,-0.7832538306488339,3.3916385973255183
03356,2009,0.44973971818848124,-0.013547191908090339,1.9902195398887599,-0.47329752387224944,4.088706492063422
03156,2009,0.1778213032858435,-0.13732795142083037,-1.3800494172096696,-2.424170984154073,8.196586363232287
03157,2009,0.3332011490804687,-0.018547653577787038,1.1342906383652407,-1.1728073030260577,5.398854989329565
03241,2009,0.4084280903421678,0.009604944838921492,1.6302301663902796,-0.7387960984173463,4.020073629390873
03357,2009,0.45813223101132344,0.025672962723614245,2.3507432541478437,0.13768608809801108,2.4398738608385147
03102,2009,0.27486130674132575,-0.05548393099108395,0.7475028906512129,-1.5261654084022156,7.319178762573626
03257,2009,0.34804891276869465,-0.05535539668588069,0.310894629126651,-2.046404056979182,5.324898951566635
03359,2009,0.358212756888304,-0.06867765113455304,2.027706440227341,-0.2249428826818609,6.4875063800828014
03360,2009,0.3554530557328363,-0.004985525190008611,0.8160774816065721,-0.7027997156325576,5.373838110571772
03460,2009,0.43694946843517346,0.014311023174436388,1.9588173303484737,-0.6274455860552899,1.9685453966841486
03361,2009,0.4719129996379799,0.026236764558086767,2.1745069883342802,-0.19311199378342003,2.4094070502862204
03461,2009,0.4761016423487146,-0.009133521823926405,2.096479546535521,-0.7197420933261185,3.6860086767895868
03405,2009,0.42063888745463407,-0.019531454948523264,2.819389817911589,-0.25182487854239577,3.4173913043478255
03462,2009,0.46217841378078417,-0.01875830744383139,2.5879293765636815,-0.4127561287358641,2.7945535348678217
03158,2009,0.30497836006524975,-0.05329748846940319,0.8799098061261432,-1.3376262505767724,7.762298879080613
03103,2009,0.4220202676354638,0.03249147256884283,1.9375343383193768,-0.13692227094149345,4.857427200349002
05711,2009,0.28842743043996477,-0.09414520599324117,-0.13929227013305676,-2.602439989113379,6.418936099571625
05911,2009,0.3151637476063861,-0.1069495296528063,2.9687278218553224,-1.293708030153645,6.540631416074031
05314,2009,0.34261490543903894,-0.08942447441948576,2.301376042046864,-1.980667560461888,5.69267291158732
05554,2009,0.4618356237782605,-0.01969171301505096,1.3459059312127146,-2.157321218572949,5.865986783747252
05512,2009,0.3106933609103462,-0.12469691210713357,2.156127831521709,-1.62465957328437,5.341067221067222
05558,2009,0.4170880513153412,-0.024281456479248564,1.2810377904500883,-1.9979489705231,5.7409167723623655
05358,2009,0.3464607377223383,-0.06600697322249932,2.110052254781629,-1.6239734021285694,5.840602448595647
05111,2009,0.3693594439195282,-0.06221683377054221,2.5877949016453687,-1.386340876470883,6.2007651559741035
05913,2009,0.326191927227222,-0.10953899679133466,2.2023829048775116,-1.796594308048311,6.762066369244945
05112,2009,0.3202247322316658,-0.09682384017900597,2.6042880378602624,-1.5028735975300518,5.882179280730005
05954,2009,0.29891040269429947,-0.119703760072576,1.6340639584044923,-1.3971007760299676,7.679420171498569
05113,2009,0.39054867369611107,-0.07003869674009361,2.3492073286420365,-1.4502927736074378,7.228879467669933
05366,2009,0.36148155151143,-0.08006673885621085,1.2908683299036867,-2.2944334562161868,6.668837334082271
05754,2009,0.3319890331163675,-0.11296766879650616,0.867637949688512,-2.146574131959305,6.046547718965749
05513,2009,0.32925964970736965,-0.089235082100665,2.023955980790673,-2.2699293082890857,6.63235945108455
05762,2009,0.2640059165664447,-0.08702705209681821,-1.3318656919567575,-2.869602990910159,7.299506427835193
05914,2009,0.2677961645993759,-0.13525680617677177,1.3804388905294571,-1.8736865658115085,7.522681172782591
05915,2009,0.41389319231527893,-0.03936039701626104,2.0890907376009635,-1.4130264046613163,6.130533876287906
05370,2009,0.40232696177492144,-0.05542446685227437,2.3952861425052108,-1.510771348180608,5.038168465952151
05758,2009,0.3743625811565246,-0.02785024611039555,0.28679680121729934,-1.9488067808733924,6.10271667779386
05916,2009,0.2687061011440901,-0.16232410944658215,2.1066825720297846,-2.004286752402918,6.966375068343357
05958,2009,0.2154402871889481,-0.11789901445741069,-1.7933313004589642,-2.7695311279370847,10.966293278353762
05315,2009,0.27016838424958356,-0.1248929774828802,2.1877797906852314,-2.047973067589298,6.1359340968172535
05154,2009,0.4225749339542835,-0.05139935960435804,1.6630394884032005,-2.0680631413986053,5.899521276253807
05114,2009,0.3613483322793077,-0.07265308249164665,2.9159664981423856,-1.4834932877671796,5.604705739851921
05316,2009,0.31741466567988363,-0.11723930504516356,2.2537327294359017,-2.0314867550015054,6.465657741559953
05766,2009,0.27778276975818206,-0.08439376223075085,-1.3217274067642026,-3.0302398495318763,7.492221378839361
05962,2009,0.3308963860940143,-0.08094743769754537,-0.2566662110982587,-2.7487427190348503,8.387333353128065
05116,2009,0.3868775744520686,-0.052884973830609416,2.7153811063422704,-1.2931237879278021,5.164319042556
05117,2009,0.422314550507808,-0.04676743820890161,2.914165217284005,-1.0877241418299666,7.147503782148261
05515,2009,0.42514710434252606,-0.023900865157892803,1.2860945559810972,-2.0540123841379865,5.783065580523398
05158,2009,0.38425834370412365,-0.07024680378404707,2.297368595366933,-1.3515502002908808,7.3176681244143005
05770,2009,0.4470191718414907,0.014233046990454412,1.783588412612293,-0.7777043479694907,3.4547616508822783
05374,2009,0.317135834250523,-0.08417926522848201,0.4832270645637714,-1.6361262696613994,9.037562143251703
05119,2009,0.29524906644089033,-0.1129958993874709,2.806068335587211,-2.1123780325838046,6.381244253754215
05966,2009,0.262795694810134,-0.06477978960178882,-1.469488352125785,-2.486452721823313,10.706994675968422
05774,2009,0.30106491043323186,-0.10367547736136229,-0.31881159199574544,-2.6667169348749282,8.363963634870236
05562,2009,0.37538917843467307,-0.07396834279256209,1.6968317002406617,-2.088492575647151,6.47553979210718
05120,2009,0.18407648868776502,-0.18446502082165886,1.1304351178338778,-1.0982063279643717,8.937730164044192
05362,2009,0.30074320648280733,-0.09060606808964933,2.43868202531324,-1.5642227997049258,5.844613937639732
05162,2009,0.3090516501385233,-0.08673120858863914,2.347377480180094,-1.5583463525046022,6.1441625348694595
05382,2009,0.3481253341560678,-0.08150152739813016,1.4514499531797291,-2.391870299254993,6.416719537850205
05378,2009,0.3490750653163218,-0.11404497023001137,1.4442906195197034,-1.878747986505627,7.485376677538363
05970,2009,0.28708670152809773,-0.03221125931248486,-1.2886003258975909,-2.3879934006536283,9.931336742147552
05974,2009,0.4399310113185744,-0.0177688704485936,0.9911610166597143,-2.0270164451910273,6.714174138691991
05122,2009,0.28895257273622327,-0.14225812834966822,1.9254770402603123,-1.9519481769816949,7.96339719759794
05334,2009,0.37232667252008955,-0.039549363165735096,2.566340723085832,-1.3282263131845768,6.1994995915032645
05566,2009,0.39767035575876764,-0.03708192272411992,1.468175438893877,-1.5748951988112163,4.7832423431104205
05978,2009,0.3879529743721614,-0.05698409820581535,1.5314132603144106,-1.9837353778294968,6.596546343159963
05166,2009,0.41801266793059444,-0.04283913456159205,2.9063309785074005,-1.0986992063997794,5.111096113151989
05570,2009,0.40178081737712834,-0.04078106320053987,1.8970285584929456,-1.2505230371864833,5.572757435043495
05170,2009,0.414712915299985,-0.07076634604446341,2.007647040037285,-1.8457712937233093,5.983632862644412
05124,2009,0.28974522415627824,-0.12978633900931463,1.4122724973635699,-1.7683523354312471,7.9120237506185065
07131,2009,0.4061913017058075,-0.037665840172523835,0.3859723829828763,-2.695961536289815,6.6680362076059545
07132,2009,0.3561295406318091,-0.07281423967747258,-0.5247476840522585,-3.066735784145629,7.473085955847816
07331,2009,0.30235723496790196,-0.014384643024112187,1.6058861328100313,-2.3768854361265235,6.436155635338671
07332,2009,0.3280197752879529,-0.02733336991003621,1.1491835126441967,-3.0141650924680756,6.532657679563745
07133,2009,0.3981513217505378,0.005311764057472246,1.1277029024489331,-1.8424417335475969,4.639404259645199
07231,2009,0.25554182573738177,-0.11359714311866637,-0.1472974602019456,-2.518162607905014,6.123259095650035
07134,2009,0.2731438307547043,-0.09339814344003233,-0.8450628953847257,-2.5105563008697542,6.4850790411546395
07135,2009,0.25260838105362177,-0.11760563120529527,-0.36286838465324567,-2.4721655003307417,6.982503326273272
07333,2009,0.3708103290239018,-0.005467851383326838,0.8371463735159116,-2.2787053755033604,6.187333690548629
07232,2009,0.19823022529977782,-0.1507886827494961,-0.9485236512517006,-2.955636819771713,5.832307578509115
07311,2009,0.2564606359046663,-0.009001737730124026,1.8303913339351883,-2.908909113488387,8.408252178370072
07334,2009,0.2754136284603443,-0.048071817572936715,0.9014872974409939,-3.2091879867751034,6.57988831337002
07312,2009,0.39796844736787723,0.003453525560760451,0.43239868095547596,-3.0129116268215963,7.409558655385318
07335,2009,0.3813489317862768,-0.034614963594444326,0.07948322880411633,-2.709770534195975,4.991424936565616
07111,2009,0.3367235164066463,0.0013939444510444043,1.7014496416689975,-2.1034860137663163,4.575475700904077
07336,2009,0.35051314703208664,-0.05141529825706537,-0.2969357025807023,-2.715146259300061,4.762552811942538
07313,2009,0.3339803738164707,-0.008778095681819087,1.6995566716265007,-2.550874365066436,5.069741348765796
07314,2009,0.268148192065868,-0.02215644481866652,1.860666361862971,-3.169093052892638,8.318446651779984
07339,2009,0.3261832852583841,-0.013165095506406543,1.4669121638085292,-2.4157580622348562,5.185176219295122
07315,2009,0.2563510621300407,-0.02444904138563342,1.5300046470379771,-2.3065967864286643,3.7137882250516925
07137,2009,0.36698928986046897,-0.0491652031671736,0.8284001497773895,-2.2442622266176033,5.756999554048754
07316,2009,0.34787029933598745,-0.051619930695619376,1.8791152989859132,-2.609191832242396,5.2390938854968585
07138,2009,0.33837763025986783,-0.0349305188384374,0.16032875268117677,-2.93172147633696,6.21877409970812
07317,2009,0.47805390476546017,0.06379095548062907,0.5956364203020115,-2.5360033756305835,6.4888521288837735
07140,2009,0.3275022404769278,-0.04458507135047168,0.2718585899689655,-1.6919445161227045,6.404505589196972
07141,2009,0.3963929651622353,-0.011362147993929539,0.004104173438125785,-2.4562093956329507,5.0463334364565435
07338,2009,0.2779763505853856,-0.030034254862216003,1.114167337314613,-3.3609905047634303,7.110394140860039
07337,2009,0.3357085642170917,-0.024963826735243277,1.304732848115639,-2.8854053649421183,5.603465011172555
07340,2009,0.4308438688515154,0.009068611624728218,0.30870852147669614,-2.69530528284154,6.232142330564704
07318,2009,0.2564921220552141,-0.056844358261115946,1.0735705590360085,-3.326812593732974,7.526978193146417
07235,2009,0.2094495069784949,-0.16933150238713063,-0.7018902417891573,-3.234688219762853,4.319350887936312
07211,2009,0.1881440964591534,-0.15325080149386225,-0.2767834976213679,-3.6938234069338938,3.2368537061527793
07233,2009,0.17022015243161467,-0.15892917995968256,-1.9265284154825824,-3.507822465147515,8.529488698768718
07143,2009,0.3291336854149134,-0.039131359150874956,-0.5086054600468082,-2.734834857966722,8.03567362791899
07319,2009,0.30540903523321505,-0.021690205992180245,1.8000068457237342,-2.650823440566394,7.32029997777076
07320,2009,0.39838778792206303,0.009762038228113001,0.1928749026956695,-2.8881912360806035,5.3053604764868
10042,2009,0.3129762658384236,-0.08736294821413892,0.07472184758149199,-2.7428891116438585,4.7596479689310645
10043,2009,0.3948204589787158,-0.030986458563139696,1.062799609175306,-1.8319572093137764,2.4579233972452292
10041,2009,0.4076287975065864,-0.04240333962215387,1.6329359503102572,-2.036527754275519,3.2497458258963885
10044,2009,0.397474776885862,-0.026009634485128774,1.071901550173262,-2.4001829123416574,2.613604023958437
10045,2009,0.34423963062397533,-0.0608306475789544,0.5825204698979897,-2.587948341305866,5.131901907120205
10046,2009,0.3378838358858108,-0.04240048384919287,0.36317490710606604,-1.910489243902758,3.4070714380357336
15081,2009,0.41165099084454276,0.0011129541819206445,1.2773176557931325,-0.7411371862566727,5.300191644838084
15082,2009,0.36842704771288665,-0.06372877443317077,0.30145502601519103,-1.9140794000784456,7.266771255147384
15083,2009,0.32490446901019193,-0.06290720704788683,0.8181340042501554,-1.2096635201062087,5.962732840547374
15084,2009,0.21492411201870593,-0.19751383226705777,-0.2616023960180407,-2.5085212546884748,7.991056729590829
15001,2009,0.40086751283608146,-0.029689552713507372,0.2674561144279938,-1.7997298441903862,6.5469022858185415
15002,2009,0.24410195667321707,-0.1813115491250827,0.3678146413442805,-2.292906938989939,6.498726696136845
15085,2009,0.2839295016675676,-0.1099145744939013,0.805022705394054,-1.4543938704054002,7.704983579134537
15086,2009,0.38003221441186147,-0.05652807026689721,0.7656304978286808,-1.3560835250484415,5.871714450441189
15003,2009,0.3233615155663696,-0.05562891148578736,1.035724642047284,-1.2337210498365956,4.564088936132518
15087,2009,0.27605914255737013,-0.1073006303621798,-0.37572525522502065,-2.116627812167044,9.37398151496736
15088,2009,0.2628997874779809,-0.16423815367023042,0.03433469203701956,-2.316274662991345,8.37307146107073
15089,2009,0.33553170380007685,-0.07859232165432872,0.9284978937436689,-1.527963071350463,7.911147050098073
15090,2009,0.36317372144819543,-0.047526775288625145,0.48383264928538283,-1.5769289182804038,5.383746855624279
15091,2009,0.35994959662808357,-0.05444436748904935,-0.44479815614257473,-2.2767191185047326,6.23440103877069
14625,2009,0.1640493598942631,-0.2086561813168754,-0.46446260709303683,-1.6906110868981121,8.285658883812783
14511,2009,0.2066827556577451,-0.14077538808764192,-0.5290183007645082,-1.8254836742025726,12.381072712389225
14612,2009,0.14635199779666921,-0.204404299751097,-1.1757324173282642,-2.6073570792203786,10.357513923801077
14521,2009,0.08534641271653276,-0.16582095762793414,-2.2687719428674034,-2.2554335107249557,17.537270888569818
14626,2009,0.15266690980205508,-0.19126854216402697,-0.9876043608744131,-1.6517100772571007,8.200246866379029
14713,2009,0.29402774972511725,-0.1324178189690024,0.24179296054032964,-2.0988471588327156,8.395753162433637
14729,2009,0.2736877703158532,-0.1568861157763995,-0.17764364039448494,-2.1703410162522387,8.842721242789008
14627,2009,0.25017910503214236,-0.17888915312414627,-0.3175427484150985,-2.153175452771716,9.626496656921681
14522,2009,0.24228021229967905,-0.11687423714126666,-0.7739330506378955,-1.9024704844100797,11.897632761224877
14730,2009,0.3668732430754752,-0.08015870412216236,0.13518664780882286,-1.85302635281864,7.64746534558576
14628,2009,0.11738930574473769,-0.19380570199443883,-1.5816731288736303,-2.237308715387443,12.059551317606237
14523,2009,0.1658555446598727,-0.11735720393782753,-1.3992560451817913,-1.838977147567138,10.509402597402595
14524,2009,0.20103837963557253,-0.1719320864225959,-0.7009447533634393,-2.228872159589593,10.908223523824603
01051,2009,0.3622459390375493,-0.04620808138790522,1.7958782328464558,-0.2852281357541131,7.115775926245264
01001,2009,0.410777495270911,0.024217916380852078,1.618525709330871,0.07052898481865166,7.323899748171244
01053,2009,0.4571859606133714,0.039722094455421464,1.881862975231982,0.3483963531633003,7.07937199137834
01002,2009,0.43874076573910126,0.032162025396655025,1.3861573910003528,-0.25259014805685953,5.726872419893846
01003,2009,0.4745687140662063,0.05922232404890182,2.2123740801858363,0.49438003650165485,3.315220779220779
01004,2009,0.41405947256871994,0.0251162192967071,1.9521724603505877,0.13505691164757883,6.4243435782617535
01054,2009,0.4568944858973389,0.015021355722396157,2.178688622264696,-0.013775681068532553,3.745570715774739
01055,2009,0.4097175101709883,-0.011802354561325279,1.6648827975456189,-0.1359599382255916,5.642441469991241
01056,2009,0.4049232988378224,-0.03171767781370732,2.5994326532011556,0.3481214075231751,4.740030289143968
01057,2009,0.4307527627435063,0.010204817901162289,1.5790811323341496,0.06983389247591054,5.409358884248735
01058,2009,0.46893221027576265,0.03368997196738366,1.5851479894955702,-0.09436732023938288,6.117491189485674
01059,2009,0.46148820997529094,0.027409575777710804,1.6258419565465763,-0.1299322997986394,6.3440862995434495
01060,2009,0.42154062334765074,0.000715539111603769,1.6062181778403677,0.0787156734835297,7.036644645173908
01061,2009,0.4193701495743205,-0.02207857208226338,2.362537272206269,0.3227269661771408,6.565277481471861
01062,2009,0.44840257403883155,0.024110165653391524,1.587798917347265,-0.0064638379198460605,7.047294276316864
16077,2009,0.1868310766180852,-0.21458296471714824,-0.5549743616497709,-2.4229245002600903,8.160188001271742
16061,2009,0.12747522890337232,-0.16550896151066835,-1.8820317572920706,-2.7585815032467504,10.065134229766233
16056,2009,0.12819805302718407,-0.16132787983556013,-2.1654370769525983,-3.7902084676155283,8.12050246060165
16051,2009,0.21066365473360021,-0.15596843392218318,0.4071723095086568,-2.0141802916844354,6.829863350409462
16052,2009,0.2779411779148123,-0.1230659047790762,0.0049519461564768,-1.8383165719390744,7.501638071858557
16067,2009,0.20984196548112244,-0.14249287583505438,-0.5550105268229694,-2.5185973306109557,8.656976160860921
16076,2009,0.24921158262665805,-0.12220265943206698,-0.59744979417252,-1.8712125620554216,9.51814415289787
16069,2009,0.23133521395106801,-0.03924619316016145,-1.1115894564129414,-2.044735172537547,14.027088159692237
16070,2009,0.277983078153692,-0.08027962332644539,-0.11258344915113182,-2.006380203447155,10.239063403578848
16053,2009,0.20873673840584345,-0.15765138756899277,-0.38504051922832405,-2.2535670054899763,9.345932667076097
16065,2009,0.1618463310071277,-0.2044613587130643,-0.959850221383646,-2.8445552873234705,8.784093654836852
16062,2009,0.15531133884319284,-0.18297662646782545,-1.502737527050292,-2.726930197086332,9.98423339112618
16068,2009,0.19006091992046764,-0.20278462039735295,0.05780194399108779,-2.571784130277553,6.005891196387415
16074,2009,0.23261804674255523,-0.15430347294576643,-0.34255363162775,-2.209404901989691,8.411983410408858
16075,2009,0.21968999826266059,-0.08309408233398849,-0.9145488251865852,-1.5228156423138808,9.914279447011063
16073,2009,0.2632818905567601,-0.09219599131218065,-0.75816819973332,-2.0686617117117496,11.158708166588815
16066,2009,0.11684041654995247,-0.13726123331681733,-1.775608068852922,-2.485701861549794,15.020395910525592
16072,2009,0.08895541075450537,-0.14035243279458515,-2.3790729183470387,-2.9441358431168814,13.899442174839502
16064,2009,0.12429372029007904,-0.19655766070309708,-1.4688226552437602,-3.238973222957105,9.071262829834328
16063,2009,0.16874269155271188,-0.1529271473962236,-2.121038898793404,-3.447029656215372,9.574980193451204
16071,2009,0.1998727178438066,-0.1771947094401939,-0.9581987465341915,-2.9831187752417385,10.224611327220723
16055,2009,0.16737319728304612,-0.21967995487414005,-0.2216841554814148,-2.4118757063864726,10.138816673355079
08425,2010,0.1323221299791607,-0.1564701036666052,0.2209115662809665,-1.2942027258176172,9.674526302363704
08115,2010,0.2874015494521001,-0.10849020441757223,1.0428151547134499,-1.8213040178019784,8.580205330627134
08211,2010,0.35672617998585915,-0.03898892244837521,3.569554123285025,-0.9789592315570248,3.198204826368452
08426,2010,0.15529080739876575,-0.17849651550546355,0.25934579746475156,-1.4215611273038942,12.472701280465946
08435,2010,0.19607273461122654,-0.1378082964293907,1.1626826348635728,-1.1929407127195193,11.095334217930981
08315,2010,0.3203146567540059,-0.029380932565433615,4.385028496929265,-0.242431911901539,2.53361218657817
08235,2010,0.17211092636860997,-0.2286974744823863,-0.04235198473132569,-2.1583247071600327,9.818560164002248
08316,2010,0.38163088027287195,-0.018272132403307162,4.5979689919898785,-0.44401768346296056,1.9987712312573884
08236,2010,0.38652856572887484,-0.056376726092768004,2.0203161719599922,-1.275843518399041,5.478915626536215
08116,2010,0.34274521569347194,-0.05752491385003883,2.015852786744031,-1.3917137781715492,7.809088943311023
08311,2010,0.3975510064540342,-0.026732697247068893,5.054917572405593,-0.1075987861349299,1.8107190581097188
08237,2010,0.20257116920212911,-0.1673177373675375,-0.07338690794061724,-2.250616376505949,12.11840108734497
08117,2010,0.2628019219867783,-0.10681380811241975,1.3066028775110206,-0.9085678896732103,6.447970420095669
08221,2010,0.282560707362204,-0.08876864207266538,3.398132723193332,-1.3230676834361472,2.519656618866452
08135,2010,0.11645131213769565,-0.1674626529237897,0.2827686013726476,-0.9815152968305887,7.969337299719212
08125,2010,0.3004433249467054,-0.08864040385060157,2.1893758867992945,-1.2714698319635622,4.131860398428718
08121,2010,0.3059589096211885,-0.05137802981497003,3.180549964895191,-0.6840483480087625,3.24042403819152
08126,2010,0.22220618727915764,-0.19110850515096078,0.7123383753520165,-2.0881496541386513,5.29220702683766
08215,2010,0.3808828026278236,-0.046281016991453594,3.7815987300075715,-0.20481699986626545,2.7435811570661035
08212,2010,0.3836107050051417,-0.023367543816191272,3.927809581037557,-0.3721643533972583,4.026414628119594
08335,2010,0.2962356404045117,-0.024206370386157416,1.1158900757240104,-1.2918853769669392,6.675645508200739
08336,2010,0.41110253529484825,-0.014870338234841018,4.094106136281987,-0.19837458620881687,2.272516546192088
08118,2010,0.3256649510329207,-0.06875077448352473,2.0331639119046727,-1.7476159359893542,6.040035859535576
08128,2010,0.22888099073811924,-0.15266367196580372,1.3183655057908883,-1.1671581362962193,4.7120738107786355
08222,2010,0.23685421330055004,-0.12088628695596679,4.57207864217238,-0.49086627088715407,1.8721241213783637
08225,2010,0.21033310813721584,-0.17246016628131627,0.9319727703545169,-1.4626914210602926,4.377540902669221
08317,2010,0.3766635713495124,-0.010378912747633084,4.21324892276132,-0.3920206975874665,1.8018550985640351
08136,2010,0.1835190102134302,-0.17259169433462418,0.4928010562686673,-1.2384963026580873,8.490968390178553
08231,2010,0.40832771825287245,-0.028487377766309108,1.8322352667670019,-1.5781892979321872,5.511402280456091
08216,2010,0.36590235017782274,-0.026094140259617815,4.193605702524624,-0.18744595829359945,2.4933788610626295
08436,2010,0.0871445323646072,-0.25497303052026166,0.3861322472449279,-1.5952912411392126,13.903062866823989
08119,2010,0.3095278194410424,-0.11330389249637218,2.019960109895331,-1.4412685222385089,5.273664332008257
08415,2010,0.10869466668713357,-0.16154073027286586,-0.6410464405453888,-1.8645570694339255,12.795272333573935
08226,2010,0.3167287917925999,-0.09101158543566079,2.9489619354944434,-0.984150337666772,3.452095338130346
08325,2010,0.10363186240222501,-0.22815501884757605,-0.31932233166967006,-1.9738759527338263,12.155400453317768
08127,2010,0.12883132557703855,-0.24589245415103148,0.8589599666610078,-1.2378061606655875,4.700912223296396
08326,2010,0.04310243444310122,-0.2572363423045322,-1.4948156910142434,-2.6512879132956138,11.16113823357208
08437,2010,0.0943895397081153,-0.20153999550516694,-0.16609957660474903,-1.4416791201152586,13.635123177796167
08111,2010,0.31300348619438423,-0.05022372805207742,2.2694343130298624,-1.7470699737048574,6.718595382078065
08416,2010,0.37991662108521657,-0.03405750910406563,1.4835229500331462,-1.6413158936744003,8.78851942229769
08327,2010,0.07368225014658505,-0.21104030250549635,-0.9884667664741105,-2.2213335029071324,13.886733622160955
08421,2010,0.12249453203626398,-0.1570045847285068,0.2978171264701221,-1.4908011417297875,11.007243569879147
08337,2010,0.19358939765656416,-0.11739767522159936,0.6978642035714534,-1.3794046879091186,7.34695318360323
08417,2010,0.16581438118734265,-0.1752418946093517,0.21931872054516216,-1.8602193334126,13.372623880328355
09771,2010,0.23457644968095798,-0.0971321425359587,1.0180983939065171,-0.8519610150351489,8.306024320678416
09171,2010,0.17295500918470455,-0.16706771690053265,0.5948911482896967,-0.8698416568839878,7.114046176060594
09371,2010,0.05823924040186413,-0.2481420072587882,-0.8249181851434869,-1.2429473498425976,5.344703629131267
09361,2010,0.043965053862730835,-0.27911799167987017,-1.486049799200951,-2.412179854209903,3.933200703955926
09561,2010,0.11063153446053905,-0.24823071101172386,0.38079894927453234,-1.120329623725866,7.404900076166988
09571,2010,0.15439814633586468,-0.21839627875214318,0.7249039990923012,-1.0467570046672088,6.043580928207715
09661,2010,0.27931626564167805,-0.12249822991706028,2.586134306955006,-1.6898882856332236,3.3869418252979897
09671,2010,0.21931240366535587,-0.19352881172364922,2.0614187491257807,-1.2306235389148292,4.1606909145056
09761,2010,0.2222351204873972,-0.09867016983535193,1.6010886255136871,-0.9708505002343555,6.684663628218612
09772,2010,0.22374880160218885,-0.11703609828798267,1.402294782207565,-0.6530191785590123,7.782713324049769
09672,2010,0.08767922932709474,-0.25284263621627556,0.7309237191971054,-1.3161842040497336,4.414295217524936
09173,2010,0.16049524820214742,-0.17087644819862022,-0.09235291986642964,-1.8239686421517087,13.52121128509347
09461,2010,0.2129642698343522,-0.13583753945083157,1.999165026672962,-0.743747824380687,3.556704165399817
09471,2010,0.13384014334315203,-0.2123841097623247,0.18631186806512304,-1.5269497034038022,4.835008680156432
09462,2010,0.10220018102677825,-0.2182802549941526,-0.25034724571344946,-1.7331432705737433,5.756239640066305
09472,2010,0.06790294380606937,-0.2061749617366735,-0.4186300429860237,-0.9842867343774455,5.072397505443007
09172,2010,0.22196993711505794,-0.18853172983833896,1.7963565389861826,-0.20299604796588766,9.993367363527005
09372,2010,0.10016394891704102,-0.22825023776676223,0.1838486049578967,-0.32503943856590667,5.648197039597541
09463,2010,0.06529312302583584,-0.23461828239005394,0.9168225512809722,-0.6355379843371227,4.632544634583309
09473,2010,0.08409200009447422,-0.22633078018563502,-0.37206990894821296,-1.6325303279756085,4.769470036752233
09174,2010,0.2008811116619335,-0.12922106161500935,0.6616909058591733,-1.0257035817314188,9.145448277959709
09271,2010,0.07720823275323653,-0.15572395605852896,-0.061831440634885555,-1.3832220734201752,7.962069391500782
09773,2010,0.15740285272380564,-0.14582912842572968,0.7649592949961893,-0.9982059777842786,6.845496511786485
09279,2010,0.1483977591327125,-0.16019799636097107,1.668212405147888,0.14551232285142635,6.202848578401331
09779,2010,0.156072300513203,-0.16279139097063952,0.20275715701539354,-1.641729343546435,7.577864060136805
09175,2010,0.2672791703272801,-0.09052389063296495,0.856027077594607,-1.1378807804476057,10.179009358519043
09176,2010,0.13420289441281316,-0.15507945465972103,0.19248229078686901,-1.0671032195908619,5.478853271183919
09177,2010,0.22202872612171906,-0.11746732710660243,1.5021182250697112,-0.2312229768735199,7.209215922854154
09572,2010,0.17142355918872199,-0.20390118692959913,0.9086974423127339,-1.3325577928363883,6.099975193080521
09562,2010,0.1566888260203673,-0.18852240280771052,0.9798959545599197,-1.5349060957526934,5.53165813556693
09179,2010,0.2602117983888852,-0.08260599312161876,0.6449546561832435,-1.299995162963983,9.87587905377639
09563,2010,0.15268249670743272,-0.176925966167169,1.385934495542542,-1.5524528104906639,6.250079615529373
09573,2010,0.173459535080354,-0.21297908981521718,0.3454068292271719,-1.8302308020243299,6.308605048021198
09474,2010,0.11833180459294718,-0.19798163679221925,0.049360357952431023,-1.7013164646803542,5.234182426347615
09178,2010,0.2773092270441768,-0.0504159062021341,1.9190169322215656,0.1303878893471362,6.6465680588969045
09272,2010,0.051961548231063796,-0.1695832933520215,-2.3876589032506996,-2.4645303840538166,11.171378211646669
09774,2010,0.25265378465475413,-0.10609931617386659,1.3994129370795811,-0.5936439882368567,9.615203374887097
09674,2010,0.09826698048786474,-0.26159899008791215,1.4391274439770956,-0.6364761603233067,3.4813215468539873
09464,2010,0.029771231574015383,-0.16089283845110022,-1.4756592106345077,-1.2462242918184343,5.240190505453984
09475,2010,0.033966637397537566,-0.1458851021049175,-2.3457737457512056,-1.8581138786563856,5.345888710384108
09161,2010,0.16265542180672496,-0.13114018551189852,-0.15904854367160295,-2.2806426206298256,4.757744533434329
09762,2010,0.18396860007093754,-0.2038678985861613,-1.0322888713496123,-2.80935115713016,12.041436464088397
09273,2010,0.15502095830152596,-0.14424963191047918,1.4676905160587486,0.21132259476520976,6.410722244376159
09675,2010,0.14430632565454965,-0.2208805537386661,2.1479668492510706,-0.7887834619749468,3.8512522579852146
09476,2010,0.08237558720651975,-0.16391931033214993,-0.7828663320343385,-1.4121844010996643,4.547118571390286
09477,2010,0.07793017186556869,-0.19231254526725297,-0.9702098560463329,-1.69778849690136,5.6817009773849865
09181,2010,0.20367641884414933,-0.13759480244886169,0.40341298377505597,-1.3917829260387418,10.068245938889119
09261,2010,0.33385915595363563,0.013770975516674888,2.2810897089730973,0.434827024967934,5.608656582297438
09274,2010,0.2304032309997009,-0.09750281551516604,1.6112791966054836,0.300450322379032,6.995668602284755
09478,2010,0.08784389567467744,-0.24638604340367837,0.21285541375793576,-1.0791154215327898,4.475690332331083
09183,2010,0.18406882027585378,-0.1615174661890276,0.4342943041442363,-1.026824423230765,6.107050601611253
09162,2010,0.28910943441322096,-0.029727545768919506,2.5194742995751027,-0.587782589564096,7.481089360556124
09184,2010,0.25538343335610203,-0.05280382276489132,1.411731925527992,-0.9039969771709626,9.256296316552266
09677,2010,0.13328708997628452,-0.22286601240851084,-0.13853821464628593,-2.6445079847196795,5.6940242539389665
09764,2010,0.0745017526510748,-0.3064022018797841,-0.1691925172597073,-2.126710754401138,17.137823553327006
09182,2010,0.1755910179073492,-0.13032428956715714,-0.6630261246554859,-2.099714673000996,13.776834025418397
09676,2010,0.24395062815796725,-0.17258763233982155,1.4472288602491503,-1.3893301605195976,4.544182531479567
09574,2010,0.09669101685394986,-0.19854605466847164,-0.005500444062865143,-1.0966618409527396,6.005786149645605
09564,2010,0.21734569171818355,-0.0820799783430742,1.6163710511018619,-1.578500574847197,4.702429192298808
09775,2010,0.21761275495523918,-0.13148879455859475,1.2956036487596776,-0.8279924674843226,10.574477475586727
09185,2010,0.19092820128489277,-0.11231605612736309,0.9579384081103219,-0.9781315761319094,7.278230814028233
09373,2010,0.08790224308243663,-0.18600901034867354,-0.26155586054850327,-1.0018056549017686,4.529055027318315
09575,2010,0.18733923698649135,-0.19067663194307316,0.8616268680364255,-1.5808724868211548,4.538175188371425
09374,2010,0.06835917013820084,-0.18225908169207058,0.6851467521338236,0.44916267561071055,3.4710298538742146
09780,2010,0.002648093730134742,-0.3252991391873604,-0.8650607681088691,-2.0217187010715225,21.123966942148762
09777,2010,0.15501938893915526,-0.21085703728547275,0.21653442970163944,-1.5909100459544683,10.437446969696973
09262,2010,0.05480411328101168,-0.21525514892020323,-0.33127039817184945,-1.8450442505447258,8.180911810024472
09275,2010,0.07204831266842768,-0.2003192411988121,0.11658263508318939,-1.1863577893390755,7.5196371316216055
09186,2010,0.2821739648964004,-0.04562765930877355,1.8458321239932791,0.03787258997668719,5.986566054050889
09276,2010,0.08466497491463087,-0.17183925107383402,-1.489862065018286,-1.102102006706917,10.40625
09362,2010,0.08716881805696891,-0.14811740587560854,1.2388247427145989,-0.5507251093759129,5.554442274489826
09375,2010,0.08932953844032542,-0.1783571511518835,0.6516768038455292,-0.41470421340986485,5.693504672011523
09673,2010,0.07238844392415145,-0.23102081522804546,-0.33145996273269746,-1.9074197387105198,4.446298721044382
09163,2010,0.42824525803284247,0.01656888116159816,1.3475735146826497,-0.9317651335505539,9.793412448534756
09187,2010,0.23245974804926914,-0.19076546245009482,0.7178481577892764,-1.1538757399028712,9.641136991709432
09576,2010,0.13821651672758856,-0.22233487554163145,0.4316738444510252,-1.1558807937595006,6.066912412284437
09277,2010,0.1534321005613574,-0.17937432490845903,1.0395592013293156,-0.16223094563622542,6.595772016499961
09565,2010,0.21790542093889967,-0.1638172147956702,0.11205066791721498,-2.177544524262215,6.475088967971531
09376,2010,0.07951244719480824,-0.2172595309139652,-0.18353845763229693,-0.788789326227157,5.366919573909915
09662,2010,0.08514522176587908,-0.252098925977847,0.5321930954507709,-2.8862638742436695,5.757859759734173
09678,2010,0.12246595284026819,-0.23147160300472247,0.5138763489391276,-2.101613474702222,4.97046935646174
09188,2010,0.30461134797205136,-0.05916865498423268,1.13622641642841,-0.8936481895841866,10.959973333573574
09278,2010,0.08899853361715879,-0.17047157803889854,0.46130598926462973,-0.7643372728781065,8.242741161501007
09263,2010,0.0764842941007236,-0.1285671733134169,1.2542843517241986,-0.29887240298631035,7.432257742091322
09377,2010,0.047011441695248894,-0.15419480461404186,0.7624519265184538,1.0362355112206099,3.535360105277685
09189,2010,0.22034745540215267,-0.1413917860157453,0.2297607563722034,-1.1720684811738233,9.229044626289667
09778,2010,0.167981659281433,-0.2221427421048549,0.6037897039277083,-1.3142752367807624,12.09861909065479
09663,2010,0.16147104648261063,-0.18470763430355353,1.1097442720507038,-2.017640610792064,4.8947765178879905
09679,2010,0.1727397422019235,-0.169999961799583,0.9987719804677265,-1.6537564212803355,5.252214953961123
09577,2010,0.172578345824829,-0.17769835047383092,0.294036640028064,-1.2676552557818113,7.160498800892896
09363,2010,0.10669967401853651,-0.1902559091935217,1.7156914458806558,0.622449469067758,3.4974468409420005
09190,2010,0.2850773495488933,-0.11062033279689387,0.5491700680272393,-1.6418545954369577,10.63265306122449
09479,2010,0.027864232521604658,-0.14050927072088001,-0.5117773139077345,0.24565047585368183,4.682774997464493
11000,2010,0.06320983173937923,-0.2734348701881507,-0.06579866929595628,-2.1862103404780293,9.950504078220787
12060,2010,0.07123262050709499,-0.27118291910594194,-1.066454932170784,-2.1172399446668657,10.191815362762014
12051,2010,0.09040026632807024,-0.280784021193738,-0.6062818749247438,-2.4671428401638114,6.825856180190159
12052,2010,0.07572485671247996,-0.3297376239328099,-0.40860414575142595,-2.3248268923905138,10.402202477787514
12061,2010,0.11350576393979574,-0.28624456114245933,-0.5053238915724712,-2.1701646472325384,10.791482057643968
12062,2010,0.27480721855130236,-0.15754189526081974,-0.6142955866338861,-2.5063409844898614,12.723896437639329
12053,2010,0.059544733223198386,-0.31713067243409826,-2.342644965218203,-3.6643913952190035,10.757321360845456
12063,2010,0.07456945634004801,-0.33008069121254485,-0.31961963262633797,-2.196782586399478,7.894918721351295
12064,2010,0.04256276980953287,-0.31716231694049646,-1.7066942700851373,-3.2021064119924185,11.94807551838767
12065,2010,0.08875451372883977,-0.2764627836756558,-2.5909127102598184,-3.777506664714104,11.274552095187591
12066,2010,0.11435917144780595,-0.2650949290910807,-0.020669395692095596,-1.6734199659597728,11.734628173102887
12067,2010,0.08580010126569977,-0.30007751494660445,-2.4574967390223468,-3.680185219246834,10.956026424053011
12068,2010,0.10783534595585853,-0.2627695568665605,-1.188488343448573,-2.401975062860939,8.476030121844195
12069,2010,0.13551066404813955,-0.28022571612265,0.39857956092344593,-1.4594672233091335,8.954602238223304
12054,2010,0.0632524489665769,-0.34645293906411967,0.10434584058059727,-1.6837090919307622,7.278838210356975
12070,2010,0.07243753028368016,-0.3030457203107174,-1.0013726490562798,-2.3274633612896594,6.964491239766015
12071,2010,0.08924401515275354,-0.3031146781624619,-0.3726810339235365,-2.0040946167658014,10.033957925043078
12072,2010,0.1295185246118252,-0.2653055842373676,-0.8280821668966607,-2.3880610759451235,10.362588423127168
12073,2010,0.07725492394923886,-0.2736733179753238,-2.472082138693339,-3.245634947940797,10.112448901112682
04011,2010,0.12860787611027896,-0.29795054695312917,0.4837589277553464,-2.4445366006760985,5.047853431774677
04012,2010,0.0961320325192334,-0.30192016078396083,0.5753206372020893,-2.5927204686011858,5.359683794466403
02000,2010,0.05830772541765327,-0.3187328013909022,-0.9823511218062322,-3.365422883939131,5.861323860117984
06431,2010,0.18874309378748483,-0.18598528273946952,3.1110873815439817,-1.38391546922026,3.4597392369618474
06432,2010,0.18281004826137323,-0.2218327564447696,2.1733323047624773,-1.6764506391185559,5.2174136041420365
06411,2010,0.2201926955335969,-0.17755844156140058,2.9330900212055897,-1.4465921977397005,5.1703097519830585
06412,2010,0.09270247971957622,-0.26829157751339655,1.400018449636261,-2.4986597918876123,3.8090456704051747
06631,2010,0.12928852002209432,-0.23680676935151793,-1.7941960669197379,-3.3821896034609797,5.06310725951382
06531,2010,0.06511157103130331,-0.30813216258087567,-0.9410870728969719,-3.5379895573184004,4.92099894090624
06433,2010,0.11947519971468863,-0.23452723183424995,3.42802696767161,-1.024926280481608,3.131637604544738
06632,2010,0.10627317086536822,-0.2365940282068292,-3.303082629626162,-4.6789969838626995,4.85308056872038
06434,2010,0.075729621141015,-0.30662823455404786,0.5749860573902099,-2.1231022774732256,4.370436179534614
06611,2010,0.19733862392268797,-0.11486538535949925,-0.839258010659621,-3.347894542399941,5.39677535579175
06633,2010,0.16424585557596563,-0.17539824922709232,-0.5006678460818776,-2.1523071389302926,4.3472185515977175
06532,2010,0.08782204290485118,-0.2776223892322085,-0.9580093307476922,-3.441111653667712,4.331678728273644
06533,2010,0.10965547509232244,-0.29046751222369577,0.7816835662392347,-2.097325389280952,3.080246687068988
06435,2010,0.13836491371264203,-0.23182295835571465,1.4016256008134393,-1.6499869672936536,3.563698846806429
06436,2010,0.07774073389521954,-0.2823310266234317,1.364650707071322,-2.6188167443306383,2.7876118752470638
06534,2010,0.0862862891196905,-0.27735429522079796,-1.5947904018028944,-3.3929609419207543,5.188423391555794
06437,2010,0.2332223184753274,-0.2097443883304466,1.5817897110164671,-1.2117092063690493,5.328110185778346
06413,2010,0.14944971110186128,-0.2236962820797045,2.805176434779152,-1.9953097625235583,2.8047098402018507
06438,2010,0.19504055099092607,-0.2307199839601072,2.3014658407252404,-1.683816268554276,4.238264607668787
06439,2010,0.09148932305752203,-0.30629305481601643,-0.49497750962629633,-2.906982329202668,3.9669253859129663
06634,2010,0.10305535055476271,-0.24609734876346873,-2.3326422181124693,-4.216287944088227,4.6614781857538485
06535,2010,0.14343991335737155,-0.22331644806393774,-1.123958595733125,-2.7307793393088926,5.2486336840177845
06635,2010,0.07453052779890304,-0.24052872336065947,-2.0493540934362504,-2.9976408339040446,6.064050464154804
06636,2010,0.11340045092325339,-0.2032142006794661,-1.8981514396377925,-3.4391249244896542,5.7991979857974005
06440,2010,0.09653492845198146,-0.28465059328836917,0.5006062725759017,-2.649978747549626,4.357200840075281
06414,2010,0.07821530330074501,-0.2686369421429635,1.0450930208139515,-2.8451432211095957,3.2282558351696173
13076,2010,0.07774549015224927,-0.30252281764530087,-1.2497661112317848,-2.6907548373705765,7.643691824975826
13071,2010,0.07577180798708809,-0.27019255820399973,-2.37631556141267,-3.136860640298513,9.77811687035132
13074,2010,0.07498414878572565,-0.31888806337296416,-1.3199482094903392,-2.7723275081740812,6.661882055754708
13003,2010,0.05131995742883034,-0.32737654339204925,-3.20282514162274,-4.986215198905672,7.9358357303562785
13072,2010,0.0498430745984101,-0.32631311597441504,-3.274361609748953,-4.443977758852888,7.817791555154002
13004,2010,0.053509963473756486,-0.31393673829206037,-0.6689819576280739,-2.1930835452400004,6.707249712313005
13075,2010,0.05528283654770761,-0.3075108028739565,-1.9397966196320084,-2.932527112617439,10.385287273934495
13073,2010,0.025565556623979118,-0.3684368025083246,-2.5045344700387497,-3.7720243768098882,9.006758495985373
03451,2010,0.1929795075362476,-0.28972438822466345,-0.05201814578060215,-2.765701923267391,6.758869363935711
03452,2010,0.23554421561142358,-0.23108045110900233,1.3054777703533895,-1.8805238172069696,5.79060160875471
03101,2010,0.11231233870892865,-0.2476978223755864,-1.232011341890745,-3.6586785668265693,8.541239171224403
03351,2010,0.11341651869944312,-0.267397613018268,-1.0659778785849596,-2.8278746802405554,7.1961953351562356
03453,2010,0.13045055224269264,-0.2970099076397305,-0.9128864075451311,-3.5071634916173995,6.6497687005279325
03352,2010,0.12039691939621171,-0.3367767112108554,-0.8918128003492105,-3.4089092200434807,7.611831894239001
03401,2010,0.17327008111602252,-0.28911164605414086,1.139587680702731,-1.9010765105851537,3.855965665236052
03251,2010,0.09190091275869433,-0.3537828557510576,-0.36447971240700383,-2.780368229724004,8.005781630086242
03402,2010,0.2029019455931351,-0.19413670113198792,0.32569235028879434,-3.289636830968987,6.880638317498386
03454,2010,0.13891914004770742,-0.2820959185356635,0.2006859790000532,-2.8203418661225905,6.800152790313406
03455,2010,0.24092192794448405,-0.24958571505241497,0.921892771576462,-2.011643123257064,5.3750909216861205
03152,2010,0.18651122713992044,-0.1612608345146012,0.2516682071197651,-1.221478278796593,4.800498358580866
03151,2010,0.13588701594914515,-0.24436400170743566,-0.9863192527023251,-2.8386888855707686,6.492176288738754
03153,2010,0.1822128677337859,-0.15762567656629514,0.5414860949784709,-1.4271455956875343,8.109331926702284
03456,2010,0.1145952505966873,-0.34251891774431914,0.6608296334175462,-2.6614640139015644,6.957580368429603
03252,2010,0.11452697291196953,-0.23668692727838106,-1.3102578541871612,-3.085467481654911,6.075415631864502
03353,2010,0.0878646781627246,-0.3122699500353666,-1.6096911524057722,-3.4288929560761634,6.581851361369668
03358,2010,0.10591982417662608,-0.30466158153819034,-1.7313955390647247,-3.610912537892367,7.850880282583648
03154,2010,0.09127353275507413,-0.2870401384362832,-0.43687389313916064,-2.5269586971229736,7.8542475417708255
03254,2010,0.10898839661845744,-0.22721658588817933,0.11008457523826065,-1.941983445679798,7.396156012108897
03255,2010,0.11881104398987893,-0.2174829891047326,-0.4442578646126485,-1.9608789481781108,5.640136040260421
03354,2010,0.13904684689975205,-0.2652311349089267,-0.6218786991608377,-2.473305867219615,8.188589666608554
03355,2010,0.10328151326439715,-0.2872215127558324,-0.7819704066839526,-2.5954503610349313,6.122692248987883
03457,2010,0.18923269944408072,-0.2911774560130977,-0.21406286735482102,-3.3415093122752633,6.588003386141008
03256,2010,0.0891176407690196,-0.35774223682923156,-0.5627669045596543,-3.0655023298561517,8.672101858095704
03155,2010,0.14246237966741038,-0.18849135002769862,0.08198102199689207,-1.4820680647347122,6.577903965857092
03403,2010,0.12091655362302492,-0.3175041217993383,0.002923056893011057,-2.6986631801091843,6.1984181232301525
03458,2010,0.12461839217083868,-0.3291635620921888,-0.640199209819398,-3.1242169847422137,6.548190780597767
03404,2010,0.0997611048288995,-0.2935156025449864,-0.35362972288129585,-3.126935711461917,6.033629237654855
03459,2010,0.14359526194512914,-0.29040557579901627,0.4782564687797044,-2.1817301259237687,5.919973204344505
03356,2010,0.1025497861392093,-0.3607371239573623,-0.3232057663214373,-2.7867228300824465,6.722256704964213
03156,2010,0.1863011012029333,-0.12884815350374057,-0.3524596054906386,-1.396581172435042,5.279944883989688
03157,2010,0.1020645792566364,-0.24968422340161936,-0.194260900513446,-2.5013588419047443,7.242435837297066
03241,2010,0.1250515421923972,-0.27377160331084915,-0.5313796119152774,-2.9004058767229033,6.903225962051227
03357,2010,0.08841296833018719,-0.344046299957522,-1.5399739157404664,-3.753031081790299,7.0481370844467275
03102,2010,0.14316697604651207,-0.18717826168589763,0.35006949824633965,-1.9235988008070888,7.921218394752845
03257,2010,0.14776279969826636,-0.25564150975630895,-0.4627113845530551,-2.8200100706588884,7.569958670500034
03359,2010,0.10860467353452943,-0.31828573448832764,-1.7086227377099434,-3.9612720606191454,6.998801489631181
03360,2010,0.09596300675036572,-0.2644755741724792,-0.5348815102619147,-2.0537587075010446,7.806692423253946
03460,2010,0.12101313556690423,-0.30162530969383283,0.1828966443600464,-2.403366272043717,5.40245032656722
03361,2010,0.1192432008588912,-0.3264330342210019,-0.8535506694233486,-3.221169651541049,7.139473448893078
03461,2010,0.19456143878482873,-0.2906737253878123,0.9095157767001707,-1.9067058631614686,5.876078292892095
03405,2010,0.28088294716781353,-0.1592873952353438,1.0705444681124294,-2.000670228341555,4.281159420289855
03462,2010,0.27205049108781293,-0.20888623013680263,1.0338190963201161,-1.9668664089794294,4.965269299112292
03158,2010,0.1217177198058117,-0.23655812872884124,-0.5536309143181184,-2.7711669710210343,8.825841040482707
03103,2010,0.10854115546835888,-0.2809876395982621,-1.3170104400059184,-3.3914670492667884,7.514214563565636
05711,2010,0.1125474315564394,-0.2700252048767665,-0.13866736565749765,-2.60181508463782,7.3182064799293896
05911,2010,0.16101485988354167,-0.26109841737565076,1.656464808923758,-2.6059710430852094,7.480703424881719
05314,2010,0.2819281155519578,-0.1501112643065669,2.3425854615749673,-1.9394581409337848,6.0293211856794535
05554,2010,0.19869787546364953,-0.2828294613296619,1.29214702321255,-2.2110801265731137,4.771695283236246
05512,2010,0.25765453986467296,-0.17773573315280683,2.115383289475626,-1.6654041153304528,7.280277200277201
05558,2010,0.15322309961104785,-0.2881464081835419,0.6371221689147553,-2.641864592058433,5.695454661089331
05358,2010,0.26318801065109043,-0.1492797002937472,1.623130687279684,-2.1108949696305146,5.4190929711880855
05111,2010,0.22422895764916334,-0.20734732004090706,2.237631458078279,-1.736504320037973,5.782499509515402
05913,2010,0.2350705748276721,-0.20066034919088457,2.3803713794343846,-1.6186058334914382,7.395237506602088
05112,2010,0.22642535455389393,-0.19062321785677785,2.3451677340273975,-1.7619939013629167,5.929564024572077
05954,2010,0.15679852148520254,-0.2618156412816729,0.8495901086459764,-2.1815746257884836,7.917884850959574
05113,2010,0.20046174686869514,-0.26012562356750957,1.445593281544175,-2.3539068207052996,7.262122020383524
05366,2010,0.2652306526842591,-0.17631763768338177,1.6793491387741284,-1.905952647345745,5.4868491927590375
05754,2010,0.16873229862102532,-0.2762244032918484,0.6504971308841266,-2.3637149507636903,6.707477460403414
05513,2010,0.18007393665001575,-0.2384207951580189,2.5245853454867677,-1.769299943592991,6.177622841965471
05762,2010,0.12461988895066274,-0.22641307971260016,-0.128983229885446,-1.6667205288388471,4.829212234031384
05914,2010,0.20898336439049814,-0.19406960638564952,2.0302992668712103,-1.2238261894697553,5.25078369905956
05915,2010,0.29765282306812935,-0.15560076626341063,1.9467005981976067,-1.5554165440646732,6.067261198438048
05370,2010,0.33538694486618625,-0.12236448376100956,1.914722992935036,-1.9913344977507828,4.520568587221945
05758,2010,0.10883215023474264,-0.2933806770321775,-0.7313195056050291,-2.966923087695721,7.992752389359121
05916,2010,0.15489469972699307,-0.27613551086367916,2.6032294529175632,-1.5077398715151396,6.620010934937124
05958,2010,0.1283796899266523,-0.20495961171970647,-1.2956407902858726,-2.271840617763993,7.12982028772349
05315,2010,0.27715938344143964,-0.11790197829102411,2.921817081005044,-1.3139357772694855,5.760073420923206
05154,2010,0.2600015936084279,-0.21397269995021367,1.7762228122937285,-1.9548798175080773,4.7815925071882
05114,2010,0.30510261429058844,-0.1288988004803659,2.6013327188605953,-1.79812706704897,4.927793843777919
05316,2010,0.3165228697041515,-0.11813110102089569,3.2821560719063907,-1.0030634125310165,5.4313986362880415
05766,2010,0.10358959357338987,-0.25858693841554303,-0.8056033263494128,-2.5141157691170863,6.563026071806882
05962,2010,0.23161868359439505,-0.1802251401971646,1.5260419792798747,-0.9660345286567167,5.913967160545148
05116,2010,0.2089018130879761,-0.23086073519470193,1.6597845702685798,-2.3487203240014924,5.076939975220336
05117,2010,0.2129834696718135,-0.2560985190448961,2.4043724490336005,-1.5975169100803712,6.112998952635867
05515,2010,0.27089193004786566,-0.1781560394525532,1.657528318568698,-1.682578621550386,4.363794944221668
05158,2010,0.24453530406771465,-0.20996984342045608,1.1737108451684397,-2.4752079504893745,6.693744700789861
05770,2010,0.12241185393125631,-0.31037427091978,-0.14677034753084284,-2.7080631081126265,7.313060814325819
05374,2010,0.14271899137822247,-0.25859610810078254,0.2622243584276654,-1.8571289757975056,5.173080464002946
05119,2010,0.14818120565136408,-0.26006376017699717,3.5509311564929398,-1.367515211678076,5.0628256205945465
05966,2010,0.0887311978217085,-0.23884428659021428,-3.389674583272706,-4.4066389529702334,5.160638883789242
05774,2010,0.2214326104242628,-0.18330777737033135,-0.02365021484926163,-2.371555557728444,6.097116338586504
05562,2010,0.1867160373120872,-0.26264148391514797,1.6897225593772438,-2.095601716510569,7.04867211533687
05120,2010,0.09941234308908245,-0.26912916642034146,0.3039674650759613,-1.9246739807222881,5.08470036826247
05362,2010,0.23936138735559886,-0.1519878872168578,2.034640325381569,-1.968264499636597,5.317750128254661
05162,2010,0.2457590404817164,-0.15002381824544606,1.6189808707966,-2.2867429618880966,6.097860453810907
05382,2010,0.2621421528038521,-0.16748470875034582,2.192409654328338,-1.6509105981063845,5.917629478745783
05378,2010,0.2909571058749006,-0.1721629296714326,1.2027111741918224,-2.120327431833508,5.550660321873497
05970,2010,0.05502874115203052,-0.2642692196885521,-2.7074222059897486,-3.806815280745786,4.813732651570489
05974,2010,0.33552111696292786,-0.12217876480424017,1.0420529623817143,-1.9761244994690275,6.327115653164521
05122,2010,0.23334737675579262,-0.19786332433009887,1.7994440689422375,-2.0779811482997697,6.413783242779524
05334,2010,0.24078029043450522,-0.17109574525131943,2.1828369460741053,-1.7117300901963035,5.535620915032679
05566,2010,0.1765316741841099,-0.2582206042987777,0.7002967001475779,-2.3427739375575154,5.971094525130756
05978,2010,0.25724363970596253,-0.18769343287201423,1.965329481768379,-1.5498191563755284,6.648541107989131
05166,2010,0.3424521212523949,-0.11839968123979161,2.0314775920394776,-1.9735525928677022,5.274656471746268
05570,2010,0.26575695870531163,-0.17680492187235658,0.9621300322793263,-2.1854215634001024,6.467024604390118
05170,2010,0.24362420618875216,-0.24185505515569625,1.611899398196419,-2.2415189355641756,6.5502567394095
05124,2010,0.13762259881488173,-0.2819089643507111,0.8380981744628717,-2.3425266583319453,7.468876793666503
07131,2010,0.1694195891273996,-0.27443755275093173,0.9601259119176784,-2.1218080073550127,5.048827367307354
07132,2010,0.11870645951084222,-0.31023732079843946,0.19853220646716874,-2.3434558936262015,3.808619069985909
07331,2010,0.07532158268236255,-0.2414202953096516,2.319532021685903,-1.6632395472506518,4.003160750176162
07332,2010,0.20821498958272733,-0.14713815561526178,3.1588673346036296,-1.0044812705086428,3.672936889269295
07133,2010,0.14146892519926824,-0.2513706324937973,0.619349802258187,-2.350794833738343,3.7437463641652133
07231,2010,0.15933903566983262,-0.2097999331862155,0.3951987944162069,-1.9756663532868617,3.400975519970547
07134,2010,0.09522595481139104,-0.2713160193833456,-1.1192666762552796,-2.784760081740308,5.275453617851916
07135,2010,0.08150232820492649,-0.28871168405399056,0.263724842301522,-1.8455722733759743,3.2980531378109146
07333,2010,0.12728445545962797,-0.2489937249476007,1.8306640299411432,-1.285187719078129,4.562016964699257
07232,2010,0.13244160480111142,-0.21657730324816252,-0.01989388974355765,-2.02700705826357,3.209995184462266
07311,2010,0.20652471703847944,-0.05893765659631087,4.047524161456927,-0.6917762859666485,2.5083407110572673
07334,2010,0.2947303686739607,-0.028755077359320314,3.5886130038888675,-0.5220622803272299,2.1783627387504048
07312,2010,0.16849977830533516,-0.22601514350178162,3.1418625063480157,-0.3034478014290567,3.343585639149325
07335,2010,0.1935437857665545,-0.22242010961416664,1.36108736208217,-1.4281664009179211,3.644268413542975
07111,2010,0.09099354189454764,-0.24433603006105423,1.387123727236161,-2.417811928199153,5.330395900649498
07336,2010,0.1532695771909815,-0.2486588680981705,0.5040903021341819,-1.9141202545851765,4.8334569523988336
07313,2010,0.2691422305826075,-0.07361623891568231,2.5163590921892838,-1.7340719445036528,2.432561710168891
07314,2010,0.25919221739410264,-0.031112419490431864,4.9518403921823015,-0.0779190225733073,1.649341649341649
07339,2010,0.08675456228542196,-0.2525938184793687,2.20429237612562,-1.6783778499177653,3.3640441438234245
07315,2010,0.08306371938590873,-0.1977363841297654,2.1317536670437374,-1.7048477664229043,2.9457177059527697
07137,2010,0.11191363124530092,-0.30424086178234166,0.44147014838562487,-2.631192228009368,4.403804376053313
07316,2010,0.33393076074465156,-0.06555946928695527,3.257642970205648,-1.230664161022661,3.0792850190248653
07138,2010,0.10832121172278975,-0.2649869373755155,0.6766990268181845,-2.415351202199952,4.047901678071827
07317,2010,0.18146390003855237,-0.23279904924627873,-0.19294711898905742,-3.3245869149216523,3.7156933256616798
07140,2010,0.08550699206048001,-0.28658031976691944,-0.5732784367162977,-2.537081542807968,4.3696995093468045
07141,2010,0.10528704716711997,-0.3024680659890449,-0.1703199392764428,-2.6306335083475196,3.282718505637998
07338,2010,0.2476543378457533,-0.06035626760184831,4.039371903806355,-0.435785938271688,2.5400176453433643
07337,2010,0.288580416712497,-0.07209197423983799,3.1812497767938783,-1.008888436263879,2.6443080594117445
07340,2010,0.20459230768635248,-0.21718294954043468,0.7220993118953548,-2.281914492422881,3.673096771022755
07318,2010,0.254986196295866,-0.05835028402046405,3.7653247807229397,-0.6350583720460432,3.0609345794392517
07235,2010,0.24194224370485926,-0.13683876566076628,0.6197140812954889,-1.9130838966782069,3.6217584333981208
07211,2010,0.23633510929033402,-0.10505978866268162,2.0542740335530127,-1.3627658757595134,2.8457711442786064
07233,2010,0.06947064440387549,-0.2596786879874218,-1.707181724605451,-3.288475774270384,4.21263512341754
07143,2010,0.08452400292590478,-0.28374104163988356,-1.7411739670893882,-3.967403365009302,3.9098831925457525
07319,2010,0.10579564608374194,-0.22130359514165338,3.49022113970527,-0.9606091465848583,2.911878604939572
07320,2010,0.15842218258032809,-0.23020356711362194,0.9194376391364419,-2.161628499639831,3.0936675852668394
10042,2010,0.21295212924129475,-0.18738708481126776,-0.28101548581565367,-3.098626445041004,3.048069153434181
10043,2010,0.22375628896835295,-0.20205062857350256,1.496002506070202,-1.3987543124188804,3.502928659680592
10041,2010,0.25739349880280404,-0.19263863832593625,2.7449057746889554,-0.924557929896821,2.1221617225096594
10044,2010,0.2845937231718119,-0.13889068819917888,2.270994149997135,-1.2010903125177843,1.7049703828717027
10045,2010,0.18410256013858087,-0.22096771806434887,1.2264368070730114,-1.9440320041308443,2.622681263304226
10046,2010,0.14429335311732863,-0.23599096661767502,0.10654336360310807,-2.1671207874057163,3.9782801463618482
15081,2010,0.16361938708327559,-0.24691864957934653,0.0002633724721432045,-2.018191469577662,6.713187866180429
15082,2010,0.12177183264045935,-0.3103839895055981,-0.41075522671515524,-2.626289652808792,10.358753470825096
15083,2010,0.1084028401822169,-0.27940883587586185,0.17095893644691837,-1.8568385879094458,8.346817295716122
15084,2010,0.15963304652329166,-0.25280489776247206,0.15794091533865304,-2.088977943331781,6.933790200073881
15001,2010,0.12156296087816233,-0.3089941046714265,-0.32283443706648207,-2.390020395684862,10.07385687352847
15002,2010,0.08267744902780734,-0.34273605677049246,0.6990784634674989,-1.9616431168667205,8.364212954064962
15085,2010,0.10557791494639347,-0.2882661612150754,0.11584013687056637,-2.143576438928888,9.055034903478067
15086,2010,0.1252678241762065,-0.3112924605025522,0.33269601217545813,-1.7890180107016642,7.9864288496520865
15003,2010,0.11510977234918862,-0.26388065470296834,0.4538613829552189,-1.8155843089286607,9.5360970856586
15087,2010,0.10585762636347347,-0.27750214655607647,-0.4390459384726712,-2.1799484954146946,8.774807711666298
15088,2010,0.1036248911166536,-0.3235130500315577,0.27182813555831814,-2.0787812194700463,8.951362558424902
15089,2010,0.10421906280014233,-0.30990496265426326,0.6021261947154225,-1.8543347703787094,9.167140122209158
15090,2010,0.08986354652237327,-0.3208369502144473,0.3086458725592977,-1.752115695006489,7.1510848273753105
15091,2010,0.1108293611020795,-0.3035646030150534,-1.2336720171822804,-3.065592979544438,11.756016893624398
14625,2010,0.15309739055585844,-0.21960815065528008,0.36707704524753665,-0.8590714345575385,9.484561729702374
14511,2010,0.179696972936186,-0.16776117080920103,-1.086998622869905,-2.3834639963079693,12.743940634231414
14612,2010,0.19315875210405936,-0.15759754544370685,0.07152843189885132,-1.360096229993263,9.514012519099017
14521,2010,0.0678544696165089,-0.183312900727958,-2.3960690585475093,-2.3827306264050616,14.503503697571153
14626,2010,0.11337829261756799,-0.23055715934851406,-0.6169924075461736,-1.2810981239288615,9.940349963579786
14713,2010,0.1680376712421127,-0.258407897452007,-0.10864481191824374,-2.449284931291289,11.428137272314633
14729,2010,0.19558101811159867,-0.234992867980654,-0.4358971002906301,-2.4285944761483838,11.310579977260623
14627,2010,0.24559211856602978,-0.18347613959025885,-0.5283721636183568,-2.3640048679749746,12.595494489675561
14522,2010,0.15361164934656765,-0.20554280009437806,-1.0964649392486572,-2.2250023730208413,12.852004600818184
14730,2010,0.14953363862699012,-0.2974983085706474,-0.8922444139084459,-2.8804574145359085,12.684489830802418
14628,2010,0.13061451204210245,-0.18058049569707407,-0.8536777494155909,-1.5093133359294035,10.897027272619994
14523,2010,0.08523131526778555,-0.1979814333299147,-1.6248969989835438,-2.0646181013688905,8.773210901774283
14524,2010,0.1974393504392563,-0.1755311156189121,-1.3785007162651801,-2.9064281224913335,11.755267373753355
01051,2010,0.15450407782084136,-0.2539499426046132,-1.2286799496323833,-3.309786318232952,7.628841816406099
01001,2010,0.033564529558039485,-0.3529950493320194,-3.417212673523832,-4.965209398036051,8.254946636287324
01053,2010,0.05345078057942921,-0.36401308557852075,-1.1686089543963114,-2.702075576464993,6.78002584217637
01002,2010,0.11261719577168232,-0.2939615445707639,-0.36572312966501236,-2.0044706687222247,5.297503440141536
01003,2010,0.10580861774936716,-0.30953777226793733,-1.405161648085694,-3.1231556917698757,6.2401038961038955
01004,2010,0.0994433467424064,-0.28949990652960644,-1.045178428478339,-2.8622939771813476,5.971219214329332
01054,2010,0.05743490175653768,-0.384438228418405,-2.1599698487998498,-4.352434152133078,9.52365872197596
01055,2010,0.05523213495323184,-0.36628772977908175,-1.5592148567752424,-3.360057592546453,6.029538308066607
01056,2010,0.08569940261462144,-0.3509415740369083,-1.5406481199062712,-3.7919593655842516,8.328983693040204
01057,2010,0.07593986748205014,-0.34460807736029386,-0.8577994644521942,-2.3670467043104333,6.0409363442354085
01058,2010,0.09902442072976812,-0.33621781757861086,-1.2593559714090656,-2.938871281144019,6.458533135251656
01059,2010,0.03253784993761639,-0.40154078425996376,-2.309423776240138,-4.065198032585354,9.077585552098904
01060,2010,0.10800041242995746,-0.3128246718060895,-1.0964476157739205,-2.6239501201307585,6.191394144280761
01061,2010,0.13657166964016804,-0.30487705201641585,-1.8561949009089136,-3.896005206938042,6.918024487217594
01062,2010,0.09101397805785283,-0.3332784303275872,-1.2991065579932077,-2.893369313260319,6.245174437392744
16077,2010,0.23645124428188302,-0.16496279705335043,-0.48266789014062533,-2.3506180287509446,9.847958320585965
16061,2010,0.18798791647385515,-0.10499627394018551,-0.9987675231831047,-1.8753172691377848,6.639715757952657
16056,2010,0.07965831566724584,-0.20986761719549835,-1.8496576784229255,-3.4744290690858555,4.814200639564944
16051,2010,0.0767607392238218,-0.2898713494319616,-0.5158664333108561,-2.937219034503948,6.662265811643401
16052,2010,0.19726037971224936,-0.20374670298163916,-0.6008842087055903,-2.444152726801142,8.613712872627504
16067,2010,0.09562703664444146,-0.2567078046717354,-0.3489418183233023,-2.3125286221112886,6.48229553935278
16076,2010,0.1676758737219366,-0.20373836833678843,-1.3883359944074256,-2.662098762290327,8.46644969065871
16069,2010,0.09056875047721642,-0.18001265663401306,-0.6517247318765527,-1.5848704480011582,5.24155143540372
16070,2010,0.09457530146168883,-0.2636874000184486,-1.177246705537476,-3.0710434598334992,6.428382121225602
16053,2010,0.13849760661391658,-0.22789051936091964,-0.5440763224269163,-2.4126028086885687,8.184216403327563
16065,2010,0.158750493424173,-0.20755719629601901,0.07581576097179848,-1.808889304968026,7.825132202426953
16062,2010,0.1941004318329707,-0.14418753347804758,-0.13383234952795636,-1.3580250195639962,6.134798513147872
16068,2010,0.12937044576875006,-0.26347509454907053,0.4474222146004901,-2.1821638596681505,6.864303205678379
16074,2010,0.1536467558999954,-0.23327476378832626,-0.6208825385881857,-2.487733808950127,7.7167033693019125
16075,2010,0.06234100282034379,-0.24044307777630528,-1.5044017917223789,-2.1126686088496744,6.521504153607442
16073,2010,0.08250152309380304,-0.2729763587751377,-0.8428994347179319,-2.1533929466963615,6.6468445835910765
16066,2010,0.08793922406317978,-0.16616242580359003,-1.5462341167230256,-2.2563279094198974,5.223766067426008
16072,2010,0.06654667473321184,-0.16276116881587865,-2.506336726168251,-3.0713996509380936,7.048711301727764
16064,2010,0.10752801079817983,-0.21332337019499628,-0.38345220986474743,-2.153602777578092,6.575483382265935
16063,2010,0.09998065277452652,-0.22168918617440897,-2.1322270439282125,-3.4582178013501803,5.5852169143573445
16071,2010,0.10149965911181671,-0.27556776817218376,-0.5078975112207834,-2.5328175399283306,6.911928241031218
16055,2010,0.10425287284096064,-0.28280027931622553,0.15898107369575626,-2.0312104772093016,6.710135571336345
08425,2011,0.11044598080846098,-0.17834625283730493,-0.18391497581652497,-1.6990292679151087,7.218843431255228
08115,2011,0.23067835083533753,-0.16521340303433482,1.1053335576020478,-1.7587856149133805,7.233639855807843
08211,2011,0.3595314264306255,-0.03618367600360883,4.415809479661039,-0.13270387518101057,3.0899058269570334
08426,2011,0.15028371154545997,-0.18350361135876933,-0.5699315912945336,-2.250838516063179,8.784499086896487
08435,2011,0.17085784429863113,-0.1630231867419861,0.8391277435475242,-1.516495604035568,8.555771999661216
08315,2011,0.2922238569493251,-0.05747173237011438,2.5726342771236212,-2.0548261317071828,4.6242164454277255
08235,2011,0.20187777866667359,-0.1989306221843227,0.08076359106588102,-2.035209131362826,9.81398464948842
08316,2011,0.33571358993391437,-0.06418942274226475,3.303586950722908,-1.738399724729931,3.9074534934361975
08236,2011,0.36907671317294066,-0.07382857864870218,1.2370172631437957,-2.059142427215238,4.753865768217768
08116,2011,0.3062572658676328,-0.09401286367587797,1.162060621263233,-2.245505943652347,7.837833216834209
08311,2011,0.3882771507645527,-0.03600655293655036,3.400959555751202,-1.761556802789321,3.762613312145617
08237,2011,0.16935707781784012,-0.20053182875182649,0.6945350293569992,-1.4826944392083328,9.474717471922949
08117,2011,0.24307339340588405,-0.12654233669331402,-0.6977720143838549,-2.912942781568086,7.851579958178898
08221,2011,0.3387567113437003,-0.032572638091169115,4.705110287096922,-0.016090119532557345,2.696883230904302
08135,2011,0.06881699753234033,-0.21509696752914503,-0.692332544982992,-1.9566164431862283,7.069134640103899
08125,2011,0.3305681875997724,-0.05851554119753455,2.57878828715403,-0.8820574316088265,4.077639630998245
08121,2011,0.327658566536486,-0.02967837289967251,3.1817565084452526,-0.6828418044587008,3.800491434990173
08126,2011,0.38921350537492383,-0.024101187055194595,2.4445572961073894,-0.3559307333832784,4.672324828356184
08215,2011,0.3828463723987074,-0.044317447220569794,3.129882268408458,-0.856533461465379,4.532142113374154
08212,2011,0.3560263540053592,-0.050951894815973786,3.5579051411483134,-0.742068793286502,4.973535952557449
08335,2011,0.18015323796810961,-0.14028877282255953,0.8928037338183543,-1.5149717188725953,7.1821388161180835
08336,2011,0.38718810670961085,-0.03878476682007842,3.4707052472263467,-0.8217754752644568,3.415034922377771
08118,2011,0.34000158328803126,-0.054414142228414175,1.8322678811228277,-1.9485119667711992,4.268248806338633
08128,2011,0.23598724637396815,-0.1455574163299548,1.9974697507821877,-0.48805389130491994,4.584990326605455
08222,2011,0.2981806682468421,-0.05955983200967474,5.256330404637397,0.193385491577863,3.322338419338247
08225,2011,0.29542186868203,-0.0873714057365021,1.6105316938736272,-0.7841324975411823,5.448730625681255
08317,2011,0.33307763816908004,-0.05396484592806544,3.4830290413607825,-1.122240578988004,2.5567794847923513
08136,2011,0.22224885128254412,-0.13386185326551026,0.2873540431255346,-1.44394331580122,6.753086680692353
08231,2011,0.3195918633830408,-0.11722323263614076,0.23265785757887109,-3.177766707120318,4.691838367673535
08216,2011,0.3555799305080484,-0.036416559929392134,3.920634473519583,-0.4604171872986407,2.8161149896497144
08436,2011,0.1903979005526843,-0.1517196623321846,-0.17088025021505554,-2.152303738599196,10.849564954317183
08119,2011,0.3399120367406217,-0.08291967519679289,1.225451138525008,-2.2357774936088317,5.760246806746171
08415,2011,0.15113137099712706,-0.11910402596287237,-0.7854995952458407,-2.0090102241343772,8.009083337960138
08226,2011,0.37068164850351815,-0.03705872872474253,2.9681641205604548,-0.9649481526007606,4.354865889852005
08325,2011,0.17099040580771366,-0.1607964754420874,-0.2583847912380867,-1.912938412302243,10.251269018309147
08127,2011,0.26078670073605287,-0.11393707899201716,1.187344489841961,-0.9094216374846342,6.945738619931748
08326,2011,0.21647572544263932,-0.08386305130499405,0.18883574634522954,-0.9676364759361409,9.144299807623737
08437,2011,0.17465179539640283,-0.12127773981687942,-0.3000589490293832,-1.5756384925398927,9.093451206314853
08111,2011,0.2643345362983476,-0.09889267794811407,2.2477553404539665,-1.7687489462807533,6.717633315008246
08416,2011,0.25043917588179154,-0.16353495430749065,2.210737997051579,-0.9141008466559675,6.092367897264049
08327,2011,0.16936630844815798,-0.11535624420392343,0.009607524630445731,-1.223259211802576,11.003602139950113
08421,2011,0.15236231219182209,-0.1271368045729487,0.8231941863270777,-0.9654240818728319,6.057716145026341
08337,2011,0.2450302135753814,-0.06595685930278211,0.5396970568534556,-1.5375718346271166,8.006157413164427
08417,2011,0.20810398979786646,-0.13295228599882788,0.10738997618035631,-1.9721480777774059,10.319069115299536
09771,2011,0.16768882270674473,-0.16401976951017194,0.7482010876804641,-1.1218583212612019,8.224626597147264
09171,2011,0.08263569479678838,-0.2573870312884488,-0.41842082415991605,-1.8831536293336006,12.57046570770483
09371,2011,0.0827313586914276,-0.22364988896922472,-1.1460805622092372,-1.5641097269083477,5.858766717412297
09361,2011,0.08095009877175503,-0.24213294677084596,-0.3013502869164465,-1.2274803419253983,4.284719565383733
09561,2011,0.13734397712058202,-0.2215182683516809,0.5359328939511112,-0.965195679049287,6.315204381415255
09571,2011,0.17193316447936033,-0.20086126060864753,1.0472438781037647,-0.7244171256557452,5.77556932802612
09661,2011,0.2715432703272343,-0.13027122523150403,2.603215761960498,-1.6728068306277315,2.272905177014766
09671,2011,0.27791090904462346,-0.13493030634438163,2.731340706936706,-0.560701581103904,1.8437056716745428
09761,2011,0.10830751316975476,-0.21259777715299435,1.5546592741202705,-1.0172798516277721,7.959935335592689
09772,2011,0.14765493702011093,-0.1931299628700606,0.5291669723465234,-1.526146988420054,8.599750691454192
09672,2011,0.20790613958868134,-0.13261572595468893,1.2284600381037794,-0.8186478851430596,4.341972860432902
09173,2011,0.1255762992944419,-0.20579539710632574,0.37513737969283395,-1.3564783425924452,14.805270055873633
09461,2011,0.16145681467742024,-0.18734499460776355,1.3839789261573148,-1.3589339248963341,2.1997567649741563
09471,2011,0.10827557799925489,-0.23794867510622184,-0.4419446169202719,-2.1552061883891973,5.5724466856963195
09462,2011,0.13536407371747844,-0.1851163623034524,0.21237199222229297,-1.270424032638001,6.8349040966137835
09472,2011,0.13536971960651992,-0.13870818593622294,-1.5181534077570453,-2.083810099148467,7.535021587512457
09172,2011,0.14100130707399547,-0.26950035987940146,-0.4622257567620943,-2.4615783437141645,17.876515915076244
09372,2011,0.18181566878402045,-0.1465985178997828,-1.3023343258723548,-1.811222369396158,8.338520615306452
09463,2011,0.08793662118117847,-0.21197478423471133,-1.0319488927702634,-2.5843094283883583,6.726508926916659
09473,2011,0.06980577917076908,-0.24061700110934015,-1.2529009520930685,-2.513361371120464,6.424887762316595
09174,2011,0.1717713032872031,-0.15833086998973975,-0.7905648485160364,-2.4779593361066286,9.10837143755133
09271,2011,0.07431402511940835,-0.15861816369235712,-0.2865114327229536,-1.6079020655082432,9.44517153748412
09773,2011,0.08606755353998083,-0.21716442760955448,0.2615061901640396,-1.5016590826164282,6.0826585763336185
09279,2011,0.09252709124747129,-0.2160686642462123,-0.006398855402540967,-1.5290989376990025,10.046771846785788
09779,2011,0.11147162115200651,-0.20739207033183601,1.2561755606499834,-0.5883109399118454,5.672302309307213
09175,2011,0.20708225809430386,-0.1507208028659412,0.8153781719957643,-1.1785296860464483,11.70960704062467
09176,2011,0.04148547784256113,-0.24779687122997307,-1.1133600638358503,-2.372945574213581,6.2947671876338305
09177,2011,0.22770638598440937,-0.11178966724391212,-0.5028118183903539,-2.236153020333585,9.508985789833353
09572,2011,0.1900072836131386,-0.18531746250518252,1.3060241948570686,-0.9352310402920536,4.364899862735043
09562,2011,0.16711981806349935,-0.17809141076457846,0.7728925285114493,-1.7419095218011638,3.40093066542578
09179,2011,0.11119821136815557,-0.2316195801423484,-0.7222036670712378,-2.6671534862184645,11.590287143096933
09563,2011,0.12778122986238075,-0.20182723301222097,0.8073142472465299,-2.131073058786676,3.5003039865666885
09573,2011,0.17973310015948252,-0.20670552473608866,1.7632109577577002,-0.4124266734938016,4.252036197375273
09474,2011,0.11369181018189474,-0.2026216312032717,-0.018402608213762064,-1.7690794308465474,5.677814228740509
09178,2011,0.12189047282191232,-0.2058346604243986,-0.8028372518102788,-2.5914662946847082,8.80488148078324
09272,2011,0.10574169845346043,-0.11580314312962486,-1.3623250306062726,-1.4391965114093899,10.818656362280523
09774,2011,0.18457399937226718,-0.17417910145635354,0.514852306178626,-1.478204619137812,8.027637600588061
09674,2011,0.1304533359095496,-0.2294126346662273,0.5534197250514521,-1.5221838792489502,4.382691239371374
09464,2011,0.02160722249075423,-0.16905684753436137,-4.67887231128064,-4.449437392464566,13.765033031187583
09475,2011,0.033841978367948056,-0.14600976113450703,-3.75537302816575,-3.26771316107093,12.699932452168838
09161,2011,0.0244239054230291,-0.2693717018955944,-0.11663247721300145,-2.238226554171224,6.083844808572737
09762,2011,0.22759045022462615,-0.1602460484324727,-0.21658642462506214,-1.9936487104056098,13.295580110497237
09273,2011,0.05363845858589387,-0.24563213162611128,-0.6544101877204306,-1.9107781090139695,9.106983474466938
09675,2011,0.18644210418488,-0.17874477520833576,1.2068355851144066,-1.7299147261116108,3.981173732222012
09476,2011,0.060294733969905874,-0.1860001635687638,-2.8417298910937427,-3.4710479601590682,8.507704951715636
09477,2011,0.12248947697157495,-0.14775324016124672,-0.8460573960691488,-1.5736360369241758,8.680136770352409
09181,2011,0.17868273949761873,-0.1625884817953923,-0.09187084971389654,-1.8870667595276942,12.16969339415995
09261,2011,0.11850553230681411,-0.20158264813014665,0.13748447354156332,-1.7087782104636,9.417492886026658
09274,2011,0.11368535023383596,-0.21422069628103096,-0.5180851574708751,-1.8289140316973267,10.07103492253005
09478,2011,0.11890005213655161,-0.2153298869418042,-1.7773204716063307,-3.069291306897056,7.493845191565834
09183,2011,0.1483394290003733,-0.19724685746450807,0.5186644434360344,-0.9424542839389671,10.237964707109512
09162,2011,0.17031421329264232,-0.14852276688949814,2.010131161931969,-1.0971257272072297,9.380198953055832
09184,2011,0.15273761159033075,-0.1554496445306626,0.9923654261380107,-1.323363476560944,11.118638737728672
09677,2011,0.21182385225938577,-0.1443292501254096,1.9649319027262853,-0.5410378673471081,2.518050136849761
09764,2011,0.25517032208160023,-0.12573363244925867,-0.7278484234290961,-2.6853666605705264,11.668970501874687
09182,2011,0.11637627493345888,-0.18953903254104748,0.09940750328069121,-1.337281045064819,15.56618849880458
09676,2011,0.2740923010987319,-0.1424459593990569,2.060962424846412,-0.7755965959223361,2.656636548527991
09574,2011,0.09249757589373346,-0.20273949562868804,-0.02935735506695489,-1.1205187519568292,5.287410022339282
09564,2011,0.14486666800294196,-0.1545590020583158,1.5786632225543449,-1.616208403394714,3.89808729975435
09775,2011,0.21218037706615744,-0.1369211724476765,1.0945796080385104,-1.0290165082054898,7.593591437142753
09185,2011,0.06954077194168737,-0.2337034854705685,0.39598444655213133,-1.5400855376901,5.964549724321011
09373,2011,0.05051912133193208,-0.22339213209917808,-0.6949773818595415,-1.4352271762128068,6.464456501474274
09575,2011,0.21357120196880675,-0.16444466696075777,2.3407570144214187,-0.1017423404361617,3.87904609852884
09374,2011,0.07780976299403894,-0.17280848883623248,-1.6081981092082602,-1.8441821857313734,8.226141659850922
09780,2011,0.02771861561631542,-0.3002286173011797,-0.40615945551771787,-1.5628173884803715,12.949927078269324
09777,2011,0.2113416744694115,-0.15453475175521653,-1.0475576460281841,-2.855002121684292,11.714106060606063
09262,2011,0.14377177047380227,-0.12628749172741263,-0.3725452029163334,-1.8863190552892097,10.099700897308077
09275,2011,0.12960461717515143,-0.14276293669208834,-0.7569882515841931,-2.059928676006458,9.484934519030643
09186,2011,0.11295011428648179,-0.21485150991869217,-0.5662245950276981,-2.37418412904429,8.001855800797282
09276,2011,0.15076053328812122,-0.10574369270034367,-2.5364666687478903,-2.148706610436521,10.0
09362,2011,0.04356372904706545,-0.191722494885512,0.15783221546695647,-1.6317176366235553,7.726047946562509
09375,2011,0.050550655802063665,-0.21713603379014526,-0.6812998425536185,-1.7476808598090126,8.1574377177948
09673,2011,0.15489756259633417,-0.14851169655586274,0.16796692247378925,-1.4079928535040331,4.3878674862572336
09163,2011,0.07789125905157249,-0.3337851178196718,-0.15172204642049153,-2.431060694653695,14.412932913538388
09187,2011,0.11375844748809856,-0.3094667630112654,-0.35617109532619,-2.2278949930183374,15.635657087637226
09576,2011,0.08344655462369245,-0.27710483764552757,0.684625008644963,-0.9029296295655627,4.913865924221334
09277,2011,0.11193094738579423,-0.2208754780840222,-0.5817546267773216,-1.7835447737428627,10.3993446063156
09565,2011,0.11770883820432579,-0.2640137975302441,0.4145982676191566,-1.8749969245602733,5.277457356730888
09376,2011,0.10873407547105611,-0.1880379026377173,-0.6658120518468106,-1.2710629204416706,6.696353957306361
09662,2011,0.1523397497111014,-0.18490439803262468,2.5826051736455056,-0.8358517960489347,3.6064582090823887
09678,2011,0.1642732466560034,-0.18966430918898725,1.2576580241009927,-1.3578317995403568,4.150990703914902
09188,2011,0.1817852244272681,-0.18199477852901594,0.29926040497344397,-1.7306142010391525,11.429833965459768
09278,2011,0.0712174724196652,-0.18825263923639213,-0.5441880056955113,-1.7698312678382475,8.846559054331633
09263,2011,0.039430914190636226,-0.16562055322350427,-0.3344116729361406,-1.8875684276466496,7.272918089590033
09377,2011,0.06062306791922992,-0.14058317839006085,-1.9748646133380243,-1.7010810286358684,8.329040040689227
09189,2011,0.0846510755113783,-0.2770881659065197,-0.6751698571308672,-2.0769990946768937,16.492265161463664
09778,2011,0.23929125571265752,-0.15083314567363038,-0.7698861138807118,-2.6879510545891825,10.881592537602478
09663,2011,0.12548559090612207,-0.22069308988004208,1.6413311809799527,-1.4860537018628153,3.72670163646072
09679,2011,0.19736754044214164,-0.14537216355936486,2.0210719848865595,-0.6314564168615027,4.2150945610097255
09577,2011,0.0983976339480789,-0.251879062350581,1.2704757751968028,-0.29121612061307256,5.326285084905776
09363,2011,0.1281068468358938,-0.16884873637616443,-0.6341538515722752,-1.727395828385173,6.950461092904503
09190,2011,0.20178954913375938,-0.1939081332120278,-0.7804168722433734,-2.9714415357075703,12.387755102040817
09479,2011,0.04473141705730854,-0.12364208618517614,-3.606405212789629,-2.848977423028213,10.572905409895117
11000,2011,0.18523765108587514,-0.1514070508416548,-1.275044895285152,-3.395456566467225,2.951314656264249
12060,2011,0.15475671298838473,-0.18765882662465222,-2.3594190828986186,-3.4102040953947004,3.7473941965804762
12051,2011,0.22497915196094914,-0.14620513556085912,-3.061337595330783,-4.92219856056985,3.441782824086895
12052,2011,0.2813324446030523,-0.1241300360422376,-1.8363284080216256,-3.7525511546607135,6.942167080823077
12061,2011,0.28001180228897843,-0.11973852279327662,-2.093393543495042,-3.7582342991551094,5.831900220327453
12062,2011,0.3162611594595838,-0.11608795435253833,-1.1487865859826376,-3.040831983838613,5.976521012839954
12053,2011,0.1710146979140248,-0.20566070774327183,-2.628552126690114,-3.950298556690915,8.82349805754585
12063,2011,0.18108676415249586,-0.22356338340009702,-3.516299651191311,-5.393462604964451,4.228795729815707
12064,2011,0.17407593084293477,-0.18564915590709458,-1.2147159715846143,-2.710128113491896,6.3821869922335015
12065,2011,0.19690748139339756,-0.16830981601109804,-3.1786819329680513,-4.365275887422337,4.327253227834149
12066,2011,0.2739681710142729,-0.10548592952461372,-2.0740778035308693,-3.7268283737985466,7.199791554145289
12067,2011,0.20026197583400163,-0.18561564037830258,-2.6369300901774495,-3.8596185704019366,7.365848445693494
12068,2011,0.16713892547999823,-0.2034659773424208,-4.242251467308089,-5.455738186720454,4.511208400559131
12069,2011,0.2344957596068024,-0.18124062056398715,-2.4644744071028826,-4.322521191335462,4.145991295798272
12054,2011,0.2827666462446192,-0.12693874178607734,-1.8919594981376726,-3.680014430649032,3.44782381842689
12070,2011,0.12729349630256687,-0.2481897542918307,-3.0536772113683703,-4.37976792360175,4.707097163465828
12071,2011,0.26514552300424393,-0.1272131703109715,-1.8969082828890451,-3.52832186573131,5.629192642055448
12072,2011,0.24798828135600598,-0.1468358274931868,-2.146541281424227,-3.7065201904726894,5.604466470614764
12073,2011,0.14324167062616938,-0.2076865712983933,-3.573359367153698,-4.3469121764011565,6.510927220136928
04011,2011,0.27399337413469416,-0.15256504892871398,-0.5197936207261598,-3.4480891491576044,7.077823352474703
04012,2011,0.31845857226565893,-0.07959362103753531,0.7240129484042823,-2.444028157398993,7.4940711462450595
02000,2011,0.12141832829822138,-0.2556221985103341,-1.3215767176436646,-3.704648479776563,6.079620636834732
06431,2011,0.3457040219321274,-0.02902435459482694,5.342921706437434,0.8479188556731927,1.9768375918795937
06432,2011,0.3380911733051714,-0.06655163140097142,2.928801650277208,-0.9209812936038251,1.864144841623341
06411,2011,0.3138214113695324,-0.08392972572546509,2.969842719492148,-1.4098394994531422,2.9671225009870428
06412,2011,0.21255322886075528,-0.1484408283722175,3.1344323649214663,-0.764245876602407,2.30160654743862
06631,2011,0.2859480704735067,-0.08014721890010557,0.830552571298719,-0.7574409652425229,2.4838859628370673
06531,2011,0.2598207956787207,-0.11342293793345831,2.3795021241668115,-0.21740036025461684,1.375352458152042
06433,2011,0.2990596180014168,-0.054942813547521785,4.420461754581104,-0.032491493572114116,2.2867911998316766
06632,2011,0.21459147272955367,-0.12827572634264375,1.2819395065902128,-0.09397484764632402,1.720276436840639
06434,2011,0.29591324942932007,-0.0864446062657428,1.3806405046303007,-1.3174478302331347,2.889746211014831
06611,2011,0.1153790404068159,-0.19682496887537132,1.967890155641941,-0.5407463760983788,0.5241397946315981
06633,2011,0.189935279150789,-0.14970882565226895,1.5839451863916874,-0.0676941064567278,1.0558787716421025
06532,2011,0.27176315266292916,-0.09368127947413052,2.0722404624165915,-0.4108618605034282,1.3068055297828916
06533,2011,0.33771877131720734,-0.06240421599881085,2.238729169054479,-0.6402797864657077,1.3009856229680243
06435,2011,0.21111273252032672,-0.15907513954802996,2.9554539111061846,-0.09615865700090831,1.9593650245880418
06436,2011,0.23215979373623985,-0.1279119667824114,2.6962871367543224,-1.287180314647638,2.752876068072857
06534,2011,0.2597929180993621,-0.10384766624112635,0.751186965116578,-1.0469835750012817,2.356582824487776
06437,2011,0.29177840317721787,-0.15118830362855612,1.5458072395019316,-1.247691677883585,3.4362972453555414
06413,2011,0.21414828233677768,-0.1589977108447881,4.5249137898266865,-0.27557240747602396,2.2333052985702273
06438,2011,0.3436765241092316,-0.08208401084180167,3.1741418341982097,-0.8111402750813066,1.2369084325942605
06439,2011,0.3237545862257786,-0.07402779164775986,1.4975777347532804,-0.9144270848230913,1.927118635430097
06634,2011,0.1948272597334407,-0.15432543958479075,2.1066131857218866,0.22296745974612953,1.4305742963168564
06535,2011,0.24674002413644197,-0.12001633728486732,0.5557336397474488,-1.0510871038283187,2.5656826803278365
06635,2011,0.15173492369841474,-0.16332432746114778,0.1711221172406485,-0.7771646232271457,3.1298700971404756
06636,2011,0.17360620932074916,-0.14300844228197035,1.7705656282928646,0.2295921434410031,1.1097770264076288
06440,2011,0.2348176773950811,-0.14636784434526953,2.8925248980346296,-0.25806012209089824,1.7478072710411718
06414,2011,0.2140129566809387,-0.13283928876276982,1.7316206270326113,-2.1586156148909357,3.4725540007579063
13076,2011,0.09884579102669788,-0.2814225167708523,-3.1066485336309175,-4.54763725976971,5.396324680300762
13071,2011,0.1136553584240216,-0.23230900776706626,-2.750407530334533,-3.5109526092203756,5.247765563705464
13074,2011,0.07071330258310035,-0.32315890957558946,-1.5825011997305796,-3.0348804984143216,7.052376664122858
13003,2011,0.1707955173631615,-0.20790098345771807,-0.08006643396839491,-1.8634564912513274,5.701478085039728
13072,2011,0.11420418819874176,-0.26195200237408334,-1.950763997550437,-3.120380146654373,5.845293310865533
13004,2011,0.09887881507660505,-0.2685678866892118,-1.6093906534798073,-3.1334922410917336,7.788224012274644
13075,2011,0.09820700741514887,-0.2645866320065152,-2.931832191230242,-3.9245626842156724,6.774419399696015
13073,2011,0.10748738884606066,-0.28651497028624306,-1.5618953067508856,-2.8293852135220243,6.0788814083457945
03451,2011,0.2868412376467739,-0.19586265811413717,-0.6231866095830244,-3.3368703870698133,7.300990012932113
03452,2011,0.28765219117430924,-0.17897247554611667,0.994276959444332,-2.191724628116027,6.416002783703055
03101,2011,0.1381097302118554,-0.22190043087265965,-0.7192703383059441,-3.1459375632417683,3.2986246955966325
03351,2011,0.12196263941844357,-0.2588514922992675,-3.4371102012809387,-5.1990070029365345,6.759239824272665
03453,2011,0.2593910417395104,-0.16806941814291276,-1.5144843919159354,-4.108761475988204,6.481645045858733
03352,2011,0.2867829347485579,-0.1703906958585092,-0.4379099119153117,-2.9550063316095816,8.095470538916617
03401,2011,0.30540520173285657,-0.15697652543730684,0.056684820901588905,-2.9839793703862956,6.926351931330473
03251,2011,0.25610055743672766,-0.18958321107302428,-2.053723263766582,-4.469611781083582,6.585739250469917
03402,2011,0.21920045694208637,-0.17783818978303664,1.0138896176311134,-2.601439563626668,6.008809150447376
03454,2011,0.2912303981675478,-0.12978466041582315,-0.015415141195497025,-3.0364429863181406,6.831615623675879
03455,2011,0.30455984175614903,-0.18594780124075,0.44092778556719825,-2.4926081092663277,7.869761179037793
03152,2011,0.1906434293320043,-0.15712863232251734,-0.298516668385726,-1.7716631543020842,2.5362993767692568
03151,2011,0.1239913703921195,-0.2562596472644613,-3.700546157292558,-5.552915790161002,7.316805808172413
03153,2011,0.12434846205785131,-0.2154900822422297,-2.271955746595847,-4.240587437261852,5.2281723734605405
03456,2011,0.2914854563261225,-0.16562871201488394,0.41880492747666653,-2.9034887198424437,4.628569438787458
03252,2011,0.15572827561974945,-0.19548562457060115,-1.9623825689463459,-3.737592196414096,3.738495765631723
03353,2011,0.10135524417598356,-0.29877938402210763,-2.4982666884223543,-4.317468492092745,8.739047896641083
03358,2011,0.14118472322171916,-0.2693966824930973,-2.5131552612226282,-4.39267226005027,7.081251934896139
03154,2011,0.12080873990291963,-0.25750493128843766,-1.9710132462442804,-4.061098050228093,4.096967847424488
03254,2011,0.15277903172481708,-0.1834259507818197,-0.7261924090187513,-2.77826042993681,3.2714374861315703
03255,2011,0.1345328090176887,-0.20176122407692285,-0.9646740039531105,-2.481295087518573,3.892359575121389
03354,2011,0.11736713424921645,-0.2869108475594623,-4.154535688869926,-6.005962856928703,7.092574179649583
03355,2011,0.11349282960243975,-0.2770101964177898,-3.1620921827883417,-4.97557213713932,6.519400745225992
03457,2011,0.3042652183259833,-0.1761449371311951,0.16185337842210606,-2.9655930664983363,8.004849437658725
03256,2011,0.2114041757856779,-0.23545570181257322,-2.1398300562154584,-4.642565481511956,6.192662424804877
03155,2011,0.10892646800825503,-0.22202726168685397,-0.33120100596649865,-1.895250092698103,2.1215805314530822
03403,2011,0.22701115930828888,-0.21140951611407435,-1.1840673067885947,-3.88565354379079,5.853139341861146
03458,2011,0.256903375085562,-0.19687857917746548,-1.6505345022416609,-4.1345522771644765,7.116831671919633
03404,2011,0.19537038903515117,-0.1979063183387347,-0.5559133039672557,-3.3292192925478767,5.708513637150417
03459,2011,0.2636808510451655,-0.17031998669897996,-1.6145499742615474,-4.27453656896502,5.399793548862582
03356,2011,0.3251557034841146,-0.13813120661245698,-1.1934786932329862,-3.6569957569939957,7.115218174478819
03156,2011,0.20127310904897192,-0.11387614565770196,-0.25107133513553515,-1.2951929020799386,3.1748466530358264
03157,2011,0.14740997507142872,-0.20433882758682703,-0.8497129768708642,-3.1568109182621624,2.9518173362172075
03241,2011,0.1512093377003857,-0.24761380780286063,-2.1341900185435745,-4.5032162833512,4.637281189989876
03357,2011,0.20435764571671866,-0.22810162257099054,-1.608287435891691,-3.8213446019415236,6.331943196536716
03102,2011,0.12961346380958902,-0.20073177392282068,-0.6027592794364615,-2.87642757848989,3.4643992740134886
03257,2011,0.19585153087824653,-0.2075527785763288,-0.7391987670903115,-3.096497453196145,4.39668843927911
03359,2011,0.12196207088584474,-0.3049283371370123,-1.2206905563119517,-3.473339879221154,9.846567988052701
03360,2011,0.09866978997518062,-0.2617687909476643,-4.038061934596023,-5.556939131835152,9.446075013317216
03460,2011,0.2668593654218785,-0.15577907983885858,-2.3444037643281943,-4.930666680731958,5.787435517065595
03361,2011,0.26707491073134987,-0.17860132434854326,-2.0752315044631655,-4.442850486580866,5.835141701386619
03461,2011,0.32603227448710453,-0.15920288968553648,-0.8411356300333197,-3.657357269894959,8.224814609292237
03405,2011,0.2944004766535067,-0.14576986574965062,1.2154178478526578,-1.8557968486013268,5.124275362318841
03462,2011,0.3156538874885054,-0.16528283373611014,0.8391217785124031,-2.1615637267871426,6.80867121728383
03158,2011,0.1123575012723388,-0.24591834726231415,-0.845700829160841,-3.0632368858637564,3.3921311038166477
03103,2011,0.11731933349702924,-0.27220946156959175,-3.0233808010107612,-5.097837410271632,4.799151125168138
05711,2011,0.23824129815123893,-0.144331338281967,-1.852196195881747,-4.315343914862069,5.562811262541604
05911,2011,0.2901385328907986,-0.1319747443683938,0.8251090200304942,-3.4373268319784733,4.394679679828605
05314,2011,0.275007953675387,-0.1570314261831377,1.5660465763758753,-2.715997026132877,3.129667650455536
05554,2011,0.40958442299136066,-0.07194291380195078,0.8792093267908221,-2.6240178229948414,3.6845682101030333
05512,2011,0.3355596371508273,-0.09983063586665247,0.8279363217517354,-2.9528510830543437,6.476257796257798
05558,2011,0.32771455346264305,-0.11365495433194672,0.6720574640297218,-2.6069292969434663,4.38919323596004
05358,2011,0.2962048305450088,-0.11626288039982885,1.8413377276231306,-1.892687929287068,3.677615044312819
05111,2011,0.234697849505499,-0.1968784281845714,1.7045944397111261,-2.2695413384051255,3.9949578183245054
05913,2011,0.33214014219052423,-0.10359078182803244,0.02734043437171499,-3.9716367785541076,6.494117118230752
05112,2011,0.23779847510521165,-0.17925009730546013,2.0492833809001563,-2.057878254490158,4.223564143853999
05954,2011,0.2985051334506641,-0.12010902931621137,0.1612795561591279,-2.869885178275332,5.191690485912618
05113,2011,0.35723625198347597,-0.10335111845272871,1.1365928064972355,-2.662907295752239,3.916977847657019
05366,2011,0.324007004263044,-0.11754128610459685,2.440918051487469,-1.1443837346324046,3.161205066241336
05754,2011,0.3053987229533491,-0.1395579789595246,-0.4591404691159824,-3.4733525507637992,4.378900230134019
05513,2011,0.3101720274757922,-0.10832270433224245,1.7419463839613558,-2.551938905118403,3.8883355467020793
05762,2011,0.19282509249461202,-0.15820787616865087,0.8413834519122603,-0.6963538470411408,3.2741539941155264
05914,2011,0.3363397208231524,-0.06671324995299527,0.1536405886203345,-3.100484867720631,5.839664392402728
05915,2011,0.31822561471575517,-0.1350279746157848,-0.7698526614396393,-4.27196980370192,6.199420801990604
05370,2011,0.3085422272995708,-0.149209201327625,1.8371716749962848,-2.068885815689534,3.155978765779703
05758,2011,0.24468483622557316,-0.157527991041347,-2.2096524000925934,-4.445255982183285,5.81204604417122
05916,2011,0.29186227081772276,-0.1391679397729495,0.5255764578960589,-3.585392866536644,4.306451612903226
05958,2011,0.2518196968986247,-0.08151960474773406,0.07982116966700847,-0.8963786578111119,8.28501828639715
05315,2011,0.22342853576915545,-0.1716328259633083,1.961497398580668,-2.2742554596938613,3.7327337876765263
05154,2011,0.33626969405038115,-0.13770459950826042,1.2730826594428941,-2.4580199703589116,3.995258678876736
05114,2011,0.24873072728055554,-0.1852706874903988,1.749276564442747,-2.6501832214668184,3.4920284040153216
05316,2011,0.24903217451694945,-0.18562179620809774,1.9270997998527784,-2.358119684584629,4.229752203558955
05766,2011,0.17795045678649082,-0.18422607520244208,-1.5328207249487864,-3.2413331677164603,4.870720331188694
05962,2011,0.3179212426034781,-0.09392258118808156,-0.6730506719865164,-3.1651271799231075,7.306786127854156
05116,2011,0.22935416045973686,-0.21040838782294116,0.7846911132855731,-3.2238137809844996,3.6708698364717964
05117,2011,0.3654565395934541,-0.1036254491232555,1.6508192986268453,-2.3510700604871264,3.3473757709763765
05515,2011,0.3472919572137952,-0.10175601228662368,0.8576708267521516,-2.4824361133669326,4.311433927685725
05158,2011,0.3218019762011146,-0.1327031712870561,1.4054260479654817,-2.2434927476923323,4.17595051095542
05770,2011,0.2304027110519441,-0.2023834137990922,-1.6607874789751014,-4.222080239556885,5.472160829512446
05374,2011,0.28537684540473346,-0.11593825407427155,0.45098637966713107,-1.66836695455804,4.727490333271958
05119,2011,0.2743384619404705,-0.13390650388789072,1.6258918632700712,-3.2925545049009446,4.671774440698744
05966,2011,0.3286018344469892,0.0010263500350664034,1.7420143621601138,0.725049992462586,5.157426106113457
05774,2011,0.2994762575044587,-0.10526413029013543,0.28891833471081474,-2.058987008168368,4.020013358089751
05562,2011,0.3462489682295811,-0.10310855299765403,0.762546771260693,-3.0227775046271197,5.493877433671109
05120,2011,0.2176555279588715,-0.15088598155055238,0.7005083383305987,-1.5281331074676507,3.0853699363910274
05362,2011,0.2556231973242135,-0.13572607724824315,1.5227920878331096,-2.480112737185056,4.5567645624457676
05162,2011,0.18358600299112143,-0.21219685573604102,0.8482968555756454,-3.057426977109051,4.151653889902716
05382,2011,0.266991804450559,-0.16263505710363896,1.2866789664393925,-2.5566412859953296,3.044556494250953
05378,2011,0.3054524400776251,-0.15766759546870807,0.3353800351804698,-2.9876585708448604,3.8927979468534457
05970,2011,0.3742305875651762,0.05493262672459359,-0.12192323016644516,-1.2213163049224827,2.862673484295106
05974,2011,0.3343324505044722,-0.12336743126269584,0.3200948206413248,-2.698082641209417,4.504544834847768
05122,2011,0.30956900712930363,-0.12164169395658786,1.6975904108283573,-2.17983480641365,3.4352301973119808
05334,2011,0.2935571842044712,-0.11831885148135346,2.4160123340932866,-1.4785547021771221,3.403758169934638
05566,2011,0.31767898607930356,-0.117073292403584,-0.1762943251087672,-3.2193649628138603,4.4350738641179435
05978,2011,0.32366679402084814,-0.12127027855712863,-0.24994851126951056,-3.765097149413418,6.801770531113573
05166,2011,0.26975282942221823,-0.19109897306996826,1.6618884166660777,-2.343141768241102,2.8776817216180364
05570,2011,0.29378023003648773,-0.14878165054118048,-0.20638382262295624,-3.353935418302385,5.341289184366173
05170,2011,0.3734577256998191,-0.1120215356446293,1.2732536305824365,-2.580164703178158,4.403071703649364
05124,2011,0.25393687713299573,-0.16559468603259714,0.5043229529830503,-2.6763018798117666,5.030380999505197
07131,2011,0.2646850698484054,-0.1791720720299259,1.7253441536999334,-1.3565897655727577,2.5278728031505326
07132,2011,0.3801841323559219,-0.0487596479533598,1.2813553393256467,-1.2606327607677237,2.2074213245655234
07331,2011,0.2660713806258504,-0.05067049736616375,3.9313311375989866,-0.05144043133756826,2.695240468014137
07332,2011,0.3254348033757281,-0.029918341822260996,4.2389904122293185,0.07564180711704616,2.491256054622911
07133,2011,0.2644969402824588,-0.12834261741060676,2.6685297487411628,-0.3016148872553672,2.8836532867946496
07231,2011,0.20435505655779249,-0.16478391229825565,0.8781610450586537,-1.492704102644415,3.4658874777593685
07134,2011,0.13617536371176256,-0.23036661048297405,-0.6456506827384714,-2.3111440882235,6.044659361459861
07135,2011,0.18167879971910553,-0.1885352125398115,0.7027387316847098,-1.4065583839927864,2.8323875814897255
07333,2011,0.30882912307492927,-0.06744905733229939,3.156494080009271,0.04064233098999903,3.862915603345712
07232,2011,0.1283116271519848,-0.22070728089728914,1.3318436826311766,-0.675269485888836,2.923315203362121
07311,2011,0.21825807116535845,-0.04720430246943186,5.5466198571632015,0.8073194097396259,1.4754438283397795
07334,2011,0.28107378726358384,-0.04241165876969716,3.7721282331392163,-0.3385470510768811,3.624441566850111
07312,2011,0.4289475782918569,0.03443265648474014,2.8987831847625167,-0.5465271230145556,4.121426938028813
07335,2011,0.37928533317247193,-0.03667856220824922,2.797287144430417,0.008033381430325726,5.1047563487098735
07111,2011,0.2656115179539735,-0.0697180540016284,4.631382232921726,0.8264465774864118,0.6728679134436502
07336,2011,0.25243735437132525,-0.14949109091782675,2.3796863134362263,-0.03852424328313209,4.915787250023472
07313,2011,0.29049258597139704,-0.052265883526892765,3.8901066342027995,-0.3603244024901371,2.3685484823432144
07314,2011,0.2344071345853137,-0.0558975022992208,5.471614129050054,0.4418547142944451,1.6011909345242676
07339,2011,0.2838653210215973,-0.05548305974319334,3.4922431179527638,-0.39042710809062164,2.5710444998220012
07315,2011,0.24142933927272897,-0.039370764242945167,3.203689632781733,-0.6329118006849086,4.152834911306998
07137,2011,0.25207607031727775,-0.16407842271036482,3.4301766093877712,0.3575142329927785,1.7083926591768348
07316,2011,0.3547950269747188,-0.04469520305688801,5.137705962719531,0.6493988314912222,1.3677550659233697
07138,2011,0.23840315890752198,-0.13490499019078325,2.8583739854360823,-0.23367624358205452,1.0228916721170647
07317,2011,0.4521173896210137,0.037854440336182626,4.176633365555645,1.0449935696230503,4.6167289988492515
07140,2011,0.16546391880515332,-0.20662339302224614,0.46756578359654627,-1.4962373224951238,2.356848881176938
07141,2011,0.3370744765215684,-0.07068063663459645,1.8793861480062484,-0.5809274210648283,1.1452783793298418
07338,2011,0.2841868362270873,-0.023823769220514324,4.9007044363220205,0.42554659424397734,2.205904176187646
07337,2011,0.3210197446698458,-0.03965264628248921,3.9436218490694297,-0.24651636398832766,3.174276816678967
07340,2011,0.4097666134019239,-0.012008643824863274,3.047601181186426,0.04358737686819003,6.154553496830002
07318,2011,0.3040932073325754,-0.009243272983754658,4.467682078669022,0.06729892590003939,3.793146417445482
07235,2011,0.2297497681520126,-0.14903124121361294,2.290048502522405,-0.24274947545129066,3.2511548497031315
07211,2011,0.1917350903342041,-0.14965980761881154,4.648516452297511,1.2314765429849852,1.2200390452799288
07233,2011,0.14757526100661256,-0.18157407138468468,0.8579786004331457,-0.7233154492317869,3.120707844384069
07143,2011,0.29170066814880447,-0.07656437641698388,1.7645829369078463,-0.4616464610120672,1.3855698309592372
07319,2011,0.30630322659687775,-0.020796014628517545,5.092164184880538,0.6413338985904096,1.6864506920314022
07320,2011,0.3783265345246081,-0.010299215169341902,2.773222981816663,-0.30784315695960984,5.571487835955789
10042,2011,0.3126466367284406,-0.08769257732412189,1.9413022383127978,-0.8763087209125526,4.1618340693413485
10043,2011,0.44179301842755975,0.015986100885704235,2.4842834041445023,-0.41047341434458007,4.060769688372305
10041,2011,0.4729535793221726,0.022921442193432284,3.9271475099838495,0.25768380539807323,3.882582860757779
10044,2011,0.3989456216435315,-0.02453878972745932,2.78853396542975,-0.6835504970851694,4.609522706465027
10045,2011,0.39248576999905616,-0.012584508203873579,2.9502264012216397,-0.220242409982216,5.388961292845041
10046,2011,0.27131631117677735,-0.1089680085582263,1.1622522713030172,-1.111411879705807,5.176724796917839
15081,2011,0.14827283113836023,-0.2622652055242619,-3.572940890168371,-5.591395732218176,6.71468422737458
15082,2011,0.2575850163618787,-0.17457080578417872,-1.1394767702841222,-3.3550111963777587,5.985524554749857
15083,2011,0.12360334296986569,-0.26420833308821307,-2.2223208107162047,-4.250118335072569,5.714938870478336
15084,2011,0.25488112668448243,-0.15755681760128126,-0.6689475029241464,-2.9158663615945803,7.984034329829571
15001,2011,0.24671856250365273,-0.1838385030459361,-1.5781449337854563,-3.6453308924038366,5.991616058939538
15002,2011,0.31591115413688636,-0.10950235166141342,0.3651801251634809,-2.2955414551707385,5.014679031328081
15085,2011,0.1301346061527214,-0.26370947000874745,-1.1654399937668958,-3.4248565695663498,6.317554680166011
15086,2011,0.2247468992999576,-0.2118133853788011,-1.9298396715487665,-4.0515536944258885,5.511232039917349
15003,2011,0.1444799366642944,-0.23451049038786256,-1.8042873887668638,-4.073733080650744,7.106217637442723
15087,2011,0.2213192632856032,-0.16204050963394673,-0.05393780965143511,-1.7948403665934585,7.717536919732913
15088,2011,0.28880875290927116,-0.13832918823894014,0.1494213362490619,-2.2011880187793027,6.393261660852896
15089,2011,0.22280845967149843,-0.19131556578290715,-1.1519150883928964,-3.6083760534870284,7.109084903989186
15090,2011,0.16410452990346477,-0.2465959668333558,-2.7102217384590945,-4.770983306024881,5.6177111311610615
15091,2011,0.2712880158742166,-0.14310594824291634,-0.7762608623158627,-2.6081818246780206,5.503948592691319
14625,2011,0.12247183564491423,-0.25023370556622426,-2.31614450285082,-3.542292982655895,14.039307354425613
14511,2011,0.1042762270561091,-0.2431819166892779,-2.5741921932600853,-3.8706575666981498,18.415524789123396
14612,2011,0.09207005153712956,-0.25868624601063667,-2.491991822769672,-3.9236164846617863,16.331460397259594
14521,2011,0.10668906271331373,-0.14447830763115316,-3.319520334698486,-3.3061819025560384,17.19405174853023
14626,2011,0.11369868942252846,-0.23023676254355357,-2.4106210286696155,-3.0747267450523035,17.34181105658151
14713,2011,0.28205735193997244,-0.1443882167541472,-0.43031359133499325,-2.7709537107080386,7.326182911346604
14729,2011,0.19893400104054715,-0.23163988505170552,-1.5168202651384122,-3.509517640996166,8.730735424647147
14627,2011,0.20868941732576526,-0.22037884083052336,-1.5342341563508144,-3.3698668607074325,10.673307713790827
14522,2011,0.0985989002914885,-0.2605555491494572,-2.969074772024893,-4.097612205797077,16.903607837229142
14730,2011,0.2827038067275568,-0.16432814047008076,-0.4789786501612532,-2.467191650788716,6.628929636928364
14628,2011,0.06309459376542398,-0.24810041397375254,-3.39061380152587,-4.046249388039683,18.023913992706845
14523,2011,0.09286809862285675,-0.1903446499748435,-2.6235569405547734,-3.0632780429401203,14.89960709712823
14524,2011,0.06785947433098126,-0.30511099172718714,-2.5154877536549907,-4.043415159881144,16.443419344625617
01051,2011,0.15582084982429661,-0.2526331706011579,-0.8368518395019644,-2.917958208102533,9.742126366549792
01001,2011,0.13026325416527057,-0.25629632472478836,-1.8335565235419857,-3.381553248054205,16.13982491905504
01053,2011,0.09028343746184797,-0.327180428696102,-2.1267325371639543,-3.660199159232636,5.19657263144284
01002,2011,0.07726064937151506,-0.3293180909709312,-1.5679002852464723,-3.2066478243036847,10.735403970906233
01003,2011,0.09875003111483405,-0.31659635890247045,-1.5319639643514043,-3.249958008035586,5.412066790352505
01004,2011,0.1028655120693094,-0.28607774120270346,-1.1932369782568057,-3.0103525269598146,12.186810502747814
01054,2011,0.19150674526253111,-0.2503663849124116,-0.5505118031540746,-2.742976106487303,13.123765312235639
01055,2011,0.09895749382619479,-0.3225623709061188,-2.1189330559660613,-3.9197757917372718,9.049489798455461
01056,2011,0.13947047998648646,-0.29717049666504325,-0.8021174221646882,-3.0534286678426685,7.422282080227109
01057,2011,0.08353358726674186,-0.33701435757560216,-2.086664334011071,-3.5959115738693104,10.375028146300592
01058,2011,0.11437781924243487,-0.3208644190659441,-1.4039380752804305,-3.0834533850153836,12.282690301810405
01059,2011,0.11861142957475197,-0.3154672046228282,-1.6798734773301987,-3.435647733675414,15.038857958601001
01060,2011,0.09565391845689361,-0.3251711657791534,-2.0345234792341644,-3.5620259835910026,10.32670455317072
01061,2011,0.15484552057006984,-0.28660320108651405,-1.1715932860265732,-3.2114035920557016,10.184700323994955
01062,2011,0.09177918529725423,-0.33251322308818576,-2.4456257791702356,-4.039888534437347,6.942057834447172
16077,2011,0.06801946815607679,-0.33339457317915666,-2.989758089688643,-4.8577082282989625,14.260142410663398
16061,2011,0.14958351167615813,-0.14340067873788254,-0.31586001856607737,-1.1924097645207574,3.0824048476360213
16056,2011,0.235982674826345,-0.0535432580363992,2.5299229051686964,0.9051515145057665,1.1433276525668767
16051,2011,0.18544571198297632,-0.18118637667280707,0.17151525824073133,-2.2498373429523606,6.8361786787700325
16052,2011,0.1467509868317378,-0.2542560958621507,-2.436990442390619,-4.2802589604861705,12.264320719127085
16067,2011,0.15815574592549567,-0.19417909539068115,-1.0757308327430743,-3.0393176365310604,5.959519506311971
16076,2011,0.1012349016373267,-0.27017934042139835,-2.7475423209427112,-4.021305088825613,15.68104670143442
16069,2011,0.045434980259161664,-0.22514642685206782,-1.9625699919659358,-2.8957157080905414,6.98471407633755
16070,2011,0.23134863631539163,-0.12691406516474577,-0.766591156207313,-2.6603879105033363,9.478475654439842
16053,2011,0.2606192153325935,-0.1057689106422427,-0.5547496432809644,-2.423276129542617,9.605828820278038
16065,2011,0.21408235752569668,-0.15222533219449533,-0.04436642249462686,-1.9290714884344513,4.6868181222920855
16062,2011,0.18587647119024775,-0.15241149412077054,-0.06814370559708385,-1.2923363756331239,2.9998193973783076
16068,2011,0.23960393721178994,-0.15324160310603066,0.475815163670625,-2.153770910598016,5.472457081206927
16074,2011,0.27003730278249405,-0.11688421690582762,-0.8907620984791871,-2.7576133688411284,9.917769580855898
16075,2011,0.10866613718679512,-0.19411794340985394,-2.7126675402718368,-3.3209343573991323,13.397492090449463
16073,2011,0.20990787774911693,-0.14557000411982382,-1.1993651613305067,-2.5098586733089365,10.373641321500266
16066,2011,0.09412662539432909,-0.15997502447244072,-1.1940082332804687,-1.9041020259773407,5.376989844929325
16072,2011,0.0734123812779008,-0.15589546227118972,-1.8066794919303222,-2.371742416700165,6.908657826517732
16064,2011,0.1841389619330349,-0.13671241906014123,-0.2176935076269056,-1.98784407534025,4.096401840824351
16063,2011,0.21550802590567378,-0.1061618130432617,0.26515900297457506,-1.0608317544473929,2.5676826773230226
16071,2011,0.25500050471473645,-0.12206692256926405,0.08933174683404083,-1.9355882818735064,7.944697694141678
16055,2011,0.25338633248448145,-0.13366681967270472,0.19093838608366995,-1.999253164821388,8.467572801982094
08425,2012,0.32321476674597843,0.03442253310021254,1.0299191835596666,-0.485195108538917,10.507052477182611
08115,2012,0.4199972149028251,0.024105461033152753,2.070065816260812,-0.7940533562546164,8.218171573724153
08211,2012,0.34653097727479065,-0.0491841251594437,3.5903590793158457,-0.958154275526204,1.9239258387286644
08426,2012,0.424975203073268,0.09118788016903873,0.8840209295996964,-0.7968859951689493,9.748312190197025
08435,2012,0.4692898057186977,0.1354087746780805,2.2811713098877444,-0.0744520376953477,5.817043561728916
08315,2012,0.3446747562408793,-0.005020833078560216,4.40704053230899,-0.22041987652181394,2.6106742026179943
08235,2012,0.44492171149664095,0.044113310645644666,1.8884152670959027,-0.22755745533280414,9.388116011830885
08316,2012,0.3971403243914088,-0.0027626882847703316,4.5688558818741045,-0.47313079357873455,0.6775907837159626
08236,2012,0.4613314247854007,0.018426132963757835,2.109723661627628,-1.1864360287314053,7.311979185401001
08116,2012,0.42377769164013623,0.023507562096625467,3.1161023320450365,-0.2914642328705437,3.4710269188411766
08311,2012,0.42678921980805995,0.002505516106956873,5.15816144573885,-0.004354912801672661,0.606847484560656
08237,2012,0.42206167585833027,0.052172769288663656,1.9337643694435376,-0.24346509912179437,10.671845615761821
08117,2012,0.43589756571909394,0.06628183561989587,2.350274655497601,0.13510388831336995,6.517343193301445
08221,2012,0.38998835309344193,0.018659003658572537,3.9375461989235285,-0.7836542077059505,0.5862354892205638
08135,2012,0.31221796092012755,0.028303995858642184,-0.4670786693260293,-1.7313625675292657,10.475361999485834
08125,2012,0.4147033677557609,0.025619638958453927,3.14968116899864,-0.3111645497642166,1.3242752511623632
08121,2012,0.402809077491254,0.04547213805509548,3.8800922601479146,0.015493947243961248,1.5832771693344567
08126,2012,0.48240410069915274,0.06908940826903431,2.349005314329191,-0.45148271516147664,1.5904792930599259
08215,2012,0.43297260974262786,0.005808790123350671,3.5351955607890684,-0.4512201690847686,2.1776100628930832
08212,2012,0.38701099128650396,-0.01996725753482903,4.109586289671974,-0.19038764476284165,5.418161601186063
08335,2012,0.3891129161909148,0.06867090540024567,1.6838116321182763,-0.7239638205726733,6.495081599575952
08336,2012,0.4385931154483918,0.012620241918702535,3.7503023886423876,-0.5421783338484158,6.115564095525663
08118,2012,0.40279295828513445,0.008377232768689014,2.773617965148569,-1.007161882745458,4.633149397504145
08128,2012,0.41305080124903293,0.031506138545109974,2.054786735178633,-0.43073690690847455,1.5085587231455955
08222,2012,0.37905340642018,0.02131290616366316,4.503086758050247,-0.5598581550092865,0.6861992113835076
08225,2012,0.42580550655758875,0.04301223213905664,2.051397596346949,-0.3432665950678606,1.1071764131473891
08317,2012,0.3729146179553647,-0.014127866141780798,3.837911704682082,-0.7673579156667043,0.8907143960913966
08136,2012,0.41062601319284947,0.05451530864479509,0.6522974221822654,-1.0789999367444891,9.224839121909657
08231,2012,0.4601277174813006,0.023312621462119043,2.8438178657709865,-0.5666066989282026,8.189337867573517
08216,2012,0.36693668523656303,-0.025059805200877527,3.6741198455038924,-0.7069318153143311,1.1650819905020904
08436,2012,0.4998957803116355,0.15777821742676662,1.5927899865712087,-0.38863350181293166,9.898045622315001
08119,2012,0.42500424981838547,0.0021725378809708817,3.435261696539541,-0.025966935594298857,2.527731955975012
08415,2012,0.34990504027309804,0.07966964331309861,1.4994043423700845,0.2758937134815478,12.179790128254965
08226,2012,0.41255612513461215,0.004815747906351475,3.2999771538003477,-0.6331351193608676,0.5897378005084963
08325,2012,0.3939900437487774,0.06220316249897634,2.021054855778552,0.36650123471439566,11.21172586490044
08127,2012,0.4425512073739633,0.06782742764589328,2.0069998721807423,-0.0897662551458529,2.5575355510935953
08326,2012,0.4189931181609209,0.11865434141328751,1.5658226009892673,0.4093503787078969,12.766137375142526
08437,2012,0.42207592264077715,0.1261463874274949,0.7520167163954908,-0.5235628271150187,10.234018715386084
08111,2012,0.37033198688357405,0.0071047726371124,3.10692711221231,-0.9095771745224099,5.655236393622868
08416,2012,0.43277979785642545,0.018805667667143255,2.2279125887675546,-0.8969262549399919,7.626914960210813
08327,2012,0.41498963418493096,0.13026708153284955,1.8389746456035372,0.6061079091705155,11.878241105422081
08421,2012,0.246392744421411,-0.03310637234335981,1.092113741718316,-0.6965045264815937,10.306967255448821
08337,2012,0.37986454493248306,0.06887747205431954,1.1603345408390993,-0.9169343506414729,10.757181308741115
08417,2012,0.4122034729997837,0.07114719720308937,1.9798934681197338,-0.09964458583802838,10.219969589457676
09771,2012,0.3872350611230389,0.05552646890612223,0.46798670690897815,-1.402072702032688,10.11860533287765
09171,2012,0.48638336313319547,0.14636063704795826,1.9940960642400456,0.5293632590663611,5.265697212548775
09371,2012,0.40948116709959875,0.10309991943894642,-0.4528050942618402,-0.8708342589609508,13.067925485766667
09361,2012,0.47577171755216496,0.15268867200956399,-0.2508397260912086,-1.1769697811001605,11.521271711684138
09561,2012,0.472797514016085,0.11393526854382208,0.2057483838565705,-1.2953801891438277,11.775071633237825
09571,2012,0.4619999078004147,0.08920548271240686,1.0589541471981405,-0.7127068565613695,8.384835950160545
09661,2012,0.44565439943189067,0.04383990387315234,3.6077792852939914,-0.668243307294238,1.7201565557729945
09671,2012,0.4307465159997393,0.0179053006107342,2.7769006420503164,-0.5151416459902936,1.4633108409940518
09761,2012,0.3992532452972634,0.0783479549745143,1.3283393208793766,-1.243599804868666,8.145319621362624
09772,2012,0.4071221842023188,0.0663372843121473,0.29236056188457593,-1.7629533988820014,9.793255193125884
09672,2012,0.41778603705158723,0.07726417150821696,1.567690229546093,-0.47941769370074594,1.5597988320639289
09173,2012,0.4967030423866879,0.16533134598592025,1.5984263419032791,-0.1331893803819999,10.678830102779887
09461,2012,0.4224315932471906,0.07362978396200681,1.4188232665530758,-1.3240895845005731,2.9036181210094245
09471,2012,0.4520544329250044,0.10583017981952769,0.7640091382541891,-0.9492524332147361,7.3607341287347365
09462,2012,0.38624732155964164,0.0657668855387108,0.6385772589554556,-0.8442187659048382,14.384750177598866
09472,2012,0.350121318816152,0.07604341327340913,-0.8120143068636309,-1.3776709982550526,14.234862910070488
09172,2012,0.5442784302970752,0.13377676334367833,2.462545841108774,0.46319325415670387,6.182592580550769
09372,2012,0.2687218689462426,-0.05969231773756062,-1.0126657193284032,-1.5215537628522067,9.69692165321648
09463,2012,0.33481207548791336,0.034900670072023576,1.0167316484748352,-0.5356288871432597,3.560696855501328
09473,2012,0.3593672110704458,0.04894443079033656,0.686831026065883,-0.5736293929615126,5.702031113533537
09174,2012,0.40458866552808787,0.07448649225114501,0.9876231834769365,-0.6997713041136557,9.814228841597979
09271,2012,0.2919076061157501,0.058975417303984645,1.4950681758615332,0.1736775430762436,4.118985599322324
09773,2012,0.32209702404642776,0.018865042896892448,-0.6539518275714574,-2.417117100351925,9.080225535586257
09279,2012,0.37284918841905906,0.0642534329253755,1.13120342860185,-0.3914966536946116,7.90979888601783
09779,2012,0.3694008830856944,0.05053719160185188,0.022328038685722792,-1.822158461876106,9.587902209982168
09175,2012,0.46764647851013363,0.10984341754988858,2.0021706111983626,0.008262753156149882,8.209750576192782
09176,2012,0.41526851429955935,0.12598616522702516,0.09737647961094151,-1.1622090307667894,10.345070120947916
09177,2012,0.46660155884779436,0.12710550561947287,1.3955493502436491,-0.3377918516995819,8.269501094197814
09572,2012,0.4678567336577637,0.09253198753944258,1.133830671341354,-1.1074245638077682,11.208665883870532
09562,2012,0.44375235442784616,0.09854112559976835,1.6263941060749172,-0.888407944237696,12.191810144253141
09179,2012,0.40372139011035624,0.06090359859985228,1.5229096883210218,-0.42204013082620473,10.6126288555371
09563,2012,0.40749325289205407,0.07788479001745235,1.850962689492003,-1.087424616541203,11.32952143829073
09573,2012,0.4793935823111309,0.0929549574155597,1.141263380884793,-1.0343742503667088,11.537708133007499
09474,2012,0.43946775149639816,0.12315431011123174,0.24752361348718907,-1.5031532091455964,13.32422166473691
09178,2012,0.43250857821962335,0.10478344497331243,0.9447847990983655,-0.8438442437760638,10.551642028385603
09272,2012,0.06383867064467807,-0.15770617093840722,-1.3472914364463786,-1.4241629172494958,14.572639143108942
09774,2012,0.39805292270101533,0.039299821872394614,0.6352750330791678,-1.35778189223727,8.663254989792994
09674,2012,0.44255625371109203,0.08269028313531512,1.474083897111286,-0.6015197071891163,3.4564670311489687
09464,2012,0.09357171435396154,-0.09709235567115405,-2.260613646557233,-2.0311787277411595,12.948041173759407
09475,2012,0.10113340225715955,-0.07871833724529553,-2.099294879730474,-1.6116350126356538,13.513184606396965
09161,2012,0.3945502584573908,0.1007546511387673,0.9535262835145606,-1.1680677934436619,8.527229790694308
09762,2012,0.5777951781920965,0.18995867953499762,1.7747034990792183,-0.002358786701329274,10.013812154696131
09273,2012,0.3720943047354407,0.07282371452343556,0.21527718263487858,-1.0410907386586603,12.342223088832077
09675,2012,0.40108289774710454,0.03589601835388878,2.357151803061637,-0.5795985081643802,1.4574689716656888
09476,2012,0.25301736989094126,0.00672247235227158,-1.3961016480593473,-2.025419717124673,12.66091959157056
09477,2012,0.28018617546206254,0.009943458329240873,-0.8756677386480135,-1.6032463795030405,12.987124620863097
09181,2012,0.4632881125357603,0.12201689124274928,1.7203687822606233,-0.07482712755317444,10.950846101275143
09261,2012,0.41374511342081133,0.09365693298385058,1.0507184829747946,-0.7955442010303686,7.409465328740451
09274,2012,0.4180581349092053,0.09015208839433836,0.45621040767251686,-0.8546184665539347,10.653271104116358
09478,2012,0.4217739879239816,0.08754404884562578,0.5489839050977686,-0.7429869301929569,8.094479563876975
09183,2012,0.4995542138881947,0.15396792742331333,1.7660760668473021,0.30495733947230064,5.3508780272305065
09162,2012,0.39287576269310687,0.0740387825109664,2.787713091820878,-0.3195437973183206,9.151672249246772
09184,2012,0.4062483680426426,0.09806111192164924,2.343583280641587,0.027854377942632347,8.391496212639119
09677,2012,0.40766731909247855,0.05151421670768319,2.2075101302793345,-0.2984596397940589,0.9268704548057081
09764,2012,0.515184295872403,0.1342803413415441,1.6480036009525394,-0.3095146361888912,10.999774133803136
09182,2012,0.42070153457414616,0.11478622709963981,1.3026986224211883,-0.1339899259243218,11.385365546747202
09676,2012,0.41687264663514434,0.0003343861373555357,1.834145880693437,-1.002413140075311,1.0655097300481222
09574,2012,0.4082525409579526,0.11301546943553109,-0.2267984068295431,-1.3179598037194173,12.98664055820624
09564,2012,0.3584227703888554,0.05899710032759764,1.8097808777196613,-1.3850907482293975,10.116399672468452
09775,2012,0.39521301976597434,0.04611147025214041,1.0671452652615951,-1.056450850982405,9.490830360119023
09185,2012,0.38090638998872994,0.07766213257647409,0.3988686037906482,-1.5372013804515832,9.487610706479405
09373,2012,0.3097423971681768,0.03583114373706664,-0.5910854887413279,-1.3313352830945933,12.193789640058476
09575,2012,0.42591232197197915,0.04789645304241463,1.7290197130964766,-0.7134796417611038,5.893233678480736
09374,2012,0.2895193006676858,0.038901048837414354,-0.8243356584126388,-1.0603197349357518,12.877439061708888
09780,2012,0.5531139223101537,0.2251666893926585,1.2615903419219232,0.10493240895926959,8.977151191054935
09777,2012,0.5232515994865791,0.15737517326195105,2.039683056610084,0.2322385809539762,11.284833333333337
09262,2012,0.3201087013901301,0.05004943918891519,1.589302362642373,0.0755285102694967,3.429892141756549
09275,2012,0.3728603581541112,0.10049280428687146,1.3499356420846405,0.04699521766237558,3.5843837731970374
09186,2012,0.4301701795062266,0.10236855530105265,0.49153857045100546,-1.3164209635655864,10.785676075741597
09276,2012,0.11838254480971955,-0.13812168117874535,-2.3292086351148584,-1.9414485768034893,15.46875
09362,2012,0.21787384772397886,-0.01741237620859859,0.9546091741134921,-0.8349406779770197,9.51787382185616
09375,2012,0.3126499877104191,0.04496329811821015,0.37942863413351985,-0.6869523831218742,11.473968416425901
09673,2012,0.34985738693801716,0.04644812778582025,1.2718868544499986,-0.3040729215278237,3.685459672839516
09163,2012,0.48780430114263473,0.07612792427139042,2.9517582781310376,0.672419629897834,5.128118188423347
09187,2012,0.5644487199288976,0.1412235094295336,2.406561649224976,0.5348377515328284,6.485101142530538
09576,2012,0.4715871977714171,0.1110358055021971,0.28349018592154074,-1.3040644522889848,10.25533869333409
09277,2012,0.4548962036331674,0.12208977816335098,1.0669697872112665,-0.13482035975427453,6.0323311732935325
09565,2012,0.4692360992804087,0.08751346354583883,1.4519448973532587,-0.8376502948261713,9.002945146643759
09376,2012,0.2943399481976687,-0.0024320299111047494,-0.5122625346357531,-1.117513403230613,11.418034781136937
09662,2012,0.37494690524558755,0.03770275750186147,3.441821545584032,0.023364575889591954,0.9507540257305954
09678,2012,0.41742513417359406,0.06348757832860341,2.2474181922943113,-0.36807163134703824,1.2820822751449525
09188,2012,0.4948173855635586,0.13103738260727454,2.0130612286418965,-0.01681337737069999,9.807857586868588
09278,2012,0.2963665336907557,0.036896422034698395,0.6137096147366947,-0.6119336474060415,10.81388233863577
09263,2012,0.24686657369527032,0.041815106281129805,1.2596581602442236,-0.29349859446628535,9.931116626963632
09377,2012,0.20976346653605138,0.008557220226760615,-1.4329913600380875,-1.1592077753359316,14.501243176708826
09189,2012,0.5225739672937971,0.16083472587589914,2.100671469402159,0.6988422318561325,8.503142395854002
09778,2012,0.544681802642587,0.15455740125629913,1.809917897251939,-0.1081470434565317,10.366094291308935
09663,2012,0.3727219267693448,0.02654324598318064,2.4984928124822243,-0.6288920703605436,1.3946979929013406
09679,2012,0.35736594762155954,0.014626243620053048,2.388013208189285,-0.2645151935587773,1.0823156700090326
09577,2012,0.41231853085693054,0.062041834558270614,0.008079569814292562,-1.5536123259955827,10.76984578462411
09363,2012,0.4215126267048964,0.1245570434928382,0.6721928055685664,-0.4210491712443314,9.647206767776845
09190,2012,0.49923067980883074,0.10353299746304356,2.0913844752186868,-0.09964018824551024,8.428571428571429
09479,2012,0.1392192337486361,-0.029154269493848584,-2.0957430682044467,-1.3383152784430303,14.728938689720538
11000,2012,0.397120560116606,0.06047585818907608,1.899937016097059,-0.22047465508501385,3.5274076700947394
12060,2012,0.4625461090524885,0.12013056943945155,0.9263378461565283,-0.12444716633955355,2.2895870386632144
12051,2012,0.3997444821144917,0.02856019459268344,0.7394088529858686,-1.1214521122531989,8.95646019877535
12052,2012,0.4951065391228052,0.08964405847751533,1.485452977499375,-0.430769769139713,3.758907342188535
12061,2012,0.49273457875498744,0.09298425367273239,1.0570281757375797,-0.6078125799224874,3.588102536500623
12062,2012,0.49664403087101283,0.06429491705889073,1.5693043470198886,-0.32274105083608684,3.7099031444938286
12053,2012,0.4949786335348099,0.1183032278775133,0.8185642760233526,-0.503182153977448,3.9361296472831278
12063,2012,0.4423349005808054,0.0376847530282125,1.352683859372933,-0.5244790944002073,6.875447004365696
12064,2012,0.4565431764918133,0.09681808974178396,0.8768304823044467,-0.6185816596028347,3.103819149411922
12065,2012,0.4404427015356378,0.0752254041311422,1.4692156055857373,0.28262165113145143,2.1269720025977588
12066,2012,0.4695241018830337,0.09007000134414705,1.4606207701950333,-0.1921298000726439,3.5160174183094797
12067,2012,0.4880914022698996,0.1022137860575954,0.9245109191976381,-0.298177561026849,3.898569450935561
12068,2012,0.4544636849859784,0.08385878216355935,0.6515338800711362,-0.5619528393412295,7.203000819012337
12069,2012,0.483190126416631,0.06745374624584144,0.4308052549019552,-1.4272415293306242,9.713490789740042
12054,2012,0.477322609404558,0.06761722137386145,1.1535006697652113,-0.6345542627461482,2.7929257793817133
12070,2012,0.44879627535826805,0.07331302476387047,0.551812953339889,-0.7742777588934904,8.721772711234273
12071,2012,0.4938557700359479,0.10149707672073244,1.146692547618708,-0.4847210352235569,4.4594118846825745
12072,2012,0.4890719288761048,0.09424782002691201,0.8326213176226838,-0.7273575914257788,4.566912799625939
12073,2012,0.47635765018921683,0.12542940826465415,0.6553458014981249,-0.11820700774933324,2.505305297564807
04011,2012,0.42973519726499754,0.003176774201589405,2.35989825178015,-0.5683972766512948,2.055345911949685
04012,2012,0.3452395500323204,-0.05281264327087387,1.9068303304074359,-1.2612107753958393,1.7391304347826084
02000,2012,0.3726498962549797,-0.004390630553575803,1.4354344965185162,-0.9476372656143826,4.692576779758609
06431,2012,0.38437512883539005,0.009646752308435702,4.118745512379087,-0.3762573383851544,0.43333916695834773
06432,2012,0.43246824617652607,0.02782544147038324,3.427863598800602,-0.4219193450804313,0.7041998024003501
06411,2012,0.46143003060270804,0.06367889350771055,3.9511845819615012,-0.42849763698378895,0.4770826603495925
06412,2012,0.39618918989439017,0.03519513266141738,3.015930314204367,-0.8827479273195062,1.0825123774881282
06631,2012,0.4019063135206964,0.03581102414708415,0.9608459321694854,-0.6271476043717564,3.859518384321345
06531,2012,0.4185807059640784,0.04533697235189943,1.3962032960269797,-1.2006991883944487,0.9728486871363666
06433,2012,0.3759589571269955,0.02195652557805694,4.212353742819455,-0.24059950533376284,0.9054264636263214
06632,2012,0.4373266707792105,0.09445947170701308,0.7579990544086604,-0.6179152998278764,2.490501763189687
06434,2012,0.43263570853604116,0.0502778528409783,1.151909462917816,-1.5461788719456195,2.581702528153701
06611,2012,0.39730885871314425,0.08510484943095703,2.3224143196722316,-0.1862222120680883,1.0657539182129345
06633,2012,0.40522382673555746,0.0655797219324995,1.1034281156346184,-0.5482111772137968,1.9895347981236968
06532,2012,0.42905763190292906,0.06361319976586938,1.1701330408422002,-1.3129692820778196,2.523868064575988
06533,2012,0.4240015859766192,0.02387859866060099,1.7136062030954304,-1.1654027524247563,0.7449880986454714
06435,2012,0.3906193075696934,0.020431435501336692,2.325708669051398,-0.725903899055695,1.3666973418073414
06436,2012,0.38138686491321083,0.02131510439455958,2.8465956091365374,-1.136871842265423,1.0918821394905682
06534,2012,0.4184481716300532,0.05480758728956475,0.7211874260505424,-1.0769831140673174,1.23977100232844
06437,2012,0.4589835416505078,0.016016834844733818,1.770073824147269,-1.0234250932382474,1.3713004484304936
06413,2012,0.41341045717916336,0.04026446399759759,3.5938365612520657,-1.2066496360506447,1.5899074852817492
06438,2012,0.4545403468773728,0.02877981192633955,3.0496003088232104,-0.9356818004563059,0.8605442612044369
06439,2012,0.4663630083691535,0.06858063049561508,0.9595277107136257,-1.452477108862746,1.602222980996112
06634,2012,0.4283732844073703,0.07922058508913887,1.4734040096513283,-0.41024171632442874,1.4535267288295048
06535,2012,0.41788726406868054,0.051130902647371246,1.1653781161592127,-0.4414426274165548,2.200176735410371
06635,2012,0.38358246615741204,0.06852321499784952,0.4699170539010466,-0.47836968656674766,3.3848975482394654
06636,2012,0.4236388040475332,0.10702415244481367,1.1096272064392463,-0.4313462784126152,2.3831270026371385
06440,2012,0.3925319689738286,0.011346447233477941,1.879906893159445,-1.270678126966083,0.9917109455262875
06414,2012,0.37203523423649504,0.02518298879278652,3.085948625422431,-0.8042876165011164,1.5392216031102193
13076,2012,0.45899483824782095,0.07872653045027078,0.2792324755647419,-1.1617562505740497,7.210766228508114
13071,2012,0.44598173737152946,0.10001737118044163,0.5849845448396814,-0.17556053404616134,3.913288838433504
13074,2012,0.4771640612065473,0.08329184904785752,0.4249028211757941,-1.027476477507948,8.414505833184652
13003,2012,0.37456039494965554,-0.004136105871224038,0.9617967214317161,-0.8215933358512163,6.219605274399794
13072,2012,0.42758307841622073,0.05142688784339561,0.6270055981242814,-0.5426105509796545,5.752240457321774
13004,2012,0.5074112240935268,0.13996452232770995,-0.07326267990094168,-1.5973642675128683,8.00813195243575
13075,2012,0.4799038294161088,0.11711018999444472,1.0153053208083964,0.022574827822965937,2.8870355247376454
13073,2012,0.4452744800552526,0.05127212092294886,1.4472623726128493,0.1797724658417108,2.272247301194551
03451,2012,0.45924421131133475,-0.0234596844495763,1.714497879789168,-0.9991858976976209,4.929271128788621
03452,2012,0.4129291373082164,-0.05369552941220951,1.8574256582500512,-1.3285759293103079,5.078823826977648
03101,2012,0.325138585305501,-0.03487157577901406,1.217122531649516,-1.2095446932863083,6.118477783544254
03351,2012,0.36814615879415125,-0.012667972923559867,0.8602205661268842,-0.9016762355287116,7.241253565838001
03453,2012,0.42775374665535926,0.0002932867729361077,2.172975981580818,-0.42130110249145014,2.833805942264533
03352,2012,0.4110106797323984,-0.04616295087466871,1.6410053155254078,-0.8760911041688622,3.6702811970263647
03401,2012,0.4560062135161249,-0.006375513654038489,1.8830174928076528,-1.1576466984802318,2.7638626609442065
03251,2012,0.4653429068801164,0.019659138370364482,2.4833003440715635,0.06741182675456336,1.4835435613390084
03402,2012,0.4023492882898808,0.005310641564757801,2.72845659446558,-0.8868725867922018,3.565077022414907
03454,2012,0.4444972909144937,0.023482232331122732,3.1587866317615947,0.13775878663895114,2.890023107565955
03455,2012,0.45679148492471344,-0.03371615807218559,1.4404012847285121,-1.4931346101050138,5.798197152852343
03152,2012,0.4275681889441231,0.07979612728960145,1.1080203408485114,-0.3651261450678467,2.3479119227487693
03151,2012,0.36924292031278283,-0.011008097343797985,0.8073794311156737,-1.0449902017527697,5.5536474040058295
03153,2012,0.36731776750852807,0.027479223208447034,1.472123685348463,-0.49650800531754213,5.291202440199067
03456,2012,0.47937709073933155,0.022262922398325113,3.6498880257247928,0.3275943784056823,1.9399661073464325
03252,2012,0.3927336242406543,0.041519724050303686,2.133627093077614,0.35841746560986376,1.5596228866831854
03353,2012,0.4310033676874044,0.03086873948931318,1.1725292498024555,-0.6466725538679354,5.691734201838815
03358,2012,0.4061297514453011,-0.004451654269515326,1.1993446459364985,-0.6801723528911441,6.411039438892808
03154,2012,0.3781879292647312,-0.0001257419266260662,0.8006752225116588,-1.289409581472154,6.84188496399983
03254,2012,0.36145854186127946,0.025253559354642685,1.8372263045533306,-0.21484171636472804,2.2839901661327566
03255,2012,0.37007172534960764,0.033777692254996106,0.9203426017569895,-0.5962784818084729,2.210261307631057
03354,2012,0.43576127104190604,0.031483289233227296,1.1607687019354278,-0.6906584661233497,5.563861108062214
03355,2012,0.4062862061807583,0.01578318016052871,0.9893788083095831,-0.8241011460413956,3.8677592093901474
03457,2012,0.4638828259587801,-0.016527329498398302,2.3970644351728296,-0.7303820097476126,3.6867900189462643
03256,2012,0.46732834161955633,0.0204684640213052,2.5445787108575364,0.04184328556103889,1.2183145609806574
03155,2012,0.3965257047498103,0.0655719750547013,1.2047073043632528,-0.35934178236835157,1.6979038834261198
03403,2012,0.43785813442374005,-0.0005625409986231844,2.3367141615098386,-0.3648720754923569,2.770823161800606
03458,2012,0.4601093594243956,0.006327405161368149,1.9377128466729017,-0.5463049282499137,2.269692462524699
03404,2012,0.4451247402959081,0.051848032922022225,2.818514174763058,0.04520818618243716,1.1843920773472465
03459,2012,0.47406029843855546,0.04005946069441002,2.727176521871944,0.06718992716847083,1.7075123471467528
03356,2012,0.4424970441686411,-0.020789865927930473,1.5362095450996098,-0.9273075186613995,1.4198724765505297
03156,2012,0.4039519473588438,0.08880269265216995,-0.12669289867832223,-1.1708144656227257,3.1169615076895734
03157,2012,0.3396818473264363,-0.012066955331819451,1.7093595546181761,-0.5977383867731223,4.789413774388713
03241,2012,0.40873657364851385,0.009913428145267522,2.6482367086355088,0.27921044382788285,2.422645995269667
03357,2012,0.4111435026132712,-0.021315765674437992,1.478952287811991,-0.7341048782378417,5.412759192055915
03102,2012,0.29893955258317856,-0.031405685149231144,1.5057903366294225,-0.767877962424006,4.399111548477235
03257,2012,0.400939379865818,-0.0024649295887573253,2.466684029645302,0.10938534353946894,2.3103385508508847
03359,2012,0.4456786463903837,0.018788238367526633,1.301194010024885,-0.9514553128843168,8.274862158704952
03360,2012,0.3601074506358255,-0.00033113028701942104,0.6320729181164879,-0.8868042791226418,4.199806077437347
03460,2012,0.4405568286559641,0.017918383395227,2.398594788106457,-0.1876681282973065,1.6011011605182377
03361,2012,0.4360085670592662,-0.009667668020626907,1.8885199799694499,-0.4790990021482504,2.0153985356235107
03461,2012,0.46106548765358984,-0.024169676519051164,1.8493244382296985,-0.9668972016319408,2.128487110931746
03405,2012,0.36803247274803935,-0.07213786965511798,1.780930390865202,-1.2902843055887825,4.705072463768114
03462,2012,0.43720891018990177,-0.04372781103471379,1.568278175319978,-1.4324073299795677,6.190190502308494
03158,2012,0.358077179081333,-0.0001986694533199218,1.3844541260910748,-0.8330819306118409,5.3607612706092675
03103,2012,0.36180479477028,-0.027724000296340978,0.4254189050640145,-1.6490377041968558,6.239920747446103
05711,2012,0.41608645540727146,0.03351381897406552,2.835254828667779,0.3721071096874562,1.4409785486966458
05911,2012,0.41350411569067963,-0.008609161568512769,3.6668628751160064,-0.595572976892961,0.9792305174517213
05314,2012,0.3818098536100877,-0.05022952624843702,3.935092265299213,-0.3469513372095392,0.4398819453355574
05554,2012,0.48612549210352035,0.004598155310208907,3.9478182626488705,0.44459111286320674,1.1761832643986199
05512,2012,0.4531390751226033,0.01774880210512353,4.226967866921743,0.4461804621156644,0.7776853776853776
05558,2012,0.4531059727637274,0.011736464969137606,3.591508792346715,0.31252203137352685,1.0047572148669328
05358,2012,0.38001736729198726,-0.03245034365285038,4.0244664063082505,0.29044074939805187,2.794279751319093
05111,2012,0.4497077346380163,0.01813145694794588,3.7388600943233343,-0.23527568379291752,1.0461840298214637
05913,2012,0.4123798898713464,-0.023351034147210292,3.309181654619869,-0.6897955583059536,1.264016092238192
05112,2012,0.4291746019272831,0.012126029516611292,4.02558906797416,-0.08157256741615448,1.6097691894793342
05954,2012,0.38524439286040557,-0.03336976990646989,2.4213714570693416,-0.6097932773651182,1.1639036341363822
05113,2012,0.47042521542851773,0.00983784499231305,3.921793181643142,0.12229307939366763,0.9274222983406801
05366,2012,0.37820256935267316,-0.06334572101496772,3.7587634727918506,0.17346168667197714,3.0243880457495926
05754,2012,0.4431663604176416,-0.0017903414952320507,2.9716530332867337,-0.042559048361083374,1.2656916204142412
05513,2012,0.41471549258750856,-0.003779239220526087,3.7682589807639886,-0.5256263083157702,2.415006640106242
05762,2012,0.37812146159681526,0.027088492933552366,1.9282035329642504,0.39046623401084934,1.5266276034507071
05914,2012,0.36582307229424754,-0.037229898481900114,2.391421943864348,-0.8627035124766178,1.4166513000184398
05915,2012,0.4396585001509052,-0.01359508918063479,3.2820162831852104,-0.22010085907706944,1.416170497493454
05370,2012,0.43979748416525666,-0.017953944461939153,3.714449943669126,-0.1916075470166927,5.116121828112076
05758,2012,0.43331502730827626,0.03110220004135611,2.3961697257451418,0.16056614365444988,1.2164044682023694
05916,2012,0.42546615715786823,-0.005564053432804028,3.266353408756391,-0.8446159156763118,2.1656642974302893
05958,2012,0.3328190596331254,-0.0005202420132333629,-0.01927762206982688,-0.9954774495479473,5.743159836899782
05315,2012,0.4051903341327884,0.01012897240032462,4.062236931365928,-0.17351592690860151,0.849996487037167
05154,2012,0.4651437513921788,-0.008830542166462785,4.332096612229616,0.6009939824278105,2.0152974873661194
05114,2012,0.41312701579911565,-0.02087439897183868,4.280009398487846,-0.1194503874217192,1.4857904219722324
05316,2012,0.4033626834797656,-0.031291287245281574,3.7412152973327393,-0.5440041871046679,0.6001164144353899
05766,2012,0.4310143451351875,0.06883781314625459,2.113666322182237,0.4051538794145635,1.2421035049253322
05962,2012,0.3875643320069939,-0.024279491784565732,1.882831767880054,-0.6092447400565375,1.3848021022001844
05116,2012,0.44695741546237516,0.00719486717969714,4.285000302633173,0.2764954083631004,1.0798221488009982
05117,2012,0.5131913804156838,0.04410939169897421,4.310552562376169,0.3086632032621974,0.453974165018038
05515,2012,0.47179477458066216,0.022746805080243293,3.587250830507654,0.24714389038856988,1.1373651778433498
05158,2012,0.46192674100511383,0.0074215935169431035,3.5292362191299382,-0.11968257652787573,0.9437725913695391
05770,2012,0.4513436167044016,0.018557491853365304,2.3247840300542135,-0.23650873052757015,2.083234781878167
05374,2012,0.41207057205249187,0.010755472573486857,1.381640269385096,-0.7377130648400749,0.9696188547228871
05119,2012,0.45612022257859525,0.04787525675023402,5.33975841351419,0.421312045343174,1.726938400245173
05966,2012,0.3726823852779298,0.045106900866006994,-0.10199020664480431,-1.1189545763423323,3.196392509638333
05774,2012,0.41693896385625406,0.012198576061659916,1.8278732367660646,-0.5200321061131181,1.5889663907868086
05562,2012,0.4554677783383851,0.00611025711114993,3.732311547158595,-0.053012728729217695,1.5152103627538878
05120,2012,0.3782511375592551,0.00970962804983122,0.3698176948595706,-1.858823750938679,1.6588550385001675
05362,2012,0.37546754411861394,-0.015881730453842724,4.167602551558318,0.1646977265401519,0.816166737391459
05162,2012,0.36771969337266075,-0.028063165354501707,3.9891101133891684,0.08338628070447207,0.9154948566957904
05382,2012,0.3794479421361751,-0.05017891941802283,3.4903189932022047,-0.3530012592325176,0.36959739985084766
05378,2012,0.4532415294834608,-0.009878506062872383,2.5029241805857625,-0.8201144254395678,0.726567930278565
05970,2012,0.40809874381350286,0.08880078297292027,3.2552655112114834,2.155872436455446,0.0
05974,2012,0.43671074171129226,-0.020989140055875766,2.62325510072099,-0.39492236112975165,1.5837268647071114
05122,2012,0.42994131115903017,-0.0012693899268613196,3.0734208282424182,-0.8040043889995889,2.074063482985416
05334,2012,0.38680457059188217,-0.02507146509394248,3.234608670341461,-0.6599583659289476,8.761065155228756
05566,2012,0.4763503506505153,0.04159807216762773,3.5695521038592233,0.5264814661541299,1.3143769537969099
05978,2012,0.428031600724466,-0.016905471853510767,3.2174666967940238,-0.2976819413498837,1.1402627653050947
05166,2012,0.4371664706096471,-0.023685331882539407,3.8469306412489663,-0.15809954365821355,1.8869829943909964
05570,2012,0.45582702337371983,0.013265142796051621,3.466720848688625,0.3191692530091963,1.0085025622239474
05170,2012,0.4866762686967719,0.0011970073523234759,4.202307302474657,0.34888896871406283,1.0929228559202888
05124,2012,0.40439416677393814,-0.015137396391654734,3.2849135066648967,0.10428867387007967,1.0369124195942605
07131,2012,0.3813208599991286,-0.06253628187920268,2.220411423183713,-0.8615224960889782,1.6045024393111167
07132,2012,0.43388861089580877,0.00494483058652706,2.2224886573580145,-0.3194994427353559,0.6185533114138093
07331,2012,0.30652246501977937,-0.010219412972234776,3.4763849129094115,-0.5063866560271433,1.2073359152323984
07332,2012,0.3707346006287865,0.015381455430797386,4.111465137119845,-0.05188346799242716,1.2526893224658122
07133,2012,0.403642001006179,0.010802443313113419,1.8024725936259758,-1.1676720423705542,2.1040823011798464
07231,2012,0.35909111879146266,-0.010047850064585473,1.0448877873534994,-1.3259773603495693,6.3127424313693385
07134,2012,0.3985803844097187,0.032038410214982105,0.3290795542119425,-1.3364138512730863,9.323284977004871
07135,2012,0.3786130611531627,0.008399048894245642,1.1212518630247712,-0.988045252652725,6.113636291467273
07333,2012,0.3869588481537264,0.01068066774649773,1.8456164598393312,-1.2702352891799409,3.0197573357793477
07232,2012,0.3585070740327729,0.009488165983498942,1.3046331623901373,-0.7024800061298753,9.191519521042691
07311,2012,0.26165556067922935,-0.0038068129555609564,4.162600458656358,-0.576699988767218,0.5749732072130844
07334,2012,0.31017497267523403,-0.01331047335804697,3.556896423272991,-0.5537788609431065,1.4966453544836513
07312,2012,0.4740941703776159,0.07957924857049914,2.0891396775722475,-1.3561706302048249,2.907957923622227
07335,2012,0.4394934007664972,0.02352950538577603,1.5296304566216898,-1.2596233063784013,4.590350945014163
07111,2012,0.299752833664139,-0.03557673829146285,2.338358674985846,-1.4665769804494682,1.026175789027057
07336,2012,0.4177868595210227,0.015858414231870677,1.1249335384847747,-1.2932770182345836,5.390573655055866
07313,2012,0.3053397640068484,-0.037418705491441384,2.7659939905179955,-1.484437046174941,1.8258533128616983
07314,2012,0.2844562986670344,-0.005848338217500082,4.476327235660589,-0.5534321790950196,0.41141141141141124
07339,2012,0.334501075255527,-0.0048473055092636,3.2788744668754988,-0.6037957591678866,1.1966336774652901
07315,2012,0.2860567110824253,0.00525660756675117,3.346828762212533,-0.4897726712541086,1.5669604962455113
07137,2012,0.37245461025078574,-0.043699882776856824,1.8536690823353927,-1.2189932940596,2.1795714927904553
07316,2012,0.3834225491945876,-0.016067680837019205,3.5866290942193806,-0.9016780370089283,0.9833200601716662
07138,2012,0.3869345570773086,0.013626407979003385,2.5922411283988587,-0.4998091006192782,0.7218930290221497
07317,2012,0.3741493603864082,-0.04011358889842287,2.837536969647185,-0.29410282628540996,3.810701956271576
07140,2012,0.3973366222483352,0.025249310420935756,0.947327574877608,-1.016475531214062,3.548138704943125
07141,2012,0.4511280203771993,0.04337290722103443,1.3213376675242208,-1.138975901546856,0.9777200524861588
07338,2012,0.3052245330308196,-0.002786072416782026,4.022770527183255,-0.45238731489478834,1.0698799895161555
07337,2012,0.33792393030638357,-0.02274846064595143,2.9686635642052943,-1.221474648852463,2.2199983822533174
07340,2012,0.44094308722401176,0.019167829997224606,2.5243531871055116,-0.47966061721272446,5.572148228240034
07318,2012,0.30204026758113744,-0.011296212735192601,3.777702870836359,-0.6226802819326238,0.6591277258566979
07235,2012,0.3418060723467672,-0.036974937018858345,1.0903672632819144,-1.4424307146917814,8.155601853084477
07211,2012,0.30541896978848904,-0.035975928164526605,2.1310244939476273,-1.2860154153648988,3.433969393538635
07233,2012,0.316593963147591,-0.01255536924370626,1.185860709460809,-0.3954333402041237,10.019162957396386
07143,2012,0.4175365962154895,0.04927155164970115,1.9722832484949075,-0.25394614942500593,0.8379906439238123
07319,2012,0.3170412550515647,-0.01005798617383058,4.243023248046235,-0.20780703824389324,0.12914019631930557
07320,2012,0.4391847881584955,0.05055903846454546,3.178897683316509,0.09783154454023579,4.717693424600706
10042,2012,0.42027501885177226,0.019935804799209755,2.2237056937334994,-0.5939052654918511,6.97030912336747
10043,2012,0.44942459210617736,0.023617674564321844,2.7605142148003137,-0.13424260368876872,4.467098338900837
10041,2012,0.4491421011457311,-0.0008900359830091853,3.7787287263319516,0.10926502174617525,2.9890196787239334
10044,2012,0.4370798565223706,0.013595445151379781,3.1167258092524204,-0.35535865326249905,4.415831099639298
10045,2012,0.4316578746276345,0.026587596424704762,3.2271369011290747,0.05666808992521899,6.01688822277249
10046,2012,0.40187641069732405,0.021592090962320398,1.793845992187627,-0.47981815882119716,5.039209890636308
15081,2012,0.4410401067377136,0.03050207007509148,1.6568156405844126,-0.36163920146539263,4.261440463010524
15082,2012,0.5231217296529761,0.09096590750691869,1.1502417808932188,-1.0652926452004179,8.715773312672473
15083,2012,0.41674122899376614,0.028929552935687386,0.962445387033575,-1.0653521373227892,6.608739994841315
15084,2012,0.5081619929243084,0.09572404863854472,1.4863176511798517,-0.7606012074905821,7.955723962142767
15001,2012,0.5092748847501551,0.07871781920056631,0.5538784052239655,-1.5133075533944145,11.043500925274328
15002,2012,0.5223072842873278,0.09689377848902797,1.2353473030889401,-1.4253742772452793,9.046896021526043
15085,2012,0.4636420722807185,0.06979799611924964,2.1664137653217677,-0.09300281047768655,7.6888814802467165
15086,2012,0.46539987095631,0.028839586277551343,0.9241854437796649,-1.1975285790974572,9.295695597690905
15003,2012,0.412225174366305,0.03323474731414805,1.6953103807640368,-0.5741353111198428,7.811079167975261
15087,2012,0.48260980866954656,0.09925003574999663,1.0661948145744298,-0.6747077423675936,9.128593638732823
15088,2012,0.5280086599153951,0.10087071876718384,1.3263174392536345,-1.0242919157747299,8.063726808127313
15089,2012,0.4891012599291679,0.07497723447476234,1.74281038076934,-0.713650584324792,7.894798961030089
15090,2012,0.44997329400982244,0.03927279727300187,1.1918169899753308,-0.8689445775904558,8.991131842715413
15091,2012,0.48363382401282545,0.06923985989569253,0.4036835026808359,-1.428237459681322,9.214354460497665
14625,2012,0.48440185722417445,0.11169631601303592,1.0938403126122098,-0.13230816719286542,5.360856847380335
14511,2012,0.41202262140370044,0.06456447765831341,1.154887187126886,-0.14157818631117847,7.65579955155355
14612,2012,0.46833631365887607,0.11758001611110985,1.7133011025029277,0.2816764406108132,3.7096554783380156
14521,2012,0.3089027723953869,0.05773540205091998,-0.7696481942637633,-0.7563097621213158,13.544625858894939
14626,2012,0.451597469878332,0.10766201791224994,0.0036306503568388263,-0.6604750660258489,9.505424303648933
14713,2012,0.5017063043357937,0.07526073564167401,1.5221291284331515,-0.8185109909398938,9.09215295456488
14729,2012,0.5088756935611469,0.07830180746889426,1.7890612683981528,-0.20363610745960092,6.335516740345338
14627,2012,0.5095333960736732,0.08046513791738458,1.9405564771696133,0.10492377281299547,3.7343866401582018
14522,2012,0.45710176552774806,0.09794731608680235,1.0823177699525384,-0.04621966381964571,6.462975195756893
14730,2012,0.5317762757659942,0.08474432856835662,1.558714045204936,-0.4294989554225268,5.532299904999563
14628,2012,0.45594610806566827,0.14475110032649174,0.2961546040677924,-0.3594809824460203,8.19896385286239
14523,2012,0.2984397470279558,0.015226998430255545,-0.9315254301175254,-1.3712465325028722,13.135811231022497
14524,2012,0.4569141754629928,0.08394370940482437,0.9803762422409317,-0.547551163985222,9.55965426626562
01051,2012,0.39297483189777577,-0.015479188527678767,0.9760539594513925,-1.1050524091491765,9.537061727252716
01001,2012,0.39937858883747596,0.012819009947417026,0.9564766798137986,-0.5915200446984207,6.136347283846984
01053,2012,0.4660814530029975,0.04861758684504758,0.5265802900957645,-1.0068863319729173,6.902454816599462
01002,2012,0.42488743729269857,0.018308696950252334,0.5689937204365938,-1.0697538186206186,9.209396500884608
01003,2012,0.4765232433715423,0.06117685335423778,0.8479062559895205,-0.8700877876946609,6.828200371057516
01004,2012,0.46991216758349125,0.0809689143114784,1.700849772115421,-0.11626577658758785,6.198778750254429
01054,2012,0.4029040899521357,-0.038969040222807005,1.3189939467675786,-0.8734703565656499,10.23826812929322
01055,2012,0.4873434613093855,0.06582359657707193,1.042158513432162,-0.7586842223390484,6.7530638146061115
01056,2012,0.48172151456317,0.04508053791164024,1.545111379825705,-0.7061998658522755,8.097662929887898
01057,2012,0.450968198513948,0.030420253671603947,0.7747026099805069,-0.7345446298777322,7.8607981971781635
01058,2012,0.4525282012082862,0.017285962899907192,1.0718041774293374,-0.6077111323056157,7.410536803986868
01059,2012,0.43307589616754805,-0.001002738030032091,1.0060393679363777,-0.749734888408838,7.058472519628838
01060,2012,0.4923373310790461,0.07151224684299912,0.6875351715567822,-0.8399673328000558,7.182297942920363
01061,2012,0.47024296532802834,0.028794243671444453,1.5925622959107175,-0.44724801011841087,7.148510321246276
01062,2012,0.4822014915143708,0.05790908312893078,0.9748136977544769,-0.6194490575126342,6.526400597320616
16077,2012,0.47488077207488905,0.0734667307396556,1.52349694696762,-0.3444531916426994,7.989835093970642
16061,2012,0.33888989911048706,0.04590570869644639,-0.4586603711720571,-1.3352101171267372,6.8092340776896885
16056,2012,0.3462770361493029,0.05675110328655869,2.3088975988236,0.68412620816067,2.714914884246404
16051,2012,0.43181776475230244,0.06518567609651904,1.3844163665648326,-1.0369362346282593,6.316569523369145
16052,2012,0.5112055461612373,0.11019846346734874,1.7371423944449018,-0.10612612365064944,8.385447784767285
16067,2012,0.41113475817039236,0.05879991685421554,1.2184308393007521,-0.7451559644872341,6.608682147103079
16076,2012,0.47458768315040345,0.10317344109167842,0.6528258840024543,-0.6209368838804474,9.102412962381745
16069,2012,0.2956429100972245,0.02506150298599502,0.8086387290264858,-0.12450698709811969,4.107093534524587
16070,2012,0.4047833007585002,0.04652059927836283,1.0697449861540735,-0.8240517681419497,6.304932325968524
16053,2012,0.45931062766384984,0.09292250168901361,0.9299791545877403,-0.9385473316739121,7.453492267321757
16065,2012,0.44469729268683145,0.07838960296663944,0.4089036385654084,-1.475801427374416,8.809606371539083
16062,2012,0.40692831105039706,0.06864034573937877,0.25104744667173035,-0.9731452233643096,8.020252121259885
16068,2012,0.4769689690074157,0.0841234286895951,1.514063466048737,-1.1155226082199037,6.688450622765073
16074,2012,0.4925288943508065,0.10560737466248482,0.8642948438543634,-1.002556426507578,8.421452690303166
16075,2012,0.29971134110375675,-0.003072739492892329,-0.5304926868264089,-1.1387595039537046,9.296052020686625
16073,2012,0.3547922454751878,-0.0006856363937529641,0.329077121868278,-0.9814163901101518,7.5766319922235
16066,2012,0.3249915694463942,0.07088991957962437,0.7835516415108673,0.07345784881399542,4.019649718677093
16072,2012,0.20167308234801903,-0.027634761201071473,-0.4609922849175126,-1.0260552096873552,10.63524206354592
16064,2012,0.36893552722725365,0.04808414623407753,0.680491438413823,-1.0896591292995215,7.152086408899651
16063,2012,0.37830671532420257,0.0566368763752671,1.0347995907748568,-0.291191166647111,3.552798600047008
16071,2012,0.46276774613902955,0.08570031885502905,0.904847619793868,-1.1200724089136793,7.1729815626528
16055,2012,0.48930381868665257,0.1022506665294664,0.4488062043982286,-1.7413853465068294,8.044021426203477
08425,2013,0.07260167633080511,-0.21619055731496079,-1.2957446683308256,-2.8108589604294094,4.094266861235005
08115,2013,0.11527014742774327,-0.2806216064419291,-0.20744315801840832,-3.0715623305338364,6.261036988152087
08211,2013,0.3550447442005879,-0.04067035823364645,3.3913942571064704,-1.1571190977355794,2.879635079458505
08426,2013,0.09342548568263578,-0.24036183722159352,-1.0129260459868468,-2.6938329707554924,5.290464484409367
08435,2013,0.11894821862726086,-0.21493281241335638,-0.9774600518642929,-3.3330833994473847,6.633875384658815
08315,2013,0.2818942843409665,-0.06780130497847303,3.632142372705307,-0.995318036125497,2.4000161320059012
08235,2013,0.1314298859487138,-0.2693785149022825,-0.6682905736041155,-2.7842632960328224,5.432599151584759
08316,2013,0.3408583727843497,-0.0590446398918294,3.3418072673402097,-1.7001794081126294,3.4784524772392635
08236,2013,0.21620033728679217,-0.22670495453485068,1.0541885372679864,-2.241971153091047,4.825421947252095
08116,2013,0.1724228521399252,-0.22784727740358557,-0.11047270710075098,-3.518039272016331,6.1840820287945615
08311,2013,0.3604238638925786,-0.0638598398085245,4.002810686165805,-1.1597056723747174,2.2976994474339993
08237,2013,0.09005029989316624,-0.2798386066765004,-0.6979021382563481,-2.87513160682168,5.848556748744809
08117,2013,0.13493180846439565,-0.23468392163480242,-1.7918263008683148,-4.006997068052546,6.156281691152056
08221,2013,0.34593571349578695,-0.02539363593908245,4.186273845665735,-0.5349265609637444,1.411081845673593
08135,2013,0.10617049995220665,-0.17774346510927871,-1.5801811946550617,-2.844465092858298,4.057729611340924
08125,2013,0.2523718269302824,-0.1367119018670246,1.6003025186301538,-1.860543200132703,3.878246202354903
08121,2013,0.3254273623666405,-0.031909577069518025,2.285701897586048,-1.5788964153179053,4.195296265094074
08126,2013,0.19186966040636155,-0.22144503202375687,1.1189917194156977,-1.68149631007497,5.111367944759666
08215,2013,0.3647923596603962,-0.06237145995888099,2.618244587085327,-1.3681711427885102,3.5929359823399603
08212,2013,0.32622320671743726,-0.08075504210389572,2.917965414710515,-1.3820085197243004,3.4845564615764766
08335,2013,0.18205768966051794,-0.1383843211301512,0.40193246975618246,-2.0058429829347673,4.233106696160082
08336,2013,0.37006672973415256,-0.05590614379553671,2.5298652583171104,-1.762615464173693,5.294773843291549
08118,2013,0.17017453444464917,-0.22424119107179627,1.0046232247705618,-2.776156623123465,5.24467970914816
08128,2013,0.2014779989693964,-0.18006666373452657,0.7231101035737536,-1.762413538513354,3.4683025844548796
08222,2013,0.34744477221094355,-0.010295728045573271,4.066109215360355,-0.9968356976991783,1.632796159780559
08225,2013,0.17969031094554458,-0.20310296347298754,0.5849375635503412,-1.8097266278644684,3.486497982048367
08317,2013,0.3346632106525569,-0.05237927344458859,3.7858330018303836,-0.8194366185184028,2.244467040713347
08136,2013,0.15917982871194092,-0.19693087583611346,-1.4552455785378133,-3.186542937464568,6.142666918131828
08231,2013,0.16457730939171752,-0.272237786627464,1.1781859670302668,-2.232238597668922,5.091418283656732
08216,2013,0.31635284476062625,-0.07564364567681431,3.2594067022278046,-1.121644958590419,2.588489872955311
08436,2013,0.08269373174808527,-0.25942383113678363,-0.9103788342779726,-2.8918023226621132,6.132217583348463
08119,2013,0.16907099133637846,-0.25376072060103616,0.5719659330454321,-2.8892626990884076,5.224979042159063
08415,2013,0.0683160047660012,-0.20191939219399824,-2.367322357362875,-3.590832986251412,6.131053245239022
08226,2013,0.2983813118039883,-0.10935906542427237,2.4062633349023126,-1.5268489382589028,2.861694921909511
08325,2013,0.07548900007960437,-0.2562978811701967,-1.239868284046757,-2.8944219051109132,6.600449246053828
08127,2013,0.16339197927175103,-0.211331800456319,-0.8761765047954234,-2.9729426321220185,6.647395536385648
08326,2013,0.09187240131175903,-0.20846637543587435,-1.8004420285087388,-2.956914250790109,6.45689583067367
08437,2013,0.09372985864820918,-0.20219967656507307,-2.0663507302785398,-3.3419302737890493,5.349912470558278
08111,2013,0.2158427564792054,-0.14738445776725626,1.1118146061836554,-2.9046896805510647,5.580435678944473
08416,2013,0.15907032302868085,-0.25490380716060135,-0.36905422388123005,-3.4938930675887767,5.4245392288056475
08327,2013,0.09888445612293383,-0.18583809652914757,-1.6242876955049668,-2.8571544319379885,5.796097544965209
08421,2013,0.06921569885220046,-0.21028341791257033,-0.9699646219357552,-2.758582890135665,3.493350377027168
08337,2013,0.21248342914411705,-0.09850364373404646,-0.35142160139405243,-2.4286904928746247,6.157324914859221
08417,2013,0.0932725514041794,-0.24778372439251495,-0.9312708640010416,-3.010808917958804,6.775824092538993
09771,2013,0.11148174161745696,-0.22022685059945973,-0.3558250930828879,-2.225884502024554,6.080572493154339
09171,2013,0.0869156021470252,-0.253107123938212,-0.8532621604595795,-2.317994965633264,7.648878074615153
09371,2013,0.1524066341734129,-0.15397461348723943,-2.2196727331819255,-2.637701897881036,5.410103291918348
09361,2013,0.16808797212953103,-0.15499507341306995,-1.8010125457431394,-2.7271426007520914,3.7018517101538
09561,2013,0.27883357896761485,-0.08002866650464807,0.494159499726582,-1.0069690732738161,3.546915237024411
09571,2013,0.26302603097790805,-0.10976839411009981,0.09060814051691818,-1.6810528632425918,4.8547532732321255
09661,2013,0.3458724931728117,-0.055942002385926615,3.119664860668623,-1.1563577319196066,2.369507205123643
09671,2013,0.29014575451896885,-0.12269546087003624,1.6349263051291416,-1.6571159829114683,3.154648547402409
09761,2013,0.14042541792191854,-0.18047987240083058,0.6007800387105344,-1.9711590870375082,4.442386350356433
09772,2013,0.14346544401297773,-0.1973194558771938,-0.41468227332998686,-2.4699962340965644,5.054969807034544
09672,2013,0.12612147647484917,-0.2144003890685211,0.24171782227322128,-1.8053901009736177,2.714255640743875
09173,2013,0.1151731687044739,-0.21619852769629372,0.5326050703108316,-1.1990106519744475,8.644685107263573
09461,2013,0.18438776384152228,-0.1644140454436615,2.111880228467216,-0.6310326225864329,3.0418820310124643
09471,2013,0.13802754439472578,-0.20819670871075094,-0.8274191884851931,-2.5406807599541184,4.365150632091855
09462,2013,0.13237613669481715,-0.1881042993261137,-1.3696217689222403,-2.852417793782534,5.154155813402796
09472,2013,0.08447729651829342,-0.18960060902444945,-2.026159922945912,-2.5918166143373336,5.228257500276763
09172,2013,0.15245930488090334,-0.25804236207249354,0.191291136484357,-1.8080614504677133,7.7274766719771115
09372,2013,0.1758961666929674,-0.15251801999083583,-1.2446096381504923,-1.7534976816742955,5.5070517095122105
09463,2013,0.057391386068222784,-0.242520019347667,-1.8548021707601634,-3.4071627063782586,3.142707110644343
09473,2013,0.06297212241634144,-0.2474506578637678,-2.172992899900825,-3.4334533189282204,3.5601333499692456
09174,2013,0.0975362752689585,-0.23256589800798436,-0.9442482794624244,-2.6316427670530165,7.251014704341685
09271,2013,0.07979614831675579,-0.15313604049500967,-0.7932506539599568,-2.1146412867452464,5.101090639559509
09773,2013,0.18354665022904848,-0.11968533092048683,0.6632438753235987,-1.0999213974568691,3.338608522123524
09279,2013,0.08973888120406534,-0.21885687428961823,-1.4283723479406432,-2.9510724302371045,5.600928916373261
09779,2013,0.21526114152452278,-0.10360254995931975,-0.5175155969502343,-2.362002097512063,5.219038804487692
09175,2013,0.10666042127072005,-0.251142639689525,0.0040330274721148964,-1.9898748305700977,10.111719884187302
09176,2013,0.22517909867979072,-0.06410325039274348,-0.4388375389525199,-1.6984230493302508,5.112875342039657
09177,2013,0.07371679218125758,-0.2657792610470639,-1.348640445384747,-3.0819816473279777,7.651428564843461
09572,2013,0.1683906899940749,-0.20693405612424623,-0.11461842876572682,-2.355873663914849,3.9900143880132966
09562,2013,0.1434501016544005,-0.2017611271736773,0.6414870987121161,-1.8733149516004972,3.412098650535133
09179,2013,0.13326055230781708,-0.20955723920268687,-0.7275776079607043,-2.672527427107931,7.924715374686728
09563,2013,0.16213453856385893,-0.1674739243107428,1.9747730556150112,-0.9636142504181948,2.637358501490982
09573,2013,0.21281469078564832,-0.17362393410992286,0.41494775621532215,-1.7606898750361797,3.6182590749981967
09474,2013,0.11529271665133353,-0.2010207247338329,-0.37554267828527815,-2.1262195009180633,4.841512286118616
09178,2013,0.09309654394939951,-0.2346285892969114,-1.5876627834685029,-3.376291826342932,6.594176704358394
09272,2013,0.04713615405079503,-0.17440868753229027,-3.9133718585551773,-3.9902433393582943,10.12202562538133
09774,2013,0.10554830899651309,-0.25320479183210765,0.2233474529213765,-1.7697094723950613,4.866261260581548
09674,2013,0.12930000603039707,-0.23056596454537984,0.2743609235415847,-1.8012426807588175,3.757975453604397
09464,2013,0.05697350505187723,-0.13369056497323836,-0.8987405089899658,-0.6693055901738925,6.611891227531109
09475,2013,0.05815887788464262,-0.12169286161781247,-2.2955598440406475,-1.8078999769458275,6.680128158317514
09161,2013,0.27500722171942316,-0.01878838559920032,0.9407436614257554,-1.180850415532467,4.8998585320753465
09762,2013,0.24076597614841566,-0.1470705225086832,0.44881852953678736,-1.3282437562437601,8.0
09273,2013,0.12380754464459164,-0.1754630455674135,-1.0673021240733236,-2.323670045366862,4.763781051347612
09675,2013,0.21742065846317574,-0.14776622093004002,1.7172082808887628,-1.2195420303372546,3.245524093733032
09476,2013,0.07369249029759325,-0.17260240724107642,-1.3993290216090026,-2.0286470906743284,4.288812856772764
09477,2013,0.1093942369766369,-0.16084848015618475,-1.3679566262621567,-2.095535267117184,4.767241105405556
09181,2013,0.1565285806965138,-0.18474264059649723,-0.32376834250523573,-2.1189642523190333,6.482406233754096
09261,2013,0.07534912457602883,-0.24473905586093192,-0.47957658101800776,-2.325839265023171,6.454335779541711
09274,2013,0.0836403376483209,-0.24426570886654603,-1.3725643784548032,-2.6833932526812547,6.669469921037639
09478,2013,0.10042446805276442,-0.23380547102559138,-1.6307806352900627,-2.9227514705807884,4.301437974072654
09183,2013,0.08048357144020606,-0.2651027150246753,-1.428816220626452,-2.8899349480014536,9.823994195571215
09162,2013,0.14482468300577106,-0.1740122971763694,0.6497467493335385,-2.4575101398056605,8.635993334567672
09184,2013,0.1185939762147271,-0.18959327990626623,0.13896993713316866,-2.176758965565786,8.276186797560772
09677,2013,0.23140391952534137,-0.124749182859454,0.9960189834501785,-1.509950786623215,3.1433882291463378
09764,2013,0.10955464956976427,-0.27134930496109466,-0.3217070227985383,-2.279225259939969,5.7152278989926355
09182,2013,0.08567245447429485,-0.2202428530002115,0.6420862932839441,-0.794602255061566,9.800616584874795
09676,2013,0.21992815517468806,-0.19661010532310075,1.7348032106201057,-1.1017558101486422,2.4148801386990297
09574,2013,0.13769027100602274,-0.15754680051639877,-0.46918492043391774,-1.5603463173237921,4.85919082158912
09564,2013,0.24652506411278946,-0.05290060594846829,2.251320896584159,-0.9435507293648997,1.4452539419261374
09775,2013,0.09440812746848197,-0.25469342204535195,-0.3084380812540414,-2.4320341974980417,5.091696398809894
09185,2013,0.1779436941460391,-0.12530056326621675,-0.17414134398688935,-2.110211328229121,6.55228219847374
09373,2013,0.1964637604190781,-0.07744749301203208,-0.6750888420495532,-1.4153386364028187,4.66730316384221
09575,2013,0.16113134280584304,-0.21688452612372147,-0.08633338486510651,-2.528832739722687,4.366404746298073
09374,2013,0.09343679494629649,-0.15718145688397495,-2.825849592187861,-3.0618336687109737,6.17172515221822
09780,2013,0.22421369384693532,-0.10373353907055985,-0.756353005283455,-1.9130109382461087,8.109382596013614
09777,2013,0.15460314175358164,-0.21127328447104637,-0.09541015680276346,-1.902854632458871,6.361166666666671
09262,2013,0.07251188970564024,-0.19754737249557466,-0.783292361208356,-2.2970662135812323,4.688026828605094
09275,2013,0.07128992132058216,-0.20107763254665761,-1.5578440575492667,-2.860784481971532,5.186280957080687
09186,2013,0.16321718786994185,-0.1645844363352321,-0.8653978894180134,-2.6733574234346054,7.2192098282330885
09276,2013,0.11587599397171289,-0.140628232016752,-3.9498261790292766,-3.5620661207179074,11.875
09362,2013,0.11196989454521969,-0.12331632938735776,0.050273900612513044,-1.7392759514779987,2.8532450256148993
09375,2013,0.10700570534521481,-0.16068098424699412,-0.9260022412792116,-1.9923832585346055,4.429681555911157
09673,2013,0.0975399486835048,-0.2058693104686921,-1.105773606994316,-2.6817333829721384,2.753230019008687
09163,2013,0.12973004195511662,-0.2819463349161277,0.6597867646602469,-1.6195518835729568,9.297650762896586
09187,2013,0.1444693692440978,-0.27875584125526615,0.3222617896468438,-1.5494621080453037,9.392249176541299
09576,2013,0.29199615915879007,-0.06855523311042994,0.38381984078275827,-1.2037347974277675,3.6484914344157477
09277,2013,0.0848020675053555,-0.2480043579644609,-1.6604131358013399,-2.862203282766881,6.763466855076969
09565,2013,0.3187006582934691,-0.06302197744110077,1.4953107426756331,-0.7942844495037968,2.777150570622162
09376,2013,0.15023612364407773,-0.1465358544646957,-2.16111438480021,-2.76636525339507,5.931216546427738
09662,2013,0.24695517778488021,-0.09028896995884586,3.130846543306486,-0.2876104263879542,3.5142711084604246
09678,2013,0.22431361891116958,-0.12962393693382107,1.797598123001451,-0.8178917006398985,3.0763992045617914
09188,2013,0.1568750054331641,-0.20690499752311994,0.25346433295418597,-1.7764102730584106,7.55449950901343
09278,2013,0.13422308017712867,-0.12524703147892866,-1.4970842828919353,-2.7227275450346715,4.926628841669159
09263,2013,0.09239832497348142,-0.11265314244065909,-1.6723241760830234,-3.225480930793532,5.314064868646821
09377,2013,0.05352885035648105,-0.1476773959528097,-2.8263271710868656,-2.5525435863847097,4.756433793986235
09189,2013,0.12578046213920618,-0.2359587792786918,-0.5512381694710976,-1.9530674070171243,8.583087055538684
09778,2013,0.13246569661046578,-0.2576587047758221,-0.3771544606137912,-2.295219401322262,5.978740343855575
09663,2013,0.2723318661387609,-0.07384681464740322,1.533114284472418,-1.59427059837035,3.2829412318999904
09679,2013,0.1809360650994242,-0.1618036389020823,0.837723603624939,-1.8148047981231232,3.885298815218367
09577,2013,0.2739750419797591,-0.07630165431890085,0.2021963334097203,-1.359495562400155,4.663361269272605
09363,2013,0.14628737365352676,-0.15066820955853147,-1.038234984498234,-2.1314769613111317,5.923710083072935
09190,2013,0.20890501780169352,-0.18679266454409366,0.4299116461769808,-1.7611130172872163,7.724489795918367
09479,2013,0.05390708180142636,-0.11446642144105831,-3.1470979838346818,-2.3896701940732656,5.177821143670503
11000,2013,0.09009134588195336,-0.24655335604557657,0.16501445281871452,-1.9553972183633583,5.45992704797609
12060,2013,0.13757128694256393,-0.20484425267047301,-0.5732234789393954,-1.624008491435477,5.8992729752740285
12051,2013,0.1965308665533228,-0.17465342096848546,0.4613164400456523,-1.399544525193415,4.297224529985536
12052,2013,0.16829815565894304,-0.23716432498634685,-0.3824220760259773,-2.2986448226650653,5.098289146718633
12061,2013,0.13170260992406474,-0.2680477151581903,-0.05250668450665777,-1.7173474401667248,5.698352685828812
12062,2013,0.17618000503502132,-0.25616910877710075,-0.05477066163228781,-1.9468160594882633,5.102851204260946
12053,2013,0.1852947154371912,-0.19138069022010543,1.4385200726993053,0.11677364269850465,4.009614891806843
12063,2013,0.17564550539377582,-0.22900464215881705,1.0286244668385445,-0.8485384869345958,4.433648758916585
12064,2013,0.17748631312245178,-0.18223877362757757,0.5333142692333612,-0.9620978726739202,4.024653228090574
12065,2013,0.13941269339492804,-0.22580460400956756,0.19534082270727976,-0.9912531317470061,4.847602137788451
12066,2013,0.13328576873504364,-0.24616833180384298,-0.10375607973466688,-1.756506650002344,5.660537064542263
12067,2013,0.13081952049658827,-0.2550580957157159,0.3606897551421572,-0.8619987250823299,4.930369480910491
12068,2013,0.11368802604303378,-0.25691687677938524,0.3728112390040361,-0.8406754804083296,5.200311201253241
12069,2013,0.20682992002559716,-0.2089064601451924,0.3322394269309095,-1.52580735730167,4.463413435123332
12054,2013,0.12249463222280443,-0.2872107558078921,-0.2808196630571773,-2.068874595568537,6.093047523805384
12070,2013,0.08736029673451542,-0.2881229538598822,0.47561160050041656,-0.8504791117329629,5.567145443776434
12071,2013,0.13585785446999477,-0.2565008388452207,-0.39078331408616357,-2.0221968969284285,5.744278024599393
12072,2013,0.13416329450831324,-0.2606608143408795,-0.18260454529807973,-1.7425834543465424,5.5843881606169905
12073,2013,0.15674015306666828,-0.1941880888578944,-0.5865135546953613,-1.3600663639428194,4.534511080830287
04011,2013,0.3741478960803209,-0.052410526983087236,1.7705590123121155,-1.1577365161193292,4.310254306808858
04012,2013,0.3483514942827589,-0.049700699020435335,1.9952819161515065,-1.1727591896517686,3.2990777338603428
02000,2013,0.23793818757301727,-0.13910233923553822,0.6165965149763966,-1.7664752471565022,5.070136557702964
06431,2013,0.28225270472295805,-0.0924756718039963,2.2684001020891933,-2.2266027486750484,3.3046946097304857
06432,2013,0.29306535227709113,-0.1115774524290517,2.8201922507197135,-1.0295906931613197,2.6067874939937274
06411,2013,0.22245098357015824,-0.17530015352483924,2.9448806314463973,-1.4348015874988929,3.6940885108215786
06412,2013,0.28133272316894603,-0.07966133406402676,2.5148289197344873,-1.383849321789386,2.559235121754069
06631,2013,0.12291909249926333,-0.2431761968743489,-0.22573118092128408,-1.813724717462526,3.6944102034124837
06531,2013,0.10118393994521238,-0.27205979366696664,0.9432161479077057,-1.6536863365137227,3.933669095093783
06433,2013,0.31086976615675854,-0.043132665392180025,3.0406324693033118,-1.4123207788499061,3.348403555836095
06632,2013,0.11617357202210385,-0.22669362705009358,-0.4778048809758707,-1.8537192352124077,4.394727060192999
06434,2013,0.14997066788592275,-0.2323871878091401,1.1535229420484054,-1.54456539281503,2.9279930548794333
06611,2013,0.15844335537044782,-0.1537606539117394,0.94830452042106,-1.56033201131926,2.467123040893533
06633,2013,0.15786568855439773,-0.18177841624866023,0.2739875682717773,-1.377651724576638,4.421192999224037
06532,2013,0.10125118792161306,-0.26419324421544665,0.05297560194459444,-2.430126720975425,3.581431310694625
06533,2013,0.1597106296290389,-0.2404123576869793,1.347740666285051,-1.5312682892351357,2.042705435971202
06435,2013,0.20542455523448963,-0.16476331683386705,1.3442269543924332,-1.7073856137146597,3.0010017350626454
06436,2013,0.2888454420699334,-0.07122631844871785,3.0332067712057147,-0.9502606801962457,1.6056619264334728
06534,2013,0.13137664552562422,-0.23226393881486423,-0.5405071589077804,-2.33867769902564,3.6086313714446616
06437,2013,0.1832415819328223,-0.2597251248729517,2.242393773795456,-0.5511051435900605,2.7508904548366435
06413,2013,0.3350117243268692,-0.03813426885469656,3.007482332880679,-1.7930038644220314,2.732548359966358
06438,2013,0.38198453507171387,-0.043775999879319405,3.3782336542715368,-0.6070484550079795,1.7040083929325367
06439,2013,0.2132213350615166,-0.18456104281202182,1.0119128167769078,-1.4000920027994639,2.6469068355901197
06634,2013,0.12650482058619175,-0.2226478787320397,0.5606470145519581,-1.322998711423799,3.8999284568574715
06535,2013,0.12307245818514385,-0.24368390323616546,-0.028500886767243744,-1.6353216303430114,4.2246689196450955
06635,2013,0.1012953314646812,-0.21376391969488132,-1.3061350224609845,-2.2544217629287786,4.694704968415798
06636,2013,0.09412170452722926,-0.22249294707549025,-0.0881357494834349,-1.6291092343352964,4.155985579946661
06440,2013,0.16872281468033623,-0.2124627070600144,1.5627291050263865,-1.5878559150991414,2.9167808543882514
06414,2013,0.20233033932305738,-0.14452190612065113,2.658455314914248,-1.2317809270092992,1.3279484624345608
13076,2013,0.10154547189199369,-0.27872283590555647,-0.4218737489790941,-1.8628624751178857,5.7190429111336725
13071,2013,0.07870463667663136,-0.2672597295144565,-0.8845135232495223,-1.645058602135365,5.446160465723663
13074,2013,0.08373435051763223,-0.31013786164105756,-1.0849836492313856,-2.5373629479151276,8.03488113673568
13003,2013,0.05723274907800254,-0.32146375174287706,-0.22725565400910222,-2.010645711292035,3.886395352148776
13072,2013,0.059420637759095736,-0.3167355528137294,-0.5643267750458741,-1.7339429241498099,4.705218219745253
13004,2013,0.10182499564601104,-0.2656217061198058,-1.06354653555111,-2.587648123163037,7.484426543920213
13075,2013,0.09400359367826662,-0.2687900457433975,-1.698784950318198,-2.6915154433036284,5.050133283156144
13073,2013,0.06956857010639639,-0.32443378902590736,-1.5116117006910836,-2.779101607462222,4.873436273327011
03451,2013,0.3732089970114185,-0.10949489874949253,0.951453795783139,-1.7622299817036498,5.128073550027711
03452,2013,0.3531437698206119,-0.113480896899814,1.5136840533878668,-1.6723175341724923,4.800462293543239
03101,2013,0.12247720859734232,-0.23753295248717274,0.17582437715730925,-2.250842847778515,4.793345043714323
03351,2013,0.2404866697019863,-0.14032746201572482,0.8972588966804382,-0.8646379049751576,4.018393867291076
03453,2013,0.3016248855296861,-0.12583557435273707,1.260750267637213,-1.333526816435055,4.651794576726551
03352,2013,0.32947815783448997,-0.12769547277257715,0.8717711888711495,-1.6453252308231205,5.235296067813231
03401,2013,0.33598049186841616,-0.12640123530174724,1.3776515950430388,-1.6630125962448459,4.424377682403435
03251,2013,0.3850668938796221,-0.060616874630129824,1.291966217459246,-1.1239222998577543,3.566956511222908
03402,2013,0.26933321395362997,-0.12770543277149304,2.454684288781588,-1.1606448924761938,3.8053915690434468
03454,2013,0.3368817712424791,-0.08413328734089187,2.520887826873786,-0.5001400182488576,4.06220928492558
03455,2013,0.3931700115559422,-0.0973376314409568,1.0245777249195196,-1.9089581699140064,4.148115756295244
03152,2013,0.1507907520350949,-0.19698130961942673,0.794650603540656,-0.6784958823757021,3.400840768218055
03151,2013,0.1799420164324446,-0.20030900122413622,0.0936974068329404,-1.758672226035503,5.062669648410639
03153,2013,0.13749415502481013,-0.2023443892752709,-0.5270242071435002,-2.495655897809505,6.278366167465541
03456,2013,0.4011555885097163,-0.055958579831290156,3.4749246196776853,0.1526309723585748,3.345746218732127
03252,2013,0.30860032936858006,-0.04261357082177053,1.1636872955971829,-0.6115223318705671,3.288749883980277
03353,2013,0.2344016569275237,-0.1657329712705675,0.1916330271426584,-1.6275687765277325,5.229574385847078
03358,2013,0.284504238875058,-0.12607716683975845,0.12273271932370097,-1.7567842795039417,6.093045539207974
03154,2013,0.09753375985430969,-0.2807799113370476,-0.34348962624994783,-2.4335744302337607,7.278434751648928
03254,2013,0.1745374302003871,-0.16166755230624968,0.037496695865994044,-2.0145713250520645,4.364121444575552
03255,2013,0.20227443817623522,-0.1340195949183763,0.7246718130073947,-0.7919492705580676,4.484407933426661
03354,2013,0.15898647647928127,-0.24529150532939747,0.19996143126900806,-1.6514657367897694,5.741384356794052
03355,2013,0.1497294860645836,-0.24077353995564596,-0.3039370040223158,-2.1174169583732945,5.541652924494367
03457,2013,0.40206629871852334,-0.07834385673865507,1.5838729596279715,-1.5435734852924707,5.073684847018987
03256,2013,0.35054354551500727,-0.09631633208324386,1.1412971208344072,-1.3614383044620904,3.381103907809608
03155,2013,0.19124453338713612,-0.13970919630797288,-0.04846953498752442,-1.6125186217191287,4.969762258773491
03403,2013,0.4034586237308254,-0.03496205169153782,0.8617050425082147,-1.8398811944939808,5.017674055268039
03458,2013,0.2838410272223041,-0.1699409270407234,0.6210145667487176,-1.863003208174098,5.1982231126015295
03404,2013,0.3259004809365631,-0.06737622643732277,2.9915576945988933,0.21825170601827226,1.1499962908929056
03459,2013,0.36858771844739885,-0.06541311929674659,2.0985544360310873,-0.5614321586723858,2.5618278602870617
03356,2013,0.3836982932981016,-0.07958861679846996,1.1674353751294522,-1.2960816886315571,5.427542113555766
03156,2013,0.11821833123650088,-0.196930923470173,-1.4738089795603804,-2.517930546504784,5.210009778646991
03157,2013,0.18148785711874318,-0.17026094553951257,0.6882070062693432,-1.6188909351219554,3.38415972514621
03241,2013,0.2910821443067406,-0.1077410011965057,1.0142287026891896,-1.3547975621184363,3.2014764466878294
03357,2013,0.2729697585994911,-0.15948950968821812,0.10253435323280387,-2.110522812817029,5.654733427461227
03102,2013,0.10936349823458574,-0.22098173949782396,-0.3581116878970406,-2.631779986950469,6.217624204501674
03257,2013,0.3750815571093272,-0.028322752345248114,1.4145867280441533,-0.9427119580616798,3.2638310804990738
03359,2013,0.25694092617828634,-0.1699494818445707,0.767940720461701,-1.484708602447501,4.128982904528755
03360,2013,0.13850515339558356,-0.22193342752726136,-0.19063647605997294,-1.7095136732991028,6.6146739228020675
03460,2013,0.3614455777330634,-0.06119286752767367,1.75894265288065,-0.8273202635231136,4.2033495710781255
03361,2013,0.31975300807695184,-0.12592322700294128,0.9351452361882961,-1.4324737459294041,4.836630024416375
03461,2013,0.4174727475321276,-0.06776241664051341,1.5132002675094378,-1.3030213723522015,3.2353074711194068
03405,2013,0.33491881492993103,-0.1052515274732263,1.380394051600601,-1.6908206448533836,3.4239130434782603
03462,2013,0.3420073747258484,-0.13892934649876715,1.2396996833216167,-1.7609858219779289,4.600489873812415
03158,2013,0.09087131683208002,-0.26740453170257295,-0.4494704842629317,-2.6670065409658474,6.88799462819682
03103,2013,0.14500003129702418,-0.24452876376959679,-0.18910686306476324,-2.2635634723256337,4.745064892572799
05711,2013,0.2899335233731165,-0.09263911306008943,2.770366122520226,0.3072184035399035,1.7507308343253243
05911,2013,0.1932145309369495,-0.22889874632224289,4.090029593401835,-0.17240625860713266,3.0915583063052345
05314,2013,0.40152254399501597,-0.03051683586350873,3.8985468090374065,-0.3834967934713456,2.2064673424868473
05554,2013,0.2977238833623191,-0.18380345343099236,2.4505569877434445,-1.0526701620422192,4.20048541062614
05512,2013,0.12945556378930456,-0.30593470922817523,3.176991309011337,-0.6037960957947419,3.228523908523909
05558,2013,0.2665073794873853,-0.1748621283072045,3.033351559981681,-0.24563520099150704,2.917176489400754
05358,2013,0.3345165026850641,-0.07795120825977353,1.900631642567832,-1.8333940143423666,3.375688943106154
05111,2013,0.20464987116208944,-0.22692640652798096,2.9666979208026643,-1.0074378573135876,2.755601334118109
05913,2013,0.18293349110085302,-0.2527974329177036,3.615671350757997,-0.3833058621678256,2.612595098160406
05112,2013,0.22504756858126557,-0.1920010038294062,3.5512145212858495,-0.5559471141044647,3.804437287529074
05954,2013,0.11823589238507402,-0.3003782703818014,2.6193887174551604,-0.41177601697929944,3.7478358513679044
05113,2013,0.1881691767496109,-0.2724181936865938,3.3303573175957832,-0.4691427846536911,3.6046550804391178
05366,2013,0.349570440234067,-0.09197785013357385,2.542067497559959,-1.0432342885599146,3.368337877971743
05754,2013,0.3614348553034307,-0.08352184660944295,2.6709175173683426,-0.34329456427947447,1.7749365100852852
05513,2013,0.1683028286233076,-0.25019190318472706,4.373094578476242,0.0792092893964833,2.8361000442673747
05762,2013,0.20037649699816878,-0.1506564716650941,0.7293304248016783,-0.8084068741517227,3.6128232787708012
05914,2013,0.09868492520129726,-0.3043680455748504,2.306151272079109,-0.9479741842618568,2.4477226627328044
05915,2013,0.23998542854487337,-0.2132681607866666,2.353686193686065,-1.1484309485762147,2.4050935969346434
05370,2013,0.4242164520835842,-0.033534976543611594,2.798934955139284,-1.1071225355465346,3.040844506013208
05758,2013,0.3246148084388288,-0.07759801882809136,1.6875984007520402,-0.5480051813386517,1.7806606415535655
05916,2013,0.15612318339269304,-0.2749070271979792,4.413665679484874,0.30269635505217085,3.587206123564789
05958,2013,0.06379452141040057,-0.2695447802359582,-1.4139617714003803,-2.3901615988785005,4.668651796794463
05315,2013,0.2973394388119843,-0.09772192292047943,3.0857859863424655,-1.149966871932064,2.79372760486194
05154,2013,0.3190716627895054,-0.15490263076913618,2.429196250331899,-1.3019063794699068,5.367502435861756
05114,2013,0.23762059793229784,-0.1963808168386565,3.64724030132815,-0.7522194845814152,2.936151528457008
05316,2013,0.20082464420592727,-0.23382932651911992,2.560820992227309,-1.7243984922100983,3.174704806253118
05766,2013,0.2310113296596794,-0.1311652023292535,1.5429096248331968,-0.16560281793447684,2.9805027031712825
05962,2013,0.12612684466875407,-0.2857169791228056,1.0728816275440436,-1.4191948803925478,3.8529202173461212
05116,2013,0.3548566952533555,-0.08490585302932252,3.3865269887007172,-0.6219779055693553,2.3899282092739202
05117,2013,0.1955164596529448,-0.27356552906376475,3.796353600887291,-0.2055357582266808,3.3669265681368556
05515,2013,0.27080203235866174,-0.17824593714175713,3.3093092480509876,-0.03079769206809635,2.1789824552554378
05158,2013,0.16100097491141035,-0.29350417257676037,2.4581538653918424,-1.1907649302659715,2.4383673970279793
05770,2013,0.3541742803862535,-0.07861184446478281,1.3321965921864898,-1.229096168395294,3.0867640548915434
05374,2013,0.12230332834909162,-0.2790117711299134,1.2234215308515937,-0.8959318033735773,3.5562511508009576
05119,2013,0.19784488881516596,-0.21040007701319527,5.935013751852426,1.0165673836814104,2.7447134538768005
05966,2013,0.10139002291963038,-0.2261854614922924,-0.7685035105440552,-1.785467880241583,3.2710207453644204
05774,2013,0.20406791734567867,-0.20067247044891548,1.3829316583626354,-0.9649736845165473,3.613342743077244
05562,2013,0.22861374560515701,-0.22074377562207814,3.445287164242641,-0.3400371116451719,3.285354716793737
05120,2013,0.11191661668748691,-0.25662489282193696,0.9857664695160822,-1.2428749762821674,3.193839973217275
05362,2013,0.32472407599276537,-0.06662519857969129,2.9686854860001084,-1.0342193390180574,2.6103433424747746
05162,2013,0.31400661606540975,-0.08177624266175271,3.460909884968723,-0.44481394771597316,2.574253665446908
05382,2013,0.36978188627195235,-0.05984497528224558,3.334701438597569,-0.5086188138371535,2.1521354392760546
05378,2013,0.14574518800299674,-0.31737484754333645,0.4084440086044933,-2.914594597420837,3.6143934128214745
05970,2013,0.0859395450074974,-0.2333584158330852,0.5903559333289365,-0.5090371414271009,3.6077428780131475
05974,2013,0.23084935094239498,-0.22685053082477305,1.751174133715076,-1.2670033281356659,3.6861834093694243
05122,2013,0.16725567851001477,-0.2639550225758767,2.0039928986750803,-1.8734323185669268,2.2373462968258506
05334,2013,0.2726271919877794,-0.13924884369804524,1.6000538343346025,-2.294513201935806,3.624484272875814
05566,2013,0.28126323444246404,-0.15348904404042352,2.4125702096676056,-0.6305004280374877,3.6295710745820684
05978,2013,0.22134500861334927,-0.2235920639646275,2.5852567261101265,-0.929891912033781,2.4235294386835218
05166,2013,0.3239189517458764,-0.13693285074631006,2.993682444752868,-1.0113477401543118,2.298197268387095
05570,2013,0.3172535391998044,-0.12530834137786379,2.8680967075109596,-0.2794548881684693,1.625906950908755
05170,2013,0.2717977745714102,-0.21368148677303822,2.750721483595451,-1.102696850165143,4.488876153799131
05124,2013,0.11060793671880483,-0.30892362644678806,1.7454205336035422,-1.4352042991912748,2.6285997031172688
07131,2013,0.34823169979541485,-0.09562544208291646,2.561750954926547,-0.520182964346144,3.0719684946805397
07132,2013,0.18265582280677067,-0.24628795750251103,-0.2002444841455949,-2.742232584238965,3.8239549084077025
07331,2013,0.1852724152314551,-0.13146946276055904,2.4336929739857447,-1.5490785949508101,2.3451929637982554
07332,2013,0.29181165021837613,-0.06354149497961298,2.46755840511264,-1.6957901999996325,3.1736144882992594
07133,2013,0.1679020042311582,-0.22493755346190736,0.9557712371627034,-2.0143733988338264,3.1225932891667654
07231,2013,0.18649520223582247,-0.18264376662022566,0.6665240472746347,-1.704341100428434,3.5161018740072643
07134,2013,0.13036328912892298,-0.23617868506581363,-0.8607610920159566,-2.5262544975009855,4.272215074752675
07135,2013,0.13193851430473302,-0.238275497954184,-0.007209407931599574,-2.116506523609096,4.43938879133232
07333,2013,0.17986491286989417,-0.19641326753733448,0.8086250474162093,-2.3072267016030628,4.095396917655817
07232,2013,0.09170632541172248,-0.25731258263755147,-1.2719123060598445,-3.279025474579857,4.913072499486549
07311,2013,0.2667693434499511,0.001306969815160819,2.819056251671257,-1.9202441957523186,2.4861842411816792
07334,2013,0.2893878836634575,-0.034097562369823475,3.290216589501815,-0.8204586947142825,2.820908870184525
07312,2013,0.13265006155416234,-0.2618648602529544,2.3384445787462282,-1.1068657290308441,2.603361536702492
07335,2013,0.15202376490590255,-0.26394013047481857,0.9492865386008106,-1.8399672243992806,3.043690651072234
07111,2013,0.24792959211339663,-0.08739997984220524,3.5750044284023352,-0.22993122703297875,1.4009269232024546
07336,2013,0.1342210380770315,-0.2677074072121205,-0.2761916280682809,-2.694402184787639,3.367993615622944
07313,2013,0.28149076627931047,-0.06126770321897934,2.703616313125377,-1.5468147235675596,4.111727884728947
07314,2013,0.28565183150484036,-0.004652805379694147,2.927281319486476,-2.1024780952691327,2.604989604989605
07339,2013,0.19472025868230838,-0.14462812208248224,2.022653245397249,-1.8600169806461362,3.4004784620861535
07315,2013,0.20302604523777562,-0.07777405827789852,2.4987777421620967,-1.337823691304545,2.97917074763304
07137,2013,0.24003417687523404,-0.17612031615240853,1.83251267905902,-1.2401496973359727,3.883463447221044
07316,2013,0.3952915998578399,-0.004198630173766926,3.323366754886297,-1.1649403763420119,2.195115476506504
07138,2013,0.1834970920960744,-0.18981105700223083,0.9321020958864641,-2.1599481331316728,2.885873544255606
07317,2013,0.12736154859724816,-0.28690140068758296,1.4716593306482828,-1.659980465284312,4.669375719217491
07140,2013,0.19318821678950499,-0.17889909503789447,-0.011360996260049366,-1.9751641023517195,4.2600894743676
07141,2013,0.21846498205169435,-0.18929013110447052,1.0219486091453642,-1.4383649599257124,3.2333873841197383
07338,2013,0.3105875933817712,0.0025769879341696056,2.7343338138877673,-1.7408240281902758,2.7200961265148957
07337,2013,0.29357545699362936,-0.06709693395870564,2.7967862280098728,-1.3933519850478846,4.529796871682355
07340,2013,0.12101299900741183,-0.3007622582193753,1.2892193074508231,-1.714794496867413,4.675922740453139
07318,2013,0.3077894828559082,-0.005546997460421865,3.286703794232794,-1.113679358536189,2.673271028037383
07235,2013,0.13901690784992288,-0.23976410151570265,0.11762641137734405,-2.4151715665963516,4.764580393514205
07211,2013,0.20647070628503897,-0.13492419166797667,1.9128660906202266,-1.5041738186922995,3.9455885131305486
07233,2013,0.09913492177413778,-0.23001441061715944,-0.8011935996454399,-2.3824876493103724,4.360541071738251
07143,2013,0.15570283959398132,-0.21256220497180703,-0.1579826629376475,-2.384212060857561,4.433488630167128
07319,2013,0.2832606762055579,-0.043838565019837406,2.7655492635740404,-1.685281022716088,2.317012389877507
07320,2013,0.13471153591492835,-0.2539142137790217,0.8986718913521577,-2.1823942474241154,5.213974575517825
10042,2013,0.11864816088062216,-0.2816910531719403,-0.020834839610964537,-2.838445798836315,4.291459175044629
10043,2013,0.1810629905826225,-0.244743926959233,-0.7107578970701834,-3.605514715559266,5.489154807120303
10041,2013,0.23467991601924293,-0.21535222110949737,1.6302320252328781,-2.0392316793528984,2.9158627233907963
10044,2013,0.1551112168372245,-0.2683731945337663,0.06861924363087014,-3.4034652188840493,3.7339863441322776
10045,2013,0.1637370867916126,-0.24133319141131712,1.1551907586521293,-2.0152780525517264,4.070528693687823
10046,2013,0.12290244789714785,-0.25738187183785577,-1.0351638797779037,-3.308828030786728,4.8085167103238105
15081,2013,0.1432254232171365,-0.2673126134454856,-0.21250104004584425,-2.2309558820956497,6.32560585612173
15082,2013,0.21219130851946702,-0.2199645136265904,0.5971035308145156,-1.618430895279121,4.731219732835643
15083,2013,0.13031749646632942,-0.25749417959174936,-0.41533088393254874,-2.443128408288913,6.852388627525841
15084,2013,0.11418069462078885,-0.29825724966497486,-0.4924456636787744,-2.7393645223492085,5.866032573465202
15001,2013,0.2012996753701952,-0.22925739017939364,0.5734435095355962,-1.493742449082784,4.828811217973779
15002,2013,0.2222540849764648,-0.203159420821835,0.21511164741789185,-2.4456099329163274,4.539015952335189
15085,2013,0.12075204549233903,-0.27309203066912985,-0.2772064372131437,-2.5366230130125977,6.91505309364427
15086,2013,0.20279394551704535,-0.23376633916171333,0.08713650165939389,-2.0345775212177286,5.258292599823866
15003,2013,0.11725740798364835,-0.2617330190685086,-0.2632706924941316,-2.5327163843780114,7.123780993565739
15087,2013,0.13213121875077158,-0.2512285541687783,-1.0868585033126472,-2.8277610602546703,5.417338945704413
15088,2013,0.17920500917365734,-0.24793293197455396,0.08012616472759622,-2.270483190300768,4.055561683372629
15089,2013,0.18119661095786466,-0.23292741449654092,0.10641500403861981,-2.3500459610555122,6.840797817053354
15090,2013,0.14208884131086066,-0.2686116554259599,0.7260127364466198,-1.3347488311191669,4.8406174290012505
15091,2013,0.17804016542844928,-0.23635379868868364,0.5532914848875155,-1.2786294774746425,4.9466261953583315
14625,2013,0.0779185985264054,-0.29478694268473316,-1.2032704589873284,-2.429418938792404,9.328507441339795
14511,2013,0.04022274746656625,-0.3072353962788208,-2.61387138762527,-3.9103367610633346,8.997713278997765
14612,2013,0.07213718764452325,-0.27861910990324296,-1.6216358511352138,-3.053260513027328,10.530967519345463
14521,2013,0.027051076670207272,-0.22411629367425961,-4.0749694242565235,-4.061630992114076,8.90674680108568
14626,2013,0.06920023870199005,-0.274735213264092,-1.9309902576655824,-2.59509597404827,8.474985415437548
14713,2013,0.14682799599971275,-0.2796175726944069,0.16387669657170995,-2.1767634228013355,4.128990455140471
14729,2013,0.13059435551523957,-0.2999795305770131,-0.892848986246228,-2.8855463621039816,6.224046323123659
14627,2013,0.1854818173473118,-0.24358644080897682,-1.2558086349868862,-3.091441339343504,8.192479582975942
14522,2013,0.06153417918005278,-0.29762027026089294,-2.395802147833716,-3.5243395816059,9.040594687619514
14730,2013,0.18010493790368862,-0.26692700929394897,-0.2166427901221393,-2.204855790749602,5.69416871150643
14628,2013,0.03833379939516619,-0.27286120834401034,-2.5666237486320287,-3.2222593351458415,10.330386962011872
14523,2013,0.03958951052036772,-0.24362323807733252,-2.6096198123878924,-3.0493409147732393,8.065106274007684
14524,2013,0.057901568718252465,-0.31506889733991594,-2.326542345021519,-3.8544697512476724,8.477622922273225
01051,2013,0.2094089029459511,-0.19904511747950343,-0.1219761420731748,-2.2030825106737435,6.065635238748155
01001,2013,0.23006278960567425,-0.15649678928438468,-0.8102652130616818,-2.358261937573901,9.156373665907184
01053,2013,0.13201426268826846,-0.2854496034696815,-1.0446316217773088,-2.5780982438459903,7.341036862657106
01002,2013,0.2009428572650037,-0.20563588307744254,0.06991372936089928,-1.568833809696313,7.549872223314328
01003,2013,0.18270618741966246,-0.23264020259764204,-0.024470940134528836,-1.7424649838187103,7.93620779220779
01004,2013,0.1185254425588376,-0.2704178107131753,-1.1344652404360844,-2.9515807891390935,7.6225524119682495
01054,2013,0.3020133178951293,-0.13985981227981342,-0.24839262014444505,-2.4408569234776736,8.08964713745112
01055,2013,0.1675963443542527,-0.2539235203780609,0.4647631470590596,-1.3360795887121508,5.205064046945989
01056,2013,0.26029715359779226,-0.17634382305373747,0.2451887639487142,-2.006122481729266,5.63351532898928
01057,2013,0.13914108356604532,-0.2814068612762987,-0.506600835455578,-2.015848075313817,6.597236694206738
01058,2013,0.21160067395351212,-0.22364156435486687,-1.2479029675282372,-2.9274182772631905,7.266973637913761
01059,2013,0.2831205652805644,-0.15095806891701574,-1.1305617695171282,-2.886336025862344,8.654399093251481
01060,2013,0.19586115287340164,-0.22496393136264534,-0.7067317455146094,-2.2342342498714474,7.878983492481403
01061,2013,0.23019274854802016,-0.21125597310856373,0.06290486838672484,-1.9769054376424036,4.222220332036837
01062,2013,0.19457306954129938,-0.22971933884414064,-0.32175013326523644,-1.9160128885323475,7.813117444034396
16077,2013,0.08928493232791841,-0.31212910900731505,-1.3490838830458245,-3.217034021656144,6.552679647992517
16061,2013,0.0848292828738539,-0.20815490754018678,-0.2331515860672647,-1.1097013320219447,3.4286115567726316
16056,2013,0.049401228899018525,-0.24012470396372568,-1.780607490952233,-3.405378881615163,5.4218447810351735
16051,2013,0.12502635345182364,-0.24160573520395975,0.10733481693957751,-2.3140177842535143,4.7387636233841555
16052,2013,0.041427041858405136,-0.3595800408354834,-1.6668857922461295,-3.510154310341681,8.840931038528533
16067,2013,0.08846073975819185,-0.26387410155798496,-1.022431262203748,-2.9860180659917344,4.464676979322005
16076,2013,0.04288720562244754,-0.3285270364362775,-2.387720732348516,-3.6614835002314177,8.181561911968497
16069,2013,0.07363773935193088,-0.19694366775929859,-1.948127067456105,-2.8812727835807106,3.9978923689822397
16070,2013,0.08697244231483316,-0.27129025916530425,-1.0978700092041556,-2.991666763500179,3.9836088602527173
16053,2013,0.05162694623702301,-0.3147611797378132,-1.4980120483490187,-3.366538534610671,8.928870526492096
16065,2013,0.14728475186511852,-0.21902293785507349,0.08343284866598696,-1.8012722172738374,4.02763846901566
16062,2013,0.13957604044043642,-0.19871192487058187,0.15468473309739106,-1.0695079369386489,2.6271540967241966
16068,2013,0.12668023429088454,-0.26616530602693605,-0.060787195972318325,-2.690373270240959,5.372674710677005
16074,2013,0.05890725547909953,-0.32801426420922214,-1.7191958795017692,-3.5860471498637105,7.668455920135065
16075,2013,0.05442847926052333,-0.24835560133612575,-2.166239908348947,-2.7745067254762428,6.414385087116076
16073,2013,0.07975787669662143,-0.2757200051723193,-1.6924770851620674,-3.0029705971404974,5.565286001035188
16066,2013,0.07218736224894465,-0.18191428761782516,-2.168366028277864,-2.8784598209747356,3.336887036274643
16072,2013,0.06014639195710295,-0.16916145159198756,-1.612859074337233,-2.1779219991070757,4.010790048724874
16064,2013,0.10403281547382622,-0.21681856551934992,0.4660829063055108,-1.3040676614078337,3.075585670763737
16063,2013,0.0725169933852474,-0.24915284556368805,-0.862234057394366,-2.188224814816334,4.270429475627058
16071,2013,0.07958548853884277,-0.2974819387451577,-0.9819204911328077,-3.006840519840355,6.434330202027632
16055,2013,0.06124289002923196,-0.3258102621279542,-0.8765064598314792,-3.066698010736537,6.339748399141549
08425,2014,0.5027793702532655,0.21398713660749957,4.92584474226276,3.4107304501641766,1.3485489903328538
08115,2014,0.5182042358577513,0.12231248198807898,5.316304626572698,2.45218545405727,0.32067501354136185
08211,2014,0.44247574315325805,0.046760640719023694,6.574835995964045,2.026322641121995,0.5178045909358446
08426,2014,0.5347543899598489,0.20096706705561962,5.118382357318684,3.4374754325500385,1.6600932404887703
08435,2014,0.4888004822329055,0.15491945119228828,5.4258533829740205,3.0702300353909284,3.0423571704167944
08315,2014,0.3982918088183659,0.048596219498926396,6.434860537571796,1.8074001287409924,0.8967551622418881
08235,2014,0.5720020239696963,0.17119362311870007,4.758869615789629,2.642896893360922,1.1896893466461667
08316,2014,0.44583330119394926,0.045930288517770146,6.94626855478598,1.9042818793331406,0.07992181505215787
08236,2014,0.55274827165907,0.10984297983742719,5.992810947531409,2.696651257172376,0.6739206023764132
08116,2014,0.47567058024198194,0.07540045069847118,6.080887524349131,2.6733209594335507,0.5460657658518433
08311,2014,0.47766251071328014,0.053378807012177065,6.6869763655632655,1.5244600070227428,0.2514717035645924
08237,2014,0.5346498035901502,0.16476089702048363,4.557840035464246,2.3806105668989144,1.2049082845609909
08117,2014,0.5456667446992899,0.17605101460009182,5.30925322630628,3.0940824591220495,1.6646818096152645
08221,2014,0.4478490213823486,0.07651967194747922,6.478436979033255,1.7572365724037757,0.6389620524826846
08135,2014,0.48795343650433437,0.204039471442849,4.788961345507443,3.5246774473042066,1.552012072770493
08125,2014,0.5024147798068856,0.11333105100957869,5.897537227559045,2.4366915087961885,0.42827894769135955
08121,2014,0.4522916617499112,0.09495472231375268,5.59903718229027,1.7344388693863166,1.162945801741084
08126,2014,0.4997293166859777,0.08641462425585927,5.491281408704797,2.690793379214129,0.3417684633744668
08215,2014,0.5147538225804417,0.08759000296116448,6.2614657825248,2.275050052650963,0.4864259236119791
08212,2014,0.49035166524311974,0.08337341642178675,6.306817331180089,2.006843396745274,1.0649864096861872
08335,2014,0.4963606681448698,0.17591865735420065,5.358462616748766,2.9506871640578165,1.0715716455489752
08336,2014,0.4878646884403623,0.061891814910673026,6.575340440869836,2.282859718379033,0.4044285844999542
08118,2014,0.48068546151150643,0.08626973599506099,6.0246085972725565,2.2438287493785296,0.6218786898150174
08128,2014,0.4638423560518541,0.08229769334793113,5.087322484802861,2.6017988427157537,0.30198586623606427
08222,2014,0.44340455239006715,0.08566405213355033,7.02712913136641,1.964184218306876,0.16689525115720893
08225,2014,0.5103665099773779,0.12757323555884575,4.967996546729878,2.573332355315068,0.8876812634797938
08317,2014,0.44410969741692363,0.057067213319778154,6.889141188189614,2.2838715678408272,0.3075335239814032
08136,2014,0.5410701378864857,0.18495943333843134,5.534701001049074,3.803403642122319,0.8164721605301577
08231,2014,0.5394862281021823,0.10267113208300072,6.002250788252921,2.5918262235537317,0.820464092818564
08216,2014,0.45164958037786124,0.05965308994042068,6.4743607859006795,2.093309125082456,0.5014713642083046
08436,2014,0.5536257872746231,0.2115082243897542,5.451619574682015,3.4701960862978742,4.314198584135053
08119,2014,0.5149808444671531,0.0921491325297385,5.756737931358822,2.2955092992249826,0.7385903711115318
08415,2014,0.4658037538017579,0.1955683568417585,4.737030921534172,3.5135202926456355,2.9410915551607357
08226,2014,0.5062182684620362,0.09847789123377554,6.131795250751029,2.198682977589814,0.4707156576910875
08325,2014,0.51065233997882,0.17886545872901893,4.437244333347677,2.7826907122835207,1.6984113519456017
08127,2014,0.511099700811828,0.13637592108375796,5.346891719652442,3.2501255923258467,0.381930500813895
08326,2014,0.4564518879070926,0.15611311115945925,3.4498391754065514,2.2933669531251812,4.43483198992776
08437,2014,0.49908133505929714,0.2031517998460149,4.742035592399822,3.4664560488893126,2.1693058119549304
08111,2014,0.4251251649336787,0.06189795068721704,6.32775930728153,2.3112550205468105,1.3214678394722372
08416,2014,0.5183738312975248,0.10439970110824259,5.2718375314853425,2.146998687777796,0.4729159872704578
08327,2014,0.47643188903790734,0.19170933638582593,4.160648690567045,2.927781954134023,3.484877576473677
08421,2014,0.497939562846955,0.21844044608218421,5.1625786682329435,3.3739604000330337,0.8519910133250701
08337,2014,0.4471148879102493,0.13612781503208576,4.590332374061768,2.513063482581196,2.11218525991504
08417,2014,0.47933369998194725,0.1382774241852529,4.886145515371579,2.806607461413817,2.507102898475209
09771,2014,0.5034987487036579,0.17179015648674117,5.175281032934827,3.3052216239931616,1.591792986653219
09171,2014,0.5579421531607047,0.21791942707546752,5.208031175137411,3.7432983699637266,1.1284880612749624
09371,2014,0.4191306519161546,0.11274940425550228,3.2605413322764685,2.842512167577358,2.151469167935309
09361,2014,0.3875229106896036,0.06443986514700262,3.968382589766391,3.042252534757439,2.312609993113475
09561,2014,0.4525708319127272,0.09370858644046426,3.9382149941547815,2.4370864211543832,0.8522904501106233
09571,2014,0.502350754076781,0.12955632898877312,4.682002625917956,2.9103416221584464,0.9135923188549018
09661,2014,0.506772887964432,0.10495839240569366,7.4033371651180175,3.127314572529788,0.32627646326276466
09671,2014,0.5235380432845079,0.11069682789550284,5.942562751657839,2.650520463617229,0.633022202368357
09761,2014,0.46417670892271834,0.14327141859996922,5.381972291890814,2.8100331661427713,1.9960071676210505
09772,2014,0.4992874968846234,0.1585025969944519,5.291961896148836,3.2366479353822584,1.1562157080426865
09672,2014,0.4459969604124718,0.1054750948691015,4.709522330046509,2.66241440679967,1.3511765671773754
09173,2014,0.5424215327980454,0.21104983639727776,5.1066625213098575,3.3750467990245783,8.300406980754639
09461,2014,0.27632715195693763,-0.07247465732824615,4.789948656129211,2.0470358050755624,0.36500456065673453
09471,2014,0.35751178462887273,0.01128753152339601,4.408049527000346,2.6947879555314205,1.3679243055564196
09462,2014,0.4524750142633252,0.13199457824239436,4.481415114919052,2.9986190900587584,2.532465072223538
09472,2014,0.37491927351195653,0.10084136796921367,3.50835268303511,2.9426959916436886,2.7101055389497777
09172,2014,0.6031997104004581,0.19269804344706115,5.942277640183434,3.942925053231364,1.4936762363039313
09372,2014,0.5609028952760106,0.23248870859220733,3.4466651144881095,2.937777070964306,2.0201299202061302
09463,2014,0.4482948585876152,0.1483834531717254,4.069660259230374,2.517299723612279,1.4696361277568417
09473,2014,0.4704122231866075,0.1599894429064983,4.706451596968268,3.4459911779408725,1.5161357402871458
09174,2014,0.4930938618730091,0.16299168859606622,5.447864532407127,3.760470044816535,2.1581181416632047
09271,2014,0.387442356763721,0.15451016795195555,4.586746592854482,3.265355960069192,2.1992340816038403
09773,2014,0.48758889472052225,0.18435691357098694,5.3895476268032585,3.6263823540227906,0.9135824972287367
09279,2014,0.4879414733294315,0.17934571783574793,4.70054793307484,3.1778478507783783,1.2891922204836412
09779,2014,0.49836715743984056,0.17950346595599803,5.485980301026028,3.641493800464199,1.0020704756315044
09175,2014,0.5242510332219595,0.16644797226171448,5.491688806235667,3.497780948193454,3.4412939526414656
09176,2014,0.5065608126656865,0.21727846359315234,4.169561207542304,2.9099756971645734,3.0791852806866475
09177,2014,0.491440076726297,0.15194402349797553,5.379188350283545,3.645847148340314,2.3703136469918498
09572,2014,0.42280101115441704,0.04747626503609592,4.667474241892743,2.4262190067436205,2.139471116476756
09562,2014,0.4283993395193613,0.08318811069128351,5.079208139019892,2.564406088707279,2.2728090584768106
09179,2014,0.49907546207714054,0.1562576705666366,5.514348489477192,3.5693986703299654,2.409061705957598
09563,2014,0.4034746949251164,0.07386623205051468,5.4152937642634305,2.4769064582302245,2.8336759213688083
09573,2014,0.4733656585014457,0.0869270336058745,4.677429486672325,2.501791855420823,1.731210544518896
09474,2014,0.3310931394976334,0.014779698112466988,4.471449461223575,2.7207726385907893,1.7622957673999742
09178,2014,0.47655782659560214,0.14883269334929122,5.102629560343642,3.3140005174692124,2.1108046410406693
09272,2014,0.4952248247453589,0.2736799831622736,2.8309762864528256,2.7541048056497086,6.449867805572504
09774,2014,0.538498647350959,0.17974554652233826,5.530289671889302,3.5372327465728644,0.4187007029577686
09674,2014,0.46866343497516416,0.10879746439938726,5.029687392821142,2.9540837885207396,1.0105261719947667
09464,2014,0.30334671736358765,0.11268264733847205,2.3318886840204693,2.5613236028365427,3.417084037486557
09475,2014,0.30643495045995695,0.12658321095750186,2.127318255001862,2.614978122096682,4.2624415802541264
09161,2014,0.470152157621178,0.17635655030255454,4.894073549651855,2.772479472693633,1.155124592026556
09762,2014,0.5639900058013958,0.17615350714429695,5.441018153117628,3.66395586733708,4.395027624309392
09273,2014,0.494245453614311,0.19497486340230585,4.496661108643276,3.2402931873497374,2.2459140648823634
09675,2014,0.4410391096751061,0.07585223028189036,5.464304305663536,2.5275539944375183,0.5391391883544753
09476,2014,0.41086679476003946,0.16457189722136978,3.8489252515687866,3.219607182503461,1.8321973182301394
09477,2014,0.3910139111576985,0.12077119402487685,3.9126670059513775,3.1850883650963504,2.676353344592364
09181,2014,0.4951712182160556,0.15389999692304457,4.920350328542666,3.1251544187288682,4.885587948386946
09261,2014,0.4703113736962778,0.15022319325931704,4.928349893339676,3.082087209334513,1.0581997903249958
09274,2014,0.5061118812376966,0.17820583472282964,4.469954939517983,3.1591260652915314,2.430591132336581
09478,2014,0.38981647699964517,0.05558653792128937,4.683391842495333,3.391421007204608,1.1677721085735515
09183,2014,0.5539900760633366,0.20840378959845524,4.911923352128686,3.4508046247536845,1.7592465900514787
09162,2014,0.44158828067142675,0.12275130048928629,6.51234050631221,3.4050836171730112,1.5570180606285038
09184,2014,0.4579864529710809,0.14979919685008758,5.719516032646471,3.403787129947516,3.263659110175284
09677,2014,0.4553426304637614,0.09918952807896603,5.3008305781554395,2.794860808082046,0.5988084313001286
09764,2014,0.5520740630434217,0.17117010851256276,5.2393928465114525,3.281874609370022,4.477887699326918
09182,2014,0.5387311998749583,0.23281589240045197,4.64882864775846,3.21214009941295,9.20699635082421
09676,2014,0.5355678680495446,0.11902960755175579,5.577609143169435,2.7410501224006873,0.3752986808032987
09574,2014,0.38588554668358793,0.09064847516116642,3.5552714278670416,2.4641100309771673,2.802917896246448
09564,2014,0.3560319871921762,0.05660631713091846,6.250461547058839,3.05558992110978,1.7027861177014008
09775,2014,0.5285201401508234,0.17941859063698945,5.509957470908612,3.3863613546646114,0.17917680028641633
09185,2014,0.47645447245002537,0.1732102150377695,5.088157325184415,3.1520873409421837,1.4832119438204785
09373,2014,0.47075297011673334,0.19684171668562317,3.935269775490641,3.1950199811373756,3.0968425702610936
09575,2014,0.4606556460658568,0.08263977713629228,4.885650567466318,2.443151212608738,1.231453653512625
09374,2014,0.4289655323170717,0.17834728048680026,3.1872263485678505,2.9512422720447375,2.368710276283259
09780,2014,0.5203186808915525,0.19237144797405736,3.838349885408738,2.6816919524460845,21.487603305785125
09777,2014,0.5243675898692827,0.15849116364465465,5.1619404173049475,3.35449594164884,6.606386363636364
09262,2014,0.41850227347410446,0.14844301127288956,4.108258401618349,2.594484549245473,1.2863228496329193
09275,2014,0.45592036804916336,0.1835528141819236,4.629515813974543,3.3265753895522785,1.4548454894581004
09186,2014,0.49834982623729523,0.1705482020321213,4.867327601233513,3.059368067216921,2.3661863202016633
09276,2014,0.471233650110662,0.2147294241221971,2.5260370879121172,2.9137971462234864,5.0625
09362,2014,0.41032191256321054,0.1750356886306331,5.208632423165439,3.4190825710749273,1.4119045597350772
09375,2014,0.4535525451614987,0.18586585556928975,4.522358083780327,3.455977066524933,1.7084507766829955
09673,2014,0.4106164543158189,0.10720719516362198,4.870749984625052,3.294790208647229,1.2740375202895875
09163,2014,0.5789205773232144,0.16724420045197014,5.331937700327474,3.0525990520942705,0.7471542746427706
09187,2014,0.6228921106389805,0.19966690013961658,5.441712620698925,3.5699887230067775,1.7188219973955723
09576,2014,0.5303265804210516,0.16977518815183162,4.615401962004067,3.0278473237935413,2.0594074642272027
09277,2014,0.5628679082140184,0.23006148274420202,4.862962084777643,3.661171937812102,1.1844830404361542
09565,2014,0.491501008312985,0.1097783725784151,5.086323419493777,2.796728227314347,1.2169591360903178
09376,2014,0.4450060949812217,0.14823411687244825,3.3715654970792075,2.7663146284843476,1.956761588423212
09662,2014,0.4591112660622286,0.1218671183185025,5.518215492978834,2.099758523284394,1.1663116639686462
09678,2014,0.4656225470779351,0.11168499123294445,5.290974591577979,2.6754847679366294,1.0718086635679722
09188,2014,0.5257031392162481,0.16192313625996407,5.7885062838756935,3.758631677863097,3.8682354213025114
09278,2014,0.42772166735598516,0.16825155569992783,4.452566968674313,3.226923706531577,1.4863693213648257
09263,2014,0.34475895737620277,0.13970748996206225,5.197298036168994,3.6441412814584853,1.3799663495976946
09377,2014,0.338787112874969,0.13758086656567822,2.385323943132014,2.65910752783417,3.041341534202958
09189,2014,0.5852967238975051,0.2235574824796071,5.1805947183447,3.7787654807986737,3.215721771794016
09778,2014,0.551628992854465,0.16150459146817708,5.380586201430664,3.462521260722194,4.057928797366215
09663,2014,0.40360816793897886,0.05742948715281471,5.774060715028106,2.6466758321853376,1.0819172660740644
09679,2014,0.41094380787364965,0.06820410387214315,5.3012335072300925,2.6487051054820303,0.5543954660077013
09577,2014,0.5249620384363367,0.17468534213767678,4.853769228306674,3.2920773324967985,1.7292819016956957
09363,2014,0.3924228914463069,0.09546730823424865,3.328948312867285,2.2357063360543874,2.5640195107080253
09190,2014,0.5624680008207049,0.16677031847491774,6.092029827315567,3.9010051638513703,4.377551020408164
09479,2014,0.3207981963361525,0.1524246930936678,3.132760728385293,3.8901885181467097,2.784621894879677
11000,2014,0.4278472625283439,0.09120256060081394,4.440084111229664,2.3196724400475914,2.286843305131973
12060,2014,0.4499852758124472,0.10756973619941024,2.8477788223734675,1.7969938098773857,3.0728153969364826
12051,2014,0.41273843367760604,0.04155414615579778,4.270370152169057,2.4095091869299896,0.6488199636911908
12052,2014,0.5300152824561037,0.12455280181081385,4.4174203145538655,2.5011975679147778,1.9548062999445817
12061,2014,0.5231891663653505,0.12343884128309546,4.320244238043521,2.655403482383454,1.7071810995368104
12062,2014,0.5424202164854103,0.11007110267328818,4.445335673995225,2.5532902761392497,2.3012047189474876
12053,2014,0.5070239940571589,0.1303485883998623,3.4000447624477257,2.0782983324469253,1.9612534210769097
12063,2014,0.5070845178628565,0.10243437031026359,3.6478470678665116,1.7706841140933713,2.014636925286816
12064,2014,0.4943162272407377,0.13459114049070836,2.991490572463983,1.4960784305567016,2.8549040926911435
12065,2014,0.47675057925759384,0.11153328185309824,2.7054335327004417,1.518839578246156,3.6618004373290756
12066,2014,0.5106187741351501,0.1311646735962635,4.347821757164672,2.6950711868969948,1.8391401397515525
12067,2014,0.5151501587751566,0.12927254256285237,3.6930140036428725,2.4703255234183854,2.147413686836482
12068,2014,0.4901168956058244,0.11951199278340535,2.8922297390991885,1.6787430196868227,3.3758165224900334
12069,2014,0.5085681124598073,0.0928317322890177,4.090914136262054,2.2328673520294746,1.3130425667273948
12054,2014,0.4967793031235698,0.08707391509287327,3.4944646757217184,1.7064097432103589,1.8559502587069006
12070,2014,0.5047493699619048,0.1292661193675072,3.4399269202615645,2.113836208028185,1.878976440537529
12071,2014,0.5230791370442186,0.13072044372900316,4.102843946626492,2.471430363784227,1.9606962438774942
12072,2014,0.5081511276649974,0.11332701881580459,4.343467401068821,2.783488492020359,1.5190145820526277
12073,2014,0.4956428413785065,0.14471459945394383,2.355237099768158,1.5816842905206998,3.3158444169502004
04011,2014,0.49901270230904543,0.0724542792456373,4.653356764136449,1.7250612357050041,3.447962811047306
04012,2014,0.4309478247040031,0.03289563140080887,4.639434410999659,1.4713933051963837,2.7654808959156782
02000,2014,0.4714294018612382,0.09438887505268273,4.104789054409428,1.7217172922765296,1.4517159339047685
06431,2014,0.4627584405343799,0.08803006400742558,6.39363430863928,1.8986314578750383,0.4186603080154007
06432,2014,0.5122062693850027,0.10756346467885985,6.2054817842976995,2.3556988404166663,0.5773230106412272
06411,2014,0.4822298142130936,0.08447867711809609,6.472851813812003,2.093169594866713,0.17321704174293817
06412,2014,0.4618955547082447,0.10090149747527194,5.887356793755543,1.9886785522316694,0.3501566131150857
06631,2014,0.48335470071362713,0.11725941134001489,5.095210839631449,3.507217303090207,0.9333690270151367
06531,2014,0.49896533454713826,0.12572160093495927,4.56746696378705,1.9705644793656214,1.0355186120828386
06433,2014,0.4424338015441557,0.08843136999521711,6.125776445194086,1.6728231970408682,0.41014412708431963
06632,2014,0.4223268025896952,0.07945960351749776,4.668589908059525,3.2926755538229884,2.0859316537789967
06434,2014,0.5349062909703869,0.15254843527532402,4.975408281030553,2.277319946167118,0.6006880212897151
06611,2014,0.34108925362741216,0.028885244345224936,4.298781247266146,1.7901447155258263,1.7226625833183213
06633,2014,0.4258069499790206,0.08616284517596262,3.7890883367104347,2.1374490438620195,3.5588444351120074
06532,2014,0.5187427846341219,0.15329835249706225,5.095282866083206,2.6121805431631864,0.5709856497804171
06533,2014,0.5319490483250037,0.13182606100898547,5.3217324628311165,2.4427235073109297,0.7016368337748942
06435,2014,0.48063887137810474,0.11045099930974805,5.356336757167125,2.3047241890600323,1.184125135401988
06436,2014,0.461925534408587,0.10185377388993577,5.7905029381299515,1.8070354867279912,0.4005412582734471
06534,2014,0.4581913058579274,0.09455072151743893,4.312686685254463,2.5145161451366036,1.1074654339897378
06437,2014,0.5627282229247266,0.11976151611895258,5.504249667159688,2.7107507497741716,1.0917745035233828
06413,2014,0.47359005597532056,0.10044406279375478,6.846936478716158,2.0464502814134473,0.49554247266610596
06438,2014,0.5104370450491862,0.08467651009815291,6.41088557755626,2.425603468276744,0.38505136832947384
06439,2014,0.5680707630165517,0.17028838514301325,4.746461362878789,2.3344565433024176,0.707174999872594
06634,2014,0.4125683365467239,0.06341563722849247,3.944199318201005,2.060553592225248,1.962472369781862
06535,2014,0.5042227503020578,0.13746638888074847,4.544673882774764,2.9378531391989964,1.4672123969541004
06635,2014,0.4078172484048678,0.09275799724530531,3.3395664727461742,2.39127973227838,2.7453379755113767
06636,2014,0.3335510361317462,0.016936384529026682,4.37031005725986,2.8293365724079984,2.3272375705919597
06440,2014,0.5132103268076021,0.1320248050672515,5.236945044521138,2.0863600243956104,0.9288676517765881
06414,2014,0.44143802127673637,0.09458577583302785,5.58560543193937,1.6953691900158225,0.4443992196381705
13076,2014,0.514038955587381,0.13377064778983083,3.6324548663072007,2.191466140168409,1.0068249732280492
13071,2014,0.5150761202046297,0.16911175401354184,2.2527070783670142,1.4921619994811715,3.0307243036280562
13074,2014,0.5487070643137775,0.1548348521550877,3.323565223986452,1.8711859253027099,0.9079391895225679
13003,2014,0.47705483157938294,0.09835833075850337,3.0565011537956432,1.2731110965127108,0.7128413977729045
13072,2014,0.5292837858133149,0.1531275952404898,3.058642471506122,1.8890263224021862,1.7998105784356742
13004,2014,0.5153938097072644,0.1479471079414476,2.502218110044949,0.9781165224330226,0.4440736478711163
13075,2014,0.5195722990128103,0.15677865959114623,2.337943017984077,1.3452125249986464,4.2250932395971414
13073,2014,0.5455463611872361,0.15154400205493235,2.7120876370540463,1.4445977302829078,4.663065948899696
03451,2014,0.5354764435026598,0.05277254774174872,4.516701738981608,1.803017961494819,4.437292298329692
03452,2014,0.49919519463157713,0.032570527911151226,4.863023647717946,1.677022060157587,3.8812598595575
03101,2014,0.4473336528970483,0.08732349181253324,4.563184719920353,2.136517494984529,2.996297257375543
03351,2014,0.48786842155988125,0.10705428984217014,3.7932867317500985,2.0313899300945026,3.1546452619759506
03453,2014,0.4501935993721508,0.02273313948972766,4.092184069747446,1.4979069856751774,4.758356810955661
03352,2014,0.5313945974218941,0.07422096681482698,4.38384481093211,1.8667483912378398,1.983859808917587
03401,2014,0.523022498851682,0.060640771681518546,4.799523085098052,1.7588588938101672,4.550214592274678
03251,2014,0.4408279267334137,-0.004855841776338243,4.075633420635191,1.6597449033181912,4.215384940982972
03402,2014,0.4511022378127245,0.054063591087601504,5.342502953680888,1.727173772423106,3.6527073148233566
03454,2014,0.4984566821927909,0.07744162360941992,4.746257330516136,1.7252294853934926,2.3049773413540358
03455,2014,0.5505503218688502,0.060042678871951194,4.602208897710963,1.6686730028774375,3.7364050431228564
03152,2014,0.41714251233338845,0.06937045067886682,3.2502687288579675,1.7771222429416094,3.085117611495016
03151,2014,0.4781611753654847,0.09791015770890388,3.9881998100486005,2.135830177180157,2.2201866984704393
03153,2014,0.44139163074377374,0.10155308644369271,4.314930831445586,2.3462991407795806,3.026679356924983
03456,2014,0.5346615885253568,0.0775474201843504,5.279209302942912,1.9569156556238019,0.3622419800400549
03252,2014,0.4394510358494092,0.08823713565905861,3.7530213642227017,1.9778117367549517,3.8271953040841753
03353,2014,0.5023215387118435,0.10218691051375228,4.101621681037498,2.282419877367107,1.6281943238773529
03358,2014,0.49639153589052293,0.08581013017570649,3.9247104633815946,2.045193464553952,3.423368977715072
03154,2014,0.49664386825327367,0.11833019706191639,4.472749898852785,2.3826650948689725,1.1976351932550355
03254,2014,0.38996260674099165,0.05375762423435487,3.7868167139979034,1.7347486930798448,3.2453908753952243
03255,2014,0.4310185509022338,0.09472451780762225,3.6544018071230666,2.1377807235576043,3.353264914207204
03354,2014,0.5233947562341589,0.11911677442548013,4.488318946680374,2.636891778621596,1.023499458731214
03355,2014,0.4881284412396458,0.09762541521941626,3.7306154759507053,1.9171355215997266,1.6529949396785346
03457,2014,0.5574029359403223,0.0769927804831439,4.956606818639256,1.8291603737188136,4.658769702100212
03256,2014,0.5047870171754324,0.057927139577181264,4.0836888366522714,1.580953411355774,4.337057759202012
03155,2014,0.4110945477833139,0.08014081808820489,3.7720861113962156,2.2080370246646113,3.068862833832557
03403,2014,0.4833142562206341,0.04489358079827088,4.362936374760247,1.6613501377580517,5.027536373401035
03458,2014,0.45827649606494547,0.004494541801917995,4.132134776281327,1.6481170013585116,4.124596086644089
03404,2014,0.4651492004834804,0.07187249310959454,4.774812528009264,2.0015065394286427,1.002720011869143
03459,2014,0.49469829540848154,0.060697457664336096,4.575413517239205,1.9154269225357323,2.2294283681235205
03356,2014,0.5212213318357887,0.05793442173921709,4.480573570743175,2.0170565069821658,3.3352677428175825
03156,2014,0.3623314926085345,0.0471822379018606,3.7611048637352216,2.716983296790818,2.877384656413904
03157,2014,0.4111080117285359,0.05935920907028014,4.000089661725931,1.6929917203346325,2.305683588340488
03241,2014,0.46941586476982333,0.07059271926657701,4.37531180120906,2.006285536401434,3.3152300503100234
03357,2014,0.5129415614167798,0.08048229312907063,4.096229395394595,1.8831722293447628,2.3824927945483614
03102,2014,0.410348862262607,0.08000362453019727,4.508333788669739,2.2346654896163103,2.978155418672336
03257,2014,0.47205131445303317,0.06864700499845783,3.7707766039213917,1.4134779178155585,2.860901772959163
03359,2014,0.5199256555243791,0.09303524750152203,4.158896272167834,1.9062469492586325,2.1331947043737443
03360,2014,0.44504932165963734,0.08461074073679242,3.542884736065341,2.0240075388262113,0.929391837296576
03460,2014,0.38967931961299407,-0.032959125647743004,4.273463378232364,1.6872004618286005,4.120024301748709
03361,2014,0.5106571023841878,0.0649808673042947,3.9460814145161103,1.57846243239841,3.3932097914074326
03461,2014,0.5612891298372823,0.07605396566464129,4.611966313593678,1.7957446737320386,2.710601321697019
03405,2014,0.5111017062720182,0.0709313638688609,4.752973249455886,1.6817585530019015,4.446014492753623
03462,2014,0.5274954944747469,0.0465587732501313,4.496700704429817,1.4960151991302717,4.21040906717357
03158,2014,0.48044572856540535,0.12216988003075241,4.328651592771264,2.1111155360683482,2.0414021903667856
03103,2014,0.48655875005700405,0.09702995499038308,4.46180785214353,2.38735124288266,1.3210182862544082
05711,2014,0.48552316038390525,0.10295052395069931,4.549509926194989,2.086362207214666,0.6350687105734115
05911,2014,0.5799061455929734,0.15779286833378098,6.018418318108357,1.7559824660993897,0.5035260511203024
05314,2014,0.49396511189946457,0.061925732040939874,6.098804471962043,1.816760869453291,0.5960477351469265
05554,2014,0.5471721026846365,0.06564476589132501,5.137527568671646,1.6343004188859824,0.4178604845716147
05512,2014,0.5831388907554822,0.1477486177380024,6.1256504649704935,2.3448630601644145,0.5672903672903673
05558,2014,0.5604214654526746,0.1190519576580848,5.061056975083899,1.7820702141107105,0.40956312849568094
05358,2014,0.5033119444851414,0.09084423354030374,5.3773016117816725,1.643275954871474,0.5646504210820263
05111,2014,0.5416584617990549,0.11008218410898446,5.487497743177984,1.5133619650617325,0.539866588189131
05913,2014,0.5778253852885026,0.1420944612699459,5.676772449630581,1.6777952367047586,0.6293054041601585
05112,2014,0.5384455907285806,0.12139701831790878,5.914959663976739,1.8077980285864248,0.3894554780223057
05954,2014,0.6033684859072835,0.18475432314040807,4.927054640864137,1.895889906429677,0.754267047774602
05113,2014,0.6073729745910011,0.14678560415479647,5.5650715819893675,1.7655714797398931,1.2623466322261845
05366,2014,0.5610866830901586,0.11953839272251776,5.201345155993125,1.6160433698732515,0.62170234260216
05754,2014,0.5237354929334859,0.0787787910206122,4.762339689811534,1.748127608163717,0.3038278056044403
05513,2014,0.5638484423992485,0.14535371059121382,6.527286806781854,2.233401517702095,0.5825586542718015
05762,2014,0.4543692196500404,0.10333625098677751,3.7200905164223026,2.1823532174689015,3.4843065645997693
05914,2014,0.5448911004475994,0.1418381296714517,5.186996327371105,1.9328708710301394,0.4617370459155449
05915,2014,0.5994205558038731,0.14616696647233313,5.138002166525799,1.6358850242635188,0.4637922832842832
05370,2014,0.5529738144378767,0.09522238581068093,5.77519411566274,1.869136624976921,0.5896053178604281
05758,2014,0.4953630627876316,0.09315023552071144,4.285998188311667,2.050394606220975,1.727955837743137
05916,2014,0.5817672012932905,0.15073699070261826,6.1031585565883315,1.9921892321556287,0.06861673045379989
05958,2014,0.451798144100561,0.11845884245420224,3.332667007649902,2.3564671801717814,3.596848961582151
05315,2014,0.4844560007937238,0.08939463906126005,5.852402899085477,1.6166500408109474,0.6377784023045034
05154,2014,0.5378107946261785,0.06383650106753697,5.2417014887906115,1.5105988589888057,1.0183279657133513
05114,2014,0.5220799797884093,0.08807856501745492,6.243752654273147,1.8442928683635822,0.4050297515405696
05316,2014,0.5086020857254321,0.0739481150003849,5.931335625680408,1.6461161412430005,0.7926159986695491
05766,2014,0.4387884885030487,0.07661195651411579,3.6137161085981724,1.9052036658304987,2.864422798400721
05962,2014,0.5563408681685523,0.14449704437699268,4.444251037564049,1.9521745296274577,0.8165993645892102
05116,2014,0.5205320459828376,0.08076949770015962,5.5729587734495105,1.564453879179438,0.5749057581961811
05117,2014,0.6150989185337635,0.14601692981705394,5.8682069597069875,1.8663176005930158,1.3843244501338299
05515,2014,0.5595580535891634,0.11051008408874458,5.300371562025209,1.9602646219061248,0.25216261884946156
05158,2014,0.58064949997589,0.12614435248771927,5.3144994379793,1.6655806423214856,0.9478167254228211
05770,2014,0.5286033104875958,0.0958171856365595,4.603072565789928,2.041779805208144,2.6465670166051116
05374,2014,0.5592060345210461,0.1578909350420411,3.894471534235143,1.7751182000099721,1.305652734303075
05119,2014,0.5194588159075407,0.1112138500791795,6.714503918392395,1.796057550221379,0.553784860557769
05966,2014,0.4150624838186629,0.0874869994067401,2.656096623895074,1.6391322541975462,2.5225812373783736
05774,2014,0.5220569260722869,0.11731653827769278,4.5365964788544915,2.1886911359753087,1.9063831350874652
05562,2014,0.5786349440534762,0.129277422826241,5.7023634174543885,1.9170391415665757,0.5305736263104383
05120,2014,0.5667053880023445,0.1981638784929206,3.9849347706194327,1.7562933248211832,0.9996652159357214
05362,2014,0.48396173395136594,0.09261245937890927,5.4427644842434,1.4398596592252346,0.7529831083862717
05162,2014,0.473954391024382,0.07817153229721957,5.518633928540571,1.6129100958558746,0.3672378073212094
05382,2014,0.5121261683807885,0.08249930682659057,5.63602322056826,1.792702968133538,0.5500133569305775
05378,2014,0.5544597092177953,0.09133967367146212,5.02536746300985,1.7023288569845199,0.9011923220873657
05970,2014,0.39564234185950264,0.07634438101892005,3.8792444385417646,2.779851363785727,1.1176040905770634
05974,2014,0.60033905284048,0.14263917107331192,4.812403077581842,1.7942256157311003,0.5421282043184601
05122,2014,0.5562159269494193,0.12500522586352786,5.139667344379986,1.262242127137979,0.8430082928224191
05334,2014,0.515424968521993,0.1035489328361684,5.94459001760429,2.0500229813338815,0.9163909313725486
05566,2014,0.5403127881761675,0.1055605096932799,5.1784676946033334,2.13539705689824,0.32006272093173965
05978,2014,0.592332572539477,0.14739549996150025,5.159029885990562,1.6438812478466547,0.7043112363972516
05166,2014,0.5367988466240637,0.07594704413187725,5.90547161655052,1.9004414316433405,0.5484926704973767
05570,2014,0.5682900831620606,0.12572820258439243,4.969194223297579,1.8216426276181505,0.3716158448000491
05170,2014,0.5879044189709408,0.1024251576264924,5.649692414263914,1.7962740805033195,0.8768384375573083
05124,2014,0.5647911809123076,0.14525961774671475,4.99306749795647,1.8124426651616528,0.9423057892132609
07131,2014,0.5570804748821462,0.11322333300381487,5.035902240607057,1.953968321334366,0.4381884441309589
07132,2014,0.5574419004983495,0.1284981201890678,4.816885748156679,2.2748976480633085,0.4641615782057303
07331,2014,0.41724420427211273,0.10050232628009859,5.706687494306037,1.7239159253694818,0.32218642104539014
07332,2014,0.4417080125380078,0.08635486734001868,6.187909488792502,2.0245608836802296,0.27193443175702414
07133,2014,0.5178059249909485,0.12496636729788291,5.261722006735079,2.291577370738549,0.41923504860016847
07231,2014,0.5291802002785478,0.1600412314224997,4.540897669246947,2.1700325215438783,0.5414510774348799
07134,2014,0.5559593001690303,0.18941732597429367,4.3662293117402315,2.7007359062552028,0.4842731023468348
07135,2014,0.49170625109395366,0.12149223883503663,4.227574884657105,2.1182777689796084,0.630077131434632
07333,2014,0.49952258464345833,0.12324440423622968,5.427583170421422,2.31173142140215,0.2806826747554739
07232,2014,0.508616609794207,0.15959770174493304,4.277659546704693,2.2705463781846804,0.6310437640295936
07311,2014,0.30148660374870356,0.03602423011391326,6.118961849358598,1.3796614019350226,0.1492008760076418
07334,2014,0.3784002021210755,0.0549147560877945,5.965803224786942,1.8551279405708447,0.5160488831337
07312,2014,0.4284245017264272,0.03390957991931043,5.3675746228579255,1.9222643150808532,0.17573747999085293
07335,2014,0.5482869284956334,0.13232303311491228,4.904474497874506,2.1152207348744145,0.39472703886190624
07111,2014,0.3950815719114535,0.05975199995585162,6.3038424427710895,2.4989067873357755,0.07173863376742061
07336,2014,0.5711547641615057,0.16922631887235368,4.780068332378072,2.3618577756587134,0.7654257816167493
07313,2014,0.40840277928444085,0.06564430978615104,5.931549577740109,1.681118541047172,0.015058462265265145
07314,2014,0.33799895485159587,0.04769431796706136,6.513266917241303,1.4835075024856943,0.11388311388311385
07339,2014,0.4435690590342664,0.10422067826947579,5.820602923934295,1.93793269789091,0.27743965824136696
07315,2014,0.3668339544462683,0.08603385093059418,5.922537737667741,2.0859363042010997,0.19771465883121125
07137,2014,0.511584273547218,0.09542978051957546,5.196729136783544,2.1240667603885512,0.6328889939590625
07316,2014,0.4651981924009707,0.06570796236936388,6.122435491461933,1.6341283602336238,0.054508450579594726
07138,2014,0.45381025645088857,0.08050210735258334,5.100525724954336,2.008475495936199,0.5346889368306993
07317,2014,0.537057946368589,0.12279499708375785,5.053369604359994,1.9217298084273993,0.34846087456846947
07140,2014,0.5171126900334995,0.1450253782061,4.22535968484859,2.2615565787569203,0.24912551986811002
07141,2014,0.5262526134314472,0.11849750027528239,4.769229625934914,2.308916056863837,0.3185120387458796
07338,2014,0.3579407752007202,0.04993016975311859,6.284253896788217,1.8090960547101735,0.12008431373272838
07337,2014,0.4193406493504047,0.05866825839806972,5.964346199334366,1.7742079862766085,0.3689928515818527
07340,2014,0.5474689328439664,0.1256936756171792,4.930070610745539,1.9260568064273031,0.5518356514473878
07318,2014,0.3657018186741529,0.052365338357822866,6.276450400077628,1.8760672473086446,0.751588785046729
07235,2014,0.5295185227801149,0.15073751341448938,4.681945479769893,2.149147501796197,0.6373838494102612
07211,2014,0.4682309992465483,0.12683610129353268,5.327520589493033,1.9104806801805068,0.7380817431828198
07233,2014,0.5331476832205898,0.20399835082929257,3.4020486184288288,1.8207545687638962,1.0866957627608531
07143,2014,0.4977061024997675,0.12944105793397914,4.475971242032843,2.2497418441129295,0.40118242435258455
07319,2014,0.42957845463903016,0.10247921341363486,6.071568172739628,1.6207378864494997,0.35486059925356545
07320,2014,0.5177659561340023,0.1291402064400523,5.566201821456362,2.485135682680089,0.8141760749103627
10042,2014,0.5197462047201871,0.11940699066762456,4.651047622076346,1.8334366628509957,0.4853706661655545
10043,2014,0.5207092325909588,0.09490231504910329,4.542307610778286,1.6475507922892034,0.7951768635885229
10041,2014,0.5315622070359461,0.08153006990720585,5.580909427332676,1.9114457227468997,1.1776507534850096
10044,2014,0.5013919404966328,0.07790752912564203,5.460811402961234,1.9887269404463144,0.8004676969235687
10045,2014,0.5144571496987042,0.10938687149577442,5.380932169331994,2.2104633581281385,0.7237825274773014
10046,2014,0.5556523322232263,0.17536801248822265,4.09242827383838,1.8187641228295561,0.7853801229194908
15081,2014,0.5212592999197504,0.11072126325712828,4.366540583994393,2.3480857419445877,1.4166866075141367
15082,2014,0.5409332791225601,0.10877745697650265,4.453623978781124,2.2380895526874873,1.4808380490895223
15083,2014,0.49996694196983443,0.11215526591175567,4.095138963320628,2.067341438964264,2.1909279203454264
15084,2014,0.5565571443155232,0.14411920002975948,5.017315654183938,2.7703967955135043,2.1997375238197736
15001,2014,0.5182055934149359,0.08764852786534705,4.233794408306445,2.166608449688065,1.126984126984127
15002,2014,0.574272894717405,0.14885938891910516,5.645481879338575,2.984760299004355,0.5125168172208339
15085,2014,0.5405483491247809,0.146704272963312,4.321383768840697,2.0619671930412427,2.644370552986909
15086,2014,0.5169692462265472,0.08040896154778848,4.144641993522997,2.022927970645875,2.100124335124224
15003,2014,0.48539302200394546,0.1064025949517885,4.1604834910859605,1.8910377992020808,2.540630863511543
15087,2014,0.50261731602946,0.1192575431099101,3.969491411959724,2.228588855017701,1.9150851735721452
15088,2014,0.5625987063575509,0.13546076520933964,4.920428354128394,2.56981899910003,0.8418207429671813
15089,2014,0.5263798911350659,0.11225586568066032,4.498969438830651,2.0425084737365187,2.059280831346668
15090,2014,0.5337590249332479,0.12305852819642732,4.492419452633535,2.4316578850677484,1.120250300354745
15091,2014,0.5226093414865562,0.10821537736942333,4.262778879114897,2.430857916752739,1.344135193797457
14625,2014,0.5269824673982076,0.15427692618706912,3.5559644843666645,2.3298160045615894,1.436206085643481
14511,2014,0.5012673062263452,0.15380916248095816,4.059662136462073,2.7631967630240086,2.2416984019646233
14612,2014,0.4659685698189635,0.11521227227119729,3.9286935128879774,2.4970688509958627,2.3029424811474195
14521,2014,0.44438821949804563,0.19322084915357873,3.4371993383276926,3.4505377704701403,3.7064299662205826
14626,2014,0.547967041854399,0.204031589888317,3.148711670012742,2.484605953630054,1.2781836369449209
14713,2014,0.5675192083185046,0.1410736396243849,5.020750208717503,2.680110089344458,1.236950644327354
14729,2014,0.5821190660746074,0.15154517998235473,4.355630767417779,2.3629333915600252,2.2795800007160043
14627,2014,0.576143175310418,0.1470749171541294,4.129629311816576,2.293996607459958,2.7312913324085875
14522,2014,0.5471082928692278,0.18795384342828209,3.78413498565025,2.655597551878066,3.42976605747353
14730,2014,0.5794726555390297,0.13244070834139215,4.264255771266899,2.276042770639436,2.0035653573928687
14628,2014,0.4718395846846954,0.16064457694551887,3.389128322846016,2.7334927363322032,2.7787696047771338
14523,2014,0.48340279923713886,0.20019005063943862,3.6571962741169703,3.2174751717316235,2.1790466434973474
14524,2014,0.5538965531879725,0.18092608712980407,5.022627598359964,3.4947001921338106,1.6217634953300628
01051,2014,0.47158641388407974,0.0631323934586252,3.735367439807143,1.654261071206574,2.1268585790762584
01001,2014,0.5112946453512194,0.12473506646116045,3.5689164379211453,2.020919713408926,2.195107327017628
01053,2014,0.5374002491654756,0.11993638300752563,3.7053266203400983,2.1718599982714166,1.3285236587121307
01002,2014,0.533610984531301,0.12703224418885473,3.3320926735966627,1.6933451345394503,0.7883624926282682
01003,2014,0.5371201047180755,0.12177371470077097,3.9957729576244523,2.2777789139402707,0.7730612244897961
01004,2014,0.5006056799535328,0.11166242668151993,3.1142410721648552,1.2971255234618464,3.1089761856299614
01054,2014,0.4432999790416234,0.0014268488666806523,3.2786123605761834,1.086148057242955,2.63173275902923
01055,2014,0.5728875923494542,0.15136772761714062,3.9233170923559673,2.122474356584757,1.2273668767794306
01056,2014,0.5271110772719141,0.09047010062038435,3.699937556690167,1.4486263110121866,1.0809088978551706
01057,2014,0.5780322615859715,0.1574843167436275,3.0991640854116294,1.5899168455533903,1.5944699242534044
01058,2014,0.5406687510532725,0.10542651274489351,3.5097712768195923,1.8302559670846392,1.5828374576433635
01059,2014,0.5034166013790558,0.06933796718147561,3.1328409051024058,1.37706664875719,1.9045657414515242
01060,2014,0.546585186521497,0.12576010228545004,3.3332979232742876,1.8057954189174497,2.03674604604505
01061,2014,0.5346240555625754,0.09317533390599153,3.741007278011545,1.7011969719824167,1.1916936662465294
01062,2014,0.5496761440534893,0.12538373566804928,3.5719962257523834,1.9777334704852723,1.6870957793573194
16077,2014,0.5618069023381076,0.16039286100287414,5.16209349722264,3.294143358612321,1.8445015326842675
16061,2014,0.34209002771701047,0.0491058373029698,3.149407202491591,2.272857456536911,2.4146685933180367
16056,2014,0.39814436943114495,0.10861843656840076,4.254981201537261,2.6302098108743306,2.0657947647588233
16051,2014,0.44644059441691736,0.07980850576113396,5.022549551287122,2.6011969500940304,1.535736159615158
16052,2014,0.5600089563955343,0.15900187370164576,5.214789847505378,3.371521329409827,2.0450627701916044
16067,2014,0.45779304714366803,0.10545820582749121,4.5057028807315405,2.5421160769435542,1.7149130342159302
16076,2014,0.5614466963468737,0.1900324542881487,4.646157719833965,3.3723949519510636,1.966778594184641
16069,2014,0.4364135360707865,0.165832128959557,4.314053076719017,3.3809073605944118,1.4150390795101937
16070,2014,0.46712543571753595,0.10886273423739856,4.961948855861871,3.0681521015658477,1.6909751569227458
16053,2014,0.47736700134330334,0.11097887536846712,4.544577425301169,2.6760509390395164,2.1534811009993873
16065,2014,0.4299816640498566,0.0636739743296646,3.653816355866695,1.7691112899268708,1.8921252174169665
16062,2014,0.36714477906215043,0.028856813751132138,3.17366300618586,1.9494703361498202,2.532071741928705
16068,2014,0.483014754833934,0.09016921451611343,4.886182417245576,2.256596342976935,1.8688040945483246
16074,2014,0.5411431523607495,0.15422163267242783,5.020435955380364,3.153584685018423,2.540235263891946
16075,2014,0.4606154308797045,0.15783135028305545,3.614178984865807,3.0059121677385114,2.943557232040845
16073,2014,0.4860370831446196,0.13055920127567883,4.449403642333416,3.1389101303549864,3.136713670735864
16066,2014,0.3864073019250999,0.13230565205833011,3.5923484911140435,2.8822546984171717,1.7140884451763412
16072,2014,0.39173470854635445,0.16242686499726394,3.599826795594195,3.0347638708243525,1.602980496477965
16064,2014,0.3388454362049629,0.017994055211786764,3.9208498435148376,2.150699275801493,1.563699010105366
16063,2014,0.4053169590997213,0.08364712015078585,4.195613429534873,2.8696226721129054,2.1625721524277157
16071,2014,0.5003517721189301,0.12328434483492962,4.91299597680675,2.8880759480992024,2.1806966037376645
16055,2014,0.5160104282942751,0.12895727613708896,4.824839800943766,2.6346482500387083,2.0421893811177214
08425,2015,0.08057664633294344,-0.20821558731282247,2.381890530936881,0.8667762388382974,6.766873426791157
08115,2015,0.35660774324374056,-0.03928401062593179,4.28799925963428,1.4238800871188522,3.953912675337288
08211,2015,0.419967454547318,0.02425235211308363,6.685565662510958,2.137052307668908,0.26824602707474987
08426,2015,0.1192599951504978,-0.2145273277537315,2.9726479197987183,1.2917409950300727,5.805761354405061
08435,2015,0.21554948899672555,-0.11833154204389168,2.393043161578367,0.03741981399527505,6.81423449366195
08315,2015,0.3209342033442826,-0.028761385975156928,6.17807765696963,1.5506172481388258,1.3422635508849563
08235,2015,0.25383739406776346,-0.14697100678323283,3.6361550888254435,1.5201823663967367,6.707247343299434
08316,2015,0.3836099322171491,-0.016293080459029996,6.799760690492328,1.7577740150394892,0.4271604554221365
08236,2015,0.4389606584683491,-0.003944633353293758,5.37385451911436,2.0776948287553267,1.8924019519681545
08116,2015,0.4104641259795708,0.01019399643606006,5.545885789300532,2.1383192243849516,1.8576363919801664
08311,2015,0.43956463127126066,0.015280927570157588,7.06258178885175,1.9000654303112272,0.32052439596951854
08237,2015,0.2150666734778769,-0.15482223309178972,3.1400163762572424,0.9627869076919104,5.874369474664745
08117,2015,0.25254742822978943,-0.11706830186940864,3.818910026266136,1.6037392590819053,4.843018298976011
08221,2015,0.45129561446132493,0.07996626502645554,5.70760273158542,0.9864023249559413,0.1680079992195883
08135,2015,0.08875638830532455,-0.1951575767561608,2.519688750636985,1.2554048524337487,6.875195731794852
08125,2015,0.4179103760946849,0.02882664729737794,4.569361156926498,1.1085154381636415,1.292991245787872
08121,2015,0.42038121004054074,0.06304427060438222,5.122112879968508,1.257514567064555,0.6377281662454365
08126,2015,0.3501771824391484,-0.06313750999097001,3.7595989414289614,0.9591109119382937,2.072628990698329
08215,2015,0.42904549882241094,0.001881679203133757,5.137165281732924,1.1507495518590867,0.8591095006039406
08212,2015,0.37864108690662923,-0.028337161914703757,6.190634769584837,1.8906608351500216,0.35942673585371887
08335,2015,0.15763394502025022,-0.16280806577041892,2.5869346970142124,0.1791592443232628,5.449768605824609
08336,2015,0.4360646336796255,0.010091760149936235,5.359098513558323,1.0666177910675199,1.4100481898313355
08118,2015,0.4111736530162622,0.01675792749981675,5.672331396887448,1.8915515489934212,1.7029363473365748
08128,2015,0.3850511210989039,0.003506458394980927,4.183766203179403,1.6982425610922958,1.2747824959546845
08222,2015,0.36901440685258874,0.011273906596071914,5.575048537157298,0.5121036240977643,0.30046288359334816
08225,2015,0.31987502234520626,-0.06291825207332585,3.9596284175322083,1.5649642261173988,1.9837086819103733
08317,2015,0.3858086041075489,-0.0012338799895965646,6.488658772183212,1.8833891518344252,0.5893390972896559
08136,2015,0.1544253460900546,-0.20168535845799979,2.5473850775684115,0.8160877186416569,6.388803080014694
08231,2015,0.4255831252040566,-0.011231970815124948,5.130132486870362,1.7197079221711733,2.4979995999199835
08216,2015,0.40671747709445777,0.01472098665701721,6.2676065919390895,1.886554931120866,0.558732800259772
08436,2015,0.08127979919235931,-0.26083776369250955,2.630003465445526,0.6485799770613856,7.36937859260604
08119,2015,0.37926530182778395,-0.04356641010963064,4.972195591757042,1.510966959623202,2.8956389662601296
08415,2015,0.11108889856340849,-0.15914649839659095,2.0198412239559906,0.796330595067454,9.424629393148635
08226,2015,0.41574840437462945,0.008008027146368779,5.450792925970737,1.517680652809522,0.5205770810223588
08325,2015,0.1714178224534763,-0.16036905879632474,3.1551064880677804,1.5005528670036241,7.339068798436462
08127,2015,0.25612433743146773,-0.1185994422966023,3.171405956269516,1.0746398289429209,4.80463424307776
08326,2015,0.14373292239924115,-0.15660585434839222,2.20716102219898,1.0506887999176098,9.719962669319726
08437,2015,0.09445342087788831,-0.20147611433539392,2.1775858804622867,0.9020063369517772,7.473093449614871
08111,2015,0.38247791843088425,0.019250704184422596,6.027218668220209,2.0107143814854895,0.9707600329851566
08416,2015,0.4040556330034113,-0.0099184971858709,5.231657903711977,2.10681906000443,1.7004471832701726
08327,2015,0.11716770444513268,-0.16755484820694871,2.195530357926532,0.9626636214935105,10.964610410922933
08421,2015,0.06054456881599801,-0.21895454794877278,3.03977152674653,1.2511532585466203,6.836677512653656
08337,2015,0.20874699090516538,-0.10224008197299814,2.8934549397465648,0.8161860482659926,7.1928935028259895
08417,2015,0.23782651792781226,-0.10322975786888208,3.3922453600886806,1.3127073061309185,7.721118274272774
09771,2015,0.07534323648897823,-0.25636535572793845,3.2817637111703437,1.4117043022286777,7.067546634546592
09171,2015,0.283847702355865,-0.05617502372937222,2.6051596296405557,1.1404268244668712,5.562399136634572
09371,2015,0.20391901496568932,-0.10246223269496302,2.637784518554855,2.2197553538557444,5.658550639231286
09361,2015,0.29978571813765936,-0.023297327404941615,3.8871504446871645,2.961020389678213,2.668452062131763
09561,2015,0.3173983849800972,-0.041463860492165716,3.0201159006737375,1.5189873276733392,4.2860977113633885
09571,2015,0.267520288139574,-0.10527413694843385,3.0834591245709895,1.3117981208114795,4.201893091383011
09661,2015,0.4404478982406416,0.038633402681903295,4.87827595042293,0.6022533578347007,1.4573919231453478
09671,2015,0.4084056673488422,-0.004435548040162884,3.754252839547127,0.46221055150651713,2.4926449266843793
09761,2015,0.10524274307634686,-0.21566254724640227,3.787283337898157,1.2153442121501143,6.053601340033501
09772,2015,0.10376722181947173,-0.2370176780706998,3.2006106606632088,1.1452966998966314,6.59754477607151
09672,2015,0.3441649354871612,0.003643069943790933,2.3484385200447035,0.30133059679786456,3.2079486175493566
09173,2015,0.046641072211488395,-0.28473062418927925,2.957120677487678,1.225504955202399,14.340001379595781
09461,2015,0.44224374368673547,0.09344193440155169,5.370155095993526,2.6272422449398767,0.3153694131955001
09471,2015,0.3741580454290166,0.027933792323539874,4.493401329411235,2.7801397579423095,3.1875982498021007
09462,2015,0.3515517301333479,0.031071294112417047,3.8768213463070524,2.3940253214467586,3.9291025337437855
09472,2015,0.15327631678916148,-0.12080158875358138,2.9461018248723154,2.380445133480894,7.4234436695081
09172,2015,0.5297734069695155,0.11927174001611857,3.8055923578432242,1.806239770891154,8.33176187534545
09372,2015,0.19923611264106783,-0.1291780740427354,2.8295093689868476,2.320621325463044,5.905601447993361
09463,2015,0.36284262641538045,0.06293122099949067,4.531438807672733,2.979078272054638,2.9214802001606226
09473,2015,0.3304410485144906,0.020018268234381353,3.4995021623060945,2.239041743278699,4.024861932874095
09174,2015,0.1353842661604905,-0.19471790711645234,2.944688567554956,1.257294079964364,6.474878252376655
09271,2015,0.3120266158996958,0.07909442708793035,3.4015010186688532,2.0801103858835637,6.332362699421152
09773,2015,0.10720921879132637,-0.19602276235820892,2.2938360953906325,0.5306708226101646,5.008488638833867
09279,2015,0.28106075949368703,-0.027534995999996537,3.3883699615505893,1.8656698792541277,7.016892266169788
09779,2015,0.11241859486453948,-0.20644509661930305,2.682622224869888,0.8381357243080592,5.536351610645845
09175,2015,0.11179269102528552,-0.24601036993495953,2.8762205014938336,0.8823126434516209,9.192817480171588
09176,2015,0.06804929074755642,-0.22123305832497778,2.449515051612845,1.189929541235114,7.378215849002163
09177,2015,0.17308736140869943,-0.16640869181962206,2.86354603945871,1.130204837515479,6.305201098461664
09572,2015,0.39278703753722605,0.01746229141890493,4.661595032995917,2.420339797846795,1.3362958307837323
09562,2015,0.33779136018085903,-0.007419868647218775,5.177981077365004,2.663179027052391,1.2191717077710562
09179,2015,0.12795260910133183,-0.21486518240917213,3.192461547505609,1.2475117283583825,6.85172280070151
09563,2015,0.29203996552613704,-0.03756849734846468,5.635234706121074,2.696847400087868,1.8877565791378368
09573,2015,0.34923235533470576,-0.037206269560865424,4.310533806254687,2.1348961750031856,3.2544876155872218
09474,2015,0.2750353675690597,-0.04127807381610671,4.265090557059012,2.5144137344262267,3.2449472533127506
09178,2015,0.14613833790572173,-0.1815867953405892,3.0457129255258164,1.257083882651387,6.42114588840573
09272,2015,0.346598526480717,0.1250536848976317,3.2162103077814175,3.1393388269783005,10.773642464917634
09774,2015,0.13450561128925964,-0.22424748953936108,3.2055672492091296,1.2125103238926918,5.699194002116854
09674,2015,0.4436034922735432,0.08373752169776627,4.415883306458786,2.340279702158384,1.9201984111323949
09464,2015,0.06008500226444662,-0.13057906776066897,1.9244148605427736,2.153849779358847,9.567060992471959
09475,2015,0.05494523161368362,-0.12490650788877147,1.5633396828745805,2.0509995499694003,9.865200087629615
09161,2015,0.11664165829400781,-0.17715394902461568,3.2383403084457827,1.1167462314875602,5.842279972820339
09762,2015,0.02988215797009636,-0.3579543406870025,2.2331719385587094,0.45610965277816184,13.408839779005524
09273,2015,0.151503926156816,-0.14776666405518915,2.960528298231355,1.7041603769378164,6.754036088761697
09675,2015,0.4293814595811897,0.06419458018797392,4.802299945797275,1.8655496345712574,0.8965940014220835
09476,2015,0.24197987981637667,-0.0043150177222930075,3.6866162831936404,3.0572982141283145,4.66893274135482
09477,2015,0.2630843000402838,-0.007158417092537839,3.008053058577759,2.280474417722732,7.101636796015184
09181,2015,0.07682940546602206,-0.26444181582698895,2.809936546633261,1.0147406368194631,9.465799634339387
09261,2015,0.18616286258024772,-0.13392531785671302,3.87621100914797,2.029948325142807,5.389096899805301
09274,2015,0.1664672240574811,-0.16143882245738583,2.8180871791810533,1.5072583049546018,6.776485632105937
09478,2015,0.4214585728056091,0.08722863372725331,3.8035258832007144,2.511555047909989,4.368624923402243
09183,2015,0.18379219278075326,-0.16179409368412812,2.253183811673288,0.7920650842982866,6.257729523435538
09162,2015,0.18181952408546684,-0.13701745609667362,4.359668424495101,1.2524115353559027,5.979111612327683
09184,2015,0.09111201699867455,-0.2170752391223188,3.496420909808254,1.1806920071092994,9.733835352347615
09677,2015,0.44069185335773076,0.0845387509729354,2.767922408135804,0.2619526380624104,1.9588128182341626
09764,2015,0.060174593182930475,-0.3207293613479284,2.8089195614131506,0.85140132427172,9.617111623074495
09182,2015,0.04518830625604429,-0.26072700121846204,2.3577363736678865,0.9210478253223764,14.312696615074872
09676,2015,0.4646274020058033,0.04808914150801452,3.877255177824164,1.0406961570554163,1.2838384511941678
09574,2015,0.1564928614387954,-0.1387442100836261,3.2446482738484983,2.153486876958624,5.728244022173804
09564,2015,0.22165259047483915,-0.0777730795864186,5.802924632918421,2.608053006969362,1.9369081861890864
09775,2015,0.11912255495983068,-0.22997899455400325,3.3500270883456187,1.2264309721016184,5.5370520117035635
09185,2015,0.11510153494642072,-0.18814272246583513,3.0116764009517154,1.075606416709484,5.487005649717512
09373,2015,0.0844825067661197,-0.1894287466649905,2.3872519289956884,1.647002134642423,7.493833933611924
09575,2015,0.32379997378074615,-0.05421589514881836,4.847616300898175,2.405116946040595,1.5856345426638265
09374,2015,0.13822515930679521,-0.1123930925234762,2.3660189483092733,2.1300348717861604,5.920063873232775
09780,2015,0.05102744483147641,-0.27691978808601875,1.7391346621293444,0.5824767291666908,12.693728731161887
09777,2015,0.06252818913161241,-0.3033482370930156,2.3260968190648073,0.5186523434086996,10.243606060606057
09262,2015,0.38769214593909285,0.11763288373787795,4.013716500183127,2.499942647810251,6.90827517447657
09275,2015,0.3228348363105526,0.05046728244331283,3.6112454149858983,2.3083049905636335,5.715086958522755
09186,2015,0.1304341332675913,-0.19736749093758266,3.3852804869082385,1.5773209528916465,6.065088594794233
09276,2015,0.1998465524520725,-0.056657673536392394,1.3998725961538767,1.7876326544652459,11.9375
09362,2015,0.1928322979239491,-0.04245392600862835,3.6532174822620878,1.863667630171576,5.006623078882568
09375,2015,0.1979055680546609,-0.06978112153754804,2.8912892316248753,1.8249082143694813,6.64975482431558
09673,2015,0.35823076868377135,0.05482150953157444,1.8603674276116084,0.2844076516337861,4.12643346195555
09163,2015,0.45000747770980476,0.03833110083856045,3.4477426751016296,1.168404026868426,8.92516347783967
09187,2015,0.23884297190894074,-0.18438223859042321,2.755743439757976,0.8840195420658286,8.41904178279546
09576,2015,0.23946587392927401,-0.12108551833994599,3.2692615350992607,1.681706896888735,5.211793422161614
09277,2015,0.2652320464594641,-0.06757437901035235,2.7020093956609545,1.5002192486954136,7.069384907139373
09565,2015,0.26546812808587517,-0.11625450764869472,4.728202832366255,2.4386076401868246,3.9895692723033513
09376,2015,0.22611431725112405,-0.07065766085764938,2.646072663070778,2.040821794475918,5.37671499143165
09662,2015,0.4199266129903272,0.08268246524660111,3.5729605908277917,0.15450362113335148,2.110931243077447
09678,2015,0.430998570980055,0.07706101513506436,3.8764343613578554,1.2609445377165058,1.603550721165365
09188,2015,0.09172635726426878,-0.2720536456920153,2.983006781478719,0.9531321754661226,12.284934369960629
09278,2015,0.23378411426607623,-0.02568599738998109,2.8118122220283492,1.586168959885613,6.889734269621441
09263,2015,0.18129505752066472,-0.0237564098934758,3.110062268388493,1.556905513677984,5.410784787352779
09377,2015,0.07038492992504221,-0.13082131638424854,1.3358796228449408,1.6096632075470967,7.464564264200105
09189,2015,0.21627543523323692,-0.14546380618466107,2.647575664121055,1.2457464265750282,8.001709925350838
09778,2015,0.10465372687729708,-0.28547067450899083,2.6678261578320006,0.7497612171235299,9.586079551567577
09663,2015,0.43922843308302295,0.0930497522968588,4.141873581043758,1.0144886982009904,0.8873637591481609
09679,2015,0.4297434673733111,0.0870037633718046,4.4830438847869925,1.8305154830389303,0.8536122538364043
09577,2015,0.21472191690524256,-0.13555477939341737,2.4179015191120983,0.8562096233022229,5.906792980684609
09363,2015,0.33336134290010494,0.03640575968804671,2.968317265003483,1.8750752881905852,4.732223153723039
09190,2015,0.03471900602061378,-0.3609786763251734,2.8060809190809497,0.6150562556167527,10.285714285714286
09479,2015,0.045008362195116614,-0.12336514104736807,0.9771465071847149,1.734574296946131,7.649348287571828
11000,2015,0.42259167601069497,0.08594697408316504,3.275571114777817,1.155159443595744,1.2169816100106394
12060,2015,0.38158286623214005,0.039167326619103104,2.328170022801564,1.277385010305482,2.261378241560021
12051,2015,0.4222586565195382,0.051074368997729935,3.891133070110525,2.0302721048714574,1.8107018677497768
12052,2015,0.5336849633466765,0.1282224827013866,4.227084594318296,2.3108618476792087,0.8318465416450653
12061,2015,0.5340986676231011,0.13434834254084604,3.3738962254693767,1.7090554698093097,1.5196763133769617
12062,2015,0.5933196275899667,0.1609705137778446,4.468169761211585,2.5761243633556097,1.2548313251908416
12053,2015,0.4815374673306725,0.10486206167337586,3.0641729925892736,1.742426562588473,0.827505970868313
12063,2015,0.5147638443937825,0.11011369684118966,3.383455944584822,1.5062929908116818,2.3787522984767064
12064,2015,0.44309076505374534,0.083365678303716,3.0979051168430725,1.602492974935791,1.2799931614567026
12065,2015,0.4371272516847094,0.0719099542802138,2.4145734577680638,1.227979503313778,2.8188063418674063
12066,2015,0.5436864840226411,0.16423238348375446,3.526726349077374,1.873975778809697,1.9534773325681887
12067,2015,0.5163543594933524,0.1304767432810482,3.10862072732861,1.8859322471041229,1.6529124900563934
12068,2015,0.46584306886752214,0.0952381660451031,2.7385221365139425,1.5250354171015768,4.451503104396537
12069,2015,0.5081493721537567,0.0924129919829671,3.801207630648782,1.9431608464162025,2.2240059570284263
12054,2015,0.5004369407896117,0.09073155275891509,3.3832705465958504,1.5952156140844909,3.2608156876385945
12070,2015,0.5121788808465254,0.13669563025212783,2.560383206103408,1.2342924938700286,4.637622882989605
12071,2015,0.5412254231365081,0.14886672982129268,3.4199948595856418,1.7885812767433769,2.0424148908811968
12072,2015,0.5246541209219165,0.12983001207272377,3.40659708309668,1.8466181740482173,2.4406088527166028
12073,2015,0.3498014297089645,-0.001126812215598183,1.5007362901223538,0.7271834808748956,3.4537636925511968
04011,2015,0.5389099587923457,0.11235153572893758,4.809982046374034,1.8816865179425895,0.89658189773038
04012,2015,0.40406895920693164,0.006016765903737398,4.552525159623014,1.3844840538197385,1.6152832674571804
02000,2015,0.47539139302516703,0.09835086621661154,4.301335491473,1.9182637293401013,0.9586959119599344
06431,2015,0.3435043562135189,-0.031224020313435463,4.918098573136487,0.4230957223722456,0.5422908645432271
06432,2015,0.38689153354694855,-0.017751271159194282,3.6143451405210825,-0.23543780335995068,1.252949147784023
06411,2015,0.2950871773367657,-0.10266395975823178,3.4465375578403736,-0.9331446611049166,1.969742651017551
06412,2015,0.40538760286129083,0.04439354562831804,2.8572931581402625,-1.0413850833836107,2.5155855309689823
06631,2015,0.31120529198524893,-0.05488999738836331,2.8854746111057628,1.2974810745645209,3.1563217245858928
06531,2015,0.4305087309783572,0.05726499736617818,3.0513151003322316,0.4544126159108033,2.5892045793197043
06433,2015,0.30139468680734793,-0.052607744741590634,3.43029432785874,-1.0226589202944778,1.8440047867024354
06632,2015,0.3911684622435949,0.04830126317139749,2.333389084735094,0.9574747304985571,2.891459901496144
06434,2015,0.4062199975712011,0.02386214187613822,2.6935676498422643,-0.0045206850211712,4.464860610781163
06611,2015,0.41647106395382394,0.10426705467163672,4.540543164935737,2.0319066331954168,1.7954422626553777
06633,2015,0.4595147793730756,0.11987067457001765,2.9411757374296688,1.2895364445812536,3.770400325348064
06532,2015,0.42666109604049574,0.06121666390343605,2.638506811843986,0.15540448892396608,2.278337044597019
06533,2015,0.46782873098294514,0.06770574366692694,3.1000062526375283,0.2209972971173415,2.6417117401419357
06435,2015,0.3660011134909691,-0.004186758577387595,3.5302356807823387,0.4786231126752458,2.1085085171445277
06436,2015,0.3721519848943794,0.012080224375728144,3.0678826692284122,-0.9155847821735481,2.9472019785321177
06534,2015,0.4039646389502744,0.04032405460978594,2.3320420182885333,0.5338714781706735,2.501444113990561
06437,2015,0.4592548591865515,0.01628815238077752,3.6827419758674287,0.8892430584819122,2.296028187059578
06413,2015,0.3912110008418409,0.018065007660275134,4.2115307261844155,-0.5889554711182949,1.522455845248108
06438,2015,0.43298792469385733,0.007227389742824053,3.344516136848686,-0.6407659724308301,2.0908253476797887
06439,2015,0.37626891130237766,-0.021513466571160766,2.699252444362785,0.2872476247864135,6.108524484897287
06634,2015,0.4372647079072913,0.08811200858905982,3.134134747340945,1.250489021365188,2.794297434431763
06535,2015,0.3039801622854375,-0.06277619913587179,1.9796846706288274,0.3728639270530598,3.8967311910135605
06635,2015,0.39193200101513526,0.07687274985557274,1.5882277042535902,0.6399409637857959,5.15705657685993
06636,2015,0.4285219373976614,0.11190728579494191,2.7962850767818743,1.2553115919300128,2.99932845700739
06440,2015,0.4534728038458226,0.07228728210547197,3.6300958647749058,0.4795108446493779,1.8104895113977746
06414,2015,0.32509737228036845,-0.02175487316334007,3.0358089101292296,-0.8544273317943176,3.0863310362250704
13076,2015,0.528065910539077,0.14779760274152687,2.807448199206648,1.3664594730678563,3.381757170772218
13071,2015,0.4175481386129594,0.07158377242187158,1.4521654899865954,0.6916204111007527,4.365474421832861
13074,2015,0.596376023173576,0.20250381101488618,3.045200761375512,1.5928214626917698,2.681910579534987
13003,2015,0.5141410646249358,0.13544456380405623,2.653605762440047,0.8702157051571144,2.528806994560419
13072,2015,0.5033246738978444,0.1271684833250193,1.8708601797308952,0.7012440306269594,4.022410872338657
13004,2015,0.5751883359055068,0.20774163413968993,2.6835277605657653,1.1594261729538387,3.5461066359800535
13075,2015,0.44820034438327977,0.08540670496161568,1.6896111466704502,0.6968806536850197,3.4988399814766704
13073,2015,0.5126467811330787,0.11864442200077496,2.1387305331097863,0.8712406263386478,3.440127425220739
03451,2015,0.5752622777897174,0.09255838202880634,4.211383095751056,1.4976993182642668,0.9955248372618699
03452,2015,0.5927204320921462,0.1260957653717203,4.263904542265826,1.077902954705467,3.1452174841113996
03101,2015,0.4768754518477284,0.11686529076321334,4.474699748201629,2.0480325232658045,0.38421693480777686
03351,2015,0.4729733621848114,0.09215923046710028,3.6276084929066137,1.8657116912510179,1.0148442981496097
03453,2015,0.49795538771233433,0.07049492782991118,3.942801380984369,1.348524296912101,1.4845133656250933
03352,2015,0.5402395886774624,0.08306595807039524,3.990247995300167,1.4731515756058968,3.0028912753106547
03401,2015,0.5727193166360324,0.11033758946586897,4.39006844888305,1.3494042575951655,2.3661802575107296
03251,2015,0.5398099323657819,0.09412616385602995,3.7863985953041435,1.3705100779871433,1.1677165109464835
03402,2015,0.5119047528769372,0.11486610615181414,4.629015033188485,1.013685851930703,3.1578959505580677
03454,2015,0.4746886374284115,0.05367357884504054,3.982915123636995,0.9618872785143515,2.3476559288154633
03455,2015,0.5880881142462051,0.09758047124930608,4.037283531845225,1.1037476370116992,1.4938389733642754
03152,2015,0.4797248539410431,0.13195279228652146,2.7874146061959957,1.3142681202796376,3.458418700312461
03151,2015,0.4663927001707021,0.0861416825141213,3.589606377299149,1.7372367444307057,1.0861327863623091
03153,2015,0.46678271620506745,0.1269441719049864,3.9442991809809764,1.9756674903149714,1.382090681833819
03456,2015,0.4806245085380769,0.02351034019707049,4.366787780990254,1.0444941336711437,1.999048220002575
03252,2015,0.43336885267567243,0.08215495248532184,3.1752353951592545,1.4000257676915044,1.219590879302925
03353,2015,0.4977928595310892,0.097658231332998,3.8170858635150187,1.9978840598446277,1.6995786312167738
03358,2015,0.4933457735953007,0.08276436788048425,3.4458184802227714,1.5663014813951288,1.5499154989621349
03154,2015,0.4800084608115183,0.10169478962016104,3.8397103249189213,1.7496255209351084,1.4667127421017279
03254,2015,0.43428401143989664,0.09807902893325987,3.3339474161073066,1.281879395189248,1.4677054870511927
03255,2015,0.44856990358055493,0.1122758704859434,3.139981301340895,1.6233602177754327,1.540757433033739
03354,2015,0.5204356073641575,0.11615762555547876,3.873240261594937,2.021813093536159,1.5085892792193676
03355,2015,0.5061249335946622,0.11562190757443258,3.7511814215658443,1.9377014672148656,1.4063595037661558
03457,2015,0.576404586557144,0.09599443109996558,4.0359713063511995,0.9085248614307573,1.8863103156367156
03256,2015,0.5463972899972638,0.09953741239901265,3.906868610518141,1.4041331852216437,1.6095488626424619
03155,2015,0.4629084056618416,0.1319546759667326,2.9880378821681397,1.4239887954365353,2.5630014765447817
03403,2015,0.5256251549478643,0.08720447952550109,4.326270710313704,1.6246844733115084,1.2066204472219508
03458,2015,0.5667501048915616,0.11296815062853416,3.9256116847493323,1.441593909826517,0.9888963472883248
03404,2015,0.42780569598002444,0.034528988606138566,3.8159627886352774,1.0426568000546563,1.6319329393437354
03459,2015,0.5028112894184238,0.06881045167427835,4.062742728405755,1.4027561337022822,1.3337366427517916
03356,2015,0.5640566531400264,0.10076974304345482,4.350276117063998,1.8867590533029883,1.6154373689716097
03156,2015,0.4975775176143103,0.18242826290763642,2.273771031229741,1.2296494642853375,5.757916259223043
03157,2015,0.4417506264283661,0.09000182377011035,4.013738383515382,1.7066404421240837,0.670964725922677
03241,2015,0.47487918095773624,0.07605603545448991,3.8826015105733824,1.5135752457657565,1.215633677433808
03357,2015,0.5306460531648692,0.09818678487716004,4.057518559969275,1.8444613939194427,1.7168566727733103
03102,2015,0.4511364092071228,0.12079117147471308,3.9962570194078695,1.722588720354441,0.6218882147880296
03257,2015,0.4348352659249383,0.03143095647036298,4.2032028795061285,1.8459041934002953,1.3836915060807826
03359,2015,0.5355566388086652,0.10866623078580817,3.9300476709433996,1.6773983480341976,2.474641612632879
03360,2015,0.457913345499355,0.09747476457651005,3.0360649044513432,1.5171877072122135,2.717421458369495
03460,2015,0.49521316970585977,0.0725747244451227,3.9875560452107806,1.401293128807017,1.6681803716491572
03361,2015,0.5715318406536163,0.12585560557372316,3.9122181449983993,1.544599162880699,1.4409103929506222
03461,2015,0.5548823674683981,0.06964720329575713,4.338068217444028,1.5218465775823886,1.4513191746960603
03405,2015,0.547248902560576,0.10707856015741868,3.853022779635851,0.7818080831818666,2.1315217391304344
03462,2015,0.5969628585772934,0.1160261373526778,4.130582320115175,1.1298968148156292,2.316626031684017
03158,2015,0.507042284783311,0.1487664362486581,4.314233408134967,2.0966973514320517,1.2435513795660913
03103,2015,0.4867185697351703,0.09718977466854933,4.194909228841095,2.120452619580225,0.6865434253099212
05711,2015,0.4587456605659565,0.07617302413275057,4.1398527231904785,1.676705004210156,1.6278130035873648
05911,2015,0.507817889526577,0.08570461226738463,4.678170510518267,0.4157346585093,2.158508644032493
05314,2015,0.49111132187981293,0.05907194202128824,5.293486644231797,1.0114430417230453,0.3544206339022199
05554,2015,0.5272256121900528,0.04569827539674137,4.6199400869114715,1.1167129371258078,1.7610039682805068
05512,2015,0.49732048262099127,0.06193020960351148,4.397774651126215,0.6169872463201362,2.660817740817741
05558,2015,0.4750435945985313,0.033674086803941516,4.342841371721929,1.0638546107487405,1.1627839701120435
05358,2015,0.46804826883043243,0.055580557885594795,4.458680211590985,0.7246545546807863,1.4989601552051013
05111,2015,0.5109909909184783,0.07941471322840793,4.843792399518961,0.8696566214027088,1.904630174612517
05913,2015,0.5043863682312338,0.06865544421267716,4.852351380373543,0.8533741674477202,1.3004146673109556
05112,2015,0.4860887824084867,0.0690402099978149,5.008168387297506,0.9010067519071914,1.3496749567603028
05954,2015,0.4635844726980999,0.04497030993122442,3.433809902123221,0.40264516768876124,3.170947325438954
05113,2015,0.5483175153316204,0.08773014489541575,4.840401369741461,1.040901267491987,2.149226492966842
05366,2015,0.49999178926893556,0.05844349890129469,3.8823331499064024,0.29703136378652895,2.5829572915771526
05754,2015,0.5055651890725943,0.060608487159720614,4.1205419357443756,1.1063298540965585,0.8798137268173819
05513,2015,0.4741880921444938,0.05569336033645916,4.7726973303368005,0.4788120412570418,2.5249003984063747
05762,2015,0.44485773489080954,0.09382476622754665,2.6174384978363427,1.0797011988829417,4.1855459436006095
05914,2015,0.4672485560208981,0.06419558524475044,4.30375246027563,1.0496270039346647,1.6061220726535126
05915,2015,0.4759744453963231,0.022720856064783135,4.892264722412495,1.3901475801502152,0.81045379223101
05370,2015,0.5107552735925759,0.053003844965380076,4.8370372220311975,0.9309797313453787,1.640858313959683
05758,2015,0.47681242772000204,0.0745996004530819,3.8787296171533505,1.6431260350626586,1.3191883572231908
05916,2015,0.5388367436031881,0.10780653301251586,4.552857100799719,0.44188777636701637,3.9890650628758886
05958,2015,0.40218420854946146,0.06884490690310269,2.304495159435257,1.3282953319571367,5.015771607167481
05315,2015,0.4543360181529457,0.059274656420481964,4.762516398539486,0.5267635402649562,0.3146033864961708
05154,2015,0.5237336630411059,0.049759369482464344,4.768403053560915,1.0373004237591092,2.3229268543542916
05114,2015,0.4901665376499098,0.056165122878955476,5.240779378637655,0.8413195927280901,2.0329613759898257
05316,2015,0.5283119843914329,0.09365801366638571,5.353552729160111,1.0683332447227034,1.2211874272409777
05766,2015,0.4202806579488624,0.058104125959929476,3.7564655751569145,2.0479531323892406,1.8279421434657672
05962,2015,0.49743645750243903,0.08559263371087938,3.4206857929648455,0.9286092850282541,2.7823718043884917
05116,2015,0.5060987050601508,0.06633615677747273,5.13132170279862,1.1228168085285475,2.225275256364067
05117,2015,0.5757923040764026,0.106710315359693,4.634132743493006,0.6322433843790343,1.9280809961596648
05515,2015,0.5094723614277081,0.06042439192728927,5.1046525695602165,1.7645456294411326,0.8943490286079376
05158,2015,0.5032640428619083,0.048758895373737565,4.595045722900602,0.9461269272427884,2.7843723503949303
05770,2015,0.518057473606564,0.08527134875552767,3.7739244439946833,1.2126316834128996,2.0302237925831155
05374,2015,0.3208881213457145,-0.08042697813329053,2.783131234750673,0.6637779005255022,5.4128153194623465
05119,2015,0.5304082333128255,0.12216326748446427,5.670607853455185,0.7521614852841694,2.4707324547961997
05966,2015,0.41500854412271926,0.08743305971079646,2.7950948923712877,1.7781305226737598,4.74160088121902
05774,2015,0.48639325766611546,0.08165286987152132,3.537459882001528,1.1895545391223452,2.6873677430232066
05562,2015,0.49748776090973545,0.0481302396825003,4.673325728113037,0.888001452225224,2.5428292137239574
05120,2015,0.21709482851218412,-0.15144668099723976,2.3745702004724762,0.14592875467422672,5.488115165718111
05362,2015,0.4534535096379307,0.06210423506547402,4.804450759782041,0.8015459347638751,0.9022889498318443
05162,2015,0.4624457019660008,0.06666284323883837,4.800539294279947,0.8948154615952504,1.7918181869971348
05382,2015,0.4737727521752534,0.04414589062105545,4.494675249004474,0.6513549965697516,1.0630781046515507
05378,2015,0.4780734363017743,0.014953400755441104,3.809310248147151,0.4862716421218205,4.151526493075977
05970,2015,0.4448528442180792,0.1255548833774966,2.5584345676237876,1.4590414928677502,4.392257121986851
05974,2015,0.5269574557087313,0.06925757394156329,3.981770863516717,0.9635934016659751,1.5469499425011586
05122,2015,0.44890344489769546,0.017692743811803968,4.646707199958586,0.7692819827165787,3.975407492136117
05334,2015,0.45462447558556307,0.04274843989973842,4.705482481917187,0.8109154456467782,1.7814338235294112
05566,2015,0.4731216535570628,0.03836937507417526,4.275098831935055,1.2320281942299616,1.089928254832453
05978,2015,0.4897061556067899,0.044769083028813106,4.502213181527815,0.9870645433839078,1.0744707626692056
05166,2015,0.516594037007267,0.055742234515080535,4.974640031985165,0.9696098470779848,2.860991761967159
05570,2015,0.4842221243737915,0.041660243796123264,4.392788228353993,1.245236632674564,1.2198512842144456
05170,2015,0.5385453266235627,0.05306606527911428,4.728308551748684,0.87489021798809,2.247241579558651
05124,2015,0.4640157079103853,0.04448414474479245,3.88340707502957,0.7027822422347532,3.4738248391885214
07131,2015,0.466873636789047,0.023016494910715668,3.5664171458741,0.48448322660140875,3.045347675307119
07132,2015,0.3775338304916308,-0.0514099498176509,2.75668236757765,0.21469426748427978,4.218107092531704
07331,2015,0.3181909667567872,0.0014490887647730655,3.3987177884922306,-0.5840537804443242,2.672126087902321
07332,2015,0.35071294626637134,-0.004640198931617767,3.924486927981688,-0.23886167713058448,1.4907308343221746
07133,2015,0.3218332440578752,-0.07100631363519033,2.826899038215235,-0.14324559778129498,2.669372010143626
07231,2015,0.2841769546414006,-0.08496201421464755,3.638084641716204,1.2672194940131352,3.9572400488100823
07134,2015,0.23243538433279046,-0.13410658986194615,2.0949940799235267,0.42950067443849793,5.422607692648953
07135,2015,0.3278331821829595,-0.042380830075957554,2.868712645917379,0.7594155302398828,4.210318909426927
07333,2015,0.28488113835186424,-0.09139704205536442,2.9225605481584735,-0.19329120086079854,2.8592170627821005
07232,2015,0.22005279473448255,-0.12896611331479138,2.1671147327020894,0.1600015641820769,3.983784167296914
07311,2015,0.2728484048533321,0.007386031218541811,5.506888603012301,0.7675881555887258,0.2798098877032758
07334,2015,0.3195911353674085,-0.00389431066587248,4.927456517509087,0.81678123329299,0.7482113952735508
07312,2015,0.3712743094266347,-0.023240612380482084,3.2693041444796846,-0.17600616329738772,1.9392865309855931
07335,2015,0.31369519954986486,-0.1022686958308563,2.287486329591624,-0.501767433408467,3.006382096392146
07111,2015,0.33766446658994503,0.0023348946343431654,4.988504207836753,1.183568552401439,1.5560233689089071
07336,2015,0.2095217567843783,-0.19240668850477372,1.2850436895241317,-1.1331668671952266,3.5939723969580277
07313,2015,0.3395208993930383,-0.003237570105251497,5.487976587953498,1.2375455512605615,0.8041218849651585
07314,2015,0.2846993214154199,-0.00560531546911458,5.65674793041177,0.6269885156561612,0.27429994096660754
07339,2015,0.34817357135952137,0.008825190594730747,3.1128725562791586,-0.7697976697642268,2.9175023139907434
07315,2015,0.26774631936063786,-0.013053784155036274,2.541692692427491,-1.2949087410391504,3.0572205898356737
07137,2015,0.4605671910313531,0.044412698003710505,3.7376820884628006,0.6650197120678079,2.567486393114084
07316,2015,0.39806614753358943,-0.0014240824980173983,4.4166486123159485,-0.07165851891236041,0.4012476771967083
07138,2015,0.3699333143311757,-0.00337483476712952,4.412918883932088,1.320868654913951,2.45632034674294
07317,2015,0.4155975018528272,0.0013345525679960835,3.2688565477124794,0.13721675177988457,2.49014672036824
07140,2015,0.2954524764088768,-0.07663483541852267,2.322741174866432,0.3589380687747621,5.182379766359371
07141,2015,0.42357565218163695,0.01582053902547209,3.1188638265984383,0.6585502575273616,3.6922518908885325
07338,2015,0.3100316001876101,0.002020994740008497,5.112313745003101,0.6371559029250582,0.8661722525129846
07337,2015,0.3510875862437967,-0.009584804708538286,5.017530496655954,0.827392283598197,0.7369948333215371
07340,2015,0.4139978466227658,-0.007777410604021373,3.011800182184892,0.007786377866656036,2.305032682950803
07318,2015,0.3312110060806215,0.017874525764291438,4.854632161275929,0.45424900850694616,1.4618068535825544
07235,2015,0.30345898240498387,-0.07532202696064166,3.1326180164370525,0.5998200384633567,3.7061023988924098
07211,2015,0.30267748299905645,-0.038717414953959195,3.9930378394618256,0.5759979301492995,1.1262673971912585
07233,2015,0.2028259682558493,-0.12632336413544792,2.658010819614978,1.0767167699500455,5.09163824498526
07143,2015,0.3148046714599494,-0.053460373105838954,2.729275355502041,0.5030459575821276,4.465354775138476
07319,2015,0.2877788712268237,-0.03932036999857158,4.283199176938622,-0.1676311093515066,1.03106244077077
07320,2015,0.335190770803803,-0.053434978890147034,2.143406173806994,-0.9376599649692792,2.298663584911252
10042,2015,0.2728135743835972,-0.1275256396689653,3.1690695936015048,0.3514586343761543,4.2290770146262
10043,2015,0.2103909620503694,-0.21541595549148612,2.1164013874452867,-0.7783554310437957,3.6150642932320505
10041,2015,0.33251545931521514,-0.11751667781352515,3.1108122713826805,-0.5586514332030958,3.0290323309459795
10044,2015,0.2689634848831939,-0.15452092648779692,3.196209075235133,-0.27587538727978655,3.630723496255116
10045,2015,0.3559462292949023,-0.04912404890802741,3.3515645361813693,0.18109572497751358,2.317129327946479
10046,2015,0.19176025417000062,-0.18852406556500304,1.8835863056353188,-0.3900778453735054,5.296494857969892
15081,2015,0.5219983970945451,0.11146036043192298,3.6887940864260464,1.6703392443762413,1.8718648999607566
15082,2015,0.5509191462522162,0.11876332410615875,4.271242602826993,2.055708176733356,2.46139643457441
15083,2015,0.4874557706954439,0.09964409463736512,3.23563135140509,1.2078338270487259,2.9168304131480065
15084,2015,0.5516416754595238,0.13920373117376011,3.941102668044943,1.694183809374509,2.853769823311699
15001,2015,0.5610308552550393,0.13047378970545043,4.549607375801311,2.482421417182931,2.0572019356912628
15002,2015,0.5901717884648987,0.16475828266659892,4.426257641253249,1.7655360609190298,1.2321016721122426
15085,2015,0.5385177684024262,0.14467369224095727,4.062138535904875,1.802721960105421,2.5596482454678187
15086,2015,0.5493705677957846,0.11281028311702596,3.961440790473701,1.8397267675965785,1.7478688601908845
15003,2015,0.46672645715616984,0.08773603010401287,3.4089370097821154,1.1394913178982358,3.4106571964663903
15087,2015,0.5216665575666812,0.1383067846471313,3.152904861942015,1.4120023049999917,3.7725819019674405
15088,2015,0.5801459191966863,0.15300797804847505,3.9044913860947164,1.553882031066352,2.3251929113412118
15089,2015,0.5382006322801223,0.1240766068257167,3.8448870101481853,1.3884260450540533,2.91049716033389
15090,2015,0.5384341334752496,0.12773363673842902,3.453228178314854,1.3924666107490675,2.6706824419574517
15091,2015,0.5580986910404623,0.14370472692332936,4.185431295137576,2.353510332775418,1.8106467595618652
14625,2015,0.5477621986779114,0.1750566574667729,3.8890332819643194,2.662884802159244,1.6724737813448052
14511,2015,0.5325059734551905,0.18504782970980344,4.386308809936467,3.0898434364984024,4.861097270171196
14612,2015,0.5152589854261526,0.16450268787838634,4.899219539847043,3.4675948779549284,1.634028291192272
14521,2015,0.26340573804376455,0.012238367699297648,2.674342530084508,2.6876809622269557,11.77896139644879
14626,2015,0.4886492222321492,0.14471377026606713,2.759186550828058,2.09508083444537,3.499494072240549
14713,2015,0.5631595527840554,0.13671398408993574,4.081967475882095,1.74132735650905,1.5120412580006437
14729,2015,0.5973776887068337,0.16680380261458105,4.344170197586903,2.35147282172915,1.611877182738325
14627,2015,0.5958035077699841,0.1667352496136955,4.671928879685302,2.836296175328684,1.1794847301025635
14522,2015,0.5313571898721788,0.17220274043123313,4.0161911677952045,2.8876537340230204,4.242068320797936
14730,2015,0.6047104441919603,0.15767849699432274,4.3722990342680035,2.384086033640541,1.3157344552245567
14628,2015,0.5095621387549754,0.19836713101579884,3.788368889998009,3.132733303484196,3.8611102588007644
14523,2015,0.2778731094932835,-0.00533963910441676,2.840733124622127,2.40101202223678,7.2024935064935125
14524,2015,0.4988760531846714,0.12590558712650296,4.266313112366832,2.738385706140678,3.729890770935569
01051,2015,0.5281812743106901,0.11972725388523553,3.632685537017023,1.551579168416454,3.2525032205791855
01001,2015,0.4817573212865359,0.09519774239647699,2.7306976056282024,1.1827008811159831,6.410960546828156
01053,2015,0.5885681750090833,0.17110430885113337,3.937787735932872,2.4043211138641905,1.4401498808198367
01002,2015,0.5517850656230064,0.1452063252805602,3.336381987735769,1.6976344486785566,2.5691370159229407
01003,2015,0.5715946561896512,0.15624826617234672,3.5601809681255694,1.842186924441388,1.7574768089053803
01004,2015,0.4927745102562196,0.10383125698420675,3.776846717947256,1.959731169244247,1.9824954203134544
01054,2015,0.5497949351391789,0.10792180496423615,3.6518568301906624,1.459392526857434,5.357441106841357
01055,2015,0.6140201345032482,0.19250026977093465,3.3415170452390592,1.5406743094678488,2.165539845334833
01056,2015,0.5452262704555323,0.10858529380400256,3.9387176175289356,1.687406371850955,1.386139084172525
01057,2015,0.6023054661421596,0.1817575212998156,3.44849075529165,1.9392435154334111,2.162658724623886
01058,2015,0.5274290885759756,0.0921868502675966,3.0801250057490517,1.4006096960140986,4.2069105102064395
01059,2015,0.5290609853332338,0.09498235113565362,2.948534758938071,1.1927605025928554,6.20017076751108
01060,2015,0.5688567338243168,0.1480316495882698,3.3230477813812014,1.7955452770243634,2.0758052994630263
01061,2015,0.5516435618454332,0.11019484018884929,3.632673954337748,1.5928636483086196,2.3472576417187963
01062,2015,0.5772464414254563,0.1529540330400163,3.565759695007725,1.971496939740614,1.8432254723008807
16077,2015,0.5459808727002394,0.14456683136500598,4.2152234919900105,2.3472733533796912,2.8274455462174797
16061,2015,0.4194362548426762,0.12645206442863555,2.2551158538997926,1.3785661079451126,4.334066715094247
16056,2015,0.34389793041446454,0.05437199755172034,2.9594410467205146,1.3346696560575846,1.6367500909560928
16051,2015,0.5033208452229523,0.1366887565671689,3.6800458975876147,1.2586932963945228,2.009093748352214
16052,2015,0.5306274562103397,0.12962037351645117,4.034886037483094,2.1916175193875427,3.5777113924964574
16067,2015,0.47928755052002053,0.12695270920384372,3.471865237216807,1.5082784334288206,1.9425895256224346
16076,2015,0.5149462181489348,0.1435319760902098,3.947787944683289,2.674025176800387,3.2433341502179083
16069,2015,0.2965009744172399,0.025919567306010416,2.1645794363529305,1.231433720228325,5.902914602374383
16070,2015,0.47470053455917677,0.11643783307903938,3.5687187387060586,1.6749219844100354,3.501487868777234
16053,2015,0.4377110204818256,0.07132289450698936,3.911619056924345,2.043092570662693,3.9058399866004154
16065,2015,0.5441309578912046,0.17782326817101257,3.170769128466541,1.2860640625267166,2.416639153314238
16062,2015,0.5198428198035795,0.1815548544925612,2.7719369410340087,1.5477442709979687,3.50824533060131
16068,2015,0.5643219725708358,0.17147643225301523,3.835131058966118,1.205544984697477,1.9722559500527375
16074,2015,0.5102668014846198,0.12334528179629811,4.102132828078916,2.2352815577169745,3.405217279600673
16075,2015,0.3471626881734513,0.04437860757680223,3.3021860544509787,2.693919237323683,5.862276254930434
16073,2015,0.43951224184055393,0.08403435997161318,3.457340686767984,2.1468471747895546,5.000296668476137
16066,2015,0.2542108081560047,0.00010915828923491189,1.9556488900977371,1.2455550974008651,4.7019892731348065
16072,2015,0.1406567515257281,-0.08865109202336241,3.188619008676612,2.6235560839067693,5.49323416441591
16064,2015,0.4768020874247705,0.15595070643159437,3.029226899802965,1.2590763320896206,1.8932439829482304
16063,2015,0.37139804257940634,0.04972820363047087,2.915388120472248,1.58939736305028,2.098907375001085
16071,2015,0.5061209210878579,0.1290534938038574,3.8885475170253323,1.863627488317785,2.9370107785571196
16055,2015,0.5461766826447745,0.15912353048758832,3.9922312646786784,1.8020397137736204,2.1734336014516775
08425,2016,0.5158479336588682,0.22705570001310227,5.090191639078702,3.5750773469801183,3.5117613186631775
08115,2016,0.5219554496600666,0.12606369579039423,6.507452021840759,3.643332849325331,3.3799643877747965
08211,2016,0.4729061684296579,0.07719106599542352,7.7013498547754295,3.1528364999333798,2.4620364920541493
08426,2016,0.5445382112971832,0.21075088839295386,5.245030936566812,3.5641240117981665,2.066640648695884
08435,2016,0.45683700912387165,0.12295597808325442,5.849712807712687,3.494089460129595,4.189360360614699
08315,2016,0.44029707807394575,0.09060148875450624,8.118494192582702,3.491033783751898,1.443370897861357
08235,2016,0.4887755802088753,0.08796717935787901,5.933995946375686,3.818023223946979,4.549722443485296
08316,2016,0.524404019949421,0.12450100727324187,8.90272894416708,3.860742268714241,0.9059499367469255
08236,2016,0.5678569908008859,0.12495169897924308,6.793985759289884,3.4978260689308502,3.5443449276404912
08116,2016,0.5067292682829251,0.10645913873941432,6.398314136959433,2.990747572043853,3.686478223044698
08311,2016,0.5126775903863058,0.0883938866852027,9.09088082055306,3.9283644620125378,0.8404420528007513
08237,2016,0.39132271925641665,0.021433812686750042,5.643860316396722,3.4666308478313903,4.926065228981024
08117,2016,0.5781130967836173,0.20849736668441926,5.260187810222904,3.045017043038673,4.023481741409174
08221,2016,0.48146031843012294,0.11013096899525354,7.771081585836886,3.049881179207407,0.5103404545897962
08135,2016,0.5186069173994209,0.23469295233793552,5.424919388229282,4.160635490026046,2.531809546703525
08125,2016,0.5139269083322031,0.12484317953489615,6.252360627698128,2.791514908935271,2.4911725334872696
08121,2016,0.4554410105942005,0.09810407115804198,6.486444210240784,2.621845897336831,1.157483852850323
08126,2016,0.5715922742265926,0.15827758179647422,5.475898232054666,2.6754102025639983,2.184489685000442
08215,2016,0.5324828038059138,0.10531898418663665,7.2383169362709,3.251901206397063,1.8349418967887055
08212,2016,0.5143255996371248,0.10734735081579178,7.574725171254119,3.274751236819304,1.8206572769953049
08335,2016,0.3713897953805496,0.050947784589880474,5.472777445108439,3.065001992417489,4.170041589790118
08336,2016,0.5129373225522049,0.08696444902251566,7.684245003772451,3.391764281281647,1.072810870161954
08118,2016,0.5249335173106677,0.1305177917942223,7.071291020291147,3.29051117239712,2.353429117783867
08128,2016,0.49653047461558225,0.1149858119116593,5.446080879033985,2.960557236946878,1.1180861327806002
08222,2016,0.4308170960183703,0.07307659576185349,7.420114128092919,2.3571692150333856,0.6319732556146066
08225,2016,0.5172762382370489,0.13448296381851682,5.816177586722851,3.421513395308042,1.3453535142172934
08317,2016,0.5097384576599836,0.12269597356283812,8.160970156684575,3.555700536335789,1.1351337429913941
08136,2016,0.5588812826165773,0.20277057806852294,5.679405677721499,3.9481083187947448,1.8521710006470884
08231,2016,0.5684432416295835,0.13162814561040193,7.328137990235438,3.9177134255362493,3.987297459491898
08216,2016,0.4953848012889472,0.10338831085150663,7.398748187334797,3.0176965265165734,1.1256849454073143
08436,2016,0.5876041066996769,0.245486543814808,5.301017832654462,3.319594344270321,3.469142615114662
08119,2016,0.5705459658047597,0.1477142538673451,6.397424413529054,2.936195781395214,2.0173431767579793
08415,2016,0.5002103224023579,0.22997492544235842,5.063046930247393,3.839536301358856,5.03827105657654
08226,2016,0.5245568843423963,0.11681650711413566,6.996386527946845,3.0632742547856293,1.4261306187358285
08325,2016,0.3570882549040982,0.025301373654297132,4.911600738760991,3.2570471176968345,7.055626433583517
08127,2016,0.5486786399925403,0.17395486026447027,5.066844856754753,2.970078729428158,1.8453145269907358
08326,2016,0.3411035309491393,0.04076475420150594,4.328852353057675,3.172380130776305,6.908209668117926
08437,2016,0.44848012095679485,0.1525505857435126,4.786196199043281,3.5106166555327714,4.649947482334967
08111,2016,0.43377741400629627,0.07055019975983462,7.359505313268402,3.343001026533682,3.2407572842220995
08416,2016,0.5260424300385972,0.11206829984931499,6.363621720912304,3.2387828772047578,2.77993560261038
08327,2016,0.327805413235418,0.0430828605833366,4.320249652003496,3.0873829155704744,7.109705264539844
08421,2016,0.4825590182487884,0.2030599014840176,5.274320116976331,3.4857018487764213,3.3895129635368266
08337,2016,0.35977189346015165,0.04878482058198813,4.7097554864740365,2.6324865949934644,3.98076159378723
08417,2016,0.474345832996988,0.13328955720029367,5.4442148579032015,3.3646768039454393,5.387355467029189
09771,2016,0.5647018586045782,0.23299326638766155,5.624110010487994,3.7540506015463286,1.4988059166517307
09171,2016,0.5592479787335225,0.2192252526482853,4.586464614355546,3.1217318091818615,2.4970496684936556
09371,2016,0.44160582183160674,0.1352245741709544,3.31082475677394,2.8927955920748296,4.218453404049825
09361,2016,0.417129274789774,0.09404622924717304,3.28636916625899,2.360239111250038,3.994031678016681
09561,2016,0.5124137409541862,0.15355149548192332,5.6395602800745515,4.138431707074153,0.8435856515904393
09571,2016,0.5214767376818968,0.14868231259388898,5.40794703461012,3.63628603085061,1.228433373630317
09661,2016,0.4725403062836213,0.07072581072488299,6.3358757568115625,2.059853164223333,1.5644903042163316
09671,2016,0.47569712882469395,0.06285591343568886,5.471469263940632,2.179426975900022,2.0161600012539282
09761,2016,0.533223823402493,0.21231853307974385,5.97627799488764,3.4043388691395977,1.068988352615792
09772,2016,0.5487950652990364,0.2080101654088649,5.501637934812316,3.4463239740457388,1.4783707991349595
09672,2016,0.3026665182422819,-0.03785534730108836,4.637259441766211,2.5901515185193724,2.051289824135943
09173,2016,0.6033933987726532,0.27202170237188555,4.924234916861697,3.1926191945764177,5.528799061874872
09461,2016,0.4078109525240376,0.05900914323885381,5.1388545223441735,2.3959416712905246,1.3921404682274245
09471,2016,0.41728247629438914,0.07105822318891242,4.51847255841168,2.8052109869427544,1.9602502271007285
09462,2016,0.3193346043100804,-0.0011458317108504201,4.531705792234475,3.048909767374181,2.9455837082642677
09472,2016,0.30699875388753495,0.032920848344792086,3.5264152255527494,2.960758534161328,3.377382929259383
09172,2016,0.6078620541369756,0.19736038718357868,5.054412821412561,3.055060234460491,3.1765776896316287
09372,2016,0.48908370003270324,0.1606695133489,3.7014509150197363,3.192562871495933,4.324251620600337
09463,2016,0.26182131543769344,-0.03809008997819635,4.2897495867428495,2.7373890511247545,3.133934638907765
09473,2016,0.2821684425659005,-0.02825433771420871,4.165138952056006,2.9046785330286107,2.7240693192190766
09174,2016,0.5487397667504448,0.21863759347350192,5.049874510091706,3.3624800225011136,1.7646122494499816
09271,2016,0.3570779519611094,0.12414576314934395,3.8712639651721,2.5498733323868104,3.7669172666949047
09773,2016,0.5164742963090381,0.21324231515950276,5.8552222692585785,4.09205699647811,1.6687864635442193
09279,2016,0.47973298786685353,0.17113723237316997,4.606746885281164,3.0840468029847026,3.311694491601876
09779,2016,0.5063916161437674,0.18752792465992485,6.051213464430207,4.206726963868379,1.3868240818077164
09175,2016,0.5676533477071276,0.20985028674688255,5.277562747958727,3.283654889916514,2.1333363407452373
09176,2016,0.45873242369421413,0.16945007462167994,5.908966811212757,4.649381300835026,1.9388419562640025
09177,2016,0.5478714608165038,0.20837540758818235,4.9429394442491175,3.209598242305886,1.9896457426543546
09572,2016,0.38821578271971513,0.012891036601394013,4.907990707409137,2.666735472260015,1.0857294061223475
09562,2016,0.3888573505364592,0.04364612170838139,4.990761331634974,2.4759592813223605,1.1083914999224445
09179,2016,0.5647017191759476,0.22188392766544363,5.284306437719798,3.3393566185725714,2.482450758518502
09563,2016,0.3538190914949813,0.024210628620379593,5.198999097460933,2.2606117914277273,1.1581888190845664
09573,2016,0.44921844366487657,0.06277981876930538,5.934504163780363,3.7588665325288613,0.6607921311375727
09474,2016,0.40249573238942593,0.0861822910042595,4.995277954181318,3.2446011315485324,1.8947349800591795
09178,2016,0.5290607965931262,0.2013356633468153,5.855018450220746,4.066389407346317,1.20297517319202
09272,2016,0.37270652098602286,0.15116167940293757,3.1181806401178296,3.0413091593147126,7.685919598671277
09774,2016,0.5702515506628839,0.2114984498342632,5.128853735664595,3.1357968103481575,2.200134943748289
09674,2016,0.3771559606511207,0.01728999007534382,4.783508164952353,2.707904560651951,1.6403995543642256
09464,2016,0.2862541650291282,0.09559009500401261,3.3316512688724993,3.5610861876885727,3.7228760178214766
09475,2016,0.18876717039861368,0.008915430896158594,3.252318535987211,3.7399784030820307,3.5405469548707473
09161,2016,0.45987902035876355,0.16608341304014007,6.353342339317045,4.231748262358822,1.7587804796542397
09762,2016,0.6671669017214802,0.27933040306438134,5.915963083877481,4.138900798096933,5.4088397790055245
09273,2016,0.4867245053142546,0.18745391510224946,4.757205654421044,3.5008377331275056,3.0837580047383373
09675,2016,0.4512588721612909,0.08607199276807515,5.146795677873512,2.2100453666474946,1.387967369877038
09476,2016,0.22579256987138777,-0.02050232766728191,3.81169098277694,3.182372913711614,3.3791282907960447
09477,2016,0.2697246896007999,-0.0005180275320217365,3.9703999373544474,3.2428212964994203,2.9189618553450667
09181,2016,0.5744872411071439,0.23321601981413287,5.305430367274271,3.510234457460473,2.3333849308107046
09261,2016,0.4815603703885301,0.16147218995156937,6.002798491289579,4.156535807284416,1.3844540961509657
09274,2016,0.5401988080398691,0.21229276152500215,5.293181083679544,3.9823522094530923,2.0541807993921792
09478,2016,0.40074123824920227,0.06651129917084647,4.10373470619547,2.8117638709047448,2.8460170753467935
09183,2016,0.5749737323271291,0.22938744586224774,5.01438852293859,3.553269795563588,2.6681980500555302
09162,2016,0.4600842873389515,0.14124730715681105,6.012610953470656,2.905354064331457,1.4695931729814344
09184,2016,0.4892183510155352,0.18103109489454183,5.410702493182603,3.094973590483648,2.4467889469222555
09677,2016,0.37202994247509774,0.01587684009030238,4.8777726848206475,2.371802914747254,1.502508777900174
09764,2016,0.5869332777307886,0.20602932319992973,5.2466671666109574,3.289148929469527,3.672087455391427
09182,2016,0.5941634903681478,0.2882481828936414,5.1563238741042055,3.7196353257586954,3.6713854284635707
09676,2016,0.49481348510292206,0.07827522460513325,5.657116768076068,2.82055774730732,1.2347214350015003
09574,2016,0.4350836548381877,0.13984658331576616,4.218900279100147,3.1277388822102727,3.317554262390027
09564,2016,0.31573720584709575,0.016311535785837994,5.985419171665879,2.7905475457168203,0.67794830880346
09775,2016,0.5454749441030329,0.19637339458919895,5.250946378027466,3.127350261783466,1.9915371415167715
09185,2016,0.5024052974781622,0.19916104006590635,6.2082403741436964,4.272170389901465,2.7463647433424843
09373,2016,0.4810027561649004,0.20709150273379023,4.197772240725834,3.457522446372569,3.739815154570252
09575,2016,0.4425206709684388,0.06450480203887426,6.042674630674392,3.6001752758168113,0.7645427454222864
09374,2016,0.32592814961572836,0.07530989778545694,3.1867650134981016,2.9507809369749887,3.7531996891651023
09780,2016,0.6240302649121524,0.29608303199465724,4.6807282824128,3.524070349450146,7.065629557608167
09777,2016,0.613445939148014,0.24756951292338603,6.090223156371439,4.282778680715332,1.8909924242424243
09262,2016,0.41109516748564745,0.14103590528443255,3.854846569183588,2.3410727168107117,4.494153901930572
09275,2016,0.4263853758211887,0.15401782195394892,3.250774739324243,1.9478343149019781,4.1992206716337765
09186,2016,0.5282505006523769,0.20044887644720294,5.76862906247301,3.9606695284564175,1.6025233761285025
09276,2016,0.4096273980103433,0.15312317202187842,2.781621867715647,3.169381926027016,7.375
09362,2016,0.3836426875382659,0.14835646360568847,4.598655689361756,2.809105837271244,4.463162661685207
09375,2016,0.4199700198980048,0.15228333030579588,4.2729005492045635,3.2065195319491693,3.835131649369438
09673,2016,0.3227077331951901,0.019298474042993174,4.649369443045192,3.073409667067369,2.2920603668163015
09163,2016,0.6178676819640372,0.20619130509279288,5.435377430150408,3.156038781917204,1.0858561395010902
09187,2016,0.652687420130054,0.22946220963069003,4.715474193722146,2.8437502960299987,2.2356358751053262
09576,2016,0.5152517784401092,0.15470038617088916,5.409100987950167,3.821546349739641,1.239322613331818
09277,2016,0.5564847652871419,0.22367833981732543,4.405103549452393,3.2033134024868524,3.5265927437426483
09565,2016,0.48966491155089564,0.10794227581632576,6.076949530896179,3.7873543387167494,0.41778132286170083
09376,2016,0.41989243628946527,0.12312045818069184,3.831940854134482,3.226689985539622,3.8623524340448943
09662,2016,0.3936262842506752,0.05638213650694912,5.172052774485962,1.753595804791522,1.5775751895714405
09678,2016,0.38960142012913546,0.03566386428414481,4.60659393734281,1.9911041137014602,1.8984881882217657
09188,2016,0.5801831941430001,0.21640319118671608,4.961832337279841,2.9319577312672442,2.993576634444735
09278,2016,0.3856310739104697,0.12616096225441237,4.280062182243562,3.0544189201008254,3.9787815226407135
09263,2016,0.31407357066480995,0.10902210325066944,4.360353800053396,2.807197045342887,3.9522730680171265
09377,2016,0.22059449552059826,0.019388249211307496,2.3859429456527184,2.6597265303548743,4.938300619981205
09189,2016,0.6109004935705725,0.24916125215267454,4.85510501837165,3.4532757808256234,2.5241611698802053
09778,2016,0.6136015403433094,0.22347713895702148,5.324918084996582,3.406853144288111,2.7364329825920426
09663,2016,0.43803093661327597,0.09185225582711182,5.84516423619938,2.7177793533566117,1.3175864560103019
09679,2016,0.44736393435731403,0.10462423035580753,5.071318450867315,2.4187900491192527,1.2322062752055634
09577,2016,0.528173902741591,0.1778972064429311,5.575770901740026,4.014079005930151,1.4967951765981329
09363,2016,0.4576180355748146,0.1606624523627564,4.075496631200378,2.9822546543874804,2.6234661992226203
09190,2016,0.6128627688300853,0.2171650864842981,5.771229651301109,3.580204987836912,2.0
09479,2016,0.18709661091848678,0.018723107676002104,2.199327560569833,2.9567553503312496,4.337551016125817
11000,2016,0.3782091748056771,0.041564472878147185,4.496665655789098,2.376253984607025,4.476265261664726
12060,2016,0.3985027878506382,0.05608724823760125,3.32768977904038,2.2769047665442983,4.114951033926336
12051,2016,0.3751705232331939,0.003986235711385622,3.8803261696558855,2.019465204416818,3.9034277977783933
12052,2016,0.5083731694559669,0.102910688810677,4.919528680572728,3.00330593393364,3.9563616211094654
12061,2016,0.46685946161079145,0.0671091365285364,4.16592532218302,2.5010845665229535,3.680213413500143
12062,2016,0.55524688139525,0.12289776758312793,4.468593589500327,2.576548191644352,3.7688525149871626
12053,2016,0.3984096694636824,0.021734263806385767,3.7480334282736347,2.4262869982728343,3.710681960289883
12063,2016,0.44033613946248984,0.035685991909896964,4.0387027498005095,2.1615397960273692,2.991375776969733
12064,2016,0.42649736270727373,0.06677227595724439,3.5836295205868085,2.088217378679527,4.046360012969009
12065,2016,0.4018429106195783,0.036625613215082675,3.469924262561887,2.283330308107601,4.250338125681466
12066,2016,0.47726974108816267,0.09781564054927605,4.28020510046825,2.627454530200573,3.8786562415608974
12067,2016,0.44570334451066007,0.05982572829835586,3.832841452787236,2.610152972562749,3.1067985445309496
12068,2016,0.3808120718200869,0.010207168997667881,2.9754216027999885,1.7619348833876227,3.120562950881522
12069,2016,0.44815875494812335,0.032422374777333784,3.975959805516023,2.117913021283443,4.577229548017697
12054,2016,0.43460890195660923,0.024903513925912668,4.457119220041116,2.669064287529756,3.446606374190184
12070,2016,0.42679492458825297,0.05131167399385539,3.1974132556923407,1.8713225434589613,3.160004873389449
12071,2016,0.4854370195706695,0.09307832625545404,4.545899530008362,2.914485947166097,3.7485700603900054
12072,2016,0.47016037092388757,0.0753362620746948,3.7866301187816203,2.2266512097331574,4.910159491942335
12073,2016,0.4242717048277158,0.07334346290315313,3.087352125950889,2.313799316703431,4.320027768256966
04011,2016,0.4872880565556209,0.060729633492212776,4.309299314303444,1.3810037858719992,2.8102269619907023
04012,2016,0.4582327222242971,0.06018052892110287,4.433623477971331,1.2655823721680557,4.453227931488801
02000,2016,0.3742698565382699,-0.0027706702702856023,4.853843349687627,2.470771587554728,1.3101500287890149
06431,2016,0.480630018935129,0.10590164240817468,7.0802663245218165,2.585263473757575,0.31407945397269865
06432,2016,0.5089271925122474,0.10428438780610455,5.87580916800608,2.0260262241250473,1.2924879739557185
06411,2016,0.4925840814240866,0.09483294432908912,6.117182425509153,1.7375002065638627,0.5650550949355729
06412,2016,0.3996813271679887,0.03868726993501592,5.321756180567974,1.4230779390441004,1.8973299989895938
06631,2016,0.5025042356825299,0.13640894630891764,3.993260247686925,2.405266711145683,3.925302669970408
06531,2016,0.4662544187754003,0.09301068516322131,5.1991218609368275,2.602219376515399,1.30327447950814
06433,2016,0.44319012916351147,0.0891876976145729,6.220187668630877,1.767234420477659,0.8376038872231867
06632,2016,0.4558966722308255,0.11302947315862805,3.8565803267371104,2.4806659725005735,3.8807413711306435
06434,2016,0.41283927382303764,0.03048141812797478,4.682551832565545,1.9844634977021092,1.9774851523707526
06611,2016,0.4272629642455433,0.11505895496335605,4.644949235446021,2.1363127037057015,3.3693929021797877
06633,2016,0.5181578307657962,0.1785137259627383,4.060611198661006,2.4089719058125905,3.6606194887835755
06532,2016,0.43860729889250744,0.07316286675544775,4.846078751812706,2.362976428892686,1.3017257376136577
06533,2016,0.4294511918374542,0.02932820452143603,4.569302421707583,1.6902934661873963,2.2650418198675557
06435,2016,0.43349050869088107,0.06330263662252439,4.808039281572313,1.75642671346522,2.408362810226324
06436,2016,0.4519970342135534,0.09192527369490217,5.742922448274819,1.7594549968728588,0.7575690002939421
06534,2016,0.4648311259886508,0.10119054164816232,3.9862395743276893,2.1880690342098292,3.3175179097609044
06437,2016,0.5517122757877775,0.1087455689820035,5.193123912397683,2.399624995012166,2.0699807815502886
06413,2016,0.4157736653234901,0.04262767214192431,5.997338759138284,1.1968525618355734,2.7488645920941965
06438,2016,0.5008896056157681,0.07512907066473484,5.738553958430562,1.7532718491510457,1.8359539924003023
06439,2016,0.4040355849381665,0.0062532070646280635,4.5312255294364485,2.119220709860077,2.1485911437497127
06634,2016,0.4774738133383377,0.12832111402010626,3.9826614912345284,2.0990157652587715,4.332431944700175
06535,2016,0.5082320414432182,0.1414756800219089,4.11379430980644,2.506973566230672,3.606421386576866
06635,2016,0.5071753054999811,0.19211605434041862,3.2681475985513027,2.3198608580835085,4.2698436100116846
06636,2016,0.44857928989549467,0.13196463829277516,4.379759981529886,2.8387864966780243,4.2345219999616255
06440,2016,0.44221044574725854,0.0610249240069079,5.1680305434311915,2.0174455233056636,1.2967123027907699
06414,2016,0.4272192651942251,0.08036701975051658,5.644926772537893,1.7546905306143459,1.3839071425563867
13076,2016,0.4369320529250436,0.05666374512749345,3.5042822597655654,2.0632935336267737,3.0997020570062914
13071,2016,0.36748862864761,0.02152426245652217,2.61528093739115,1.854735858505307,4.062186964546414
13074,2016,0.39698091575710037,0.0031087035984105893,2.912213389476592,1.4598340907928498,3.370260636849148
13003,2016,0.40309323355073007,0.02439673272985049,3.5657978098490317,1.7824077525660993,4.045054538205223
13072,2016,0.38664683787978515,0.010490647306960033,2.9659527081314003,1.7963365590274645,4.109225356509248
13004,2016,0.46524177703036174,0.0977950752645449,3.362953678593524,1.8388520909815975,2.914422708093594
13075,2016,0.378766538467566,0.015972899045901934,2.649529858967539,1.6567993659821085,3.042991314219337
13073,2016,0.43408268775113984,0.04008032861883609,2.860662373097024,1.5931724663258855,3.4227592304076433
03451,2016,0.5230086094884032,0.04030471372749217,4.8049451998260535,2.0912614223392647,3.563737923689673
03452,2016,0.4939190668670497,0.02729440014662382,5.016558558914081,1.830556971353722,4.726429535323348
03101,2016,0.4079813383813525,0.04797117729683742,3.8262577899465167,1.3995905650106923,3.777546009820752
03351,2016,0.4191209167393183,0.03830678502160717,4.126394760607093,2.3644979589514974,2.5832344383930863
03453,2016,0.4993483135606879,0.07188785367826472,4.634896479992431,2.040619395920163,3.7350532172174833
03352,2016,0.5004151198624465,0.04324148925537935,4.28442852385229,1.7673321041580197,5.890016375750628
03401,2016,0.510784377079665,0.04840264990950155,4.347997175871369,1.3073329845834847,4.825579399141632
03251,2016,0.47507999112996313,0.029396222620211188,3.954608069801948,1.538719552484948,4.413842654660548
03402,2016,0.38965160207345784,-0.0073870446516651755,5.353828673190906,1.738499491933124,4.438658795314086
03454,2016,0.5184959203879622,0.09748086180459126,4.994844417676905,1.9738165725542616,2.988144416774168
03455,2016,0.5288653317122133,0.03835768871531425,4.703731085901747,1.7701951910682214,4.280302899102905
03152,2016,0.48473553484578885,0.13696347319126723,4.328644880770412,2.8554983948540538,4.1291607573694336
03151,2016,0.4056910212348402,0.025440003578259374,4.0010636362779115,2.148694003409468,2.7564015052364264
03153,2016,0.42563203365130803,0.08579348935122699,3.7098403508279536,1.7412086601619485,5.606825218448268
03456,2016,0.5704621859290346,0.1133480175880282,5.294945901989902,1.9726522546707912,1.9816998664131398
03252,2016,0.4540209265474381,0.1028070263570875,4.279686696842824,2.504477069375074,4.147721935180836
03353,2016,0.40855848084050134,0.008423852642410135,3.9805346027703954,2.1613327991000046,2.294950544611232
03358,2016,0.4128476732235991,0.002266267508782671,3.7804940307783315,1.900977031950689,2.456660864092896
03154,2016,0.38199517527294574,0.0036815040815884603,3.4706016039537597,1.3805167999699468,3.6521558965337246
03254,2016,0.43531706541109544,0.09911208290445866,3.814121341517283,1.7620533205992244,4.9513441461013326
03255,2016,0.43415045267127006,0.09785641957665853,3.9254981991096085,2.408877115544146,4.745101457722912
03354,2016,0.46479195285387526,0.06051397104519651,4.0064841435847525,2.1550569755259747,1.9927504417312851
03355,2016,0.41950751301881195,0.02900448699858238,4.572090789609773,2.7586108352587946,2.7608765958264376
03457,2016,0.5353798918983168,0.054969736441138395,5.253382182135752,2.12593573721531,3.9726569113556645
03256,2016,0.47935270077991887,0.03249282318166774,4.192645475661133,1.6899100503646358,3.779014802005647
03155,2016,0.4516791038609303,0.1207253741658213,4.216880496143376,2.6528314094117715,3.8891736192039428
03403,2016,0.4849614466020062,0.04654077117964295,5.144918364127846,2.4433321271256503,3.2335709403378576
03458,2016,0.5214010489356126,0.06761909467258509,4.4626442844191905,1.978626509496375,4.305077781428079
03404,2016,0.4408343092348817,0.047557601860995835,5.103767550666016,2.3304615620853952,3.676961499468361
03459,2016,0.49755084160090995,0.06355000385676451,4.593653648862096,1.9336670541586232,3.824648581207765
03356,2016,0.5156208698688972,0.05233395977232563,4.550831069128682,2.0873140053676726,2.972498687003285
03156,2016,0.46820034227867235,0.15305108757199848,4.502272520544067,3.4581509535996635,5.084065250244467
03157,2016,0.43418651194338614,0.08243770928513039,3.6571573281034055,1.3500593867121071,4.081394697281398
03241,2016,0.4566414118719603,0.057818266368713955,3.9886290774846636,1.6196028126770377,4.381195831776836
03357,2016,0.4870327757502053,0.05457350746249612,4.533162369224723,2.32010520317489,2.0398476061564303
03102,2016,0.3951321817244658,0.06478694399205609,3.1567004379837806,0.8830321389303522,4.4484498516926525
03257,2016,0.45753446126086234,0.054130151806287,3.922018152836057,1.564719466730224,4.870957046899148
03359,2016,0.4662625538859408,0.03937214586308374,4.144480626727321,1.8918313038181194,4.011827570779537
03360,2016,0.3862665769146791,0.025827995991834163,4.054475764015931,2.535598566776801,1.6822340896712287
03460,2016,0.49458299114656623,0.07194454588582916,4.251800529575191,1.6655376131714275,5.016091428845059
03361,2016,0.4866683232302107,0.040992088150317574,4.099335959202652,1.731716977084952,2.6571400857528693
03461,2016,0.5385601891765021,0.05332502500386105,4.544220730032359,1.7279990901707198,3.366241234929123
03405,2016,0.4725700743820356,0.03239973197887824,4.3139791792748605,1.242764482820876,5.576811594202897
03462,2016,0.5083496090432785,0.027412887818662968,4.870835167570894,1.870149662271348,5.178679970397197
03158,2016,0.4156851773224251,0.05740932878777216,3.4542036454715874,1.2366675887686718,3.607687574429653
03103,2016,0.38420302769046705,-0.005325767376153923,3.4707288348641057,1.3962722256032354,3.125313556549243
05711,2016,0.46300473072154297,0.08043209428833703,4.971364342786353,2.508216623806031,3.19630898298634
05911,2016,0.552786607498017,0.1306733302388246,6.596195095409568,2.3337592434006007,1.9467372868747583
05314,2016,0.5442229934360835,0.1121836135775588,6.322588421138749,2.0405448186299973,1.3333119466187606
05554,2016,0.5892048297239355,0.10767749293062406,5.289723853275783,1.7864967034901191,1.507722856310794
05512,2016,0.564845897866386,0.12945562484890616,5.924696074265339,2.1439086694592597,0.5881912681912681
05558,2016,0.5612866947014978,0.11991718690690806,5.417495051216401,2.1385082902432124,2.1933348112559576
05358,2016,0.5645202096645768,0.1520524987197392,6.007303620933808,2.273277964023609,2.2678133129528644
05111,2016,0.5794661638717783,0.1478898861817079,6.036888978002594,2.062753199886342,0.23533451049637044
05913,2016,0.5738453125929427,0.13811438857438602,6.3574307488055375,2.3584535358797147,1.1246923707957346
05112,2016,0.5700550916457335,0.15300651923506176,5.939572054910783,1.8324104195204685,0.6206536649370786
05954,2016,0.5935526557823453,0.17493849301546982,5.426687477283872,2.3955227428494124,3.3809718252347882
05113,2016,0.6271515279087061,0.16656415747250142,6.222683077935096,2.4231829756856214,0.9221158435578516
05366,2016,0.5935621867170618,0.15201389634942097,5.949547759058215,2.364245972938342,2.8236100427775885
05754,2016,0.5474655412186207,0.102508839305747,5.578722552682611,2.5645104710347937,1.6727732503045896
05513,2016,0.5661485697834985,0.14765383797546383,6.665191188846593,2.371305899766834,0.736830455953962
05762,2016,0.5266926449235205,0.17565967626025764,4.061633948611188,2.5238966496577873,3.645944700322617
05914,2016,0.525522847031505,0.12246987625535732,5.815840559035314,2.561715102694348,3.0428729485524615
05915,2016,0.5966863907922593,0.1434328014607193,6.065232041006269,2.5631148987439887,1.7215510797233666
05370,2016,0.599473102220779,0.14172167359358318,6.269326266822879,2.36326877613706,0.6428274471958607
05758,2016,0.45687775826965726,0.054664931002737116,3.827607055384481,1.592003473293789,4.796766691908216
05916,2016,0.5812358128007739,0.1502056022101016,6.561289541513735,2.450320217081032,1.2140513942044833
05958,2016,0.5495510875801995,0.21621178593384077,3.7285855763343587,2.752385748856238,5.00932704745271
05315,2016,0.5424684091883173,0.14740704745585353,6.737697572246751,2.5019447139722217,0.6282231433991426
05154,2016,0.5924775271034318,0.11850323354479025,5.35438615762366,1.623283527821854,1.0406396329631555
05114,2016,0.584226773387379,0.15022535861642472,6.220810179519762,1.8213503936101967,0.6359562129998332
05316,2016,0.5941030603889099,0.15944908966386273,6.733041758119951,2.4478222736825437,0.4964244137701646
05766,2016,0.449170058839259,0.08699352685032608,3.801902589362449,2.0933901465947757,5.214390977729758
05962,2016,0.5976125256820783,0.1857687018905187,4.901673602645206,2.409597094708615,4.007682829062623
05116,2016,0.584057550459607,0.14429500217692892,6.171935534927225,2.163430640657152,0.5640712459249755
05117,2016,0.6452344446302667,0.1761524559135571,6.3340018837208705,2.3321125246068988,0.37792389153962536
05515,2016,0.5678422627850712,0.11879429328465235,5.804408511407988,2.4643015712889045,0.8418577085067214
05158,2016,0.6189047660667153,0.16439961857854457,6.191471315080309,2.5425525194224954,0.6541791244589228
05770,2016,0.43496227022876643,0.002176145377730143,4.132490487145726,1.5711977265639425,4.751161614692887
05374,2016,0.573684485489614,0.17236938601060903,4.881771231898309,2.762417897673138,3.825078254465107
05119,2016,0.5497604974785576,0.14151553165019637,7.239554327070445,2.3211079588994297,0.15721728470732454
05966,2016,0.5744951730893253,0.2469196886774025,3.892728659260721,2.875764289563193,3.6100605838076008
05774,2016,0.5604340556735907,0.15569366787899658,4.763669084543406,2.4157637416642235,4.5213956393834565
05562,2016,0.5730675275237921,0.12371000629655693,5.907645603969383,2.1223213280815707,1.965925337361899
05120,2016,0.5365090748618828,0.16796756535245894,5.135526696269948,2.9068852504716984,3.9377301640441913
05362,2016,0.540956407836073,0.14960713326361635,6.316246585014526,2.3133417599963604,0.7739899549683641
05162,2016,0.542754801508677,0.1469719427815146,5.9822375681440665,2.07651373545937,0.6252689386962196
05382,2016,0.5788618125064334,0.1492349509522355,6.339115820455892,2.49579556802117,1.3032273683507527
05378,2016,0.6268487029621733,0.16372866741584013,6.003949480984744,2.6809108749594137,0.8664920066299526
05970,2016,0.571747808277041,0.2524498474364584,3.3498022138562966,2.250409139100259,4.490138787436084
05974,2016,0.6009432104454474,0.14324332867827938,5.2834578270208885,2.2652803651701467,2.77503202296565
05122,2016,0.6088110487018612,0.1776003476159697,6.397971887991932,2.5205466707499244,0.8009722619388046
05334,2016,0.5751870723696898,0.16331103668386515,6.452101126545694,2.557534090275285,1.5127502042483651
05566,2016,0.5563789498777862,0.12162667139489869,5.066771380322589,2.0237007426174953,1.754925188586584
05978,2016,0.5910243396357592,0.1460872670577824,5.894585495637346,2.379436857493438,1.429730187349559
05166,2016,0.5872434971266562,0.12639169463446975,6.131961672305995,2.1269314873988154,0.534535569736703
05570,2016,0.5677524915588681,0.12519061098119988,5.754607523807643,2.6070559281282137,1.0072293555868064
05170,2016,0.6173108801424223,0.1318316187979739,5.843333887178215,1.9899155534176205,0.9012195121951214
05124,2016,0.5964859704373203,0.17695440727172745,5.752343426983731,2.571718594188914,1.8297872340425534
07131,2016,0.5629818036527799,0.11912466177444864,5.192351871745526,2.110417952472835,2.6155880797037563
07132,2016,0.5961165334555171,0.16717275314623536,5.463271012031686,2.9212829119383152,2.266345702207609
07331,2016,0.4074030250457345,0.09066114705372036,6.7313785968342446,2.7486070278976897,0.7489193023294729
07332,2016,0.4380231856702294,0.0826700404722403,7.045986257971679,2.8826376528594064,0.4912949598303736
07133,2016,0.374886190906137,-0.01795336678692855,5.875934759851065,2.9057901238545347,0.5535561994160075
07231,2016,0.4152289298375377,0.04608996098148954,3.8202395538554588,1.44937440615239,2.3774532861593403
07134,2016,0.41665558644025713,0.05011361224552052,4.6909657172165415,3.0254723117315128,1.1405808674563391
07135,2016,0.47707746454391664,0.1068634522849996,3.9065861427736546,1.7972890270961583,2.4232639076328044
07333,2016,0.4687359540371127,0.09245777362988405,6.295917146330028,3.180065397310756,0.8693840760686944
07232,2016,0.3062427567345416,-0.042776151314732336,3.6227053485159195,1.615592179995907,3.2025726142331608
07311,2016,0.3137760215709826,0.048313647936192305,7.205121982323199,2.4658215348996233,0.26454964819905885
07334,2016,0.42274666157701546,0.09926121554373446,7.45761755349433,3.346942269278233,0.741833926837164
07312,2016,0.49629784681596384,0.10178292500884706,6.457643078965424,3.012332771188352,0.7657214726732218
07335,2016,0.510613774303211,0.09464987892248983,5.413875614672025,2.624621851671934,0.7828892340781454
07111,2016,0.32984820916723956,-0.0054813627883623095,4.607330262457091,0.8023946070217769,1.9000620124677698
07336,2016,0.4745826217568252,0.07265417646767319,5.1134063480026875,2.695195791283329,0.8740306074546988
07313,2016,0.4602615160468731,0.11750304654858329,7.595649801170274,3.3452187644773375,0.4681705444667531
07314,2016,0.33027631461273055,0.03997167772819604,7.789405320730135,2.7596459059745264,0.05313005313005311
07339,2016,0.39120228355191444,0.05185390278712382,5.929113461988832,2.0464432359454467,1.062103239587041
07315,2016,0.29590733429626415,0.015107230780590009,5.1514221562491205,1.3148207227824789,2.333681575797149
07137,2016,0.4823289430953263,0.06617445006768374,4.930915109469507,1.8582527330745142,1.7005643342879198
07316,2016,0.49064168891235016,0.09115145888074333,7.916674357483386,3.4283672262550775,0.20856561366250775
07138,2016,0.43086564535422667,0.057557496255921436,5.109407902223828,2.0173576732056913,2.34523960600943
07317,2016,0.6154751951460082,0.20121224586117714,5.41953930299661,2.2878995070640156,1.8156645569620251
07140,2016,0.4080438951108859,0.03595658328348644,4.335570644435412,2.371767538343742,1.8133471833673682
07141,2016,0.4315582685041652,0.023803155348000316,4.419618013842844,1.9593044447717674,1.9761358666083504
07338,2016,0.36006049491415576,0.052049889466554145,7.331068605819798,2.855910763741755,0.5324980711941613
07337,2016,0.47473207430104086,0.11405968334870586,7.502000549137206,3.3118623360794484,0.6788166183027813
07340,2016,0.6024889267180226,0.1807136694912354,5.698905761856659,2.6948919575384234,2.0563719467243327
07318,2016,0.36637051677963806,0.05303403646330801,7.245691585133484,2.845308432364501,0.3785046728971962
07235,2016,0.39973427462721706,0.020953265261591525,4.306150050800795,1.7733520728270995,2.07518504220027
07211,2016,0.28239612156888055,-0.05899877638413509,3.856535414648702,0.439495505336176,1.8149127778827376
07233,2016,0.363299424908041,0.03415009251674378,3.3686409679962637,1.787346918331331,3.4029062373547605
07143,2016,0.4864346065694391,0.11816956200365075,4.27823112353683,2.052001725616917,3.0292353464522486
07319,2016,0.4187349968728344,0.09163575564743909,6.797372037900551,2.346541751610423,0.2047196190609901
07320,2016,0.563597992907264,0.17497224321331395,5.612921597757081,2.531855458980808,1.9701899428097318
10042,2016,0.5120719041968529,0.11173269014429038,5.297264231552516,2.4796532723271656,1.0954931253719185
10043,2016,0.5527909807364781,0.12698406319462263,4.862424742681601,1.967667924192519,3.308310071843682
10041,2016,0.561660567850958,0.11162843072221768,5.369299598824448,1.6998358942386713,2.2467409231603446
10044,2016,0.5274171074908337,0.1039326961198429,5.172027282745427,1.6999428202305076,1.834850039158586
10045,2016,0.5749009926438672,0.16983071444093745,5.662902528753888,2.492433717550032,1.6353772970155087
10046,2016,0.45316353500496603,0.07287921526996238,4.038283706948414,1.76461955593959,2.082996137107213
15081,2016,0.47486956492922866,0.06433152826660654,3.794746231194545,1.7762913891447396,1.9542886647714877
15082,2016,0.488775309571754,0.05661948742569661,4.290558086075739,2.0750236599821026,4.871657948581847
15083,2016,0.4299735713027727,0.04216189524469394,3.7912829932579086,1.7634854689015445,4.982650571481007
15084,2016,0.5415803002967866,0.12914235601102292,4.691486437125609,2.444567578455175,2.9529371402571964
15001,2016,0.41507011463665017,-0.015486950912938668,3.8237461949755622,1.7565602363571822,4.991555242786767
15002,2016,0.5502207060613906,0.12480720026309083,5.245162414884299,2.5844408345500796,2.94231693253892
15085,2016,0.4758411783976093,0.08199710223614043,4.054150107356246,1.7947335315567914,6.052524543564291
15086,2016,0.5038600840597954,0.06729979938103675,4.317189273305148,2.195475250428026,3.8038692700332826
15003,2016,0.49421320200587493,0.11522277495371797,4.335666070036742,2.0662203781528627,6.006249043719145
15087,2016,0.5203419810102704,0.13698220809072048,4.070593145752391,2.329690588810368,4.271434696533032
15088,2016,0.5509431039796105,0.12380516283139925,4.666573929133225,2.3159645741048607,3.2422272470322215
15089,2016,0.5022240152756328,0.08809998982122719,4.5860749076426925,2.1296139425485605,5.4776641745332855
15090,2016,0.4810617844017036,0.07036128766488303,3.8512746001919163,1.7905130326261296,2.6173300664330736
15091,2016,0.4566502340012835,0.0422562698841506,4.008995867804739,2.1770749054425806,5.0680161191866135
14625,2016,0.4721780494178027,0.0994725082066642,3.385143534869319,2.158995055064244,4.552314915409941
14511,2016,0.5473334383730338,0.1998752946276468,4.092608023710433,2.7961426502723685,4.144970993344486
14612,2016,0.4674355989305636,0.11667930138279736,3.4441905857241295,2.012565923832015,4.64551234659175
14521,2016,0.4471066439129774,0.19593927356851049,2.939551247686063,2.9528896798285107,5.109990952565589
14626,2016,0.4720633883011452,0.12812793633506314,2.7795913934409877,2.1154856770582997,5.467868643355533
14713,2016,0.5215650147520002,0.09511944605788059,5.452945100124509,3.112304980751464,2.1329636427025562
14729,2016,0.5754789708901212,0.14490508479786857,4.726909939502932,2.734212563645179,2.989609887796909
14627,2016,0.5746105898675917,0.1455423317113031,4.500187795896019,2.664555091539401,3.0622663676172186
14522,2016,0.5403281737047666,0.1811737242638209,3.69804738461038,2.5695099508381958,4.70928362827243
14730,2016,0.5626028864470494,0.11557093924941181,4.7589063724170675,2.770693371789605,3.435031402513882
14628,2016,0.42629406917465457,0.11509906143547805,2.494872983786018,1.8392373972722051,5.503685521082881
14523,2016,0.47730961592757387,0.19409686732987363,3.254367309373689,2.8146462069883422,3.439208340954821
14524,2016,0.5842970824828155,0.21132661642464712,4.127607288772151,2.5996798825459977,3.437189805287319
01051,2016,0.4093081876216952,0.0008541671962406516,3.9157205134925794,1.8346141448920106,6.538969104829361
01001,2016,0.3344683923521464,-0.052091186537912504,2.5373955379073783,0.989398813395159,3.0015589399208538
01053,2016,0.41341704432606613,-0.004046821831883818,3.441343199044785,1.9078765769761032,3.3774811769504516
01002,2016,0.4622115175827608,0.05563277724031457,2.6584622949948584,1.019714755937646,3.4418714369962644
01003,2016,0.38822485004611496,-0.027121539971189546,2.4156627377787374,0.697668694094556,4.2139369202226336
01004,2016,0.47871891711943754,0.08977566384742469,3.5489567264271407,1.7318411777241318,2.4004477915733773
01054,2016,0.40807792980898366,-0.033795200365959066,4.42958987228333,2.2371255689501015,4.735432418903818
01055,2016,0.4207488297569755,-0.0007710349753380918,3.1523609022872883,1.3515181665160778,3.5604011611709194
01056,2016,0.42731936957541705,-0.009321607076112681,3.9944411674847093,1.7431299218067289,3.7240223089045603
01057,2016,0.4625077208610932,0.04195977601874917,2.993515781248029,1.4842685413897898,3.8030552068604924
01058,2016,0.4817486066875061,0.04650636837912708,3.436891532998711,1.757376223263758,3.551236729193797
01059,2016,0.43380783842598286,-0.0002707957715972764,3.729015501441202,1.9732412450959862,2.625184706341832
01060,2016,0.40778350934016794,-0.013041574895879038,2.4987481670792384,0.9712456627224004,3.082325737623434
01061,2016,0.47886723213460636,0.03741851047802247,4.10211822081083,2.0623079147817016,5.372015235949908
01062,2016,0.40506679735732176,-0.01922561102811826,2.6175380711868512,1.02327531591974,2.8916072616951927
16077,2016,0.577097773990794,0.17568373265556053,4.53649859383551,2.6685484552251904,2.6894679695982604
16061,2016,0.464671265233492,0.17168707481945134,4.076155443402028,3.199605697447348,5.440275984970025
16056,2016,0.45604023771247826,0.16651430484973406,4.677798403448895,3.053027012785965,4.522547536526052
16051,2016,0.5169037084684094,0.150271619812626,4.269341042748691,1.8479884415555987,3.82228252272423
16052,2016,0.5762415043527219,0.1752344216588334,4.477299511573196,2.6340309934776442,3.2534995171523726
16067,2016,0.4971347694598552,0.14479992814367837,4.478197837127994,2.514611033340008,4.212034332758368
16076,2016,0.5880028995919105,0.2165886575331855,4.092734146057703,2.818971378174801,3.148880796476792
16069,2016,0.2634396631160029,-0.007141743995226546,3.5542732561509145,2.621127540026309,3.383344987097913
16070,2016,0.537160920259566,0.17889821877942857,4.26175677968737,2.367960025391347,4.313632436709975
16053,2016,0.5404203136268357,0.17403218765199951,4.558305130421316,2.689778644159664,4.355312377868349
16065,2016,0.5407094711172498,0.17440178139705775,4.71104294736548,2.8263378814256557,3.3896628492274425
16062,2016,0.45282802840768044,0.11454006309666215,4.408971121893417,3.1847784518573774,4.314253487272442
16068,2016,0.5421386242679708,0.14929308395015017,4.958368888952248,2.328782814683607,1.9857539823041657
16074,2016,0.5642619873912997,0.17734046770297807,4.7175093514122795,2.850658081050338,3.71505909124275
16075,2016,0.4944905301276124,0.19170644953096333,3.791660725283924,3.1833939081566283,2.9277838859140695
16073,2016,0.5232009028329352,0.16772302096399444,4.450019936966181,3.1395264249877517,3.9558437377703184
16066,2016,0.36507905163351,0.1109774017667402,4.116291207723361,3.406197415026489,3.5322978134577547
16072,2016,0.16136633469271341,-0.06794150885637709,4.334427661539997,3.769364736770154,3.2554594932070193
16064,2016,0.42683702699448495,0.10598564600130883,4.437805886032133,2.6676553183187885,4.119871982719694
16063,2016,0.4752714889218132,0.15360164997287773,4.229400948977014,2.9034101915550465,4.4375566989665725
16071,2016,0.5675993090187842,0.1905318817347837,4.723643419359609,2.698723390652062,4.235673302842408
16055,2016,0.5753205173483127,0.18826736519112652,5.0150532239775565,2.8248616730724985,4.511070786732502
08425,2017,0.3829832241676348,0.09419099052186891,1.1307437290665108,-0.38437056303207284,7.413989788913351
08115,2017,0.41511834626813454,0.019226592398462194,2.8605361526367967,-0.0035830198786315215,7.473184990567734
08211,2017,0.35902498379621595,-0.03669011863801841,4.009269347730974,-0.5392440071110753,0.4280459093584462
08426,2017,0.4379502228067043,0.10416289990247501,1.2042429576755498,-0.4766639670930959,5.289999978789696
08435,2017,0.4763411236113847,0.14246009257076747,1.5998373462611077,-0.7557860013219844,5.130783998193161
08315,2017,0.3492713457965111,-0.0004242435229284136,4.065987470510442,-0.561472938320362,3.679488730641593
08235,2017,0.49036472353234706,0.08955632268135078,2.3404671668722705,0.2244944444435637,8.43430339180853
08316,2017,0.3673274631114908,-0.03257554956468833,3.6216653037351203,-1.4203213717177188,3.4112020158028997
08236,2017,0.4336648368178535,-0.009240455003789338,2.913277790948941,-0.38288189941009243,4.5990112266145475
08116,2017,0.39775512438018645,-0.002515005163324313,3.1009017410290958,-0.3066648238864844,5.412100152370798
08311,2017,0.4031951243419154,-0.021088579359187676,4.209089986674362,-0.9534263718661604,3.613817761565965
08237,2017,0.47678425605038766,0.10689534948072105,2.6475161130804423,0.4702866445151104,7.732440491882993
08117,2017,0.48057653017821717,0.1109608000790191,2.4373807556685114,0.22220998848428053,8.530840819550018
08221,2017,0.3523047884635293,-0.019024560971340088,3.2379686576471314,-1.4832317489823477,1.03133840600917
08135,2017,0.35873057159692295,0.07481660653543759,0.5804066471972985,-0.6838772510059378,8.455246279843879
08125,2017,0.3798860545671626,-0.009197674230144337,2.160144813390739,-1.3007009053721177,7.470867920464515
08121,2017,0.3416647713481794,-0.01567216808797911,2.246073131492708,-1.6185251814112456,6.779893288402133
08126,2017,0.43933138415582396,0.026016691725705532,1.9737559372735072,-0.8267320922171606,8.769846674677254
08215,2017,0.38547326127333115,-0.04169055834594604,2.9601128439306383,-1.0263028859431986,1.827043192136284
08212,2017,0.38377783791957626,-0.02320041090175673,3.4579064812134055,-0.8420674532214099,1.420484309364962
08335,2017,0.39282629423764653,0.0723842834469774,2.049457607599179,-0.3583178450917708,3.988654549902654
08336,2017,0.4397788726984791,0.013805999168789829,3.7169218679141434,-0.5755588545766601,5.6900753347363295
08118,2017,0.37955276011444833,-0.014862965401997108,3.3944733658970074,-0.38630648199701945,3.523491573804252
08128,2017,0.3964727870776869,0.014928124373763951,0.9396618593273101,-1.5458617827597976,10.150920109042467
08222,2017,0.3584265061904343,0.0006860059339174884,4.031423383548308,-1.0315215295112257,0.5575175724327103
08225,2017,0.4460210419459023,0.0632277675273702,0.8538338204148943,-1.5408303709999152,10.501851099650294
08317,2017,0.3408434347703841,-0.04619904932676139,3.703633491153783,-0.9016361291950035,2.1411507944835426
08136,2017,0.457991324208753,0.10188061966069861,1.155248387274415,-0.5760489716523396,9.536931236200576
08231,2017,0.42895386796828444,-0.007861228050897118,3.131989590725366,-0.2784349739738232,4.740648129625926
08216,2017,0.3666067460986239,-0.025389744338816633,3.5671289381983153,-0.8139227226199082,1.4477462759264519
08436,2017,0.48457888133405985,0.14246131844919097,1.7290689995541568,-0.25235448882998357,5.76597083560235
08119,2017,0.46805540199846063,0.04522369006104604,3.124423968182341,-0.33680466395149855,6.3191631286225505
08415,2017,0.4357110589102304,0.16547566195023095,2.0349208876451352,0.8114102587565986,8.96408306035201
08226,2017,0.3897239631159363,-0.018016414112324353,2.4787079540029486,-1.4544043191582667,4.836841106388275
08325,2017,0.4666980739623402,0.13491119271253915,1.9987587702328573,0.34420514916870104,8.194292132086481
08127,2017,0.44380195592991817,0.06907817620184814,1.7944066469324518,-0.3023594803941434,9.76442287829586
08326,2017,0.4401723105792806,0.1398335338316472,1.6317727515405762,0.47530052925920585,8.595147011564586
08437,2017,0.43794523237963306,0.14201569716635082,0.9576509931917,-0.3179285503188095,6.751588261506143
08111,2017,0.364372649373422,0.001145435126960359,3.4771385190652584,-0.5393657676694614,4.376546179219351
08416,2017,0.4211373939380679,0.007163263748785731,2.803844214268184,-0.32099462943936263,8.280338554844613
08327,2017,0.4455076229706107,0.1607850703185293,1.715073814795143,0.4822070783621213,8.132114021268215
08421,2017,0.34633208436098956,0.06683296759621876,0.7646849184154655,-1.023933349784444,6.161334056399136
08337,2017,0.40127701352629846,0.09028994064813495,2.3369417447929806,0.2596728533124084,5.586029290834478
08417,2017,0.4412795825857825,0.10022330678908814,2.653889494048292,0.5743514400905299,9.48278393830733
09771,2017,0.3802416292120222,0.04853303699510553,0.19511120673991922,-1.6749482022017468,9.374868539689553
09171,2017,0.3905806476974561,0.05055792161221889,0.29252668912062096,-1.1722061160530637,12.278255482220557
09371,2017,0.39206409385475793,0.0856828461941056,-0.017523387608887053,-0.43555255230799766,13.262877113719323
09361,2017,0.393023252691847,0.06994020714924604,-0.13419890748929958,-1.0603289624982515,10.981750707781776
09561,2017,0.4408336262698015,0.08197138079753857,0.8487217700208984,-0.6524068029794998,12.61314424576548
09571,2017,0.4548318990304992,0.08203747394249133,0.9993706112105959,-0.7722903925489141,11.624506906833716
09661,2017,0.36823473280380886,-0.033579762754929465,2.5725122004841197,-1.7035103921041097,0.6895570183241416
09671,2017,0.4125310067144898,-0.000310208674515311,1.8859087022638896,-1.4061335857767203,5.257556877404995
09761,2017,0.36810367167283914,0.047198381350090024,1.244380923375926,-1.3275582023721166,7.421604144754778
09772,2017,0.3831998562053557,0.04241495631518416,0.9289163348977687,-1.1263976258688086,8.201080016171362
09672,2017,0.3843733396784687,0.043851474135098434,0.613514205397351,-1.433593717849488,8.966418680240656
09173,2017,0.4208233321137352,0.08945163571296755,0.2670827253958544,-1.4645329968894245,11.110781541008489
09461,2017,0.40977587494812273,0.06097406566293895,1.2452195463399764,-1.4976933047136725,10.845317725752507
09471,2017,0.4106891002479718,0.06446484714249506,0.35486713524411373,-1.3583944362248115,13.106691984307357
09462,2017,0.42228609338603895,0.1018056573651081,0.5598849179552273,-0.9229111069050665,10.432204593890603
09472,2017,0.4125122153415934,0.13843430979885052,0.5081158573593944,-0.05754083403202748,13.921196354109009
09172,2017,0.4947421904537642,0.08424052350036731,0.7927590467211011,-1.206593540230969,14.130311798940083
09372,2017,0.46923375911043547,0.14081957242663223,0.058723031786947696,-0.45016501173685564,17.55840512059807
09463,2017,0.29443260860990295,-0.005478796805986841,-0.23345022856714367,-1.7858107641852385,12.059245073206892
09473,2017,0.3486085552206574,0.0381857749405482,-0.018156766046940727,-1.2786171850743364,12.660364720483848
09174,2017,0.4128103768698598,0.08270820359291692,0.17507456743037436,-1.5123199201602178,9.092300075363552
09271,2017,0.3104471099948463,0.07751492118308084,0.03371755751016903,-1.2876730752751206,14.725180008470996
09773,2017,0.3249800778994639,0.021748096749928614,0.41263519677192373,-1.3505300760085441,8.592831576062233
09279,2017,0.362601824116421,0.054006068622737435,0.5177019069307457,-1.0049981753657158,12.105980242062703
09779,2017,0.3596822946967507,0.0408186032129082,0.8138924436596692,-1.0305940569021597,9.722244745931073
09175,2017,0.43648313766233887,0.07868007670209382,0.7342978742495329,-1.25960998379268,8.775288916593533
09176,2017,0.3892917901220746,0.1000094410495404,0.38080590195187686,-0.8787796084258541,10.331731137667866
09177,2017,0.4261034906441495,0.08660743741582799,0.2503783988538468,-1.4829628030893842,8.310093009695084
09572,2017,0.44324467393895994,0.06791992782063883,1.236900676373396,-1.004354558775726,10.474983048605019
09562,2017,0.39106570894503295,0.04585448011695514,2.220777966979021,-0.2940240833335923,6.151698464402047
09179,2017,0.4149696285769725,0.07215183706646855,0.8119024704133754,-1.133047348733851,8.422264153127555
09563,2017,0.3837750848156332,0.0541666219410315,2.6492174692219868,-0.2891698368112192,7.061173677658435
09573,2017,0.4577111424382516,0.07127251754268044,1.7648754978588668,-0.410762133392635,9.74972730347798
09474,2017,0.4264885407790904,0.11017509939392395,1.375804826984015,-0.3748719956487703,13.98054483468416
09178,2017,0.4245349656699195,0.09680983242360858,0.9526071297227198,-0.8360219131517096,8.570017937379019
09272,2017,0.4636122297775171,0.2420673881944318,-0.16929310808502585,-0.24616458888814302,21.47949291573453
09774,2017,0.4048939815607347,0.046140880732113976,1.0778209496443338,-0.915235975672104,7.1428636098099405
09674,2017,0.35812765468740976,-0.001738315888367148,0.3475162412999139,-1.7280873630004883,10.739110306996912
09464,2017,0.3728528779435588,0.18218880791844322,0.0726800913021804,0.3021150101182538,13.4031955753572
09475,2017,0.3380666615233739,0.1582149220209188,-0.4379864364950525,0.049673430599767476,14.758195194975904
09161,2017,0.35674592394252275,0.06295031662389927,0.9469303417222935,-1.1746637352359288,8.722923373397355
09762,2017,0.5201192065167821,0.13228270785968327,2.0488079048024033,0.2717456190218557,8.972375690607736
09273,2017,0.40202562456967983,0.10275503435767469,0.7744930270883874,-0.4818748942051514,11.357109556426076
09675,2017,0.3498403907400125,-0.01534648865320326,1.7304361491443354,-1.206314162081682,4.004347156377829
09476,2017,0.3302433022001428,0.08394840466147313,-0.1420383334248836,-0.7713564024902093,14.676186562564208
09477,2017,0.3940106836762337,0.12376796654341204,0.1955390895164384,-0.5320395513385886,13.934753014153625
09181,2017,0.44583273961644576,0.10456151832343474,0.9456820119896854,-0.8495138978241124,8.54432320659825
09261,2017,0.3937770950869205,0.07368891464995975,0.6452961993824939,-1.2009664846226693,9.65571364385203
09274,2017,0.42039266702667033,0.0924866205118034,0.29833080712039645,-1.012498067106055,10.70660665346105
09478,2017,0.3986522512332593,0.06442231215490352,-0.28390616671939234,-1.5758770020101178,12.849430239683524
09183,2017,0.439892637867014,0.09430635140213262,0.29927740873899505,-1.1618413186360064,9.569872498910907
09162,2017,0.37788766846470834,0.059050688282567876,1.6797801047930931,-1.4274767843461056,8.557607177122083
09184,2017,0.38401158433099375,0.0758243282100004,1.0015900197624583,-1.3141388829364964,8.886444119336046
09677,2017,0.3449021070228671,-0.011250995361928251,0.9275556702756728,-1.5784140997977207,7.802737962946531
09764,2017,0.49713597618699384,0.11623202165613494,1.6539570441454452,-0.3035611929959854,7.0533495956995065
09182,2017,0.4410940531842346,0.13517874570972827,0.32573906526344454,-1.1109494830820656,12.537246759783567
09676,2017,0.4621404627162033,0.04560220221841449,1.4512578342779843,-1.3853011864907636,6.56492626057191
09574,2017,0.45981843946914386,0.16458136794672235,1.2617869939983346,0.17062559710846026,12.833718525055849
09564,2017,0.3330363741093268,0.03361070404806904,2.9680956650340087,-0.22677596091505015,3.9149887673476256
09775,2017,0.41272665721658985,0.06362510770275592,1.3439883553184522,-0.7796077609255481,6.235617461512824
09185,2017,0.33855417243729635,0.035309915025040495,0.7962336598738626,-1.1398363243683687,9.309125012290215
09373,2017,0.40594712147619044,0.13203586804508027,0.8621636198784861,0.12191382552522068,12.246976341542492
09575,2017,0.4034168814959002,0.0254010125663357,1.3154315391630793,-1.127067815694501,10.425011808628598
09374,2017,0.38420943887458286,0.13359118704431144,-0.09271482836856573,-0.3286989048916788,15.056688421400127
09780,2017,0.4701164715140551,0.14216923859655994,1.9772524712364594,0.8205945382738058,7.883325230918814
09777,2017,0.48763446059552124,0.12175803437089322,1.7404713975671084,-0.06697307808899922,8.998166666666672
09262,2017,0.3665847085611479,0.09652544635993299,0.508893426945299,-1.0048804254275772,16.400978881537206
09275,2017,0.33344644309827554,0.06107888923103577,0.14490325669451554,-1.1580371677277492,13.557176826742621
09186,2017,0.41317050077995876,0.08536887657478481,0.9058114890212795,-0.9021480449953124,9.89502909192168
09276,2017,0.4899228261783719,0.233418600189907,-0.12141643772891152,0.2663436205824577,23.3125
09362,2017,0.29317265746742327,0.05788643353484582,1.6808752448291664,-0.10867460726134537,10.677733435226859
09375,2017,0.34964746109465983,0.0819607715024509,0.5600282404452984,-0.5063527768100956,12.5692579565895
09673,2017,0.27234630608683746,-0.031062953065359444,-0.040198704247277034,-1.6161584802250994,11.772752455230998
09163,2017,0.5239707954132289,0.11229441854198458,1.5616027197957747,-0.717735928437429,6.260959069992735
09187,2017,0.540685661998321,0.11746045149895706,0.9546225127211283,-0.9171013849710192,8.966118872671776
09576,2017,0.4729837997261196,0.11243240745689959,1.4114929169510975,-0.1760617212594282,10.178068505734055
09277,2017,0.40168998324526595,0.06888355777544952,0.2985349256655006,-0.9032552213000404,12.27886746424685
09565,2017,0.4702015398766223,0.0884789041420524,2.43693300563717,0.1473378134577401,3.336053503497362
09376,2017,0.4329779699634779,0.1362059918547045,0.07059068058472079,-0.5346601880101394,14.619281158101842
09662,2017,0.29557238064298147,-0.041671767100744606,2.5780876559753056,-0.8403693137191346,2.199199113913266
09678,2017,0.305931218356095,-0.048006337488895656,1.1482097512984097,-1.4672800723429398,6.476720254923577
09188,2017,0.4608610587915298,0.09708105583524573,0.9797172237797825,-1.0501573822328139,8.707570202070249
09278,2017,0.3161092440862289,0.0566391324301716,0.48095782148098,-0.7446854406617562,12.86912160020149
09263,2017,0.25735747488292354,0.05230600746878303,0.6736522329226152,-0.8795045217878937,12.589998167552348
09377,2017,0.3700147651297965,0.1688085188205057,-0.7728346249470446,-0.4990510402448886,15.176476260524469
09189,2017,0.47497799716574307,0.11323875574784509,0.2717100361508621,-1.1301192013951646,13.480561839789292
09778,2017,0.49800581500463886,0.10788141361835096,1.6934366914698928,-0.22462824923857783,7.333424784283348
09663,2017,0.32983871851421,-0.016339962271954167,1.8129764314308683,-1.3144084514118997,3.6561861984483457
09679,2017,0.32897399105471786,-0.013765712946788633,1.0952120550886533,-1.5573163466594089,7.526926901208846
09577,2017,0.4409177915265963,0.0906410952279364,1.0225912366435363,-0.539100659166339,11.519776189726931
09363,2017,0.38889580645463817,0.09194022324257994,0.4542991675398018,-0.638942809273096,12.125142900693543
09190,2017,0.47468225901224176,0.07898457666645459,1.3716791813628841,-0.8193454821013129,8.091836734693878
09479,2017,0.34898025550521744,0.18060675226273276,-1.0640079816326757,-0.3065801918712594,13.581540118696646
11000,2017,0.3904419220386474,0.05379722011111748,1.7162961459315424,-0.4041155252505304,3.509625614266174
12060,2017,0.3663198635586711,0.02390432394563413,0.899749123988212,-0.15103588850786975,5.4174025321797235
12051,2017,0.379763824576761,0.008579537054952735,0.9899512164451525,-0.8709097487939148,1.3091633588725808
12052,2017,0.41436726525488543,0.00890478460959554,1.0499446940602806,-0.8662780525788074,7.487101560684349
12061,2017,0.4036115693511137,0.0038612442688586435,0.3639615695348829,-1.3008791861251843,7.3485363649690365
12062,2017,0.4426697381788279,0.010320624366705777,0.5165535821699057,-1.3754918156860698,11.749044227433483
12053,2017,0.330719441292004,-0.045955964365292645,0.638675715146977,-0.6830707148538236,4.55855551113708
12063,2017,0.4188515896200817,0.014201442067488801,1.3683490503209261,-0.5088139034522141,3.3867729951078642
12064,2017,0.3636462490973811,0.0039211623473517365,1.4635153669627583,-0.03189677494452314,3.2397682721404824
12065,2017,0.3646266019315671,-0.0005906954729285041,0.792839872335371,-0.3937540821189148,3.652933500956286
12066,2017,0.3950019718036272,0.01554787126474061,0.7305919711920105,-0.9221585990756668,10.420655549554418
12067,2017,0.3597102548662482,-0.026167361346056017,0.3560009245658884,-0.8666875556585987,6.0412368116962485
12068,2017,0.35252801681655765,-0.01807688600586138,0.5371275724624411,-0.6763591469499246,4.640988462354143
12069,2017,0.4221110971344451,0.006374716963655547,1.0164037508304788,-0.8416430334021006,4.367422139325062
12054,2017,0.38830516681439897,-0.021400221216297588,0.358628771325808,-1.4294261611855514,4.568502978390368
12070,2017,0.3618076341197741,-0.013675616474623453,0.4267935092248074,-0.899297203008572,7.534616096636575
12071,2017,0.4104767032408219,0.01811800992560647,0.7211706083252564,-0.9102429745170085,8.865845800041976
12072,2017,0.38167554820798655,-0.01314856064120623,0.5001214320011387,-1.059857477047324,7.530750796510312
12073,2017,0.3135710727577511,-0.03735716916681159,0.9314491481877082,0.15789633894025001,5.0079779748817765
04011,2017,0.4015906286640574,-0.024967794399350707,1.5077550068926868,-1.4205405215387579,3.719989062072736
04012,2017,0.35386846541416034,-0.04418372788903391,3.1567226844302225,-0.011318421373052612,1.6218708827404478
02000,2017,0.39754849902256006,0.020507972214004577,2.1200229961512873,-0.2630487659816114,1.7658095144977135
06431,2017,0.37111414223635536,-0.0036142342905989833,3.370618217168176,-1.1243846335960659,0.7685728036401819
06432,2017,0.3894908696137178,-0.015151935092425017,2.8091046843160155,-1.0406782595650177,1.0548339029170244
06411,2017,0.39223986612394535,-0.00551127097105214,3.393994804711966,-0.9856874142333241,0.05444887118193891
06412,2017,0.406710098353124,0.04571604112015121,3.419567913246903,-0.4791103282769704,0.40380923512175443
06631,2017,0.4018658615991035,0.03577057222549124,0.3300724436828349,-1.257921092858407,10.292196365055062
06531,2017,0.3961795974482879,0.022935863836108905,2.1838192248612778,-0.4130832595601506,3.6858824176680693
06433,2017,0.34998905242705713,-0.004013379121881433,3.263631406510169,-1.189321841643049,0.48299997369943726
06632,2017,0.3558563026168928,0.012989103544695346,-0.13446796669743633,-1.510382320933973,8.005563462601302
06434,2017,0.4443328130353244,0.06197495734026154,1.976475947515557,-0.7216123873478784,6.7755168273131465
06611,2017,0.24347979198101727,-0.06872421730116995,0.895731280339216,-1.612905251401104,3.6144838767789595
06633,2017,0.31292949210051985,-0.02671461270253811,0.08977929593573772,-1.5618599969126774,6.662973917849611
06532,2017,0.39663893924584226,0.031194507108782576,1.4391842799321757,-1.043918042987844,7.637811591513577
06533,2017,0.44691278405533563,0.046789796739317435,2.014483600277598,-0.8645253552425887,6.904642384478576
06435,2017,0.42179837375107226,0.05161050168271558,2.0859500703781473,-0.9656624977289456,4.160411813763551
06436,2017,0.3905938266164228,0.030522066097771527,3.5078707333305235,-0.4755967180714369,1.2028299496244645
06534,2017,0.392818524458802,0.02917794011831354,0.929936621850773,-0.8682339182670868,5.948700469122401
06437,2017,0.4989275786546009,0.05596087184882692,1.596907786469379,-1.1965911309161374,5.8840230621396525
06413,2017,0.42499184217946284,0.05184584899789707,4.032697381676385,-0.7677888156263251,0.351892346509672
06438,2017,0.4316405704295802,0.00588003547854693,2.8446305883316185,-1.1406515209478978,0.4464246875039982
06439,2017,0.4721394988243915,0.07435712095085306,1.6748556878943506,-0.7371491316820211,8.642880803983225
06634,2017,0.3474050687491058,-0.0017476305691256355,0.4496232717966632,-1.4340224541790938,5.813211939002372
06535,2017,0.43307113970570615,0.06631477828439686,0.7457297703789176,-0.8610909731968499,8.922075208082058
06635,2017,0.3165008794412643,0.0014416282817018011,0.04376813971512392,-0.9045186007526703,7.231781278312686
06636,2017,0.2819404113321228,-0.034674240270596735,-0.043333929626689346,-1.5843074144785507,7.333942341105468
06440,2017,0.41270015546679134,0.0315146337264407,2.4035347616424385,-0.7470502584830894,2.1774029101309083
06414,2017,0.3619939970286091,0.015141751584900609,3.086427581340451,-0.8038086605830963,2.9786663672472597
13076,2017,0.4118262259622119,0.03155791816466175,0.7023608459480011,-0.7386278801907906,5.621551640780651
13071,2017,0.3247696419404719,-0.021194724250615915,0.14662825135479707,-0.6139168275310457,6.27130288424089
13074,2017,0.39312361664444073,-0.0007485955142490508,0.5478742398011447,-0.9045050588825974,6.090364639566645
13003,2017,0.4709901333999345,0.09229363257905493,2.110787536943809,0.32739747966087673,0.8154814456184316
13072,2017,0.4031740106333479,0.02701782006052278,1.0576129169232007,-0.11200323218073516,3.542971062958453
13004,2017,0.421941823155934,0.05449512139011714,0.8343667858161828,-0.6897348017957438,7.203222094361334
13075,2017,0.3941453741033235,0.031351734681659416,0.8248720799445314,-0.1678584130408991,4.7347166643790075
13073,2017,0.47720045488115415,0.0831980957488504,1.239106538869264,-0.028383367901874568,3.1900949786112025
03451,2017,0.4424132199467243,-0.04029067581418677,1.5811463854883947,-1.132537391998394,4.104150229843837
03452,2017,0.45258374747056607,-0.01404091924985984,3.2780237389670925,0.09202215140673342,2.501557791810005
03101,2017,0.33954896534086265,-0.020461195743652405,1.147465776960638,-1.2792014479751863,1.2591520619585612
03351,2017,0.36095668585659485,-0.019857445861116263,0.3943041614204063,-1.3675926402351894,4.808230977563173
03453,2017,0.40622679891603486,-0.02123366096638829,1.3800630895502706,-1.2142139945219976,4.4904139091444675
03352,2017,0.5086414060688412,0.05146777546177411,2.242785262140015,-0.27431115755425495,1.6493102903751244
03401,2017,0.41445478505586864,-0.04792694211429477,1.209425167555412,-1.8312390237324727,4.700515021459228
03251,2017,0.4374793083143749,-0.008204460195377017,0.7237344045579294,-1.692154112759071,5.650457140092875
03402,2017,0.3613120277745815,-0.03572661895054152,3.4674638643495608,-0.1478653169082209,2.101535836177475
03454,2017,0.40641420201530903,-0.014600856568061926,1.7759507746370826,-1.245077070485561,5.077877695292007
03455,2017,0.4695423364045478,-0.02096530659235124,2.298283236686362,-0.6352526581471638,2.821680925496173
03152,2017,0.2812767636850331,-0.0664952979694885,0.3103614648896332,-1.162785021026725,6.522063950367549
03151,2017,0.3620509758189524,-0.01820004183762841,0.5322161647884298,-1.3201534680800135,4.226958747398197
03153,2017,0.347153656102415,0.007315111802333962,1.1230402851168357,-0.8455914055491693,5.991782675503976
03456,2017,0.42448081560217715,-0.03263335273882928,2.212051507664864,-1.1102421396542463,6.069723688347976
03252,2017,0.32996918857881563,-0.02124471161153496,0.25258763746090745,-1.5226219900068425,5.556728721982993
03353,2017,0.39575697900719903,-0.004377649190892174,1.4516661295835427,-0.3675356740868483,4.0743497297537035
03358,2017,0.44135787788518427,0.03077647217036783,1.310981602150166,-0.5685353966774767,3.978371794416334
03154,2017,0.3510420433123095,-0.0272716278790478,1.2465692496454963,-0.8435155543383166,3.2115745083167684
03254,2017,0.3297013084810066,-0.0065036740256301795,1.0095802720169278,-1.0424877489011308,3.4990847838607975
03255,2017,0.3656911089906166,0.029397075896005043,0.8175380084514714,-0.6990830751139909,6.7764443218543935
03354,2017,0.3772304458713086,-0.027047535937370137,0.8086688538246107,-1.0427583142341668,7.006459714752423
03355,2017,0.36566674081720557,-0.024836285203024,1.2364632621257197,-0.5770166922252591,5.071016344379372
03457,2017,0.43531084194555353,-0.04509931351162488,2.590179167973316,-0.5372672769471261,5.000374894183091
03256,2017,0.43291651747600296,-0.013943360122248172,1.4368345705547938,-1.0659008547417037,2.879604345126419
03155,2017,0.2953438590230477,-0.03560987067206128,0.4853626314685625,-1.0786864552630417,5.974274324091796
03403,2017,0.44046458358085305,0.0020439081584898156,1.714808695015588,-0.9867775419866074,4.070891514500536
03458,2017,0.44981098560593435,-0.003970968657093121,1.0787411720280133,-1.405276602894802,4.918839569828133
03404,2017,0.4142564642593244,0.020979756885438516,1.9582578596366624,-0.8150481289439586,2.6718182042976184
03459,2017,0.43630101604482957,0.0023001783006841303,1.8180897729852965,-0.8418968217181766,4.419121253411964
03356,2017,0.4422043118877655,-0.02108259820880609,1.6346849716200886,-0.8288320921409207,3.8171483881608914
03156,2017,0.2957019036821706,-0.01944735102450329,-0.029810972360943704,-1.0739325393053472,7.262783358520759
03157,2017,0.362282623945073,0.010533821286817235,1.3611473452404492,-0.9459505961508492,1.291595090158384
03241,2017,0.4125183167732874,0.013695171270041051,1.627842346737935,-0.7411839180696909,1.7377023964121092
03357,2017,0.45041436514170097,0.01795509685399177,1.5064319662373955,-0.7066251998124371,3.531972368405698
03102,2017,0.3514791677514012,0.021133930018991498,1.1400133857892263,-1.1336549132642022,1.4021380395579095
03257,2017,0.41659163413544953,0.01318732468087419,1.135460771853109,-1.2218379142527243,3.377800061433546
03359,2017,0.4593191872037238,0.03242877918086673,1.6752577418858643,-0.5773915810233377,2.583369565902317
03360,2017,0.33191316790262476,-0.02852541302022016,0.452039175734687,-1.0668380215044428,6.365657002459948
03460,2017,0.43551923834026807,0.012880793079530994,1.2792766839511038,-1.3069862324526598,4.305600475659845
03361,2017,0.4429528307330288,-0.0027234043468643,1.2179164055578275,-1.1497025765598727,3.9986556593407414
03461,2017,0.4570683370885713,-0.0281668270840697,2.234383097031077,-0.5818385428305621,3.42652474398426
03405,2017,0.4336526325647381,-0.006517709838419206,2.945482189911567,-0.12573250654241752,1.9010869565217388
03462,2017,0.4634473404886072,-0.017489380736008364,2.62854831955213,-0.3721371857474156,2.5341878575909775
03158,2017,0.37055366582795973,0.012277817293306792,1.4880894010256045,-0.7294466556773112,2.067596749778318
03103,2017,0.3539440199158826,-0.03558477515073838,1.0502550585555834,-1.0242015507052868,1.6278674519213292
05711,2017,0.42187068768969715,0.03929805125649122,2.0525424360083435,-0.41060528297197907,1.9939994655394417
05911,2017,0.47831178987753725,0.056198512618344854,3.6611454964036283,-0.601290355605339,1.1285148927306812
05314,2017,0.4236221231446559,-0.008417256713868781,3.2392714885952687,-1.0427721139134833,1.018478121390992
05554,2017,0.511418805429625,0.02989146863631359,2.6928373410767423,-0.8103898087089214,2.8171684825993277
05512,2017,0.4918861342129078,0.05649586119542799,3.1131957218757496,-0.6675916829303294,1.6473735273735275
05558,2017,0.47099502890612543,0.029625521111535658,2.4287282704566246,-0.8502584905165635,1.2769425899745976
05358,2017,0.4071756764877941,-0.005292034457043515,2.755995304275972,-0.9780303526342267,2.050894829925972
05111,2017,0.4571073916897674,0.025531113999696986,3.240046806460196,-0.7340889716560559,1.615656268393173
05913,2017,0.480140879349871,0.04440995533131431,3.545063418258866,-0.4539137946669567,1.3844943643453533
05112,2017,0.44600026767358525,0.02895169526291347,4.02373258696933,-0.08342904842098431,1.9932307508797042
05954,2017,0.4812940031642962,0.06267984039742075,2.2609863234628746,-0.7701784109715852,3.4542466312780724
05113,2017,0.5322319913247502,0.07164462088854551,3.3170697941192104,-0.4824303081302639,1.7093522755987314
05366,2017,0.43557361041091325,-0.005974679956727624,2.3739574090990754,-1.2113443770207981,4.002380957371218
05754,2017,0.4572779533214333,0.012321251408559608,2.5979467029223122,-0.41626537872550484,1.2151715175307976
05513,2017,0.4969009669442365,0.07840623513620187,3.3561421286770203,-0.9377431604027384,1.4552899513058877
05762,2017,0.3807281742693722,0.02969520560610933,0.5085488107368918,-1.0291884882165092,5.982517527960262
05914,2017,0.49286902449007025,0.0898160537139226,2.605279485896146,-0.6488459704448197,3.1647612022865568
05915,2017,0.461343719142531,0.008090129810990998,2.6482182079324468,-0.8538989343298331,1.985723919100466
05370,2017,0.44929305082834525,-0.008458377798850558,3.023017217555608,-0.8830402731302107,1.4710130680206452
05758,2017,0.4406586042254407,0.03844577695852053,1.5797468903584788,-0.6558566917322131,1.8268571582197095
05916,2017,0.49303758508556844,0.062007374494896184,3.557509940578859,-0.553459383853844,0.8737014762165117
05958,2017,0.4419482605858685,0.10860895893950973,0.2634110773216247,-0.7127887501564957,8.944809223960766
05315,2017,0.38887477175332014,-0.00618658997914362,2.634963318748778,-1.6007895395257514,0.9753038712850417
05154,2017,0.46693428186100466,-0.007040011697636905,2.954705922724536,-0.7763967070772697,1.5272986407845452
05114,2017,0.46016444679822516,0.026163032027270827,3.8834548710887393,-0.5160049148208259,0.7487395339682346
05316,2017,0.4523237328223653,0.01766976209731813,2.471446496211286,-1.813772988226121,1.225345085647763
05766,2017,0.3411093177741122,-0.021067214214820718,0.6502703493999531,-1.0582420933677206,3.898880039241971
05962,2017,0.5052044292428903,0.09336060545133068,2.0941794092019297,-0.3978970987346617,4.041880697170346
05116,2017,0.435842122983918,-0.003920425298760022,3.3073242255724926,-0.7011806686975799,1.614948639315308
05117,2017,0.5440300088707454,0.07494802015403579,3.251085410690816,-0.7508039484231559,2.0346212033050164
05515,2017,0.47754757673886905,0.028499607238450186,2.432946000863337,-0.9071609392557471,0.8720208821971708
05158,2017,0.4975879590193148,0.04308281153114407,2.701301514568779,-0.9476172810890349,1.3549076264001068
05770,2017,0.4686852100479412,0.035899085196904934,1.8372459743927008,-0.7240467861890829,1.8797470297237668
05374,2017,0.3800091334380095,-0.021305966040995494,0.10110887639338416,-2.018244457831787,6.722518873135703
05119,2017,0.47642822459983997,0.06818325877147874,4.651568926323477,-0.26687744184753903,1.43150475022985
05966,2017,0.41024801096558705,0.08267252655366425,-0.33086889649421064,-1.3478332661917385,9.2967229667707
05774,2017,0.4209165181923207,0.01617613039772653,1.5557950075506872,-0.7921103353284955,4.169123575299205
05562,2017,0.4886626134248149,0.039305092197579716,3.0053242852853717,-0.7799999906024411,1.6254217840517928
05120,2017,0.37075947831217404,0.0022179688027501587,0.23722774212733627,-1.9914137036709132,7.424840977569467
05362,2017,0.3877412500785477,-0.0036080244939089567,2.8255661862864616,-1.1773386387317042,1.0502140744447046
05162,2017,0.38841364502727516,-0.0073692136998873,2.687288602626853,-1.2184352300578434,1.4278997430721583
05382,2017,0.4299997846306401,0.0003729230764421554,2.594434354986768,-1.2488858974479542,2.119886800013357
05378,2017,0.458207870952039,-0.004912164594294166,1.9236253604529039,-1.3994132455724264,3.296048762230659
05970,2017,0.3414951653006827,0.022197204460100095,-0.10794378010591905,-1.2073368548619565,7.068663257852447
05974,2017,0.4799965872893053,0.02229670552213725,2.412874569922217,-0.6053028919285248,4.074874045569279
05122,2017,0.4944434930656444,0.0632327919797529,2.879736486974434,-0.9976887302675732,1.6545610523305685
05334,2017,0.40900251638825985,-0.002873519297564797,3.1036476829084165,-0.7909193533619923,3.0837979983660095
05566,2017,0.44538498848254493,0.010632709999657375,1.9709520697639245,-1.0721185679411689,4.4231259753404
05978,2017,0.48064466794674865,0.03570759536877188,3.058378696399806,-0.45676994174410135,1.447197536174848
05166,2017,0.46568300356549264,0.004831201073306146,3.478908330133293,-0.5261218547738871,1.220096896045454
05570,2017,0.43112357196073087,-0.011438308616937343,2.550892830723255,-0.5966587649561741,2.2523055242490995
05170,2017,0.5083340854376319,0.022854824093183512,3.0895701661182216,-0.7638481676423727,2.12724799804389
05124,2017,0.44141316279392917,0.0218815996283363,1.8051934985680949,-1.3754313342267221,5.211776348342406
07131,2017,0.4463242757769206,0.002467133898589269,1.484230402243412,-1.597703517029279,5.861276670781171
07132,2017,0.4918244889003394,0.06288070859105771,0.8928524964467477,-1.6491356036466227,7.1348050728041335
07331,2017,0.31702893560467554,0.00028705761266140106,3.2451661187380143,-0.7376054501985405,0.7224359343828262
07332,2017,0.33513330038684014,-0.020219844811148968,3.1719426394861974,-0.991405965626075,1.6199739335110008
07133,2017,0.3995037155998288,0.006664157906763224,1.9742915701724313,-0.9958530658240987,4.111359618653881
07231,2017,0.4205378073833999,0.051398838527351776,1.4183736204328552,-0.9524915272702135,6.798678855553507
07134,2017,0.43136534520990794,0.06482337101517133,0.8658890370827578,-0.799604368402271,8.482424618842701
07135,2017,0.36991418136263937,-0.00029983089627766413,0.6691756924129003,-1.4401214232645958,8.974383726505712
07333,2017,0.3692958812374634,-0.0069822991697652825,1.9959539007746867,-1.1198978482445854,4.565057078765972
07232,2017,0.38479297995568124,0.0357740719064073,1.4808165343566089,-0.5262966341634037,8.309679834671568
07311,2017,0.26384100748756256,-0.001621366147227743,3.9332820792739103,-0.8060183681496653,0.36685149806625983
07334,2017,0.28968459625332565,-0.033800849779955344,2.789031363886318,-1.3216439203297794,1.0708684040142438
07312,2017,0.4401572692756818,0.04564234746856499,2.233803588362274,-1.2115067194147984,5.974045277841296
07335,2017,0.4128290830301554,-0.00313481235056573,1.56430977169924,-1.224943991300851,5.877763173616915
07111,2017,0.33701484632889306,0.0016852743732911901,2.1142435907598247,-1.6906920646754893,5.386370312347007
07336,2017,0.3704683110956635,-0.031460134193488476,0.981962563874464,-1.4362479928448944,6.50418740024411
07313,2017,0.29660747652107605,-0.046150992977213756,3.25035171843631,-1.0000793182566263,1.1578481162158967
07314,2017,0.28965129150872115,-0.0006533453758133523,3.989397410935899,-1.04036200381971,0.7007520340853671
07339,2017,0.35431191371903803,0.014963532954247405,3.3095946112670194,-0.573075614776366,1.0740363118547525
07315,2017,0.3016131221849157,0.020813018669241568,3.1397152201011447,-0.6968862133654969,0.6607900750897813
07137,2017,0.3881220955308195,-0.02803239749682307,1.3305924704600351,-1.7420699059349576,7.515233085642342
07316,2017,0.3456761194545499,-0.05381411057705693,3.6344303018457795,-0.8538768293825294,0.2656402088310769
07138,2017,0.4403173154128832,0.06700916631457798,1.7298303607448817,-1.3622198682732551,5.657659680395163
07317,2017,0.3883144539964179,-0.025948495288413198,2.6461104282177628,-0.485529367714832,2.805595512082854
07140,2017,0.45920207582763584,0.08711476400023638,0.6366484951779704,-1.3271546109136998,8.791651419825218
07141,2017,0.4398702664488598,0.03211515329269493,1.2536191402262318,-1.206694428844845,8.903439336882201
07338,2017,0.3019839848554427,-0.0060266205921589155,3.3561627533500746,-1.1189950887279685,0.35990224922755465
07337,2017,0.3075839880383704,-0.053088402913964605,3.0014962662642786,-1.1886419467934788,1.5995116427206433
07340,2017,0.3741800156155428,-0.04759524161124434,1.7472888351782205,-1.2567249691400155,4.227959895807736
07318,2017,0.29784889254428887,-0.015487587772041178,3.132458774662541,-1.267924378106442,0.6767601246105919
07235,2017,0.43900156940245905,0.060220560036833515,2.0477845208974985,-0.48501345707619725,5.781423893074894
07211,2017,0.37713834567915017,0.035743447726134525,2.5227838978831154,-0.8942560114294107,1.704326468921216
07233,2017,0.33234870971265407,0.0031993773213568333,0.501496890768149,-1.0797971588967836,9.630253193826235
07143,2017,0.45768820180847664,0.08942315724268829,0.9344664545927814,-1.291762943327132,7.3464618151553145
07319,2017,0.322619475156943,-0.0044797660684522955,3.362098725176361,-1.0887315611137671,0.22013969323646074
07320,2017,0.36327497207150916,-0.025350777622440868,2.8158983646283264,-0.26516777414794657,1.707322132337689
10042,2017,0.4528026856559267,0.052463471603364176,2.8190558211287957,0.0014448619034452825,2.726048419931723
10043,2017,0.452985044553946,0.02717812701209049,2.239126055440135,-0.6556307630489475,3.4555438612547476
10041,2017,0.4462678381210613,-0.003764299007678995,2.827481498819976,-0.8419822057658002,1.7829692053952695
10044,2017,0.4422187896787422,0.018734378307751376,2.823266093711527,-0.6488183688033926,2.169876567722294
10045,2017,0.38624299418713115,-0.018827284015798584,2.572847093696791,-0.5976217175070646,2.3321495286502447
10046,2017,0.41370142554484224,0.03341710580983859,1.4655902751911885,-0.8080738758176358,5.735661940823337
15081,2017,0.39869633639468616,-0.011841700267935962,1.037000115253129,-0.9814547267966762,4.9609536936298815
15082,2017,0.4468004239248355,0.014644601778778077,1.6483918032034541,-0.5671426228901826,4.772487236780901
15083,2017,0.35299160083751174,-0.034820075220567015,1.1449037202090353,-0.8828938041473289,4.265644550706494
15084,2017,0.457212522326031,0.0447745780402673,1.3921398109285381,-0.8547790477418957,7.387014156101168
15001,2017,0.46849457736163486,0.03793751181204602,1.426690927665311,-0.640495030953069,5.731070972450286
15002,2017,0.4591067237104675,0.03369321791216773,2.033936839411497,-0.6267847409227225,1.3659427253507592
15085,2017,0.4081883412100151,0.014344265048546245,1.717487407334804,-0.5419291684646501,3.4725658954855114
15086,2017,0.4465342874496677,0.00997400277090904,1.33015438952342,-0.7915596333537023,4.590656081239872
15003,2017,0.3550920497041168,-0.02389837734804018,1.1873560397142926,-1.082089652169587,5.093437698805755
15087,2017,0.37843097924432073,-0.004928793675229193,0.7741051094333007,-0.9667974475087227,7.0130491355879805
15088,2017,0.45448011012626954,0.027342168978058246,1.5974999550947204,-0.753109399933644,4.4673642037437995
15089,2017,0.40434873271512295,-0.009775292739282626,1.7128084717852823,-0.7436524933088497,3.1550360587440602
15090,2017,0.40426553389315445,-0.0064349628436661255,0.9189482542859839,-1.1418133132798027,4.624932899471813
15091,2017,0.44496418874790544,0.030570224630772524,0.9913107516703378,-0.8406102106918202,8.552855779362028
14625,2017,0.4492828871240379,0.07657734591289939,0.3105640624772303,-0.9155844173278449,12.260750129958717
14511,2017,0.4642687404311017,0.1168105966857147,0.9119943418150992,-0.38447103162296525,14.83435954016443
14612,2017,0.45383181561501973,0.10307551806725351,0.8120052247947848,-0.6196194370973297,13.288905318152691
14521,2017,0.3589727035297341,0.1078053331852672,0.49515745381626475,0.5084958859587122,17.451241664308725
14626,2017,0.4215973211586691,0.07766186919258705,-0.4291239477865362,-1.093229664169224,12.323570465684249
14713,2017,0.4243015694811246,-0.0021439992129950736,1.4343631350110813,-0.906276984361964,7.733132042705187
14729,2017,0.4760907716796328,0.04551688558738015,1.5879189416692583,-0.40477843418849546,8.614101122277784
14627,2017,0.47568456776469265,0.046616309608404016,1.2595114131202656,-0.5761212912363523,11.248520839593937
14522,2017,0.4354815958965004,0.07632714645555466,1.0389726748603898,-0.08956475891179427,13.762357214322416
14730,2017,0.4540589330930626,0.007026985895425053,1.135303181954845,-0.8529098186726178,9.267303000047937
14628,2017,0.41457297328967035,0.10337796555049383,0.5346192766183554,-0.12101630989545731,14.478915939908187
14523,2017,0.4344606075796345,0.15124785898193427,-0.12623227497552744,-0.5659533773608741,14.101300164624101
14524,2017,0.47199206639475977,0.09902160033659135,1.2788601156897355,-0.24906729053641818,10.985374069969923
01051,2017,0.4973773444827705,0.08892332405731596,2.3015613629243408,0.2204549943237719,1.4353089867556077
01001,2017,0.4233327267059592,0.03677314781590024,2.884156412480704,1.336159687968485,1.6584722388775632
01053,2017,0.36426345149009043,-0.05320041466785952,0.8366746000956523,-0.6967920219730294,4.495460505110912
01002,2017,0.4567650732566173,0.05018633291417107,1.4605770426153655,-0.1781704964418469,1.2695105170041283
01003,2017,0.45079542890174473,0.03544903888444023,1.7955638166098509,0.07756977292566947,1.429105751391466
01004,2017,0.41018267727640684,0.021239424004393992,1.123820207365768,-0.6932953413372409,1.9457358029717078
01054,2017,0.5057182916145772,0.06384516143963442,2.279988015571431,0.08752371223820266,1.3690390361010565
01055,2017,0.4637478310262311,0.04222796629391756,1.749149325859751,-0.05169340991145943,3.2662081421865063
01056,2017,0.4882712800157042,0.05163030336417446,1.8926177537513773,-0.35869349192660316,1.3442791519039687
01057,2017,0.5032610539432867,0.08271310910094265,1.5185010933956946,0.009253853537455559,2.908255366941153
01058,2017,0.48513073926786265,0.04988850095948366,1.6886459441905275,0.009130634455574382,1.4860410570412081
01059,2017,0.4810829647976517,0.04700433060007159,2.152336879821336,0.39656262347612015,1.0837676592191565
01060,2017,0.4748032806671342,0.0539781964310872,1.6369887733919015,0.10948626903506353,1.718037675855819
01061,2017,0.5036747779663714,0.0622260563097875,1.8719722268934882,-0.1678380791356402,1.1890364750005409
01062,2017,0.4821427215963022,0.0578503132108622,1.8142023648010894,0.2199396095339783,1.8500545232133125
16077,2017,0.49505526910225056,0.09364122776701711,1.2577595227161695,-0.6101906158941499,10.161690691717501
16061,2017,0.23843920320598302,-0.054544987208057644,-0.323325739911082,-1.199875485865762,8.828030687062
16056,2017,0.28560860933118526,-0.003917323531558936,0.1274119110501265,-1.4973594796128036,7.592976274821436
16051,2017,0.4271254670612207,0.06049337840543728,1.398682617505962,-1.02266998368713,6.882523535448172
16052,2017,0.5010041791672251,0.09999709647333654,1.334905071042319,-0.5083634470532323,10.30882392758188
16067,2017,0.3935372433050412,0.04120240198886438,0.5865177368405432,-1.377069066947443,8.224028807630718
16076,2017,0.4954137253888284,0.12399948333010335,1.0024289104225002,-0.2713338574604016,11.11085266985108
16069,2017,0.28812837945049363,0.017546972339264166,-0.5259306980585943,-1.4590764141831998,14.678358585921417
16070,2017,0.46893451548384973,0.11067181400371234,1.137842660870942,-0.7559540934250812,10.336012511677023
16053,2017,0.46298051530855194,0.09659238933371572,1.3458736929421171,-0.5226527933195353,9.150298699123443
16065,2017,0.350882779713913,-0.015424910006278991,0.9064164927820461,-0.9782885731577783,5.21067634890743
16062,2017,0.31799101342112956,-0.020296951889888726,-0.09546174143119862,-1.3196544114672386,6.153628799222426
16068,2017,0.4210939485875091,0.028248408269688496,1.5870818678605036,-1.0425042064081371,4.635549421724757
16074,2017,0.47668326647074,0.08976174678241833,1.4050669356311376,-0.4617843347308037,9.879488732290975
16075,2017,0.45962368093634615,0.15683960033969707,0.223098228448913,-0.38516858867838266,13.537517040354507
16073,2017,0.47194773926678224,0.11646985739784149,0.7258089132472859,-0.5846845987311439,10.62246095969096
16066,2017,0.2749905094192425,0.020888859552472716,-0.830189395424546,-1.5402831881214178,14.17782523672293
16072,2017,0.280218572888076,0.050910729338985494,0.5295313743111925,-0.035531550458650196,15.95340599085221
16064,2017,0.31878167687285,-0.0020697041203261435,0.7899336704021754,-0.980216897311169,7.128059670133417
16063,2017,0.362823231925873,0.04115339297693754,0.15595032413516713,-1.1700404332868006,9.036672151557083
16071,2017,0.4483409889332756,0.07127356164927512,1.292260751002236,-0.7326592777053114,9.614081356254896
16055,2017,0.48164490751474004,0.09459175535755387,1.364390208283071,-0.825801342621987,9.17249140683614
08425,2018,0.45028809344472875,0.16149585979896286,0.856014049071328,-0.6591002430272556,4.751929115101682
08115,2018,0.45331235544071746,0.057420601571045116,2.0439138774071783,-0.8202052951082499,3.9291553303158424
08211,2018,0.43982949710422015,0.04411439466998579,3.7130767942083716,-0.8354365606336782,2.182754561506769
08426,2018,0.4262952620774622,0.09250793917323291,0.20418182529729803,-1.4767250994713477,5.719407850781282
08435,2018,0.39868487182705514,0.06480384078643792,2.108814982600228,-0.24680836498286407,3.4458372152113133
08315,2018,0.37152008126718805,0.021824491947748548,4.177600431983302,-0.44985997684750156,1.5100594579646023
08235,2018,0.48005412563497846,0.07924572478398217,0.9885931704650287,-1.1273795519636782,6.287893102149442
08316,2018,0.4173536165244156,0.01745060384823649,4.9197886986887465,-0.12219797676409261,0.6802764470436966
08236,2018,0.4544884829557788,0.011583191134135973,2.7971738337705654,-0.49898585658846795,1.5407199581150155
08116,2018,0.43421285972109686,0.03394273017758609,3.643515214433868,0.23594864951828765,0.9801565949400827
08311,2018,0.44198581121815916,0.017702107517056087,4.26998866128397,-0.8925276972565523,0.8404420528007512
08237,2018,0.4070097137188192,0.03712080714915261,0.6084599851403869,-1.568769483424945,6.256416565606858
08117,2018,0.3958527678592954,0.026237037760097337,2.1491444101652033,-0.06602635701902759,4.458398772290378
08221,2018,0.3824952162515854,0.011165866816715997,4.563813568816672,-0.15738683781280738,1.0030240952102234
08135,2018,0.4529077216076684,0.16899375654618304,1.4942515655856112,0.22996766738237495,5.915894590290363
08125,2018,0.40252453877185723,0.013440809974550272,3.574422899931461,0.11357718116860438,1.2859124929406558
08121,2018,0.407351690645852,0.05001475120969351,4.2092342165931385,0.34463590368918506,0.30341196293176087
08126,2018,0.42112225168741113,0.007807559257292707,2.5234577245083596,-0.2770303049823082,4.098546634406034
08215,2018,0.4728028554170165,0.045639035797739314,4.025082282183744,0.03866655230990723,1.133190053729852
08212,2018,0.42629362901022394,0.01931538018889095,4.699911541551303,0.3999376071164873,1.4488015814183346
08335,2018,0.3906083055421436,0.07016629475147446,1.4104677386552433,-0.9973077140357063,2.345837934050578
08336,2018,0.48971127845942525,0.06373840492973598,4.059057450291626,-0.23342327219917713,1.285296001463995
08118,2018,0.4185206234696396,0.02410489795319415,3.4576649447394057,-0.3231149031546212,0.47761760695245625
08128,2018,0.38049276930585063,-0.0010518933980723233,1.8871831947268551,-0.5983404473602525,3.2680363766781118
08222,2018,0.41944681594220756,0.06170631568569074,5.547158773845194,0.4842138607856601,0.8504200240013714
08225,2018,0.3125603558420312,-0.07023291857650094,1.943865735319958,-0.4507984560948515,3.867406012415428
08317,2018,0.4208015774811028,0.03375909338395733,4.134548345235116,-0.4707212751136707,1.426172838564073
08136,2018,0.4535005177226203,0.09738981317456591,1.543218946132648,-0.18807841279410664,5.689566255109239
08231,2018,0.4322824427028208,-0.0045326533163607685,3.1495471028938034,-0.26087746180538574,0.688237647529506
08216,2018,0.41169042603823847,0.019693935600797907,3.8998193479614107,-0.4812323128568128,1.7158440556885983
08436,2018,0.3908690233181221,0.048751460433253235,0.6716036900956603,-1.30981979828848,4.103566285472258
08119,2018,0.46456271612940603,0.04173100419199144,3.6434815871861113,0.18225295505227157,1.6603072013845694
08415,2018,0.2662552596402515,-0.003980137319747945,0.3772131609747667,-0.84629746791377,7.252240297595917
08226,2018,0.41727817402076883,0.009537796792508157,3.852218723861465,-0.08089354929975023,1.0374107922920615
08325,2018,0.39476350544915423,0.06297662419935318,0.5658940037269399,-1.0886596173372163,7.96676122097205
08127,2018,0.4100193146173933,0.0352955348893233,1.9237842432903165,-0.17298188403627868,5.6953967427679055
08326,2018,0.30380062503484223,0.0034618482872088574,-0.3590067716285432,-1.5154789939099136,8.705316540396815
08437,2018,0.32941707194792813,0.033487536734645884,-0.1725105655785528,-1.4480901090890623,4.894499968171113
08111,2018,0.39426199014443514,0.031034775897973488,4.182893338836229,0.16638905210150945,0.5338097855964815
08416,2018,0.46308275809100125,0.04910862790171905,2.238805644297823,-0.8860331994097237,3.0320262687372783
08327,2018,0.3003364132663499,0.015613860614268504,0.0587377910607318,-1.1741289453722898,6.432790140475252
08421,2018,0.4595013991757875,0.18000228241101668,1.3015494636634537,-0.48706880453645596,4.02280239644665
08337,2018,0.384988850892681,0.07400177801451746,0.756054964161508,-1.3212139273190642,3.074462580176739
08417,2018,0.39696137091429434,0.0559050951176,1.077223687559397,-1.0023143663983651,6.242696969840511
09771,2018,0.49801785217309436,0.16630925995617768,2.244888476818595,0.3748290678769288,4.360681245736656
09171,2018,0.48167248771211857,0.14164976162688137,3.1650400010859614,1.7003071959122769,2.9010352390992606
09371,2018,0.4156279152145958,0.10924666755394347,0.8334529883467297,0.41542382364761904,2.9548969536250396
09361,2018,0.49561031554964646,0.17252727000704549,1.5513211954470172,0.6251911404380653,1.6296579692401865
09561,2018,0.43438102489504254,0.07551877942277962,1.6770955526445672,0.17596697964416896,3.278970657574989
09571,2018,0.4584031712018791,0.08560874611387126,1.5619826018735994,-0.20967840188591058,4.898135812477103
09661,2018,0.4137420689713974,0.011927573412659098,4.735127463929485,0.459104871341256,0.09304394235901087
09671,2018,0.401965323439402,-0.01087589194960309,3.3831572010945874,0.09111491305397745,1.6071599307204605
09761,2018,0.44319742498046855,0.12229213465771943,2.961034204372261,0.38909507862421844,3.5318257956448904
09772,2018,0.4819308062897899,0.14114590639961838,2.3130231118020097,0.25770915103543235,4.540393118185724
09672,2018,0.2947077556380938,-0.04581410990527646,1.3123165546623643,-0.7347913685844747,3.7318483619843956
09173,2018,0.37458436296234027,0.04321266656157263,2.007452981935663,0.27583725965038375,7.224322273573844
09461,2018,0.3971952296290562,0.048393420343872395,2.2761044756399254,-0.46680837541372355,3.5601246579507433
09471,2018,0.4123747012786308,0.06615044817315407,1.6963333804330467,-0.016928191035878504,2.9634675391974015
09462,2018,0.4625511579820677,0.14207072196113685,2.8348441667102633,1.3520481418499695,1.6057305233246515
09472,2018,0.40520470471503983,0.13112679917229697,1.6672483750424179,1.101591683650996,2.335547437174803
09172,2018,0.5392929050197766,0.12879123806637965,3.090873751721099,1.0915211647690286,4.660890203856032
09372,2018,0.41006399895229234,0.08164981226848911,0.5020019444344003,-0.006886099089403075,4.455557672504913
09463,2018,0.23984660408079583,-0.060064801335093954,1.596877701460173,0.04451716584207799,2.9023908074380675
09473,2018,0.2630897938677383,-0.047332986412370937,1.4661096304753831,0.20564921144798753,3.2269729425645144
09174,2018,0.4320123727314004,0.10191019945445756,2.10872369927719,0.42132921168659765,3.7998573837694654
09271,2018,0.2728096520896889,0.03987746327792341,2.6129453150422313,1.2915546822569417,2.664457150924751
09773,2018,0.4914073982057883,0.188175417056253,2.256301406428428,0.49313613364796005,4.5832614357640775
09279,2018,0.3929679150979026,0.08437215960421901,2.4392816747362915,0.91658159243983,3.9213723568245933
09779,2018,0.43994227532179425,0.12107858383795173,1.612714063115641,-0.2317724374461878,4.6802067766766795
09175,2018,0.5155147888020154,0.15771172784177034,3.1983055832450695,1.2043977252028568,4.328995825165476
09176,2018,0.36250244506355295,0.07322009599101875,1.729490226006673,0.469904715628942,6.261166158021195
09177,2018,0.4869958475486503,0.14749979432032878,2.3822823496405596,0.6489411476973286,4.675069921487417
09572,2018,0.4658251212213056,0.09050037510298448,1.948369739944157,-0.2928854952049651,2.167671622537911
09562,2018,0.4709198679002436,0.12570863907216578,2.4394617976822053,-0.07534025263040789,0.811354118194509
09179,2018,0.46640283647844044,0.12358504496793649,2.0436245701348783,0.09867475098765177,5.103249387918114
09563,2018,0.4864106914933665,0.1568022286187648,3.8140496930764125,0.8756623870432065,0.48811557279754514
09573,2018,0.5583793980728159,0.1719407731772447,3.0913361268365054,0.9156984955850036,0.756792708836128
09474,2018,0.39481864259764604,0.07850520121247961,1.3080089384842448,-0.4426678841485405,2.2911038209185652
09178,2018,0.4333216110223744,0.10559647777606346,2.066736765138109,0.27810772226367964,4.936698675256938
09272,2018,0.15111342821427814,-0.07043141336880715,-0.24592624360925297,-0.32279772441237015,5.993085214561725
09774,2018,0.48991920867341454,0.13116610784479382,2.467300451085385,0.474243525768947,3.77768125251942
09674,2018,0.28686157282532493,-0.07300439775045198,1.1358646188558565,-0.9397389854445457,5.489898821250878
09464,2018,0.2606001477826481,0.06993607775753252,-0.06755923492356394,0.16187568389250948,5.496389614380088
09475,2018,0.1762426335169495,-0.003609105985505595,-0.7536054317780225,-0.2659455646832026,7.97112056375055
09161,2018,0.3896017445924695,0.09580613727384601,2.430484462993397,0.3088903860351744,3.1870829759504553
09762,2018,0.4169694163028706,0.02913291764577175,0.6918232044199125,-1.0852390813606352,5.704419889502762
09273,2018,0.3601428593235015,0.06087226911149635,1.8231757791396295,0.5668078578460907,4.947387171307265
09675,2018,0.400960975650847,0.03577409625763123,2.506876755991522,-0.42987355523449544,2.824254456457644
09476,2018,0.3042899528796949,0.057995055341025226,0.40465810062498225,-0.22465996844034347,3.243378208163229
09477,2018,0.33095958343958115,0.06071686630675949,1.4272011450777806,0.6996225042227536,3.699273865766594
09181,2018,0.4607973840677291,0.11952616277471806,1.5836206566686053,-0.21157525314519243,5.581157964216664
09261,2018,0.48355640049008924,0.1634682200531285,2.76156342810505,0.9153007440998866,2.98726973191553
09274,2018,0.4544611590348074,0.12655511251994045,1.8806486653401178,0.5698197911136662,4.906962798143982
09478,2018,0.3476885359958565,0.013458596917500676,1.2819005670373893,-0.010070268253336234,3.6061335356890005
09183,2018,0.4535029612619705,0.10791667479708911,2.663420454806691,1.2023017274316894,3.452266856466173
09162,2018,0.4174307711195833,0.09859379093744286,3.5765290824205267,0.46927219328132797,3.3291309690124735
09184,2018,0.4173752326094924,0.10918797648849904,3.236549125792426,0.9208202230934712,4.427592359648882
09677,2018,0.3694511649619993,0.01329806257720395,2.494309416068348,-0.011660354005045281,3.6160126317894647
09764,2018,0.48132707270475433,0.10042311817389543,0.9321174880442009,-1.0254007490972297,5.190224510999684
09182,2018,0.31550476728521676,0.00958945981071041,2.2644209024900146,0.8277323541445045,7.403359758399396
09676,2018,0.40833250608054544,-0.00820575441724336,2.8854528293220336,0.048893808553285734,2.9592127051867663
09574,2018,0.34809450424005334,0.052857432717631825,0.985183528293169,-0.10597786859670533,2.960594610993133
09564,2018,0.432132980237607,0.13270731017634924,3.989808771312979,0.79493714536392,0.6071301098070503
09775,2018,0.4798541317021654,0.13075258218833147,1.946533842684588,-0.1770622735594123,3.7616356588190296
09185,2018,0.3938492168547795,0.09060495944252367,2.149978524192778,0.2139085399505467,4.665023937558141
09373,2018,0.30810875598406423,0.03419750255295406,0.8464333622951278,0.10618356794186234,7.15269044743614
09575,2018,0.4574417399705885,0.079425871041024,2.0791016021949718,-0.36339775266260865,2.7396226859847665
09374,2018,0.34121042972829296,0.09059217789802154,0.18946531828582053,-0.04651875823729254,2.848920516401362
09780,2018,0.4143522579691975,0.08640502505170233,1.7366595161442318,0.5800015831815781,7.539620807000486
09777,2018,0.432032039794958,0.06615561357033001,1.0832109590536,-0.7242335166025076,5.459393939393941
09262,2018,0.2412563218949313,-0.02880294030628361,2.313883032584231,0.8001091802113547,2.3566573008247986
09275,2018,0.3551090307220139,0.08274147685477412,2.7551219503704814,1.4521815259482165,3.1140366038874365
09186,2018,0.4339200406641205,0.10611841645894654,2.08077527920589,0.2728157451892981,4.605476535936221
09276,2018,0.17255304317222908,-0.08395118281623581,-1.5455363837551055,-1.1577763254437363,8.875
09362,2018,0.21049261989292806,-0.024793604039649392,1.9141794474713174,0.12462959538080565,3.9540063966488352
09375,2018,0.31238093265194405,0.04469424305973513,1.4563124111743135,0.3899313939189195,5.243792989229962
09673,2018,0.2542685031514294,-0.049140756000767505,0.8142887504468063,-0.7616710255310161,5.239087360819331
09163,2018,0.582145204412559,0.1704688275413147,2.779995536795515,0.5006568885623115,2.4411479777185767
09187,2018,0.5795675866128597,0.15634237611349572,2.947211289266609,1.0754873915744616,3.019892641019144
09576,2018,0.5081390010764972,0.14758760880727723,2.146716085884138,0.5591614476736124,4.930897658077406
09277,2018,0.428305872492541,0.09549944702272456,2.5236346384540242,1.3218444914884833,4.10834822864434
09565,2018,0.5173252575553872,0.13560262182081728,2.956864529097962,0.6672693369185319,2.445698858755676
09376,2018,0.35986687350663094,0.06309489539785751,0.7927250715858912,0.18747420299103112,2.963681056551081
09662,2018,0.3166038394494835,-0.02064030829424257,2.8583112715293297,-0.5601456981651105,2.7075913776944702
09678,2018,0.29862214035001905,-0.0553154154949716,2.0220553918363953,-0.5934344318049543,4.150656476112898
09188,2018,0.4806112557403408,0.11683125278405676,2.412217625040825,0.3823430190282284,4.765803911676473
09278,2018,0.34708739300774927,0.08761728135169194,2.273558119976738,1.0479148578340016,3.651353188199992
09263,2018,0.2623704570146389,0.05731898960049839,3.003227189181822,1.4500704344713131,2.1903413350214045
09377,2018,0.2578870549268443,0.05668080861755351,-0.1727525042480054,0.10103108045415057,3.5788344202069617
09189,2018,0.5121330857890979,0.1503938443711999,2.6107451294813897,1.208915891935363,4.321016514212971
09778,2018,0.4479755275660077,0.057851126179719825,1.0656157232531702,-0.8524492174553004,5.747764831192305
09663,2018,0.36292460102441776,0.01674592023825361,2.8962328638684705,-0.2311520189742975,2.8633665232276906
09679,2018,0.3609007244268148,0.018161020425308316,2.0327655717269746,-0.6197628300210876,3.2302823832388703
09577,2018,0.45525620494824637,0.10497950864958644,1.5708101712771703,0.009118275467294934,6.102583742977837
09363,2018,0.38182527507807856,0.08486969186602034,0.9796157628710704,-0.11362621394182737,1.8381220943525647
09190,2018,0.5066961144306221,0.11099843208483495,2.4286071581480027,0.23758249468380566,3.306122448979592
09479,2018,0.22611044174874018,0.0577369385062555,-0.3117487514529136,0.44567903830850275,5.382829904280284
11000,2018,0.4468844943071273,0.11023979237959736,2.5726422664675397,0.45223059528546683,0.760347535336137
12060,2018,0.4762243852296626,0.13380884561662565,1.7334939040977633,0.6827088916016815,1.2816020992040325
12051,2018,0.4519802940742723,0.08079600655246405,2.5645265287819283,0.703665563542861,1.1544816763592733
12052,2018,0.5116128000821245,0.10615031943683462,2.0342141300488503,0.11799138340976234,1.4932513363247946
12061,2018,0.48699370901265954,0.08724338393040448,1.8468984757698657,0.1820577201097986,1.047613265156538
12062,2018,0.522502302379124,0.09015318856700189,2.282728058897669,0.3906826610416936,1.651124484848788
12053,2018,0.5142886393620002,0.13761323370470357,2.668399522222703,1.3466530922219022,1.1337987022971185
12063,2018,0.5325448889653505,0.12789474141275758,2.6130135740182014,0.7358506202450612,0.5784499712337885
12064,2018,0.5074432834957757,0.14771819674574638,2.4252008559110037,0.9297887140037222,0.8575775531803882
12065,2018,0.5128688099119564,0.14765151250746078,2.2762090381032962,1.0896150836490104,1.2441595119073865
12066,2018,0.46279625308170763,0.08334215254282101,1.7645560795155744,0.11180550924789712,0.906142401431272
12067,2018,0.5148389176853603,0.12896130147305607,2.1107503357850392,0.8880618555605522,1.211919202489515
12068,2018,0.4560868716821981,0.08548196885977905,1.8646047883515824,0.6511180689392166,1.7948696317490904
12069,2018,0.5442757311673128,0.1285393509965232,2.661350842559212,0.8033040583266324,0.7948194095023281
12054,2018,0.5356546665904128,0.12594927855971627,2.23870957600166,0.4506546434903007,0.20583503630592645
12070,2018,0.3996042543292931,0.024121003734895508,1.0780192971377607,-0.2480714150956187,1.4955852049381568
12071,2018,0.48232658760286273,0.08996789428764729,1.5486399975081109,-0.08277358533415402,1.958066928563616
12072,2018,0.5044605977094657,0.10963648886027294,2.2219906366068853,0.6620117275584227,1.0287898818862453
12073,2018,0.4708468657742535,0.11991862384969082,1.705275327703336,0.9317225184558777,4.772450419798082
04011,2018,0.48380631395040846,0.05724789088700033,3.030256280644005,0.10196075221256029,2.9370522286026794
04012,2018,0.3874834551720122,-0.010568738131182032,3.0982716383309548,-0.06976946747232038,2.7140974967061924
02000,2018,0.39048981594284216,0.013449289134286668,2.0617976130957207,-0.321274149037178,1.7076122499972843
06431,2018,0.39707283876519434,0.022344462238239993,4.858456944989839,0.36345409422559705,0.7266538326916345
06432,2018,0.4496475227342992,0.045004718028156365,4.233249553448754,0.38346660956772105,1.4723792401591602
06411,2018,0.4302183790921626,0.03246724199716511,5.667998436113999,1.2883162171687088,0.09805821758012993
06412,2018,0.3877125335295489,0.026718476296576088,3.781274006003129,-0.1174042355207443,1.4644084065878558
06631,2018,0.2417644863772761,-0.12433080299633614,1.768434886816123,0.18044135027488117,3.191355488318621
06531,2018,0.3373886998647854,-0.03585503374739357,2.822424007660573,0.22552152323914454,1.7215271123418812
06433,2018,0.3839808597839478,0.029978428235009236,4.950329390047105,0.4973761418938869,0.602578770185682
06632,2018,0.24332143495046346,-0.09954576412173397,1.2657934847291914,-0.11012086950734545,2.201199262443816
06434,2018,0.3750441305995097,-0.00731372509555317,2.5179393640050023,-0.18014897085843318,2.4815337682147156
06611,2018,0.1696359704944373,-0.14256803878774993,1.348186239939556,-1.1604502918007638,2.2888668708340845
06633,2018,0.22643769278682085,-0.1132064120162371,0.8983172225615396,-0.7533220702868756,3.904622090602678
06532,2018,0.35928666843931506,-0.006157763697744623,3.042865663684963,0.5597633407649432,1.5452774169604757
06533,2018,0.41262708867576786,0.012504101359749664,3.8055541399835477,0.926545184463361,1.0659087962385356
06435,2018,0.3546832203921964,-0.015504651676160275,3.400944554740322,0.3493319866332292,1.6836889732455256
06436,2018,0.36959057670364537,0.009518816184994117,4.345615056641976,0.36214760524001566,0.7580757964301286
06534,2018,0.24386976826362314,-0.11977081607686532,0.9059047083080978,-0.892265831809762,2.6344279522772682
06437,2018,0.46080508614124815,0.017838379335474164,2.958840942090182,0.1653420247046653,3.2758103779628445
06413,2018,0.3769848148922043,0.0038388217106385403,5.343398075991879,0.5429118786891687,0.8938603868797309
06438,2018,0.4311813452455013,0.005420810294468004,4.353229130298769,0.3679470210192526,0.4250073566100741
06439,2018,0.41566686972300704,0.01788449184946861,2.854960432398457,0.4429556128220855,2.7750416617827676
06634,2018,0.25533033056493476,-0.09382236875329669,1.6725319579271831,-0.21111376804857396,1.300933725034329
06535,2018,0.24802540477090196,-0.11873095665040734,1.2612212299944219,-0.34559951358134566,2.8588704059739762
06635,2018,0.21813610390830732,-0.0969231472512552,0.39382411595005556,-0.5544626245177386,5.364542025950334
06636,2018,0.26361150559831326,-0.053003146004406254,1.3517846103142026,-0.18918887453765887,2.4616826095947513
06440,2018,0.3855798230906819,0.004394301350331253,3.388805420582016,0.23822040045648807,1.4796079129168722
06414,2018,0.37286727010616494,0.02601502466245642,4.129526536126768,0.2392902942032209,1.0578534435571025
13076,2018,0.40896085568542556,0.028692547887875397,1.5043765378165048,0.06338781167771312,1.7451108547530494
13071,2018,0.4456281610142727,0.09966379482318488,1.3993272226653535,0.6387821437795107,3.084165967183686
13074,2018,0.3632084562557644,-0.03066375590292536,1.0639323054942575,-0.3884469931894845,2.118692927173357
13003,2018,0.4405656781349843,0.06186917731410474,2.0647674299621883,0.2813773726792559,0.7054082533534587
13072,2018,0.38997849691543096,0.013822306342605839,1.2874973760518003,0.1178812269478644,1.7308139276082626
13004,2018,0.33068572938453666,-0.03676097238128018,1.6982185681982265,0.17411698058629987,2.6622554660529345
13075,2018,0.448482808239108,0.08568916881744393,1.7632359760124372,0.7705054830270067,4.615540517126154
13073,2018,0.4093731068038275,0.015370747671523743,1.1103906555741152,-0.15709925119702328,2.380279364428906
03451,2018,0.543646769460971,0.06094287370005996,2.6648995302650564,-0.04878424722173236,1.4662819635075366
03452,2018,0.44676304351865676,-0.019861623201769152,2.2148107666728754,-0.9711908208874838,3.323516296505312
03101,2018,0.44503983139621156,0.0850296703116965,2.797590799871113,0.3709235749352886,1.2256477304483218
03351,2018,0.4012669923940969,0.020452860676385798,1.4071868824459284,-0.35470991920966743,1.2209062523294045
03453,2018,0.5013300353057921,0.07386957542336897,2.4916398846509056,-0.10263719942136262,1.31838177479363
03352,2018,0.48045359916751373,0.023279968560446618,2.5028482458561307,-0.014248173838139255,1.8275381322919857
03401,2018,0.5430001710668655,0.08061844389670209,3.33508227237715,0.29441808108926537,0.935708154506438
03251,2018,0.5653474557018394,0.11966368719208748,2.485167367332615,0.06927885001561496,1.287296394709199
03402,2018,0.43799515909977266,0.040956512374649645,2.8131202537508275,-0.8022089275069542,2.475140669679919
03454,2018,0.4887082770393779,0.06769321845600695,2.2401995003822113,-0.7808283447404323,1.4795599638973813
03455,2018,0.49391466025075326,0.0034070172538542276,2.5188429823879805,-0.4146929124455454,1.7569923106231167
03152,2018,0.28299868140260853,-0.06477338025191309,0.8926781052710626,-0.5804683806452955,3.0714042750351713
03151,2018,0.46030216540064356,0.08005114774406275,2.16122500439241,0.3088553715239666,0.7216373107407592
03153,2018,0.3921773125863871,0.05233876828630607,1.9030728721286876,-0.06555881853731749,3.331351053826573
03456,2018,0.5439219893065826,0.08680782096557621,2.685466617822614,-0.6368270294964966,1.2095583192113946
03252,2018,0.4162581956722789,0.0650442954819283,1.8736335535142083,0.09842392604645833,1.7000011250397276
03353,2018,0.474555705466021,0.07442107726792979,1.818955960768761,-0.000245842901629878,1.5264055658697626
03358,2018,0.5056877993472672,0.09510639363245071,1.9451586814919697,0.06564168266432713,1.1556026979430474
03154,2018,0.45995124484694794,0.08163757365559066,2.2257422935159727,0.13565748953215984,1.3362070642019306
03254,2018,0.3765075282639663,0.0403025457573295,1.9989115412752942,-0.053156479642764376,1.6391004366602333
03255,2018,0.3434502997545765,0.007156266659964994,1.0783756800178188,-0.4382454035476435,2.5214026614762495
03354,2018,0.46098003856751046,0.05670205675883172,2.2821047555760714,0.4306775875172939,0.8862646858166054
03355,2018,0.46433412695924975,0.07383110093902018,2.1440639652357976,0.3305840108848188,1.2873763071073983
03457,2018,0.5366441673012279,0.05623401184404947,3.1232092264570532,-0.004237218463388981,2.2049784335066716
03256,2018,0.5739719978046939,0.12711212020644275,2.808778218679203,0.30604279338270546,0.9227404741716021
03155,2018,0.34981101243145063,0.01885728273634163,1.666405984031842,0.10235689730023756,1.9606278767121177
03403,2018,0.45456821931466584,0.016147543892302607,2.852069455135591,0.1504832181333957,1.355434039644566
03458,2018,0.5236996382950305,0.06991768403200305,2.322566582383772,-0.1614511925390434,1.3402728006900015
03404,2018,0.5092371157364635,0.1159604083625776,2.488996657587719,-0.2843093309929019,1.5996637076234514
03459,2018,0.5232857444090243,0.08928490666487887,2.353701892970853,-0.30628470173262023,1.320374788218684
03356,2018,0.5403174829732225,0.07703057287665088,2.7156043437513135,0.2520872799903042,1.423271076310067
03156,2018,0.3169237276016462,0.0017744728949723454,1.1354245994289094,0.09130303248450589,1.5168414970219577
03157,2018,0.41645555131139866,0.06470674865314291,2.2808399839644453,-0.026257957426853107,1.6550831461537603
03241,2018,0.47379412849958114,0.07497098299633481,2.3367617882553007,-0.03226447655232523,1.686342439374199
03357,2018,0.5211305213752968,0.08867125308758761,2.396998506132798,0.18394134008296525,1.6144809157633109
03102,2018,0.39620992229187735,0.06586468455946765,2.379908023428742,0.10623972437531348,1.9396883456884095
03257,2018,0.4802562363431097,0.07685192688853437,2.9355623088297396,0.5782636227239064,1.4346732239122761
03359,2018,0.4712635727514839,0.044373164728626846,2.3434567959621,0.09080747305289805,1.709121155409365
03360,2018,0.4348566607417638,0.0744180798189189,1.325719069048714,-0.19315812819041578,1.1105635425582217
03460,2018,0.5273739122973152,0.10473546703657816,2.5468176213351836,-0.039445295068579966,1.887776998534513
03361,2018,0.538456016015851,0.0927797809359579,2.6927970425293153,0.325178060411615,1.1802371313861864
03461,2018,0.49300872957557457,0.007773565402933558,2.46927340236704,-0.34694823749459935,2.3148236896534327
03405,2018,0.43714231035091733,-0.003028032052240004,2.93573421988642,-0.1354804765675648,2.3891304347826083
03462,2018,0.48237314558043815,0.0014364243558225853,2.2174180525447102,-0.7832674527548353,2.4625438125255923
03158,2018,0.422108207463047,0.06383235892839406,2.1885161701866815,-0.029019886516234106,1.7027586642552806
03103,2018,0.46942271382731465,0.07989391876069368,2.6867329178407795,0.6122763085799092,0.6794815865052534
05711,2018,0.4985852047857368,0.11601256835253088,2.7991853741170396,0.336037655136717,1.137485929920884
05911,2018,0.3848278766766389,-0.037285400582553474,3.6861438380407625,-0.5762920139682048,0.9935430118725264
05314,2018,0.49329729879964035,0.06125791894111565,4.993946441684439,0.7119028391756865,0.6970358013601949
05554,2018,0.5299461328891868,0.04841879609587535,3.0658911345413586,-0.4373360152443051,1.0963227591557112
05512,2018,0.4503375023524958,0.014947229335016021,3.3311452466314315,-0.4496421581746475,1.4981566181566182
05558,2018,0.46083745335271775,0.019467945558127975,3.1561427270840885,-0.1228440338890997,0.9363369082101028
05358,2018,0.4941663280861247,0.08169861714128707,3.8806270710549176,0.14660141414471894,1.8577874454357053
05111,2018,0.4619116957418728,0.0303354180518024,3.9455733726087208,-0.028562405507531086,0.6637237590739653
05913,2018,0.44123363965902257,0.005502715640465894,3.7818452615056777,-0.21713195142014508,1.073055614865093
05112,2018,0.42969020870485586,0.012641636294184078,4.041311511692645,-0.06585012369766918,0.6539035009244349
05954,2018,0.35693603967141163,-0.06167812309546383,2.5348007316829357,-0.49636400275152415,1.706043282972642
05113,2018,0.5006984989332564,0.040111128497051673,3.6575821909043706,-0.14191791134510368,0.33641238734312273
05366,2018,0.5171067314684544,0.07555844110081356,3.4230320235232625,-0.16226976259661097,2.3734099878646635
05754,2018,0.5223868839877279,0.07743018207485425,3.011069176636846,-0.003142905010971031,1.1996480303235422
05513,2018,0.40375231494018077,-0.01474241686785388,3.5896395273606716,-0.7042457617190871,2.642319610447101
05762,2018,0.300717973714151,-0.0503149949491119,0.778294476210488,-0.7594428227429131,4.656600940356451
05914,2018,0.4147283453154273,0.011675374539279637,2.173790522250537,-1.0803349340904287,0.9446800663839202
05915,2018,0.45075786451007127,-0.0024957248214687033,3.5314971243611786,0.029379982098898694,0.49902508638309684
05370,2018,0.4959710069299386,0.03821957830274281,3.961448557191648,0.055391066505829034,1.0880856933165033
05758,2018,0.5152351278705448,0.11302230060362467,2.567989513220067,0.3323859311293753,0.9399848550701909
05916,2018,0.4490556646445984,0.018025454053926138,3.6291650844144336,-0.48180424001826916,1.2651722252597046
05958,2018,0.24223234918384595,-0.09110695246251282,-0.5858061602203953,-1.5620059876985157,5.364946585335424
05315,2018,0.45993445946225187,0.06487309772978811,4.509142601493835,0.27338974321930554,1.1998612379681022
05154,2018,0.5486281857909022,0.07465389223226065,3.463299723156593,-0.2678029066452128,1.308894821279835
05114,2018,0.5019751029179592,0.06797368814700488,4.275952423046977,-0.12350736286258801,0.7687707238784502
05316,2018,0.504230847366931,0.06957687664188383,4.290427325044848,0.00520784060744095,1.0372526193247964
05766,2018,0.4282122193470904,0.06603568735815751,1.6881165190040879,-0.020395923763585788,2.037016637665102
05962,2018,0.3567953267884923,-0.055048497003067354,1.4886227824499036,-1.0034537254866878,1.8686050654710655
05116,2018,0.46721757005185166,0.027455021769173638,3.7313761154826035,-0.277128778787469,0.7807878526928111
05117,2018,0.5103934379696611,0.04131144925295149,4.0395484000270185,0.03765904091304684,0.14034679390201324
05515,2018,0.4928518284437008,0.043803858943281926,2.6339956762026357,-0.7061112639164482,0.9225660555009121
05158,2018,0.4560309076716063,0.0015257601834355872,3.602927212153389,-0.045991583504425115,0.750457405506716
05770,2018,0.5426682830180197,0.10988215816698343,2.7667652484632095,0.2054724878814258,1.1587534694959
05374,2018,0.15073651640707345,-0.2505785830719316,0.6652285634842544,-1.4541247707409166,4.575584606886394
05119,2018,0.4229971154167943,0.014752149588433072,3.7791266104413808,-1.139319757729635,2.1605884155684953
05966,2018,0.13102287151468622,-0.19655261289723658,-0.5368977681029904,-1.5538621378005182,5.561685331375069
05774,2018,0.3852144531219408,-0.019525934672653344,0.9798573063532726,-1.3680480365259102,3.3068750932148228
05562,2018,0.44988081690165244,0.000523295674417279,3.367314191527828,-0.41801008435998455,1.212453705034749
05120,2018,0.16546983110453717,-0.2030716784048867,0.54715349003936,-1.6814879557588895,4.5108804820890525
05362,2018,0.4722401297767981,0.08089085520434142,4.2884616820787596,0.28555685706059375,2.1162177225772543
05162,2018,0.4592310239891531,0.06344816526199065,3.7589149939062527,-0.14680883877844364,1.1564069600290163
05382,2018,0.49336674589581564,0.0637398843416177,4.017643174860191,0.17432292242546854,1.4252874522768002
05378,2018,0.40124744700393106,-0.06187258854240213,3.13331194060655,-0.18972666541878036,0.6872159546596804
05970,2018,0.190352617823529,-0.1289453430170536,0.12930554106232084,-0.9700875336937166,4.9802775748721695
05974,2018,0.4666633080818122,0.008963426314644196,2.4646001160857143,-0.5535773457650275,1.3755332988776756
05122,2018,0.287395161963,-0.14381553912289147,3.1594101033209143,-0.7180151139210929,1.0703460108664569
05334,2018,0.4524921515720647,0.040616115886240034,3.7165774081474092,-0.17798962812299957,2.5554585375816976
05566,2018,0.49772444915283126,0.0629721706699437,2.5320457977630713,-0.5110248399420221,1.3617123113510938
05978,2018,0.43247204790906224,-0.012465024668914526,3.0338978790620748,-0.4812507590818327,1.1314581598191495
05166,2018,0.4720515696352945,0.011199767143107997,3.8159952415681753,-0.1890349433390046,1.1777604262927612
05570,2018,0.43975653209332455,-0.0028053484843436616,2.528948820784313,-0.6186027748951157,1.115378534356593
05170,2018,0.5661159748838981,0.08063671353944968,3.912342625755491,0.058924291994896905,1.0014059539091626
05124,2018,0.30325149183430217,-0.1162800713312907,2.766196992687918,-0.41442784010689904,1.336566056407719
07131,2018,0.494865489041822,0.051008347163490675,3.1491846973242943,0.06725077805160318,2.093504966790102
07132,2018,0.3493133412960158,-0.07963043901326589,1.006550494646555,-1.5354376054468153,1.3669328323156409
07331,2018,0.3913623872054027,0.07462050921338853,4.103844834907787,0.12107326597123214,1.0387080340691688
07332,2018,0.43106997307151856,0.07571682787352946,4.323614856720539,0.16026625160826669,0.9540140447798938
07133,2018,0.5270865701792775,0.13424701248621196,3.8715626386948028,0.9014180026982728,0.9486577768741145
07231,2018,0.2800436586183437,-0.08909531023770445,2.4531556794065033,0.08229053170343459,2.1880449379989204
07134,2018,0.3940235821285711,0.027481607933834473,1.4544617236874546,-0.21103168179757414,3.598745988790797
07135,2018,0.3192742496164443,-0.05093976264247274,2.9420514084242315,0.8327542927467353,2.417179764826922
07333,2018,0.466671018848674,0.09039283844144536,3.2165803384352274,0.1007285894159553,1.5178955780984644
07232,2018,0.1875635477060777,-0.16145536034319624,1.4540463808503785,-0.553066787669634,6.144422354360175
07311,2018,0.2960985226450859,0.0306361490102956,4.925085062810107,0.18578461538653102,0.7082614976002983
07334,2018,0.36100964347050113,0.03752419743722013,4.3471885852417165,0.23651330102561907,0.7511937520233084
07312,2018,0.25598072740058725,-0.13853419440652953,2.5735080613228076,-0.8718022464542647,0.48879487765835794
07335,2018,0.3922870637162937,-0.023676831664427467,1.9064543197574164,-0.8827994432426747,1.7904873025802495
07111,2018,0.418465108827144,0.08313553687154213,4.57619847286471,0.7712628174293958,0.35298149417409186
07336,2018,0.4795573352907683,0.07762889000161632,2.5372111230972414,0.11900056637788303,1.645728100647826
07313,2018,0.3970957176278723,0.054337248129582516,4.724915053451758,0.47448401675882135,0.25628912247549307
07314,2018,0.34248560354985974,0.052180966665325235,5.4326106997303905,0.4028512849747816,0.6556813223479889
07339,2018,0.417236174343913,0.0778877935791224,4.273444778782032,0.3907745527386468,1.2088002847988604
07315,2018,0.3628196913005868,0.08201958778491264,4.33438727325567,0.49778583978902846,1.270149091304821
07137,2018,0.47490322345946395,0.05874873043182138,3.6037034608481506,0.5310410844531579,1.4107497532940398
07316,2018,0.4754958583917063,0.0760056283600995,5.115301319230602,0.6269941880022927,1.0721175117246262
07138,2018,0.32740027220260653,-0.045907876895698696,3.441930498257206,0.349880269239069,1.0957350227940532
07317,2018,0.38759668287687143,-0.02666626640795966,3.044936729202292,-0.08670306673030259,0.8097669735327963
07140,2018,0.37437613298502015,0.0022888211576206907,2.747352445771972,0.7835493396803019,1.7123501383036068
07141,2018,0.5013580022447696,0.0936028890886047,3.4383790021849387,0.9780654331138621,1.806721321968446
07338,2018,0.360367079708883,0.05235647426128137,4.800570814137387,0.32541297205934416,0.5713030606180298
07337,2018,0.4012869802815461,0.04061458932921108,4.5979609126568155,0.40782269959905815,0.6582459581610259
07340,2018,0.403865491985563,-0.017909765241224174,2.2408759703098164,-0.7631378340084196,0.9988941858750676
07318,2018,0.3658139450527797,0.05247746473644965,4.80296253258686,0.40257937981787695,0.9963862928348909
07235,2018,0.26082430696978043,-0.1179567023958451,2.0571300355190356,-0.47566794245466015,2.325354775153757
07211,2018,0.2532888278679505,-0.08810607008506516,2.1299498863019837,-1.2870900230105424,1.6467031928962774
07233,2018,0.14878292861748024,-0.180366403773817,0.5290720978975069,-1.0522219517674256,8.857744667321812
07143,2018,0.3293957052012582,-0.03886933936453013,1.6977497144312697,-0.5284796834886438,2.645607523127111
07319,2018,0.3868575674826739,0.059758326257278616,4.649321408362074,0.19849112207194608,0.4115217671077419
07320,2018,0.3687989346242133,-0.019826815069736714,2.5260954880239535,-0.5549706507523195,0.567131893205322
10042,2018,0.3433628947612409,-0.05697631929132163,3.0881490303450905,0.27053807111974004,1.332537818284318
10043,2018,0.3837710345868921,-0.04203588295496341,1.6544794858736016,-1.2402773326154808,1.5303390838786433
10041,2018,0.4075284933694964,-0.04250364375924387,2.9018765300004827,-0.7675871745852936,0.9311131696075553
10044,2018,0.3865373070308763,-0.0369471043401145,3.3275002307650876,-0.14458423174983182,1.3659397509293263
10045,2018,0.39543499338245064,-0.009635284820479095,2.4038167149407004,-0.7666520962631553,0.5917502932360224
10046,2018,0.3274349957062406,-0.05284932402876308,1.7321282042452157,-0.5415359467636085,2.1023513703586683
15081,2018,0.4886074192499743,0.07806938258735219,2.0433088385997986,0.02485399654999343,0.9411096257395393
15082,2018,0.5714896463219192,0.13933382417586182,3.2422626947072213,1.0267282686135846,1.396000810453711
15083,2018,0.5363326718456489,0.14852099578757016,2.6579415351846394,0.6301440108282752,2.2839361942606233
15084,2018,0.5530535057866893,0.14061556150092563,2.533630058855209,0.28671120018477536,2.60525649524583
15001,2018,0.5604115759795285,0.12985451042993967,3.1352853183601783,1.0680993597417983,1.5199172900322329
15002,2018,0.563071371906913,0.13765786610861325,3.2156042478927263,0.5548826675585068,1.6029454161060928
15085,2018,0.5280333935990683,0.13418931743759943,2.395113016910736,0.13569644111128198,3.960658940232739
15086,2018,0.5696904841663031,0.1331301994875444,2.74908026036281,0.6273662374856879,1.1925950261071234
15003,2018,0.5271587417038803,0.14816831465172337,2.976078511244295,0.7066328193604154,1.6271269699385562
15087,2018,0.5255480197230885,0.1421882468035386,2.098044217023236,0.35714166008121273,3.257368474034084
15088,2018,0.5800481956128668,0.1529102544646555,2.8279234777059,0.4773141226775355,2.313933621953516
15089,2018,0.5819671095396008,0.16784308408519527,3.280160614379882,0.82369964928575,2.5447426159076825
15090,2018,0.5012506590017723,0.09055016226495177,2.4005081501042658,0.3397465825384791,1.2948693066326098
15091,2018,0.5536757816423243,0.13928181752519142,2.6573364388504728,0.8254154764883148,2.5059846920529694
14625,2018,0.43875174294343516,0.06604620173229664,0.621272234135933,-0.6048762456691422,2.180683184029793
14511,2018,0.407125325068361,0.059667181322973994,0.5007489965447246,-0.7957163768933398,3.8702619496743416
14612,2018,0.42916431753433537,0.07840801998656916,1.4825050903565784,0.050880428464463945,1.63595051505742
14521,2018,0.287427785564386,0.03626041521991907,-0.5456552622233778,-0.5323168300809303,7.966833642483104
14626,2018,0.4361975251592054,0.09226207319312335,0.15225097057198084,-0.511854745810707,2.2483594427213953
14713,2018,0.5382764453046331,0.1118308766105135,2.651168437330725,0.3105283179576799,1.3267354738552413
14729,2018,0.56809950303872,0.13752561694646737,2.1917960464183817,0.1990986705606279,2.0499080919796198
14627,2018,0.5442152515972867,0.11514699344099805,2.170054254972018,0.33442155061540024,1.9109485400111306
14522,2018,0.4740546717351299,0.11490022229418417,0.6268548224179409,-0.5016826113542432,3.550987572769027
14730,2018,0.5710502433917308,0.12401829619409327,2.5321720828119405,0.5439590821844777,2.778554106039869
14628,2018,0.4073861343892312,0.09619112665005469,0.389575718288229,-0.2660598682255837,2.7285058475046315
14523,2018,0.370807335695009,0.08759458709730877,0.5176032681441972,0.07788216575885049,5.164495335650264
14524,2018,0.5069836465808735,0.13401318052270506,1.761846441280064,0.23391903505391043,3.446715846129488
01051,2018,0.37944006092640564,-0.02901395949904889,1.6079776224823894,-0.47312874611817946,3.3770060410804703
01001,2018,0.35982915101855867,-0.026730427871500262,0.9688323026056851,-0.5791644219065342,5.058520206259742
01053,2018,0.41889311601137746,0.0014292498534275166,1.4303368811360266,-0.10312974093265503,3.1354375342874734
01002,2018,0.26635956422083273,-0.1402191761216135,0.6864813081683044,-0.9522662308889079,8.673678002752112
01003,2018,0.36841392426731845,-0.04693246574998605,1.458967772493724,-0.2590262711904574,3.50647866419295
01004,2018,0.3569498554154178,-0.03199339785659505,1.2968987493001214,-0.5202167994028875,2.553429676368818
01054,2018,0.4005962733755548,-0.04127685679938792,1.6806058363887595,-0.511858466944469,3.794639033096007
01055,2018,0.26234797366136403,-0.15917189107094953,1.3985927327085959,-0.4022500030626146,6.610068997938013
01056,2018,0.42856601655484555,-0.00807496009668418,2.0515596902615316,-0.19975155541644884,3.7101407159861837
01057,2018,0.2592097297212206,-0.16133821512112345,1.0959316060879498,-0.41331563377028924,6.715919729941368
01058,2018,0.3433987452872361,-0.09184349302114292,1.1037212379909,-0.5757940717440531,5.559936021937912
01059,2018,0.3981546427126915,-0.03592399148488862,1.479475563199642,-0.27629869314557376,3.3618342693224514
01060,2018,0.31075253276745274,-0.11007255146859424,1.0286179072498498,-0.4988845971069882,5.407076513294828
01061,2018,0.3835546878246076,-0.05789403383197628,1.6790614640035348,-0.36074884202559354,2.8436709457381584
01062,2018,0.3249560586486234,-0.0993363497368166,1.013243749726693,-0.5810190055404181,5.645103313742361
16077,2018,0.593615383494108,0.19220134215887458,2.458034008837606,0.5900838702272864,1.3149531196573507
16061,2018,0.21723257122202008,-0.07575161919202059,0.030040953818905165,-0.8465087921357749,3.3829951241435885
16056,2018,0.2508308153168,-0.03869511754594418,0.7720218056639552,-0.8527495849989748,3.14734886927216
16051,2018,0.4626078947950099,0.09597580613922652,2.6092979995591095,0.18794539836601754,2.904929363234809
16052,2018,0.5358027587851907,0.13479567609130216,2.291833792594682,0.44856527449913064,2.454562684452305
16067,2018,0.42374111306266116,0.07140627174648434,1.7788956805107325,-0.18469112327725368,3.088411663242093
16076,2018,0.5158889082951156,0.14447466623639055,1.6685921775974861,0.39482940971458436,3.8318278293943733
16069,2018,0.2106557178200156,-0.05992568929121386,0.12729418447658306,-0.8058515316480225,5.985589974942331
16070,2018,0.4108319499965487,0.052569248516411315,1.6653573684122864,-0.2284393858837368,3.8244970394806166
16053,2018,0.4830274527698937,0.11663932679505745,2.2759130926022526,0.4073866063406002,3.290854781977556
16065,2018,0.45733781735080126,0.09103012763060925,1.8889839767924204,0.0042789108525960184,2.1380816768450708
16062,2018,0.3879277584894608,0.049639793178442526,0.747694732993879,-0.4764979370421609,2.4525392728610096
16068,2018,0.5343979495582657,0.1415524092404451,2.9825609317952244,0.35297485752658364,1.5612736329106176
16074,2018,0.483099230912652,0.09617771122433033,1.9740110223113614,0.10715975194942007,2.2657362548630995
16075,2018,0.41194564798278355,0.10916156738613447,0.80948968141958,0.2012228642922843,5.326908351489526
16073,2018,0.4604229231604532,0.10494504129151244,1.3776825460199755,0.06718903404154575,4.986084986050273
16066,2018,0.17077902621970525,-0.08332262364706455,-0.3751287176132148,-1.0852225103100868,6.505200471158684
16072,2018,0.2446601771900341,0.0153523336409436,-0.5365846709822644,-1.101647595752107,3.0141560010315014
16064,2018,0.42251040266534445,0.10165902167216834,1.6245993398457192,-0.1455512278676252,1.999760405320476
16063,2018,0.2648490312213454,-0.05682080772759007,0.7618464276498369,-0.5641443297721309,3.454190717475904
16071,2018,0.47342904631445787,0.09636161903045737,2.129336738758686,0.10441671005113884,3.6522628046748937
16055,2018,0.5011486856889318,0.11409553353174562,2.0559123241696162,-0.1342792267354418,2.9503603022001976
08425,2019,0.2592257404549855,-0.02956649319078042,4.126301312922497,2.611187020823913,5.522061499101561
08115,2019,0.4265529665682225,0.030661212698550155,5.748307938107162,2.884188765591734,2.204041863042355
08211,2019,0.35063408937013585,-0.04508101306409851,6.469192976191977,1.9206796213499269,0.685550323719835
08426,2019,0.29093343254675785,-0.04285389035747145,3.428662428084549,1.7477555033159031,4.52108940354509
08435,2019,0.34345359028831585,0.00957255924769862,4.232519336486933,1.8768959889038412,4.091353528509451
08315,2019,0.3975575081961146,0.04786191887667507,6.552841173461798,1.9253807646309937,1.6701033600663717
08235,2019,0.4869889360381297,0.08618053518713342,4.83661417421187,2.720641451783163,4.097067595354094
08316,2019,0.39806551962284953,-0.0018374930533295863,7.0846610645761,2.0426743891232606,0.5020842406520252
08236,2019,0.4142407741602504,-0.02866451766139244,6.3917279130670765,3.095568222708043,0.6498087598767428
08116,2019,0.42522881499977067,0.0249586854562599,5.693163912127471,2.2855973472118905,1.38066047461241
08311,2019,0.44756588055979085,0.023282176858687775,6.600706422569717,1.438190064029194,1.2853479721188918
08237,2019,0.47938032337465647,0.10949141680498986,4.62822200812511,2.4509925395597785,4.269633431170947
08117,2019,0.36495126589790167,-0.004664464201296403,4.632135721637927,2.416964954453696,5.956384000287184
08221,2019,0.33072168823706277,-0.04060766119780662,7.888727836850638,3.167527430221159,0.3702077846063799
08135,2019,0.27017200216762033,-0.013741962893865034,3.850721357286584,2.5864374590833474,4.061001545822106
08125,2019,0.36677631498649915,-0.022307413810807808,6.919442488040252,3.458596769277395,0.526603864074922
08121,2019,0.30105657037792166,-0.05628036905823686,7.847275886639516,3.982677573735563,0.13664700926705983
08126,2019,0.42729097159605794,0.01397627916593952,6.771113914516374,3.9706258850257066,0.6680406903077312
08215,2019,0.40892257859603737,-0.018241241023239818,6.777369130237905,2.790953400364068,0.46441251197467665
08212,2019,0.38657159124307067,-0.02040665757826232,6.66008569921145,2.3601117647766348,0.15095132196688907
08335,2019,0.39033506771577037,0.06989305692510123,5.268391377123689,2.8606159244327394,2.0071915678739267
08336,2019,0.4846411098688854,0.058668236339196156,6.242065316989659,1.9495845944988552,0.6047823832616586
08118,2019,0.3740236755290435,-0.02039204998740196,6.953641354199834,3.172861506305807,0.2866158855357265
08128,2019,0.41760700776833476,0.036062345064411805,5.8009750747184095,3.315451432631302,0.7772130520948914
08222,2019,0.3137473788818118,-0.04399312137470501,8.074610997511567,3.011666084452033,0.2374592833876221
08225,2019,0.3912625462608528,0.008469271842320658,5.663797841894612,3.269133650479803,1.8809018759906841
08317,2019,0.3818490937559617,-0.005193390341183768,7.086080690333624,2.4808110699848376,0.6089851328845028
08136,2019,0.39551956270457256,0.03940885815651818,4.325188326756589,2.593890967829834,4.826500417844056
08231,2019,0.39490436445858323,-0.041910731560598324,6.533539608931921,3.123115044232732,0.11192238447689538
08216,2019,0.3691587786644174,-0.022837711773023184,6.02411874148516,1.6430670806669365,0.859758696269838
08436,2019,0.29329089864209396,-0.04882666424277493,3.8942219294148828,1.9127984410307424,5.877214255460763
08119,2019,0.44925862424460367,0.026426912307189077,6.7396745065467005,3.278445874412861,1.0218231969496199
08415,2019,0.21844009339958498,-0.05179530356041445,2.746729350923195,1.5232187220346585,10.582888234967525
08226,2019,0.3941375235880169,-0.013602853640243773,7.064411219660894,3.1312989464996783,0.6310097609020738
08325,2019,0.47069032225323454,0.1389034410034335,4.9569466969272415,3.302393075863085,4.6085214240149845
08127,2019,0.42950414819562466,0.05478036846755463,5.108703295032775,3.01193716770618,3.5608727266717914
08326,2019,0.43398505192977677,0.1336462751821434,3.8702982142134745,2.7138259919321044,8.18033183805176
08437,2019,0.24210632127472606,-0.053823213938556186,3.5666902688789497,2.29111072536844,5.356967343561016
08111,2019,0.3687965812370458,0.005569366990584135,6.3183972206783725,2.3018929339436527,0.697636063771303
08416,2019,0.4389347686394144,0.02496063845013219,5.707814939458054,2.582976095750508,2.0569118490447216
08327,2019,0.33605905359553634,0.05133650094345493,3.4482679892410513,2.2154012528080296,9.71056518314297
08421,2019,0.2559109240109054,-0.023588192753865367,5.807907522966629,4.019289254766719,1.448713975828944
08337,2019,0.39169552259436374,0.08070844971620023,4.9216881505277374,2.8444192590471653,3.831924683003534
08417,2019,0.36662129984912073,0.02556502405242639,4.351628266264767,2.2720902123070053,6.813756744082492
09771,2019,0.3916903958146166,0.059981803597699945,4.370813471819408,2.500754062877742,3.658726950162475
09171,2019,0.403874867676265,0.06385214159102781,3.216029240305566,1.7512964351318814,8.991276411837296
09371,2019,0.45216756134963815,0.1457863136889858,2.4441973802473282,2.0261682155482177,4.931349342762196
09361,2019,0.48508721886149825,0.16200417331889727,3.421324954213651,2.4951948992046993,3.8077129084092127
09561,2019,0.47872531531961454,0.11986306984735162,4.446893543709234,2.945764970708836,1.8333031083384717
09571,2019,0.4410488477444191,0.06825442265641124,4.65019648571404,2.87853548195453,2.3213351354283303
09661,2019,0.3761463935923225,-0.025668101966415835,7.721576415282542,3.445553822694313,0.37128624799857673
09671,2019,0.40070590503269554,-0.012135310356309548,6.4708152192024615,3.1787729311618516,0.8327494729582523
09761,2019,0.37163936567172545,0.05073407534897634,5.856776793117188,3.2848376673691453,2.6937010634568184
09772,2019,0.38334774977723446,0.04256284988706294,4.0477549625402975,1.9924410017737202,3.4387429330492623
09672,2019,0.4335598565364937,0.09303799099312343,4.903545724647134,2.8564378014002947,1.2883189551729801
09173,2019,0.16682340241488106,-0.16454829398588658,1.8376665304758302,0.10605080819055113,21.876871076774506
09461,2019,0.437199139282873,0.08839732999768923,4.549035299908388,1.806122448854739,0.6822742474916388
09471,2019,0.4638801949171302,0.11765594181165345,4.59086243821543,2.8776008667465045,1.929134631276648
09462,2019,0.41293978985666313,0.09245935383573228,4.486406813488065,3.003610788627771,4.0004735969689795
09472,2019,0.39573275784582573,0.12165485230308287,3.310336147893371,2.7446794565019488,4.982115576220528
09172,2019,0.46026993461226257,0.04976826765886566,3.9153383865920355,1.9159857996399652,6.248138635107456
09372,2019,0.3926956322997956,0.06428144561599236,2.3609297998632774,1.852041756339474,6.68502742205468
09463,2019,0.43485939578018157,0.13494799036429178,4.393021530476304,2.840660994858209,0.24921233088280714
09473,2019,0.4343236044839232,0.12390082420381399,4.240969145504668,2.980508726477272,1.2724349503002124
09174,2019,0.3947222967855738,0.06462012350863094,3.921226603472156,2.233832115881564,4.825438747680798
09271,2019,0.3160503274079677,0.0831181385962022,3.7234923198434076,2.402101687058118,3.9980604969645634
09773,2019,0.32860326202215645,0.025371280872621138,4.30976099218906,2.5465957194085918,1.92376427318646
09279,2019,0.4655609284397758,0.15696517294609225,3.9518756867028597,2.429175604406398,3.4482053154190195
09779,2019,0.34133476710753596,0.022471075623693437,4.301108297215505,2.456621796653676,2.8851342016749837
09175,2019,0.2955153828120737,-0.06228767814817138,2.965802505111805,0.9718946470695922,12.785000123030489
09176,2019,0.41219681438003664,0.12291446530750244,3.774189953020972,2.5146044426432415,3.9005211174272296
09177,2019,0.4219182686398075,0.08242221541148603,3.6251897616699553,1.8918485597267243,7.455635723743571
09572,2019,0.4985157084600663,0.1231909623417452,4.816318970531761,2.5750637353826384,0.9779383796120197
09562,2019,0.45184595751007967,0.10663472868200186,5.224813521001539,2.710011470688926,0.5564758802543817
09179,2019,0.40468848957205544,0.06187069806155149,3.879100852074326,1.9341510329270994,5.414369309664241
09563,2019,0.46050840958848066,0.13089994671387895,5.771551402719465,2.8331640966862595,0.6427434063866132
09573,2019,0.5180399041231158,0.13160127922754467,4.764344427658886,2.5887067964073847,1.513064728842741
09474,2019,0.41998400860475055,0.10367056721958412,4.55914214647121,2.8084653238384245,3.6631191303229116
09178,2019,0.42980163017162326,0.10207649692531234,4.33165099944219,2.5430219565677605,4.2587859686799465
09272,2019,0.07567896687454527,-0.14586587470854,1.1028041357327798,1.0259326549296626,15.308996000271168
09774,2019,0.3624433419697447,0.0036902411411239844,3.880696268314965,1.887639342998527,2.713578660780303
09674,2019,0.46300553400600947,0.10313956343023256,5.093212676971527,3.017609072671125,0.5726966125002658
09464,2019,0.34279562937195035,0.15213155934683475,0.8808708337803715,1.1103057525964448,5.797019511445689
09475,2019,0.29228855478594323,0.11243681528348815,1.0548764124586074,1.5425362795534274,6.710674382941431
09161,2019,0.38268630081629856,0.08889069349767509,4.122237506165871,2.0006434292076487,3.1732592204783185
09762,2019,0.2416984243781527,-0.14613807427894615,1.8563351749539843,0.07927288917343667,13.591160220994475
09273,2019,0.4350496073750365,0.13577901716303137,3.4955198521380666,2.239151930844528,4.964943351082544
09675,2019,0.36372177126757566,-0.0014651081256401022,6.076982839296615,3.140232528070598,0.7261944955727156
09476,2019,0.3856750498788911,0.13938015234022144,3.636387589731688,3.007069520666362,3.0016615895873717
09477,2019,0.37661369422240354,0.10637097708958188,3.5368230291956335,2.8092443883406064,4.11087539380134
09181,2019,0.40534883991314785,0.06407761862013683,3.0219539973267286,1.226758087512931,7.4600752349632335
09261,2019,0.43482300830812215,0.1147348278711614,3.95564967533842,2.109386991333257,4.284319305077129
09274,2019,0.4482696938570371,0.12036364734217014,3.1364904104667506,1.825661536240299,8.364544948850849
09478,2019,0.45070472641621057,0.11647478733785477,4.277231451485525,2.9852606161947994,1.5839717802747688
09183,2019,0.42562751038561253,0.08004122392073115,3.1585245493276877,1.6974058219526862,8.354001128979807
09162,2019,0.38212950527818473,0.06329252509604427,4.855103478527922,1.7478465893887232,4.696167376411776
09184,2019,0.28629833997643317,-0.021888916144560178,3.5138758030162167,1.198146900317262,10.616721129918782
09677,2019,0.39917765782087383,0.04302455543607847,5.392536623243856,2.886566853170463,0.6746427148670286
09764,2019,0.39908951309825064,0.018185558567391735,2.940606725042314,0.9830884879008834,6.78980891719745
09182,2019,0.10026264534479168,-0.20565266212971467,0.7706428683780311,-0.666045679967479,22.575311438278593
09676,2019,0.41485132009051295,-0.0016869404072758498,5.981490016718223,3.1449309959494753,0.9796508074106182
09574,2019,0.3630390738286888,0.06780200230626726,2.825344849004502,1.7341834521146278,6.482169944013898
09564,2019,0.4051007056340637,0.10567503557280594,5.4316283435223855,2.2367567175733267,1.544479203846396
09775,2019,0.3392388245978672,-0.009862724915966736,4.4755433511645855,2.351947234920585,2.7107473981802714
09185,2019,0.4181779674018495,0.11493370998959362,4.218806683184329,2.282736698942098,2.327282765714458
09373,2019,0.3885311882312428,0.1146199348001326,2.005639370966999,1.2653895766137335,8.038973577054756
09575,2019,0.42844552877302133,0.05042965984345682,5.314989443427068,2.8724900885694877,0.8844812408262138
09374,2019,0.37200097453183956,0.12138272270156814,3.2038827807943497,2.967898704271237,4.838825800780053
09780,2019,0.15750251863265885,-0.17044471428483632,-0.5722378334677477,-1.7288957664304014,18.671852211959166
09777,2019,0.36108922384058445,-0.004787202384043565,2.2292364374136278,0.4217919617575201,9.492492424242426
09262,2019,0.3478809930921022,0.07782173089088729,3.7558929854399206,2.2421191330670442,4.382488896945527
09275,2019,0.4235133055474789,0.15114575168023914,4.002928051893642,2.699987627471377,4.6352610289793565
09186,2019,0.4288098144252767,0.10100819022010277,4.429577333936951,2.621617799920359,3.348624912064721
09276,2019,0.12461279003764503,-0.13189143595081987,0.7055482017982294,1.0933082601095987,18.125
09362,2019,0.4083196173124253,0.17303339337984783,3.794029523635564,2.0044796715450524,2.915088732274773
09375,2019,0.42690591445603043,0.1592192248638215,3.1498116972647323,2.0834306800093385,4.5940887072973275
09673,2019,0.3799903647947163,0.07658110564251941,4.9454308473531885,3.369471071375366,1.184736953916776
09163,2019,0.517423578074031,0.10574720120278674,4.453473134276749,2.174134486043545,4.309154759021555
09187,2019,0.44402873728320563,0.020803526783841675,3.262115247774299,1.3903913500821514,10.604798746103672
09576,2019,0.5015996479797851,0.14104825571056506,3.6228954844782035,2.035340846267678,4.09671202780382
09277,2019,0.45416110159681755,0.12135467612700113,3.268434914630445,2.0666447676649042,7.429430498215202
09565,2019,0.523781882500938,0.14205924676636816,4.747899622057525,2.458304429878095,2.2843907227880718
09376,2019,0.424622332713592,0.12785035460481858,3.1718766673701615,2.566625798775301,4.71084345314913
09662,2019,0.4056719662503387,0.06842781850661261,6.76443131447522,3.34597434478078,0.39456419868791
09678,2019,0.4085628682933942,0.054625312448403573,5.830516038408256,3.215026214766907,0.5056806746849397
09188,2019,0.37544176926556017,0.011661766309276123,3.222531879559708,1.1926572735471117,10.411951243682484
09278,2019,0.39276793923163783,0.1332978275755805,3.7525387273481425,2.5268954652054063,2.831663561629558
09263,2019,0.3225724877315089,0.11752102031736836,4.226024376568554,2.672867621858045,1.119309000649686
09377,2019,0.23500710697849211,0.03380086066920135,2.3662421925573494,2.6400257772595053,5.395432294611137
09189,2019,0.23248180615669348,-0.1292574352612045,2.433609488790723,1.0317802512446965,15.72045105872251
09778,2019,0.43112393474085325,0.040999533354565354,2.8239127978289815,0.9058478571205109,6.428280937318443
09663,2019,0.3233203798725321,-0.022858300913632057,6.385761479163304,3.2583765963205362,0.4519584131670697
09679,2019,0.34145884560647766,-0.0012808583950288388,5.735784302040636,3.0832559002925737,0.7659982945941868
09577,2019,0.40102381835283274,0.05074712205417281,3.706351387389407,2.1446594915795316,4.442478304547268
09363,2019,0.4462541600061974,0.14929857679413916,3.8739675572122714,2.7807255803993733,3.3365978202880875
09190,2019,0.46181653341164397,0.0661188510658568,3.383645657064053,1.192620993599856,10.112244897959183
09479,2019,0.22295693600259617,0.05458343276011149,1.446331919353193,2.2037597091146095,6.100640346367582
11000,2019,0.4894490886561338,0.15280438672860386,5.157235531747953,3.0368238605658804,0.4871320735599576
12060,2019,0.504935777344729,0.1625202377316921,3.787510107026005,2.7367250945299233,1.5388199703722203
12051,2019,0.4797848467884304,0.10860055926662215,4.480325582291824,2.619464617052757,0.981799439982769
12052,2019,0.5435074793061082,0.13804499866081832,4.936879165491921,3.020656418852833,1.1873357527218125
12061,2019,0.5272407229596452,0.12749039787739014,4.44637803221993,2.781537276559863,1.2415528381107412
12062,2019,0.5427856302968721,0.11043651648475,4.815733817666677,2.923688419810702,2.5187328092093915
12053,2019,0.4992434124295139,0.1225680067722173,3.6165594187239987,2.294812988723198,1.1018276494767165
12063,2019,0.5294491207370337,0.12479897318444078,4.921974308430059,3.0448113546569187,0.7837062913396783
12064,2019,0.4867692022503746,0.12704411550034528,4.54198026243518,3.0465681205278985,0.9789337462546399
12065,2019,0.515936669247808,0.1507193718433124,4.296844499534684,3.1102505450803983,0.9476360993106407
12066,2019,0.48715640175947417,0.10770230122058755,4.341274132484642,2.688523562216965,2.7529283688900885
12067,2019,0.5392419487120131,0.15336433249970893,3.725381989002805,2.502693508778318,0.8949405334650574
12068,2019,0.5487969554475661,0.1781920526251471,4.4774191747438135,3.2639324553314477,1.3898059327425667
12069,2019,0.5172949852790575,0.10155860510826792,4.831361167026706,2.9733143827941264,0.9721920997079322
12054,2019,0.5117525637643516,0.10204717573365507,4.678745090366282,2.8906901578549222,0.543914952824036
12070,2019,0.5294179593620001,0.1539347087676025,4.173193765423297,2.847103053189917,1.9192594346762757
12071,2019,0.5148753195287796,0.12251662621356418,4.215917754584083,2.5845041717418185,2.2666737609407
12072,2019,0.49787229526355936,0.10304818641436658,4.763830422836463,3.203851513788001,0.8185174899976355
12073,2019,0.46544078464066685,0.11451254271610417,3.6738508154855705,2.9002980062381125,1.0493614554857973
04011,2019,0.5846564996134951,0.15809807655008695,5.434454391748106,2.506158863316661,0.7010664479081213
04012,2019,0.5286504411885861,0.13059824788539182,5.4592154994764,2.291174393673125,1.1541501976284585
02000,2019,0.5218052062951735,0.14476467948661798,4.898947168831008,2.515875406698109,1.7713391780464753
06431,2019,0.32996736026349793,-0.04476101626345641,7.628037595440878,3.1330347446766362,0.6832210360518026
06432,2019,0.36059713020794376,-0.04404567449819907,6.892903739594852,3.0431207957138184,0.6129287399513023
06411,2019,0.39048175404316215,-0.007269383051835332,7.793497514174831,3.413815295229541,0.538745917231973
06412,2019,0.3447026187981036,-0.016291438434869188,6.927366512962334,3.028688271438461,0.643856724259877
06631,2019,0.4634390940718955,0.09734380469828324,4.61157750295381,3.023583966412568,1.7692258206434002
06531,2019,0.4296268305191035,0.0563830969069245,6.164850018170283,3.567947533748855,0.5847389631884683
06433,2019,0.30818877561563307,-0.0458136559333055,7.4520874193288025,2.9991341711755846,0.2958944821419179
06632,2019,0.4903075368639889,0.1474403377917915,4.208936692557788,2.8330223383212507,1.2018301957849737
06434,2019,0.45930495140989724,0.07694709571483438,5.923133733539324,3.225045398675889,0.7438581118359134
06611,2019,0.3721363176941507,0.05993230841196345,4.7356638127080695,2.2270272809677496,0.4192938209331653
06633,2019,0.43983148311963044,0.10018737831657248,4.8033528115301545,3.1517135186817393,0.9900259578519784
06532,2019,0.44387542636005245,0.07843099422299277,5.584164055255975,3.1010617323359555,0.8485727098410345
06533,2019,0.4650889020985516,0.06496591478253338,5.581198766146825,2.702189810626638,0.6173659476927517
06435,2019,0.420254686510525,0.05006681444216832,6.204216252881211,3.152603684774118,0.8936770866285146
06436,2019,0.31505653814103185,-0.0450152223776194,7.304841928186304,3.321374476784344,0.44173364822266625
06534,2019,0.47366067758356534,0.11002009324307688,5.348139945221838,3.5499694051039787,1.2707619289653882
06437,2019,0.4395322411841953,-0.003434465621578675,5.95952777874844,3.166028861362924,1.5595515695067266
06413,2019,0.32929948597168907,-0.043846507209876706,8.057859265489233,3.2573730681865225,0.312363330529857
06438,2019,0.3853421062404553,-0.04041842871057799,6.254259181537021,2.268977072257505,0.42429088675938126
06439,2019,0.4886449874846991,0.09086260961116066,5.382394758261555,2.970389938685183,0.7940557427009067
06634,2019,0.4444569679649756,0.09530426864674413,5.15350214447003,3.269856418494273,0.7640880905858938
06535,2019,0.4269276029604889,0.060171241539179576,4.927289295800379,3.3204685522246113,1.6363032047224975
06635,2019,0.4147834854974482,0.09972423433788569,4.499410661069784,3.55112392060199,2.6381999337191737
06636,2019,0.43161150394841935,0.11499685234569984,4.233943351282629,2.6929698664307673,1.0695867772118817
06440,2019,0.4267400443655996,0.04555452262524895,6.636530987167362,3.485945967041834,0.6190035210947474
06414,2019,0.3461827287773636,-0.0006695166663449048,7.453321502793402,3.563085260869855,0.6130752712318771
13076,2019,0.5455616983789386,0.16529339058138848,4.212841158001717,2.771852431862925,2.483817382972575
13071,2019,0.5390908544717746,0.1931264882806868,3.9986902546427516,3.238145175756909,1.6650855842066599
13074,2019,0.5666233537412343,0.1727511415825445,4.150269397775857,2.697890099092115,2.3326381655780666
13003,2019,0.5536477064927985,0.1749512056719189,4.65771053532582,2.8743204780428875,1.4360778059408186
13072,2019,0.6060579247076305,0.2299017341348054,4.315811627268334,3.1461954781643984,1.1512385331503137
13004,2019,0.5058416656763973,0.13839496391058048,3.859717157704875,2.335615570092948,2.9982355197545068
13075,2019,0.5478885950149951,0.185094955593331,3.859477052329573,2.8667465593441426,1.7039715360545848
13073,2019,0.6286771330074834,0.23467477387517965,3.710741622942321,2.4432517161711824,2.2636233113723883
03451,2019,0.6321966489372435,0.14949275317633243,5.496384475138664,2.7827006976518756,1.0090633456134064
03452,2019,0.6348031557893001,0.16817848906887423,5.124681887815367,1.9386803002550077,1.3754633468005495
03101,2019,0.48429387295549897,0.12428371187098392,5.546708957037649,3.1200417321018246,0.7602998123677591
03351,2019,0.5583708057173963,0.17755667399968517,4.953558275124683,3.1916614734690874,0.6790337599521045
03453,2019,0.5774753571385437,0.15001489725612055,5.054918432331234,2.4606413482589655,1.4981408932423412
03352,2019,0.6588442971350239,0.2016706665279568,4.585736635947424,2.0686402162531543,1.7377000838417493
03401,2019,0.640286705877648,0.17790497870748462,5.636919815749376,2.5962556244614916,1.7696137339055795
03251,2019,0.6137149253647619,0.16803115685500997,5.341182235489023,2.9252937181720227,1.0288964886941616
03402,2019,0.48319700619738637,0.08615835947226336,5.524454609641078,1.909125428383296,1.139424407342496
03454,2019,0.5735857605600044,0.15257070197663347,5.066330162193148,2.045302317070504,1.4154696254432095
03455,2019,0.6498634649308968,0.15935582193399772,5.438479815883417,2.504943921049891,1.069295313636521
03152,2019,0.5058268085922731,0.1580547469377515,4.984103180361954,3.510956694445596,1.7128527921076273
03151,2019,0.5185991319585098,0.138348114301929,5.2080426949063465,3.355673062037903,0.49535778823501697
03153,2019,0.46984925367389385,0.13001070937381282,5.3192979251596935,3.3506662344936884,2.1906405522555796
03456,2019,0.6023610332375724,0.14524686489656596,5.566323282168478,2.244029634849367,1.6384755481176494
03252,2019,0.5362422084729173,0.18502830828256667,4.959974006788351,3.184764379320601,1.3120621134433812
03353,2019,0.5625387153267134,0.1624040871286222,4.582558104702315,2.7633563010319238,1.1311248962418976
03358,2019,0.6110510750557093,0.2004696693408929,4.73985936576634,2.8603423669386974,0.8272585630255942
03154,2019,0.4908227505700775,0.11250907937872023,5.386104658127432,3.296019854143619,0.6831087155874098
03254,2019,0.4813039438860934,0.1450989613794566,5.146183410828297,3.0941153899102387,1.261017239708123
03255,2019,0.4937390931150061,0.15744506002039454,4.809995365451798,3.293374281886336,2.2747711411456732
03354,2019,0.4944586436035618,0.09018066179488304,4.785181238364381,2.9337540703056035,0.7833160084278671
03355,2019,0.5189909796687179,0.1284879536484883,4.832873751796519,3.01939379744554,0.9531485318023218
03457,2019,0.6039017865950652,0.1234916311378868,5.321266637197419,2.1938201922769767,1.4731890192284431
03256,2019,0.6107604352857032,0.1639005576874521,5.444956538481714,2.9422211131852163,1.1175400762466867
03155,2019,0.5173830620329273,0.18642933233781828,5.000540100840118,3.436491014108513,0.8962523789063269
03403,2019,0.5724897739355503,0.1340690985131871,5.951277285192459,3.2496910481902637,1.1682452885460406
03458,2019,0.6290610086573825,0.17527905439435498,5.565709184734733,3.081691409811918,1.5901419105137233
03404,2019,0.5432782395364256,0.15000153216253975,6.181578504579448,3.4082725159988265,1.8835587646200629
03459,2019,0.5934075646389099,0.15940672689476443,5.6279720475828015,2.9679854528793284,1.26461631060499
03356,2019,0.6449545472941187,0.18166763719754714,5.028165752044976,2.5646486882839667,1.491868101341644
03156,2019,0.5504096493309091,0.2352603946242352,4.753217164798811,3.709095597854408,1.0001466797048628
03157,2019,0.4899481695593931,0.13819936690113732,5.677766077139768,3.37066813574847,0.6066907558639376
03241,2019,0.5510350184771159,0.15221187297386957,5.157981554790899,2.788955289983273,1.1176140818755826
03357,2019,0.6360692469131093,0.2036099786254001,4.713154766728155,2.5000976006783224,1.197165077772202
03102,2019,0.45322277589722615,0.12287753816481645,5.390820929641723,3.117152630588295,1.4913127637155281
03257,2019,0.5529581899602634,0.14955388050568802,5.119096403768254,2.761797717662421,1.214654988875327
03359,2019,0.6306576487325783,0.2037672407097213,4.011372905032254,1.7587235821230522,1.6740933981108654
03360,2019,0.4847648619379233,0.12432628101507837,4.391553768173244,2.8726765709341144,0.7682363521011274
03460,2019,0.5598313265028795,0.1371928812421424,5.549131059236655,2.962868142832891,0.9305624418269411
03361,2019,0.6358488106118253,0.19017257553193218,5.241946019267373,2.8743270371496727,0.7643190467457707
03461,2019,0.6224662321318771,0.13723106795923612,5.221430116723712,2.405208476862073,0.8330600817232506
03405,2019,0.5849043735127517,0.14473403110959437,5.956310744810773,2.8850960483567887,1.8938405797101445
03462,2019,0.6391749088277109,0.15823818760309533,5.159519760435081,2.158834255135535,2.0191929854878654
03158,2019,0.4730465776553964,0.11477072912074349,5.2948080869094705,3.077272030206555,1.1096446795518193
03103,2019,0.5316957995836163,0.14216700451699538,5.750036777681697,3.675580168420827,0.42411022648780317
05711,2019,0.5319994476257026,0.14942681119249668,4.907183306314921,2.4440355873345982,0.8939338726526251
05911,2019,0.4655804529847741,0.043467175725581675,6.785678078282028,2.5232422262730605,0.7790043740887314
05314,2019,0.4890075273076606,0.05696814744913592,6.082879099406971,1.8008354968982188,1.1150391376876685
05554,2019,0.6201952093528871,0.13866787255957563,5.2689746293888975,1.7657474796032337,1.4713188832880493
05512,2019,0.5491875606027645,0.11379728758528473,5.6183561074176795,1.8375687026116005,1.4791961191961196
05558,2019,0.5864417070990872,0.14507219930449738,5.641877332182984,2.362890571209796,1.704524260342127
05358,2019,0.46731415485332006,0.05484644390848242,5.2933385971744675,1.559312940264269,2.007798223567856
05111,2019,0.5147508615895022,0.08317458389943183,5.738146688402535,1.7640109102862835,0.62817343535413
05913,2019,0.5223873182842363,0.08665639426567967,6.617185262110384,2.6182080491845614,0.9815815793318124
05112,2019,0.5154813682644795,0.09843279585380776,5.421561092115606,1.3143994567252921,1.3672093994155186
05954,2019,0.5402234166486379,0.12160925388176247,5.769348381691835,2.7381836472573755,1.2565945283789304
05113,2019,0.5468872619265303,0.08629989149032558,5.781497842313634,1.9819977400641595,0.9255411741584074
05366,2019,0.49602097047206306,0.05447268010442219,5.501826439254599,1.9165246531347258,1.300015300166206
05754,2019,0.5729721705692457,0.12801546865637198,6.0914865680122245,3.0772744863644075,0.7057002842832003
05513,2019,0.5277325835750134,0.10923785176697876,6.389658571655615,2.0957732825758564,1.6660026560424968
05762,2019,0.4796817524140797,0.1286487837508168,4.670608462374661,3.13287116342126,3.0200708016623707
05914,2019,0.5133308525919011,0.11027788181575349,6.450333729304712,3.1962082729637467,0.410473907431311
05915,2019,0.5569902607591114,0.10373667142757143,6.632158039067746,3.130040896805466,1.0254941217674958
05370,2019,0.5289682320471596,0.07121680341996378,5.693475361562103,1.7874178708762845,0.9623913562255078
05758,2019,0.563604095914626,0.16139126864770587,5.0956783752501815,2.8600747931594896,0.9824959561245113
05916,2019,0.544487443776519,0.11345723318584677,5.834724344363522,1.7237550199308194,2.7654455986878075
05958,2019,0.4417443720542382,0.10840507040787944,4.388215956633991,3.412016129155871,4.141698238333808
05315,2019,0.4563045207263693,0.06124315899390553,5.740304642037784,1.5045517837632545,1.6240954120705395
05154,2019,0.5705419760157324,0.09656768245709085,5.979740515918926,2.24863788611712,1.2736558680621557
05114,2019,0.5212455424282094,0.08724412765725509,6.421263155758082,2.0218033698485165,1.0553242387996424
05316,2019,0.5538419437387629,0.11918797301371575,5.766428281541647,1.48120879710424,2.4726426076833525
05766,2019,0.555652642239119,0.19347611025018613,4.932223775266354,3.22371133249868,1.907268644693137
05962,2019,0.5186132351451154,0.10676941135355572,6.029909508157336,3.5378330002207443,1.4646664093351944
05116,2019,0.5443188419801364,0.10455629369745834,5.839746916141235,1.8312420218711623,0.5819266627417556
05117,2019,0.5744907228744559,0.10540873415774632,6.3587715286188216,2.35688216950485,0.6059583381822414
05515,2019,0.5820544690679665,0.13300649956754768,5.753787581243726,2.413680641124642,1.1948206434474118
05158,2019,0.5796798347178015,0.12517468722963077,5.7577616504282565,2.1088428547704425,0.926569681824267
05770,2019,0.5879193416936174,0.15513321684258108,5.381300905808793,2.820008145227009,1.0879515191464475
05374,2019,0.5133339406662148,0.11201884118720984,5.606103603632635,3.4867502694074637,3.0432701160007367
05119,2019,0.5275473187954705,0.11930235296710923,6.609130679311524,1.690684311140508,0.8381857186638063
05966,2019,0.3292300357863414,0.0016545513744186113,4.889867440825223,3.8729030711276953,3.0169818248577203
05774,2019,0.5112224215410206,0.10648203374642645,5.896870406072182,3.548965063192999,2.0973584269444348
05562,2019,0.573751941857828,0.1243944206305928,5.891210631468641,2.1058863555808283,1.6385398888136724
05120,2019,0.5077908698595364,0.13924936035011248,4.8335595974163414,2.604918151618092,1.915634415801808
05362,2019,0.46185661693338503,0.07050734236092837,5.560123575052504,1.5572187500343384,1.5710910829760143
05162,2019,0.504111555941204,0.10832869721404159,5.788429464032179,1.8827056313474824,0.7757530758231476
05382,2019,0.48948047122968275,0.05985360967548481,6.044320621523055,2.201000369088333,0.8728670651484295
05378,2019,0.5934263585783778,0.1303063230320446,5.73703844988535,2.41399984386002,2.16997273164733
05970,2019,0.4625196847452396,0.14322172390465698,4.55881997476595,3.459426900009913,3.9313367421475527
05974,2019,0.5398646405045261,0.08216475873735807,6.610241186432413,3.592063724581671,0.7941849529418388
05122,2019,0.590036217471617,0.15882551638572556,6.074764544387106,2.197339327145099,2.0883614526737198
05334,2019,0.49318698508888636,0.08131094940306172,5.498920017317181,1.6043529810467718,2.4733098447712414
05566,2019,0.5890808543249119,0.1543285758420243,5.713672282763167,2.670601645058074,1.499332904557488
05978,2019,0.5524344617981088,0.10749738922013208,6.717090778103168,3.201942139959261,0.8773647504599088
05166,2019,0.5395589056331536,0.07870710314096707,5.834485973077003,1.829455788169823,1.0270004797039542
05570,2019,0.5586442576461133,0.11608237706844504,6.244767642472687,3.097216046793258,1.3717071290622256
05170,2019,0.5998894402194935,0.11441017887504512,5.733287839215244,1.8798695054546495,1.4914863377957088
05124,2019,0.5667907039344106,0.1472591407688177,5.682135946191398,2.501511113396581,1.3315190499752598
07131,2019,0.48498030943408593,0.041123167555754625,5.80951973155278,2.727585812280089,0.9943866455063778
07132,2019,0.5476997898043797,0.11875600949509801,5.0316621078545944,2.489674007761224,1.2653123532174728
07331,2019,0.28350967602336236,-0.03323220196865179,7.02611513005575,3.0433435611191952,0.7222146818704948
07332,2019,0.32582868512181057,-0.029524460076178538,7.212936660845368,3.0495880557330954,0.3208512459392691
07133,2019,0.41850549622907224,0.025665938536006683,5.847992514352586,2.877847878356056,0.4851460264208702
07231,2019,0.4383259313865259,0.06918696253047779,4.8967804842973575,2.525915336594289,1.2585843712293185
07134,2019,0.4997775863045772,0.13323561210984058,4.5121928413506875,2.8466994358656588,1.5612957129970573
07135,2019,0.509109459765644,0.138895447506727,5.056063357433726,2.94676624175623,1.4934411289323852
07333,2019,0.351092092272826,-0.02518608813440265,6.164224289113069,3.0483725400937973,0.5594536422337459
07232,2019,0.489599459946378,0.14058055189710406,4.152699016504751,2.145585847984738,2.3437146665579776
07311,2019,0.24534113840102598,-0.02012123523376433,7.4919326132762,2.7526321658526243,0.45706164670798205
07334,2019,0.32411134997150626,0.0006259039382252585,6.421923229651603,2.3112479454355057,0.47826157332470054
07312,2019,0.468673896580328,0.0741589747732112,6.867913730259402,3.4226034224823296,0.8352389663846328
07335,2019,0.4992930768318301,0.08332918145110896,5.967363948353465,3.1781101853533738,1.2666633865877572
07111,2019,0.36963178726080526,0.03430221530520339,5.909015841163919,2.104080185728605,0.4708704592186428
07336,2019,0.48925487236449033,0.08732642707533833,5.673506585017787,3.2552960282984285,1.0116655713078584
07313,2019,0.3339011916769526,-0.008857277821337217,6.466565270680693,2.2161342339877566,0.4837604818707924
07314,2019,0.25983426453040015,-0.030470372354134356,7.980998679332032,2.951239264576423,0.15700315700315695
07339,2019,0.2875295483045366,-0.05181883246025404,7.489813912642989,3.607143686599603,0.4518590245639017
07315,2019,0.23652526748518982,-0.04427483603048432,7.776835162375774,3.9402337289091327,0.6798781151376647
07137,2019,0.49160161724355944,0.07544712421591687,5.612720679423641,2.5400583030286485,1.2081804293668752
07316,2019,0.36622026104026106,-0.033269968991345766,7.408180940420553,2.919873809192244,0.8566056101229982
07138,2019,0.48243568261998976,0.10912753352168453,5.7199985573149945,2.6279483282968576,0.6806977811185193
07317,2019,0.4774852442427595,0.06322229495792842,5.90246642561986,2.770826629687265,0.8449367088607594
07140,2019,0.46997319012933697,0.09788587830193751,4.843441853624509,2.879638747532839,0.7425369170296402
07141,2019,0.47929998500525534,0.07154487184909047,4.5900460591536625,2.129732490082586,1.4672521575864905
07338,2019,0.2926165057348017,-0.015394099712799925,7.168777797067103,2.6936199549890603,0.23030864584909902
07337,2019,0.3642129509962053,0.003540560043870322,6.767506394557253,2.5773681814994953,0.6358603884614212
07340,2019,0.4811302905194722,0.059355033292685044,5.917553769614683,2.913539965296447,1.0716469258367327
07318,2019,0.30421639751051066,-0.009120082805819385,6.142139288644929,1.7417561358759457,0.2514018691588785
07235,2019,0.48023061206879075,0.10144960270316522,5.266894836122947,2.734096858149251,0.8234710721797702
07211,2019,0.39921247760098194,0.0578175796479663,5.591295183128576,2.17425527381605,0.8334907739782101
07233,2019,0.4570557277028796,0.12790639531158238,4.350465222343523,2.7691711726785906,3.217570379790739
07143,2019,0.5274445516453975,0.15917950707960915,5.014655093440519,2.7884256955206053,1.2543743004467574
07319,2019,0.29809990279569076,-0.028999338429704535,7.482106710046933,3.031276423756805,0.358101388742644
07320,2019,0.4109077497225684,0.022282000028618354,5.874822773990198,2.793756635213925,1.1502652087592973
10042,2019,0.4949168845334917,0.09457767048092919,5.916040781470348,3.0984298222449973,1.3084030191988467
10043,2019,0.5073010023440047,0.08149408480214915,6.079697343086163,3.184940524597081,1.5881343522628468
10041,2019,0.5131266812903181,0.06309454416157784,6.856863236171659,3.1873995315858825,0.453062515532862
10044,2019,0.5070628501520139,0.08357843878102311,6.382195789758362,2.9101113272434427,1.0921881377058587
10045,2019,0.46679544434513914,0.06172516614220941,6.01312324788758,2.8426544366837243,1.2054172639993048
10046,2019,0.5017576478549644,0.1214733281199607,5.396671065816975,3.123006914808151,1.6019385810239217
15081,2019,0.5090036129524789,0.09846557628985675,4.785566079548003,2.767111237498198,1.18032694481756
15082,2019,0.4769093741707679,0.044753552024710486,4.970085194851263,2.7545507687576265,0.598886767630935
15083,2019,0.4581952347741441,0.07038355871606533,5.071651179305668,3.043853654949304,1.0962048559432918
15084,2019,0.539036848812864,0.12659890452710026,5.3899832103916365,3.1430643517212027,1.2117954055660605
15001,2019,0.522387719031059,0.09183065348147013,4.600377382208675,2.5331914235902953,0.7371699637709493
15002,2019,0.4164275637549115,-0.008985942043388262,5.1414337174673745,2.480712137133155,0.3251249279261964
15085,2019,0.4543015224764033,0.06045744631493444,5.463277844805964,3.2038612690065094,2.0882515506970476
15086,2019,0.5500490947470336,0.11348881006827488,5.087529594538738,2.965815571661616,0.8850245702143784
15003,2019,0.43407917529742224,0.05508874824526527,5.023800007423811,2.7543543155399317,1.4896157965517516
15087,2019,0.45964376327519085,0.07628399035564093,4.627100020951816,2.8861974640097925,1.4137977831382809
15088,2019,0.4573973826333996,0.030259441485188276,5.172702349232818,2.8220929942044535,0.5425961799188377
15089,2019,0.4543900489078444,0.040266023453438826,5.399762170693351,2.943301205599219,0.9645036400229648
15090,2019,0.5116430751923903,0.1009425784555697,4.873828198071332,2.8130666305055456,0.8169923626107811
15091,2019,0.5050352282431279,0.09064126412599494,4.68268821668024,2.8507672543180815,1.0790118557785622
14625,2019,0.4863687085019693,0.11366316729083076,4.028247327292087,2.802098847487012,3.5872146752957432
14511,2019,0.4198035705716228,0.07234542682623579,3.933140849452032,2.6366754760139677,9.56488237178347
14612,2019,0.4646171139659594,0.11386081641819318,4.574089855632097,3.142465193739982,4.372014392035094
14521,2019,0.15957113786076388,-0.09159623248370302,0.9043629090007816,0.9177013411432291,14.151775078684723
14626,2019,0.4653222290285635,0.12138677706248147,3.8794453013389982,3.2153395849563102,4.858643454415409
14713,2019,0.5128110950476763,0.08636552635355665,5.558033676931629,3.2173935575585837,0.994592781165512
14729,2019,0.5361135888976376,0.10553970280538494,5.096290905370545,3.103593529512792,2.8070900649219963
14627,2019,0.5182278591891482,0.08915960103285953,5.059801483679596,3.2241687793229783,3.8219322388972587
14522,2019,0.4361470014193074,0.07699255197836169,4.084770710536313,2.956233276764129,6.892590596715688
14730,2019,0.5272053544511779,0.08017340725354033,4.577467468900314,2.589254468272851,2.0253393808223614
14628,2019,0.3743617094673375,0.06316670172816097,3.506036203021513,2.8504006165077,6.786938409431545
14523,2019,0.4053939679771997,0.12218121937949944,3.032481301289068,2.5927601989037212,6.5727309310407955
14524,2019,0.48293714346316885,0.10996667740500043,4.68640697029954,3.1584795640733865,7.115923381351911
01051,2019,0.5972240192392839,0.1887699988138294,3.985315710354013,1.904209341753444,1.9763095433369369
01001,2019,0.5532843934959295,0.16672481460587057,4.19984359997842,2.651846875466201,4.001439021465403
01053,2019,0.5566938451269365,0.1392299789689866,4.118336326003942,2.5848697039352606,2.945710512479449
01002,2019,0.587660474351424,0.18108173400897776,4.149119131441944,2.5103715923847316,2.949479064281501
01003,2019,0.524241444516049,0.10889505449874454,3.824792654182361,2.1067986104981795,3.7900408163265307
01004,2019,0.5823073167762567,0.19336406350424384,4.890102057112466,3.072986508409457,3.3486668023610826
01054,2019,0.6398740644150254,0.19800093424008264,4.190461016195029,1.9979967128618008,2.470605407178575
01055,2019,0.5854051431097783,0.16388527837746475,4.3058945905882045,2.505051854816994,1.870628225359849
01056,2019,0.6073502252057353,0.1707092485542056,4.103321306028471,1.8520100603504908,3.2787607157626497
01057,2019,0.6219317196983725,0.20138377485602843,3.806903292515961,2.2976560526577217,3.452419305581762
01058,2019,0.6248040859685833,0.18956184766020429,4.352047968182873,2.67253265844792,2.6746601658761486
01059,2019,0.617991277652089,0.18391264345450892,4.298888794709566,2.5431145383643505,2.564801960863535
01060,2019,0.6165573380467958,0.19573225381074882,3.9518168396205264,2.4243143352636887,3.1214854865476345
01061,2019,0.6344899094449864,0.1930411877884025,4.233435326520402,2.1936250204912735,2.944200180942291
01062,2019,0.5757387056937856,0.15144629730834558,4.152772450805176,2.558509695538065,2.249840266905517
16077,2019,0.5334211573374881,0.13200711600225462,5.460160958134368,3.592210819524049,4.337583457807693
16061,2019,0.4349574226406217,0.14197323222658104,4.1401243461242325,3.2635746001695525,3.1381100699761175
16056,2019,0.41292033871881584,0.12339440585607164,4.933429761491011,3.308658370828081,0.7585355111732377
16051,2019,0.48492623782142213,0.11829414916563874,5.912850536226624,3.491497935033532,0.8289101698283872
16052,2019,0.5373073122473744,0.13630022955348586,4.8084654536829055,2.965196935587354,3.7140098013555822
16067,2019,0.4776045492929425,0.12526970797676568,5.249289481912632,3.2857026781246454,2.254715256636679
16076,2019,0.5186583952167975,0.14724415315807243,4.886046708161415,3.6122839402785134,5.207722282174861
16069,2019,0.4004940235794948,0.12991261646826535,4.549383485527434,3.6162377694028285,1.7590980235049378
16070,2019,0.5051258848386527,0.14686318335851534,5.553776458096862,3.659979703800839,2.3932211246930044
16053,2019,0.5200041974110324,0.1536160714361962,5.009646228717805,3.1411197424561523,1.7347160962536996
16065,2019,0.4424403583177333,0.07613266859754131,5.008375004261445,3.123669938321621,1.541593733226846
16062,2019,0.5073327484511063,0.16904478314008803,4.1870095153873015,2.9628168453512616,1.7684247510967508
16068,2019,0.4939346421832474,0.1010891018654268,5.759286726784534,3.1297006525158935,0.7774840624414912
16074,2019,0.5475246368128523,0.16060311712453068,4.803085092031561,2.93623382166962,2.026247889598473
16075,2019,0.4606533177555245,0.1578692371588754,3.3100095282866215,2.701742711159326,5.479129687022683
16073,2019,0.4987691032899748,0.14329122142103407,4.34973358576632,3.039240073787891,3.876847865880602
16066,2019,0.3631660532196966,0.10906440335292678,4.433023895746176,3.7229301030493045,2.0121048899867344
16072,2019,0.4131990691474291,0.1838912255983386,3.2206869226856902,2.6556239979158476,2.536000760053746
16064,2019,0.40548854542038665,0.08463716442721053,5.292673778006944,3.5225232102935995,2.587049354660945
16063,2019,0.4722692855150499,0.1505994465661144,4.169586403806035,2.843595646384067,1.6111264920207884
16071,2019,0.5382758163454843,0.16120838906148377,5.31034790871301,3.2854278800054626,1.4464284941607142
16055,2019,0.5842796286395052,0.19722647648231906,6.130351338505014,3.9401597875999563,0.6179226353532355
08425,2020,0.5034403467525349,0.214648113106769,2.9110406043105836,1.395926312212,1.159434751456449
08115,2020,0.49528877656240705,0.0993970226927347,3.926900263885468,1.0627810913700397,0.6114625293396173
08211,2020,0.4460280511293642,0.05031294869512987,5.662827403455414,1.1143140486133642,0.2863449087698647
08426,2020,0.5580356343637689,0.2242483114595396,3.7081014056171675,2.0271944808485216,1.094993520252657
08435,2020,0.561546263452879,0.22766523241226172,4.431852386173297,2.076229038590205,0.9797342442806997
08315,2020,0.4275304907838871,0.0778349014644476,5.852239483477924,1.2247790746471203,0.6228337020648969
08235,2020,0.5379862117431969,0.13717781089220066,2.8434899906894717,0.7275172682607649,1.2993041019086256
08316,2020,0.4809874412694551,0.08108442859327597,6.515056075927301,1.4730694004744622,0.5643937037267466
08236,2020,0.5084183076006459,0.06551301577900304,4.229347257993383,0.9331875676343495,0.6931924910774591
08116,2020,0.482282481737183,0.08201235219367226,4.22702234948809,0.8194557845725097,0.940560302126654
08311,2020,0.48754847948120394,0.06326477578010087,6.38721992285349,1.224703564312967,0.3886019719021994
08237,2020,0.5244710170015724,0.15458211043190578,3.4624484045973443,1.2852189360320123,1.2844145268350413
08117,2020,0.5127842228946288,0.1431684927954307,3.0574888389903965,0.8423180718061656,1.675747350283145
08221,2020,0.41701807244578626,0.045688723010916865,5.14882480178752,0.4276243951580412,0.1635937957272461
08135,2020,0.4981826649731067,0.21426869991162134,2.49644524604002,1.2321613478367837,1.6494923493491176
08125,2020,0.4425889145208527,0.053505185723545734,4.020767572622239,0.559921853859382,0.7778138136483562
08121,2020,0.394517240077843,0.03718030064168448,4.258722084332432,0.3941237714284789,0.4656135916877284
08126,2020,0.48150978138412587,0.06819508895400744,4.03582000110537,1.2353319716147024,0.8583746140674264
08215,2020,0.4717352155274869,0.04457139590820969,4.768695363189875,0.7822796333160378,0.5378982881419471
08212,2020,0.46409894333950286,0.05712069451816987,5.332531801523602,1.0325578670887863,0.36970595502841613
08335,2020,0.5263444906839998,0.20590247989333066,4.264084099820146,1.8563086471291967,0.9612898951081031
08336,2020,0.5040367434946192,0.07806386996492998,5.466376654071423,1.1738959315806197,0.555357306249428
08118,2020,0.4573783977533204,0.06296267223687496,4.598315551367189,0.8175357034731618,0.6387271057538253
08128,2020,0.48658091438506645,0.1050362516811435,4.097060062412573,1.6115364203254652,0.5366427175082545
08222,2020,0.42436202812180507,0.06662152786528824,5.517888048299525,0.45494313523999175,0.37766158066175204
08225,2020,0.49006033785749914,0.10726706343896703,3.5633067636394227,1.1686425722246132,0.7894327989966998
08317,2020,0.4206221561686102,0.03357967207146473,5.6323163845124995,1.027046764163713,0.9628140876078118
08136,2020,0.5495698632547735,0.19345915870671915,2.9743352953981352,1.2430379364713806,0.8233283799031641
08231,2020,0.5032165984966489,0.06640150247746734,4.629563283619127,1.2191387189199383,1.1034206841368277
08216,2020,0.45947837118243406,0.0674818807449935,5.791931263865683,1.4108796030474595,0.6281101595161749
08436,2020,0.5951973375918078,0.25307977470693893,4.230676121768985,2.2492526333848444,0.9951957403037457
08119,2020,0.5327751772196131,0.1099434652821985,4.204569798122439,0.7433411659885989,0.5321443702281473
08415,2020,0.5045199764887807,0.23428457952878123,3.149985868536828,1.9264752396482911,2.5353672755538295
08226,2020,0.4864203842282499,0.07868000699998923,4.658325638963909,0.7252133658026936,0.7091689653705577
08325,2020,0.5084339674068689,0.1766470861570678,2.754953613856213,1.1003999927920567,1.863064781009514
08127,2020,0.5219075195294002,0.14718373980133015,3.3724132072453337,1.2756470799187385,0.6545935483337878
08326,2020,0.5098358192573533,0.20949704250971996,2.77520449191679,1.6187322696354196,3.6090403637980453
08437,2020,0.550839647562264,0.25491011234898175,3.3773286307042114,2.101749087193702,1.3603236997899295
08111,2020,0.4364679438441401,0.07324072959767847,5.150051018439397,1.1335467317046772,0.9382902693787796
08416,2020,0.5042964466586061,0.09032231646932387,4.497239769602022,1.3724009258944752,0.9530626243997886
08327,2020,0.5102766519288906,0.2255540992768092,2.9544070203098967,1.721540283876875,2.449176184849678
08421,2020,0.49647370040610656,0.21697458364133576,3.21051701535478,1.4218987471548703,0.8152179526908381
08337,2020,0.5281675793698413,0.21718050649167775,4.239159203863581,2.161890312383009,1.3236432631481831
08417,2020,0.5113709652179523,0.170314689421258,3.503566975601955,1.4240289216441928,2.446897603630317
09771,2020,0.5370436431825429,0.20533505096562626,4.382140736276642,2.5120813273349762,0.6778308944580361
09171,2020,0.5522754708348188,0.21225274474958156,3.959704524033832,2.494971718860148,0.3699006230420639
09371,2020,0.5619483493476926,0.2555671016870402,3.051285381395251,2.6332562166961404,0.858015354646499
09361,2020,0.5578485487106063,0.23476550316800532,4.188317457820435,3.2621874028114837,0.673196112939016
09561,2020,0.5308329640569444,0.17197071858468144,3.6562458067857433,2.155117233785345,0.2403612491385876
09571,2020,0.5605868731949598,0.18779244810695195,3.6995051690420033,1.9278441652824934,0.39072446150771145
09661,2020,0.4479692404729534,0.04615474491421506,5.012579851299768,0.7365572587115388,0.18946806618039497
09671,2020,0.5243946590769555,0.1115534436879504,4.894094189096854,1.6020519010562437,0.4243371813258725
09761,2020,0.4631010048904936,0.1421957145677445,4.416471682139322,1.8445325563912798,0.10153480581200576
09772,2020,0.5191037678608873,0.17831886797071578,4.2916064999499515,2.236292539183374,0.5502178642247043
09672,2020,0.5283508464085902,0.18782898086521993,4.304726349305547,2.2576184260587078,0.47524556550588815
09173,2020,0.5775933962094586,0.24622169980869096,4.472578573791097,2.7409628515058175,2.7112506035731534
09461,2020,0.46985068789737927,0.12104887861219549,4.840570255476792,2.0976574044231433,0.0976740650653694
09471,2020,0.5127429214188648,0.16651866831338807,4.150116472469597,2.436854901000672,0.30241491023463146
09462,2020,0.497039003793363,0.17655856777243217,3.369869213823543,1.887073188963249,0.33061804404451817
09472,2020,0.4986572575590216,0.22457935201627877,2.741033960923302,2.1753772695318805,0.5958836119414002
09172,2020,0.5968602672149027,0.1863586002615058,4.929861246631283,2.930508659679213,0.9926195662775955
09372,2020,0.6146914547309138,0.28627726804711057,3.584026808376938,3.0751387648531345,0.5737129325948207
09463,2020,0.47495848766558624,0.17504708224969645,3.9234092342656934,2.3710486986475985,0.22573670229196266
09473,2020,0.5080578215183852,0.19763504123827597,3.8278886208515566,2.567428201824161,0.5123926600604585
09174,2020,0.5254290600265971,0.1953268867496542,4.526671152833857,2.839276665243265,1.0425483019543826
09271,2020,0.44479208619817834,0.21185989738641287,4.031737389325928,2.710346756540638,0.4494652689538333
09773,2020,0.4980577707555342,0.1948257896059989,3.652372466326073,1.8892071935456052,0.5100393310083078
09279,2020,0.5184300368254731,0.2098342813317895,3.9077302959001425,2.385030213603681,0.6583014251332873
09779,2020,0.5210239733080587,0.2021602818242162,3.807644651944711,1.9631581513828822,0.683014966477799
09175,2020,0.5333238095861519,0.17552074862590683,4.551135330785281,2.557227472743069,0.419300202590202
09176,2020,0.5280821304729953,0.23879978140046115,3.973974980990863,2.714389470613132,0.8314877091118911
09177,2020,0.5423247403464222,0.2028286871181007,4.3609584821040475,2.627617280160816,0.48177546991733866
09572,2020,0.5305383145158579,0.15521356839753675,4.205772924516355,1.9645176893672325,0.4637537830552198
09562,2020,0.4950562122451698,0.14984498341709201,4.418444222247977,1.9036421719353642,0.7285248953001392
09179,2020,0.530403558006937,0.187585766496433,4.5225666584628,2.5776168393155734,0.6649813915529803
09563,2020,0.48529658377427676,0.15568812089967504,4.393522730128821,1.4551354240956154,0.6305260415158798
09573,2020,0.5552569980829994,0.16881837318742826,4.133327066001321,1.9576894347498195,0.6338759392352343
09474,2020,0.49903431739948056,0.18272087601431414,4.174814803275723,2.4241379806429375,0.5504920879969123
09178,2020,0.5305449378015058,0.20281980455519488,4.46232231804787,2.6736932751734406,0.7238299377997819
09272,2020,0.5849809988148212,0.36343615723173595,3.7906907958830165,3.7138193150798995,1.9188529591214156
09774,2020,0.536835754232898,0.17808265340427726,4.030790691320144,2.037733766003706,0.5277205931489104
09674,2020,0.5149517350486805,0.15508576447290362,4.1760383185654915,2.100434714265089,0.6080469435396474
09464,2020,0.4925501242451703,0.3018860542200547,2.8137906957589203,3.0432256145749936,1.0684283300046087
09475,2020,0.5340807297770972,0.3542289902746421,2.7433105441124592,3.230970411207279,1.4712063677523002
09161,2020,0.48080405090774225,0.18700844358911878,4.619028484583594,2.4974344076253714,0.1495215710737082
09762,2020,0.6032157118807839,0.21537921322368508,4.443288608261012,2.6662263224804645,0.0
09273,2020,0.5364370096140377,0.2371664194020326,4.053130453853115,2.7967625325595766,0.5976460791442845
09675,2020,0.49147289695460245,0.1262860175613867,4.863546357962092,1.926796046736075,0.2534684675573618
09476,2020,0.4927586878879325,0.2464637903492628,3.3190480617743896,2.689729992709064,0.6404713197130631
09477,2020,0.49628930082175404,0.22604658368893238,3.059255641440825,2.331677000585798,0.7950497735565911
09181,2020,0.5413695528567195,0.2000983315637085,4.279129637939794,2.483933728125996,1.0027366133752347
09261,2020,0.5029529764906846,0.18286479605372385,4.100417193048605,2.254154509043442,0.34180020967500374
09274,2020,0.5805269583618785,0.2526209118470116,3.896175662971099,2.5853467887446473,0.7660448267440914
09478,2020,0.4997819312980846,0.16555199221972883,3.85308680076964,2.5611159654789146,0.5458268906549151
09183,2020,0.583186786735114,0.23760050027023266,4.528981981631444,3.067863254256442,0.3456979120009329
09162,2020,0.45517990917072254,0.13634292898858208,5.46094941676545,2.3536925276262513,0.15236235713925028
09184,2020,0.47556573352834147,0.16737847740734813,4.94882474980875,2.6330958471097956,0.842161393530039
09677,2020,0.47272394732868717,0.1165708449438918,4.66693565505963,2.1609658849862368,0.7600169671125098
09764,2020,0.5474670200782047,0.1665630655473458,4.17230008814576,2.2147818510043296,0.4395356190992456
09182,2020,0.5605660648305144,0.25465075735600806,3.925357967056044,2.488669418710534,4.511639612432364
09676,2020,0.5217057838417448,0.10516752334395602,4.257645860348835,1.421086839580087,0.4890974560730839
09574,2020,0.5248274357828999,0.2295903642604784,3.2231063230875674,2.131944926197693,0.9079897404782261
09564,2020,0.4276839647924766,0.12825829473121886,4.954827228626731,1.759955602677672,0.1366184467446304
09775,2020,0.5255202740956321,0.17641872458179814,4.188906611962443,2.0653104957184425,0.4313588721126901
09185,2020,0.5127476704629678,0.2095034130507119,4.715357607360387,2.7792876231181554,0.6234762023612337
09373,2020,0.5592464488471719,0.2853351954160617,3.4143046097545806,2.6740548154013153,0.8946870298263054
09575,2020,0.5418764689100003,0.16386059998043578,4.279589281341468,1.8370899264838876,0.5733290903865526
09374,2020,0.5750741005964504,0.32445584876617894,3.0260142048101897,2.7900301282870767,0.8098862559417497
09780,2020,0.6187964507139129,0.2908492177964177,4.065376587761644,2.9087186547989905,0.4603791929995139
09777,2020,0.582550554218392,0.21667412799376395,4.384502679015467,2.5770582033593596,1.2984015151515158
09262,2020,0.5245578164641794,0.2544985542629645,4.489670230069062,2.9758963776961855,0.4310704250883713
09275,2020,0.5367508251134857,0.26438327124624594,4.602453638762999,3.2995132143407337,0.49479885248500394
09186,2020,0.5331045963124108,0.20530297210723686,4.445415833314674,2.6374562992980817,0.90905293703834
09276,2020,0.5772672863677144,0.3207630603792495,3.365345435814214,3.7531054941255833,2.4375
09362,2020,0.42590762795979803,0.19062140402722058,5.192067005763225,3.4025171536727132,0.16336927910333696
09375,2020,0.5070638802049865,0.23937719061277757,3.8139043712837397,2.7475233540283455,0.6385660042906874
09673,2020,0.48492288915696796,0.18151363000477105,4.221305926533488,2.6453461505556657,0.7263401541522667
09163,2020,0.5819250368687975,0.17024865999755318,3.832359417042176,1.5530207688089726,0.6929038508113345
09187,2020,0.6311194927325494,0.20789428223318546,4.3024619992319515,2.430738101539804,0.57993883719971
09576,2020,0.5766714386272191,0.21612004635799914,3.899613936614301,2.312059298403775,0.6924202392113417
09277,2020,0.5848107532256078,0.2520043277557914,4.049932389882442,2.848142242916901,0.8105290076295621
09565,2020,0.5538147509972119,0.172092115262642,4.544790421261184,2.255195229081754,0.27850042950055226
09376,2020,0.6021268193927016,0.3053548412839282,3.439217175659551,2.833966307064691,0.6321561554572956
09662,2020,0.480554541011294,0.14331039326756795,5.724359428450368,2.305902458755928,0.15591718497060578
09678,2020,0.48390411040826253,0.12996655456327189,4.844303101235359,2.2288132775940093,0.3919665532608178
09188,2020,0.5449748675434881,0.18119486458720407,4.557228461410783,2.5273538553981862,0.7494797344168069
09278,2020,0.4790327413423569,0.21956262968629958,4.081533319288898,2.8558900571461616,0.5653577741009501
09263,2020,0.38062241106903205,0.17557094365489154,4.440291360518878,2.8871346058083693,0.28297989305169163
09377,2020,0.5438200686557966,0.34261382234650584,2.7950998316739777,3.0688834163761336,0.7773456333772623
09189,2020,0.5819664486043399,0.2202272071864419,4.4548451394051884,3.053015901859162,0.8790974808104194
09778,2020,0.5796024656170181,0.18947806423073021,4.158048690102038,2.2399837493935673,1.1782836270522667
09663,2020,0.41236588690816867,0.06618720612200452,5.311657618611376,2.184272735768608,0.605333417093319
09679,2020,0.43475927152375093,0.09201956752224444,4.370449804227095,1.7179214024790332,0.5895778058527988
09577,2020,0.5476240506331461,0.1973473543344862,3.673992099031691,2.1123002032218157,0.7160095928568841
09363,2020,0.5528227871076771,0.25586720389561884,3.606936929391802,2.513694952578904,1.2298605289231002
09190,2020,0.5956543881674202,0.19995670582163305,4.85729404014356,2.666269376679363,1.9183673469387754
09479,2020,0.415824409964011,0.2474509067215263,2.0124133542209384,2.7698411439823545,1.0467617219057215
11000,2020,0.4830830717756851,0.14643836984815517,4.939609744452856,2.819198073270783,0.3502203759055678
12060,2020,0.47186123541156816,0.1294456957985312,3.8924243877268436,2.841639375230762,0.45228575206867
12051,2020,0.4801121822256958,0.10892789470388753,4.2262846135333625,2.3654236482942954,0.5963721960675716
12052,2020,0.5809948906860013,0.1755324100407114,5.300168870882208,3.3839461242431206,0.6742406636036972
12061,2020,0.5706047189667622,0.17085439388450718,4.879462063984332,3.214621308324265,0.589071802243533
12062,2020,0.6006243132354305,0.16827519942330843,4.803763144564576,2.911717746708601,0.43365718430359546
12053,2020,0.5493479568066729,0.1726725511493763,4.435963498870167,3.1142170688693662,0.16097255963180504
12063,2020,0.5305054420296528,0.1258552944770599,4.478563836810122,2.6014008830369817,0.4936112688343479
12064,2020,0.5464944367681293,0.1867693500180999,4.291998149890873,2.796586007983591,0.5422694646929923
12065,2020,0.47277475409174446,0.10755745668724886,4.0424844453159405,2.855890490861655,0.5883899259400489
12066,2020,0.5502307291707962,0.17077662863190957,4.786958660888361,3.134208090620684,0.39197525654874427
12067,2020,0.570282627870775,0.18440501165847079,4.381916600070987,3.1592281198465,0.4079100113603208
12068,2020,0.4962832123597817,0.12567830953736264,4.177385181796573,2.963898462384207,0.6410382592414237
12069,2020,0.5327499656088628,0.11701358543807322,4.253961595142368,2.3959148109097885,0.4810192012955094
12054,2020,0.5430002503919574,0.13329486236126087,4.174227362923638,2.3861724304122784,0.2998391234401497
12070,2020,0.5042982932548505,0.12881504266045296,4.304301776560238,2.9782110643268584,1.153503856254
12071,2020,0.5648795412411758,0.17252084792596034,4.980247722957252,3.348834140114987,0.37112660027608535
12072,2020,0.5423734608974264,0.14754935204823366,4.457547546184763,2.8975686371363008,0.42746593815741324
12073,2020,0.5131496209680967,0.162221379043534,3.6422478718695674,2.868695062622109,0.5018875587619785
04011,2020,0.4536954525115549,0.027137029448146777,5.220286688100009,2.291991159668564,1.8622368061252386
04012,2020,0.40177255813940393,0.0037203648362096886,4.289882325842833,1.121841220039558,0.8722002635046113
02000,2020,0.44463017221586887,0.06758964540731338,4.13173429774772,1.7486625356148209,0.9552520939934168
06431,2020,0.4370395784465466,0.062311201919592274,4.862756538196982,0.3677536874327405,0.5880687784389219
06432,2020,0.5100055199243,0.10536271521815715,5.346117571361497,1.496334627480464,0.7356942712298152
06411,2020,0.5001481552077984,0.10239701811280094,5.9010146195405495,1.5213324005952593,0.6353325436990775
06412,2020,0.475803595526349,0.1148095382933762,5.668104869579775,1.7694266280559017,1.1006239264423567
06631,2020,0.5538331748647719,0.18773788549115966,4.06691223785842,2.4789187013171787,0.8647894280295013
06531,2020,0.4736496283215827,0.1004058947094037,4.026346258893251,1.4294437744718227,1.0283525360940071
06433,2020,0.4519975652139694,0.09799513366503082,5.6983568572586725,1.2454036091054546,0.9216243227605071
06632,2020,0.5435528621100205,0.2006856630378231,4.188374629701251,2.812460275464714,0.627326261010765
06434,2020,0.5372951308481919,0.15493727515312905,4.516855108691796,1.8187667738283602,1.3690244377373186
06611,2020,0.4305730921833221,0.1183690829011349,4.640490088306009,2.1318535565656895,1.290488200324266
06633,2020,0.49321579385056546,0.1535716890475075,3.7929106122892384,2.1412713194408233,0.6786862020319772
06532,2020,0.44439096939310196,0.07894653725604228,3.852552541240364,1.369450218320344,1.0740551741201214
06533,2020,0.43899284392122784,0.03886985660520964,4.3205421654329825,1.4415332099127958,1.5538741171836963
06435,2020,0.5292433005619331,0.15905542849357646,4.750706109770709,1.6990935416636161,0.5139356205485097
06436,2020,0.47171270322195075,0.1116409427032995,5.573392037708561,1.5899245863066005,0.9607131635228413
06534,2020,0.46745944077710133,0.10381885643661287,3.789787459153908,1.991616919036048,1.1507665308982011
06437,2020,0.5748119777822861,0.1318452709765121,4.505651451350304,1.7121525339647876,0.6172581678411274
06413,2020,0.4612779861894148,0.08813199300784902,6.460416898492624,1.6599307011899134,1.0208578637510515
06438,2020,0.5207502621702594,0.09498972721922616,5.6310262544865886,1.6457441452070722,0.8950627550824576
06439,2020,0.4947145211846256,0.09693214331108718,3.620037191560115,1.2080323719837431,0.7113335337855401
06634,2020,0.5110498931486332,0.1618971938304018,4.496781556224049,2.613135830248292,0.7407784003832737
06535,2020,0.5494143449734709,0.18265798355216156,3.7865744292209538,2.1797536856451862,0.9082707395421599
06635,2020,0.5208444937582769,0.2057852425987144,3.348344664963839,2.400057924496045,0.8005299945942065
06636,2020,0.47761070198985156,0.16099605038713205,3.8474908744509024,2.306517389599041,0.6499853966047641
06440,2020,0.5108766583620129,0.12969113662166226,4.747167254952621,1.596582234827093,0.814424928987143
06414,2020,0.45695825428028697,0.11010600883657845,5.443565039158823,1.553328797235276,0.20918188325450182
13076,2020,0.497495114887397,0.11722680708984684,4.221983529285101,2.780994803146309,0.7299060409208832
13071,2020,0.48097906649734457,0.13501470030625673,3.807942204746929,3.047397125861086,0.40152323283542973
13074,2020,0.5238112815464813,0.12993906938779148,3.89380699440453,2.4414276957207877,0.7740809973766759
13003,2020,0.45486701981692623,0.07617051899604665,4.031055771899237,2.247665714616305,1.0470765813231566
13072,2020,0.4904073443703622,0.11425115379753709,3.922032265943145,2.752416116839209,0.6975909642050361
13004,2020,0.48124528913649744,0.1137985873706806,4.275773426151936,2.7516718385400094,0.9309167625623324
13075,2020,0.4513153962152692,0.08852175679360513,3.732754366660675,2.7400238736752445,0.49491448681528755
13073,2020,0.44652229757611617,0.05251993844381242,3.7971700074465113,2.529680100675373,1.0918871476949452
03451,2020,0.5300083460980903,0.04730445033717928,4.804993460061875,2.0913096825750865,1.345350416761756
03452,2020,0.5030220353170444,0.03639736859661846,5.28016586386301,2.0941642763026507,1.7080299014153897
03101,2020,0.4707138796415291,0.11070371855701405,5.213294655837895,2.786627430902071,0.8050820392031617
03351,2020,0.4733645258431499,0.0925503941254388,4.722563991327349,2.9606671896717534,0.8248382283863775
03453,2020,0.5021500769073746,0.07468961702495142,4.808661498076782,2.214384414004514,1.3573169948949069
03352,2020,0.49098452245875013,0.03381089185168301,4.678739916601052,2.161643496906782,1.5199732683537965
03401,2020,0.46078575066486654,-0.0015959765052968589,5.291033722100535,2.25036953081265,2.289785407725322
03251,2020,0.5385931691229158,0.09290940061316383,5.405771344085343,2.989882826768343,1.1667831400652362
03402,2020,0.43148947750604705,0.034450830780924036,5.717684969363749,2.102355788105967,1.2690249976939396
03454,2020,0.5089742063806271,0.08795914779725611,5.013303390040568,1.9922755449179248,1.321639991368134
03455,2020,0.47479206000668833,-0.015715582990210697,4.348483035160628,1.4149471403271021,1.8881923036957504
03152,2020,0.5019009599716833,0.15412889831716164,3.7834272436986627,2.3102807577823046,0.43187912826800623
03151,2020,0.4824093908211005,0.1021583731645197,4.713497421140934,2.8611277882724906,0.6463889559884151
03153,2020,0.4966652164218663,0.15682667212178525,4.335003772565116,2.366372081899111,1.4064789120014671
03456,2020,0.5601724050775,0.10305823673649356,5.290975312526727,1.9686816652076162,1.0852824422970184
03252,2020,0.4924003060401669,0.1411864058498163,4.1506684054111265,2.3754587779433765,1.103344743111241
03353,2020,0.47207496573422,0.07194033753612877,4.174174782615876,2.3549729789454847,1.1306116500548098
03358,2020,0.4346562884662186,0.024074882751402182,4.46673606840909,2.5872190695814474,1.3918919604748312
03154,2020,0.5108494674835703,0.13253579629221302,4.68363160758842,2.5935468036046068,1.0886982044043934
03254,2020,0.4486433358086429,0.11243835330200613,4.489224277817863,2.4371562568998044,1.070681922138136
03255,2020,0.5172680704960309,0.18097403740141932,4.161631340361888,2.6450102567964255,0.7370868440637209
03354,2020,0.514984387388428,0.11070640557974926,4.486267716784461,2.634840548725683,0.7876612238485392
03355,2020,0.48478575550276615,0.09428272948253658,4.275434619483247,2.461954665132268,0.6838104935761352
03457,2020,0.46977451624712224,-0.01063563921005617,5.051259343384355,1.9238128984639125,1.6246341758374652
03256,2020,0.515731790125009,0.0688719125267579,5.359056942366657,2.85632151707016,1.0938188106318059
03155,2020,0.49804746193173527,0.16709373223662627,3.6505582732442172,2.086509186512613,0.9718766131998777
03403,2020,0.47002547227385305,0.031604796851489814,4.7778208264627855,2.07623458946059,0.5985743579728542
03458,2020,0.5164748058408474,0.0626928515778199,5.036646595712594,2.5526288207897787,1.7423134566462384
03404,2020,0.5021864841269449,0.10890977675305902,4.558818233479745,1.7855122448991243,1.248584357459014
03459,2020,0.5490158510538118,0.11501501330966635,4.858014857353247,2.198028262649774,1.3204059357553533
03356,2020,0.5067736992356283,0.043486789139056736,4.643289449057005,2.179772385295996,1.9775553520350362
03156,2020,0.5131120985615772,0.19796284385490337,3.668172979371488,2.6240514124270846,0.7050004444839543
03157,2020,0.45281970473115374,0.10107090207289798,4.862973291934205,2.5558753505429066,0.6957108527864011
03241,2020,0.48069080337017756,0.08186765786693123,4.711477820374417,2.342451555566791,1.025670063365867
03357,2020,0.49361553093296884,0.06115626264525964,4.549380319049755,2.336323152999922,1.554577649680859
03102,2020,0.4417656461385587,0.11142040840614897,4.6532144684892005,2.379546169435772,0.657630517427854
03257,2020,0.5295600091380731,0.12615569968349777,4.590165268053009,2.232866581947176,1.2292722725049117
03359,2020,0.5049990574623251,0.07810864943946805,4.690477702344895,2.4378283794356927,1.0599217376509955
03360,2020,0.46050647334811023,0.10006789242526531,4.185035120973251,2.6661579237341213,1.1671317715783747
03460,2020,0.5175085969110239,0.09487015165028684,4.756585726214082,2.1703228098103184,1.4973668117522303
03361,2020,0.49731395828247393,0.05163772320258081,4.552932307137477,2.185313325019777,1.3148773194423182
03461,2020,0.46392725599613127,-0.021307908176509738,4.810957527081203,1.9947358872195635,1.668957776320436
03405,2020,0.45107005558152113,0.010899713178363801,4.375308294965931,1.3040935985119466,0.8713768115942028
03462,2020,0.46561892185067,-0.015317799373945562,4.880249294753972,1.8795637894544268,2.012521084484449
03158,2020,0.49078321053073765,0.1325073619960847,4.712861730723319,2.4953256740204037,0.7813224555878688
03103,2020,0.50527581173852,0.11574701667189902,5.0599902520499445,2.985533642789074,0.8897644236012655
05711,2020,0.5135495013015525,0.1309768648683466,4.522825873096063,2.0596781541157405,1.0642324417559457
05911,2020,0.5234770345183106,0.10136375725911823,5.800615917711227,1.5381800657022593,0.952747939417383
05314,2020,0.5342402267418577,0.10220084688333297,5.641141567829523,1.359097965320771,1.061593737969973
05554,2020,0.5767466571959943,0.09521932040268283,5.410244548736015,1.9070173989503516,1.1432599725314976
05512,2020,0.5074617432465754,0.07207147022909566,4.72200872562414,0.9412213208180611,2.0781704781704784
05558,2020,0.5298233907895675,0.08845388299497775,4.7733243850349645,1.4943376240617763,1.545441396128086
05358,2020,0.5216764262729593,0.10920871532812165,5.251589222899065,1.517563565988866,0.712576610473404
05111,2020,0.522341891461923,0.0907656137718526,5.233948368788389,1.2598125906721371,0.9626446929566411
05913,2020,0.5317172813203466,0.09598635730178989,5.489390569828913,1.4904133569030904,1.0523671997033275
05112,2020,0.4919218417951828,0.074873269384511,5.225681730979537,1.118520095589223,1.4792449454285201
05954,2020,0.5661095912716202,0.14749542850474473,5.072684855147605,2.041520120713145,0.877970600244998
05113,2020,0.5598322425259257,0.09924487208972099,5.552886842785416,1.7533867405359413,0.6542381447061797
05366,2020,0.5516599837762054,0.11011169340856453,4.919389905407011,1.3340881192871379,0.5649114791068897
05754,2020,0.5614855061616016,0.11652880424872797,4.851167466873094,1.8369553852252771,1.0639155272776504
05513,2020,0.5065985938658646,0.08810386205782994,5.570786991229256,1.2769017021494973,1.7611775121735282
05762,2020,0.5317927800273914,0.1807598113641285,3.8738873410500383,2.3361500420966372,0.9852138296181291
05914,2020,0.5366366509909386,0.13358368021479095,5.283503421274492,2.0293779649335266,0.501475198229762
05915,2020,0.533277771861737,0.080024182530197,3.8975726607226546,0.39545551846037474,1.5133743511466344
05370,2020,0.5679465858601879,0.11019515723299206,5.525728716732268,1.6196712260464494,0.7544406806116916
05758,2020,0.5350627322117067,0.1328499049447866,5.2096939874157195,2.9740904053250277,1.4321704297485849
05916,2020,0.5278296094650516,0.09679939887437938,5.500926730914459,1.3899574064817566,1.5790049207217058
05958,2020,0.5618021759874483,0.22846287434108953,3.002361470510511,2.0261616430323905,1.3674646583365615
05315,2020,0.5165885982794564,0.1215272365469926,5.5039646576556835,1.2682117993811541,0.8750966064779031
05154,2020,0.5758252176362694,0.1018509240776278,5.329967029218081,1.5988643994162755,1.2565961116207833
05114,2020,0.5438331066758918,0.10983169190493747,5.800299126937114,1.4008393410275488,1.2195557708904265
05316,2020,0.5633960648659914,0.12874209414094417,5.961476500549206,1.6762570161117987,0.1577415599534342
05766,2020,0.5346773842184686,0.17250085222953565,4.295925034913748,2.587412592146074,1.0648211382285722
05962,2020,0.5745908267460446,0.1627470029544849,4.569941930559249,2.077865422622658,0.7764853469521068
05116,2020,0.5657799806847392,0.1260174324020612,5.729442587149936,1.7209376928798639,1.0654200680122665
05117,2020,0.5583471400169252,0.08926515130021562,5.469616371021843,1.4677270119078711,0.6105551029908065
05515,2020,0.5123550139848178,0.06330704448439889,4.144397073636125,0.8042901335170414,2.1096525518482085
05158,2020,0.5472561972429142,0.09275104975474346,5.137276536750266,1.4883577410924524,0.8883149627381858
05770,2020,0.5491284277912456,0.11634230294020931,5.407025802965805,2.8457330423840212,1.48260566816271
05374,2020,0.5923767324816213,0.19106163300261625,3.8928140427056213,1.7734607084804503,1.6418707420364576
05119,2020,0.45789239011474303,0.0496474242863818,5.87981976994813,0.9613734017771138,1.2770456634998468
05966,2020,0.46073396792811433,0.13315848351619153,2.736734625832554,1.719770256135026,1.0793097117679455
05774,2020,0.5720355702880641,0.16729518249346992,4.465820284272374,2.1179149413931917,0.9724386727505777
05562,2020,0.5499878902381041,0.10063036901086897,5.387143941970455,1.6018196660826427,1.021084628634008
05120,2020,0.5996219843456407,0.23108047483621685,4.994117070185731,2.7654756243874816,0.9139604954804151
05362,2020,0.49498831621160994,0.10363904163915327,5.183125255471161,1.1802204304529953,0.5762529371900513
05162,2020,0.5067044524676043,0.11092159374044186,5.156502198508613,1.2507783658239164,0.8073857734515502
05382,2020,0.5343073609718754,0.10468049941767743,5.29622346225384,1.4529032098191177,0.7574854465110585
05378,2020,0.6103724783285159,0.14725244278218275,5.6370511835381985,2.314012577512868,0.3676415548307759
05970,2020,0.44397889224606935,0.12468093140548675,1.1874780989646163,0.08808502420857889,2.607742878013148
05974,2020,0.5593833203578434,0.10168343859067541,4.374494481809541,1.3563170199587993,1.0220975793487888
05122,2020,0.5463734240933488,0.11516272300745728,6.092362076966052,2.2149368597240446,0.6050900772090361
05334,2020,0.545186055979076,0.13331002029325134,5.798668606235918,1.9041015699655088,0.5954861111111108
05566,2020,0.5278841450956122,0.09313186661272466,4.990978470104645,1.9479078323995518,1.0371050650393128
05978,2020,0.548432544416926,0.10349547183894925,5.016838867278303,1.5016902291343959,1.0626046805355986
05166,2020,0.5714845034725935,0.110632700980407,5.545238498629325,1.540208313722145,0.8934974156209053
05570,2020,0.5281697196815297,0.0856078391038615,4.6826079065187205,1.5350563108392916,1.1747383631956176
05170,2020,0.5698245114172222,0.08434525007277383,5.271150421491554,1.4177320877309598,1.0729949874686715
05124,2020,0.5754762279137948,0.15594466474820196,5.171910255866545,1.9912854230717283,0.40524492825333996
07131,2020,0.565496648005208,0.12163950612687674,4.704726501268215,1.6227925819955242,0.6174748721565863
07132,2020,0.5847659927710168,0.1558222124617351,4.849242147149499,2.3072540470561287,0.45568341944574914
07331,2020,0.42054555645193725,0.10380367845992311,4.6878117759610705,0.7050402070245156,0.4353431366169188
07332,2020,0.43576192559514226,0.08040878039715316,4.943672936712251,0.7803243315999788,0.6273594387275406
07133,2020,0.5127816285087354,0.11994207081566988,4.086037815553045,1.1158931795565148,0.9509621195434241
07231,2020,0.5106497671711612,0.14151079831511304,3.934581874423012,1.5637167267199432,0.5534797635846777
07134,2020,0.48378358331744575,0.11724160912270915,2.9000490205645986,1.2345556150795698,0.6330834183635745
07135,2020,0.5577897175922648,0.18757570533334778,3.6444719281624844,1.5351748124849882,1.0782079087505594
07333,2020,0.4371748450513584,0.06089666464412974,4.287159591759061,1.1713078427397892,0.5356004395564474
07232,2020,0.5056680658269824,0.1566491577777085,3.872512329578153,1.8653991610581406,0.6316838229633218
07311,2020,0.31416862577173565,0.04870625213694535,5.546139216777851,0.8068387693542753,0.5214575276082197
07334,2020,0.40141714987965815,0.07793170384637715,5.34682325896831,1.2361479747522122,0.6726205891874395
07312,2020,0.4660784501199888,0.071563528312872,4.797087540860721,1.3517772330836486,0.03178595929567801
07335,2020,0.49188923621170444,0.07592534083098329,3.963606370311089,1.1743526073109978,0.272398838852066
07111,2020,0.39706668029130604,0.06173710833570417,5.179021034233045,1.3740853787977314,0.3853911681190639
07336,2020,0.48082324273855626,0.07889479744940425,3.818646285951265,1.4004357292319067,0.23418927800206543
07313,2020,0.4190629290512972,0.07630445955300741,4.851306665048689,0.6008756283557526,0.1831817644974607
07314,2020,0.3476442740609342,0.05733963717639967,6.26916485077171,1.239405436016101,0.3367726701060034
07339,2020,0.4645983566698038,0.1252499759050132,4.890313062979302,1.0076428369359163,0.6388864364542539
07315,2020,0.4050571779234909,0.12425707440781675,5.1110910317165255,1.2744895982498838,0.891609533137447
07137,2020,0.5398839216289435,0.12372942860130093,4.316318973849591,1.2436565974545983,1.167032919798624
07316,2020,0.48548464928540647,0.08599441925379964,5.125917843991274,0.6376107127629647,1.6757366604725248
07138,2020,0.47033877548226244,0.09703062638395721,4.839899954744989,1.747849725726852,1.2833393531760366
07317,2020,0.5223382480112435,0.10807529872641242,3.582967613035251,0.45132781710265624,0.45799769850402755
07140,2020,0.5431224781100065,0.171035166282607,3.127128579656315,1.1633254735646448,0.5410326931627262
07141,2020,0.5190948479535341,0.11133973479736925,3.7008449726716606,1.240531403600584,0.6502282934530986
07338,2020,0.3777000562942908,0.0696894508466892,5.48161339708712,1.0064555550090768,0.6575326789544209
07337,2020,0.4456709060749893,0.08499851512265433,5.334969412118287,1.1448311990605298,0.9687774890549317
07340,2020,0.4952265331071329,0.07345127588034572,3.543107744384266,0.5390939400660297,0.5885339362068118
07318,2020,0.36768570730247974,0.05434922698614969,5.478055526114622,1.0776723733456395,0.9076012461059189
07235,2020,0.5251850629444422,0.1464040535788167,4.204837712141585,1.6720397341678894,0.7091209829867673
07211,2020,0.42433583332711644,0.0829409353741008,4.79126282781604,1.3742229185035142,0.49656779394168393
07233,2020,0.5574075232346446,0.22825819084334736,3.6287801699676767,2.047486120302744,0.8170703508873347
07143,2020,0.498074605394121,0.12980956082833267,4.282788724525162,2.056559326605248,0.9010724091417858
07319,2020,0.3949427266700857,0.06784348544469038,5.103957481779763,0.6531271954896347,0.5643536555403462
07320,2020,0.46735422351672806,0.07872847382277803,4.017914876833076,0.9368487380568027,0.9136219515808813
10042,2020,0.5313975723459788,0.13105835829341633,4.170879518585044,1.3532685593596931,0.7089667700209837
10043,2020,0.5480759973699849,0.1222690798281294,3.6463289357215842,0.7515721172325018,0.8705440900562849
10041,2020,0.5545432381258697,0.1045111009971294,4.935701190442303,1.2662374858565264,0.5753823908181018
10044,2020,0.5348291144645149,0.11134470309352407,4.542053289638496,1.069968827123577,0.6649955326119327
10045,2020,0.5128689149870507,0.10779863678412094,4.16800712879156,0.9975383175877042,1.4366175767843952
10046,2020,0.5475770207340955,0.16729270099909188,3.6330623159848,1.3593981649759757,0.8391446597290878
15081,2020,0.51662052214063,0.10608248547800792,4.87188760045066,2.8534327584008548,0.8255633156471305
15082,2020,0.5928257159769637,0.16066989383090624,4.388730591309378,2.1731961652157414,0.3870508616778101
15083,2020,0.5387849561056254,0.15097328004754662,4.856673915699259,2.828876391342895,0.749632413505272
15084,2020,0.5889623304027053,0.1765243861169416,4.66811240862747,2.4211935499570365,0.4882576767555692
15001,2020,0.5866701873813507,0.15611312183176185,4.264682894650315,2.197496936031935,0.256817925126628
15002,2020,0.6329780628118187,0.2075645570135189,4.825906381849327,2.1651848015151076,0.5390159523351912
15085,2020,0.5734479247875804,0.17960384862611156,4.997178712844728,2.737762137045274,0.6837139523253883
15086,2020,0.544341717822141,0.10778143314338234,4.478958539496567,2.3572445166194447,0.4016813296458359
15003,2020,0.5408207521586896,0.16183032510653267,5.034631822808569,2.7651861309246892,0.38129635445606735
15087,2020,0.5641986947981958,0.18083892187864592,4.059597466430088,2.3186949094880642,0.8612451858010487
15088,2020,0.6162007443177108,0.18906280316949947,4.5356586652286035,2.185049310200239,0.5552393984934764
15089,2020,0.5782266968852153,0.16410267143080975,4.731569341181233,2.275108376087101,0.6246625161938866
15090,2020,0.48802864832073717,0.0773281515839166,4.6667674983510405,2.606005930785254,0.5740628884611709
15091,2020,0.5794535576716393,0.1650595935545064,4.377452366420076,2.5455314040579182,0.4711845938081775
14625,2020,0.5886576933544879,0.2159521521433494,4.4753745476988085,3.2492260678937335,0.4613169974998422
14511,2020,0.6026355689524411,0.25517742520705405,4.689009570521093,3.3925441970830286,0.7534345303769087
14612,2020,0.5610155810452688,0.2102592834975026,4.239309196685843,2.8076845347937285,0.7179456848538616
14521,2020,0.5476840801562903,0.29651670981182343,3.3787480450039906,3.3920864771464383,3.1310428303448834
14626,2020,0.5903818600998124,0.24644640813373037,4.48981683874274,3.825711122360053,0.5162976305441934
14713,2020,0.6063612127103091,0.17991564401618942,4.674174979425094,2.3335348600520485,1.0541577039712142
14729,2020,0.6133745793104999,0.1828006932182472,4.7497555727432035,2.75705819688545,0.6021598693412364
14627,2020,0.6140689514249272,0.1850006932686386,4.757029053995577,2.9213963496389592,0.416741462197907
14522,2020,0.5931041650709353,0.23394971562998962,4.164822125688594,3.0362846919164097,1.3246010499600172
14730,2020,0.6234886482550209,0.17645670105738337,4.641226413157071,2.6530134125296083,0.4838047209738566
14628,2020,0.5657872392113513,0.2545922314721748,3.7594077291995895,3.1037721426857767,1.4964454724618528
14523,2020,0.5796649099676923,0.29645216136999203,3.5521166501626205,3.1123955477772736,0.6816974574721052
14524,2020,0.6085683735484693,0.23559790749030085,4.542312001783492,3.0143845955573387,0.6059293968656002
01051,2020,0.47433462068497984,0.0658806002595253,4.484476845967079,2.4033704773665105,1.6918350783101883
01001,2020,0.3548428416823951,-0.031716737207663825,4.0952101090739115,2.547213384561692,0.6230962945197265
01053,2020,0.4920489549128279,0.07458508875487796,3.9425068510501218,2.40904022898144,1.3347769329577117
01002,2020,0.4542840182910108,0.04770527794856455,3.0269744492582586,1.3882269102010463,2.3199921368193435
01003,2020,0.4760262153858599,0.06067982536855537,3.6634266469426806,1.9454326032584992,1.0909387755102042
01004,2020,0.3906182035285152,0.0016749502565023278,3.479459202857014,1.6623436541540053,1.8200692041522493
01054,2020,0.4667500276812778,0.024876897506335094,4.447624799640913,2.2551604963076843,2.9703035279754997
01055,2020,0.481155426764323,0.059635562032009426,3.499305105219381,1.6984623694481704,1.8923688222289088
01056,2020,0.5003810068702247,0.06374003021869495,3.5831151211693513,1.3318038754913708,2.4856350102267775
01057,2020,0.4598526970808752,0.03930475223853114,2.839934912338136,1.330687672479897,2.408320547847797
01058,2020,0.4927736319836388,0.057531393675259834,3.282057425826314,1.602542116091361,2.0828165964716407
01059,2020,0.4631057300780813,0.029027095880501175,3.813170887754113,2.0573966314088974,2.101081976485799
01060,2020,0.4421274499505643,0.021302365714517324,3.0997753731502464,1.5722728687934084,1.9261086419797777
01061,2020,0.4850181093045621,0.043569387647978186,3.6339649439556507,1.5941546379265223,1.4606221884305897
01062,2020,0.47247215306757673,0.048179744682136705,3.7271673028530534,2.1329045475859423,1.9425580609509028
16077,2020,0.6073670250844159,0.20595298374918242,4.565249833195107,2.697299694584788,0.5707254305613045
16061,2020,0.5299427430007775,0.23695855258673681,3.2219475206012707,2.3453977746465906,0.7239575439898399
16056,2020,0.4759288295038315,0.18640289664108728,4.848000148056147,3.223228757393217,0.3659307201807633
16051,2020,0.5487188227737273,0.1820867341179439,4.394609824613493,1.973257223420401,0.9591146372032464
16052,2020,0.6131102778751478,0.2121031951812593,4.282131630252948,2.4388631121573967,0.6661762980478513
16067,2020,0.5398982088347675,0.18756336751859065,4.340442277858291,2.376855474070305,0.8465966175773267
16076,2020,0.6039938010652062,0.23257955900648114,3.8480130971469415,2.5742503292640397,1.1242753732230966
16069,2020,0.4817156103760334,0.21113420326480392,3.661657722487065,2.7285120063624593,0.47351526477270145
16070,2020,0.5351179973807935,0.17685529590065607,4.161377348483733,2.2675805941877103,1.0495035364685892
16053,2020,0.49913422089796183,0.1327460949231256,3.970722527012404,2.1021960407507514,1.5044944447546205
16065,2020,0.5218891724666109,0.15558148274641892,3.741248916592701,1.8565438506528766,0.9072489537240795
16062,2020,0.5299849162471711,0.19169695093615285,3.714182185023378,2.489989514987338,0.7600070270838261
16068,2020,0.5624606930449696,0.169615152727149,4.7441159290807695,2.1145298548121287,0.6928745812857192
16074,2020,0.5714565044552128,0.18453498476689112,4.171905763669775,2.305054493307834,0.9959021507744253
16075,2020,0.5873604117643685,0.2845763311677194,3.336840345313508,2.7285735281862125,0.9034422525431003
16073,2020,0.5605995246661002,0.20512164279715944,3.323767226666925,2.013273714688495,1.2963623395149793
16066,2020,0.44822187841381295,0.19412022854704314,2.8542131687639536,2.144119376067082,1.0009892045194637
16072,2020,0.4749557535377565,0.24564790998866598,2.4627510242750628,1.89768809950522,0.945262557852305
16064,2020,0.49674793703193104,0.17589655603875493,3.953787937388842,2.1836373696754974,0.7215246330976087
16063,2020,0.5234444344648587,0.2017745955159232,4.371101389440422,3.0451106320184538,0.6143895665195317
16071,2020,0.563727400013186,0.1866599727291855,4.324055238475092,2.2991352097675444,0.766388512680274
16055,2020,0.5716850021918876,0.1846318500347014,4.67646896461941,2.486277413714352,0.3875037077102924
08425,2021,0.1667254489935212,-0.12206678465224469,2.732387335421096,1.2172730433225123,6.355095977462082
08115,2021,0.44100511272114057,0.04511335885146822,4.993806323121958,2.1296871506065296,6.867282201981084
08211,2021,0.4258769882635694,0.030161885829335044,5.4736034267380935,0.9250900718960438,5.140229546792232
08426,2021,0.31185527855822776,-0.021932044346001545,3.465783636251761,1.7848767114831154,6.307355308620503
08435,2021,0.28334885398236304,-0.05053217705825419,2.7660240846691084,0.4104007370860163,8.541834881379218
08315,2021,0.3738571077016857,0.024161518382246172,4.695383241427801,0.06792283259699694,4.188372856747788
08235,2021,0.5111311816429381,0.11032278079194185,4.039189691073892,1.923216968645185,7.447548302243298
08316,2021,0.43948061306580943,0.03957760038963032,5.115104761389258,0.07311808593641889,4.089726041601858
08236,2021,0.5316346791597178,0.088729387338075,5.24902515156473,1.9528654612056968,5.426847155777767
08116,2021,0.43129636339129784,0.031026233847787077,5.7133453592978425,2.3057787943822623,5.8323368048396595
08311,2021,0.44298287789786067,0.018699174196757595,4.70671522204549,-0.4558011364950323,3.699194626024775
08237,2021,0.3634538768708618,-0.006435029698804828,3.574570750646915,1.397341282081583,8.572894880222156
08117,2021,0.35800650271054496,-0.01160922738865311,4.2880260739830875,2.0728553067988567,6.827896290845129
08221,2021,0.3774659160912363,0.006136566656366915,6.374020337318871,1.6528199306893923,4.142108087015901
08135,2021,0.1926816560967999,-0.09123230896468545,1.6049097453301113,0.34062584712687505,6.647475769321941
08125,2021,0.3828754643508517,-0.0062082644464552805,4.820325502643283,1.3594797838804262,4.8376031665929835
08121,2021,0.34738763221543484,-0.00994930722072368,5.114844879431807,1.2502465665278537,4.789427127211459
08126,2021,0.3962537570559602,-0.017060935374158204,5.115021588817122,2.314533559326454,5.500481290250761
08215,2021,0.45963949502542273,0.03247567540614554,4.604822452395598,0.6184067225217609,4.998915406722481
08212,2021,0.4695597888173249,0.06258153999599192,4.537072736422657,0.23709880198784195,4.9284902396837165
08335,2021,0.1953125325785771,-0.12512947821209203,2.6359852475073997,0.2282097948164501,7.486850286949164
08336,2021,0.3431639864955676,-0.08280888703412165,4.247407162261883,-0.045073560228920506,2.959976515082198
08118,2021,0.4340427253685701,0.039626999852124645,5.86232300246527,2.081543154571243,4.431503118825461
08128,2021,0.34844126619512406,-0.0331033965087989,3.985328364838682,1.4998047227515743,4.2111047875305
08222,2021,0.37112907838621134,0.013388578129694517,5.266045223089408,0.20310031002987472,2.5061717812446416
08225,2021,0.3188394392411403,-0.06395383517739184,4.039222062574549,1.6445578711597393,5.256001542697013
08317,2021,0.3493085014296903,-0.0377339826674552,3.058550104992884,-1.5467195153559024,5.138176608283082
08136,2021,0.3155248101485507,-0.040585894399503664,2.7259637945528814,0.9946664356261268,6.810228887494266
08231,2021,0.536461894364089,0.09964679834490742,4.744283272405426,1.3338587077062365,5.136627325465092
08216,2021,0.4153581459884775,0.02336165555103692,4.272258295836305,-0.10879336498191883,5.049412469050614
08436,2021,0.44689100082043853,0.10477343793556965,3.4001327304926803,1.4187092421085399,8.529584316572883
08119,2021,0.43147780956816617,0.008646097630751581,5.683576515950973,2.2223478838171333,6.2480146389392175
08415,2021,0.178458983094502,-0.09177641386549742,3.1547083064752566,1.93119767758672,8.229598578646385
08226,2021,0.369265984846655,-0.03847439238160566,4.946418410109796,1.013306136948581,4.644538574050985
08325,2021,0.3036551539555715,-0.028131727294229525,3.4396895756187025,1.7851359545545462,9.813152322914258
08127,2021,0.33361244828000614,-0.04111133144806389,3.7558782656201077,1.6591121382935126,6.895258545896233
08326,2021,0.2784865211857806,-0.021852255561852774,3.0526611630951153,1.896188940813745,9.374543821728395
08437,2021,0.2330824358992816,-0.06284709931400065,2.8989356270273725,1.623356083516863,8.42432522757655
08111,2021,0.381630492144238,0.01840327789777635,6.464028444011121,2.4475241572764013,5.392317207256733
08416,2021,0.43614335931568415,0.022169229126401957,4.718938915412075,1.5941000717045282,7.0213396006462245
08327,2021,0.24901393799494057,-0.03570861465714084,2.2820517269643683,1.0491849905313466,10.328254233950371
08421,2021,0.160172501532029,-0.1193266152327418,3.5576895468096565,1.7690712786097469,5.8938513583307515
08337,2021,0.1499434048325823,-0.1610436680455812,2.7778743969270803,0.7006055054465081,6.015560003690437
08417,2021,0.27656164571088276,-0.06449463008581158,3.9385427174253844,1.8590046634676223,9.812809375162828
09771,2021,0.2808423390097637,-0.05086625320715299,2.289220306589598,0.41916089764793196,8.032378483437741
09171,2021,0.2880948395039851,-0.05192788658125208,2.150192028741517,0.6854592235678323,8.300236825932938
09371,2021,0.1657666790889737,-0.14061456857167864,0.7878075988030877,0.3697784341039771,3.364268526248589
09361,2021,0.1625078616756312,-0.16057518386696978,1.4329446376690915,0.5068145826601397,2.661718570663403
09561,2021,0.20220565589724537,-0.15665658957501755,2.1259041076317837,0.6247755346313855,5.2700482390918
09571,2021,0.27195400455592,-0.10084042053208786,2.416011397190113,0.644350393430603,5.928284247544845
09661,2021,0.25555737468509615,-0.14625712087364218,4.701590536210743,0.4255679436225135,2.0964241238213845
09671,2021,0.40429515737415234,-0.008546058014852753,3.199353274000191,-0.09268901404041907,4.549792709974219
09761,2021,0.36132062848649077,0.040415338163741654,3.28386630399196,0.7119271782439172,6.03445522184566
09772,2021,0.33422948276148184,-0.006555417128689678,2.791938610713399,0.7366246499468216,6.420365652533831
09672,2021,0.2297984518824923,-0.11072341366087798,2.545451902751658,0.4983439795048188,3.172746333884882
09173,2021,0.49612982332143185,0.16475812692066422,2.9379861464327517,1.2063704241474726,13.018900462164591
09461,2021,0.21203351912719293,-0.13676829015799086,1.7570458938970175,-0.9858669571566314,3.3985253876558215
09471,2021,0.21942251728231993,-0.1268017358231568,1.5496439077263524,-0.1636176637425728,4.221678892618326
09462,2021,0.1710287317042593,-0.14945170431667154,1.587060829942838,0.1042648050825441,3.9918541321335557
09472,2021,0.16475212292501637,-0.10932578261772649,0.9639427024375284,0.3982860110461066,4.614629691132513
09172,2021,0.5074605113495217,0.09695884439612484,3.442089246503655,1.4427366595515847,5.662028156192087
09372,2021,0.3267099734078447,-0.0017042132759585438,1.1073276905610983,0.5984396470372949,4.3137114809724055
09463,2021,0.4446988204992259,0.1447874150833361,1.496654355199823,-0.05570618041827191,4.031383208747761
09473,2021,0.43401977328106583,0.12359699300095661,1.314547928904518,0.05408750987712252,4.195990745179416
09174,2021,0.37235503386811003,0.042252860591167174,2.492864260472443,0.805469772881851,7.4135228574615
09271,2021,0.1901537000685121,-0.04277848874325338,1.8060981811551489,0.4847075483698593,5.497329874347032
09773,2021,0.15533874180798088,-0.14789323934155443,1.4785217196544285,-0.2846435531260394,6.986774897824447
09279,2021,0.2597645560074293,-0.04883119948625425,1.9229723652765582,0.40027228298009665,5.903185474128247
09779,2021,0.16782637669079112,-0.1510373147930514,1.9732818424823968,0.12879534192056807,6.366761326440784
09175,2021,0.432239784638033,0.07443672367778792,3.23418713306884,1.2402792750266272,8.665508813083884
09176,2021,0.17729258451208818,-0.11198976456044601,1.8250680123915608,0.5654825020138299,7.092102771929981
09177,2021,0.34838766647180264,0.008891613243481145,2.622493152217852,0.889151950274621,7.096341265259129
09572,2021,0.21476491952276552,-0.1605598265955556,2.567665276642851,0.326410041493729,4.061438470570722
09562,2021,0.21388920774538606,-0.13132202108269175,3.3400267639948718,0.8252247136822586,4.021498371335505
09179,2021,0.379689973456525,0.03687218194602104,2.81271976291939,0.8677699437721633,8.95648285881311
09563,2021,0.2516328909374709,-0.07797557193713084,4.26622492900403,1.3278376229708244,3.9521438290726976
09573,2021,0.23107577776687038,-0.1553628471287008,2.78059179262652,0.604954161375018,3.9994489059833604
09474,2021,0.13502668384419467,-0.18128675754097176,2.05360369744864,0.3029268748158547,3.949803808053519
09178,2021,0.30459360211888326,-0.023131531127427662,1.856328594907369,0.06769955203293954,6.517712649472472
09272,2021,0.34443872086903293,0.12289387928594764,1.5945133208147533,1.517641840011636,6.49996610399295
09774,2021,0.34371931887020596,-0.01503378195841476,3.0340478711263708,1.040990945809933,5.906054576770272
09674,2021,0.3064553179767366,-0.05341065259904032,1.3468119537980454,-0.7287916505023568,3.517603827367745
09464,2021,0.2020920447610291,0.011427974735913504,0.0013215352170003053,0.2307564540330737,2.9697956675372557
09475,2021,0.1910611190961009,0.011209379593645818,0.36443510298752724,0.8520949700823472,3.1445979991237056
09161,2021,0.1807060073451776,-0.11308959997344586,3.165861476827096,1.0442673998688736,6.964610740423071
09762,2021,0.5576612651348114,0.16982476647771255,2.9542972901868216,1.177235004406274,9.732044198895027
09273,2021,0.21347419805203124,-0.0857963921599739,1.155014629181417,-0.10135329211212185,6.734494851164646
09675,2021,0.40526962353960955,0.04008274414639379,3.549163374805463,0.6124130635794458,4.374281762325373
09476,2021,0.24957037337542243,0.0032754758367527503,1.5450575331451089,0.9157394640797831,4.68451237705577
09477,2021,0.24406608699346388,-0.02617663013935778,1.1612455009329876,0.4336668600779606,4.375666315534775
09181,2021,0.4027127233792282,0.06144150208621718,2.5351765039830516,0.7399805941692539,9.670998907691141
09261,2021,0.21977271492723682,-0.10031546550972392,0.7481930247277846,-1.0980696592773787,5.142878538265687
09274,2021,0.28752509467684345,-0.04038095183802348,2.0890318629467903,0.7782029887203388,6.79486337611592
09478,2021,0.29647470668440185,-0.03775523239395395,1.4305863085427428,0.13861547325201728,4.357261467438417
09183,2021,0.32924437720365446,-0.016341909261226917,2.3456344560694338,0.8845157286944323,8.42413746556305
09162,2021,0.3771548709533332,0.05831789077119276,4.419456295120195,1.3121994059809965,6.536634629950681
09184,2021,0.3793506318413319,0.07116337572033854,3.5887625431563746,1.2730336404574198,8.25320284940797
09677,2021,0.1942751681789137,-0.16187793420588167,3.031991089574297,0.5260213195009036,4.279738009718992
09764,2021,0.48051175956141917,0.09960780503056027,4.158362193061369,2.2008439559199386,7.275647106654019
09182,2021,0.5005623853696403,0.1946470778951339,3.130509128470652,1.6938205801251418,13.470554926387317
09676,2021,0.2753278317577688,-0.14121042874002,3.9399619957169865,1.1034029749482386,4.013336445170542
09574,2021,0.12027105041212575,-0.17496602111029574,1.674344765169552,0.5831833682796776,4.6481811412339
09564,2021,0.18470632098243644,-0.11471934907882131,3.873957617380145,0.6790859914310863,3.748388586785361
09775,2021,0.38577664555875935,0.036675096044925415,3.2976439084604463,1.174047792216446,5.791246404365383
09185,2021,0.19065446179919385,-0.11258979561306201,1.954400978044659,0.018330993802427642,8.21378168039389
09373,2021,0.17149789948149496,-0.1024133539496152,0.872118458301514,0.1318686639482486,5.588909511714042
09575,2021,0.33436546944472634,-0.043650399484838176,3.070488740868307,0.6279893860107264,4.350497322319801
09374,2021,0.13222751974642835,-0.11839073208384307,0.7590401880237339,0.5230561115006208,3.8684144638376208
09780,2021,0.466274426886916,0.13832719396942084,2.67363855395944,1.5169806209967864,11.36558094312105
09777,2021,0.47480563725553704,0.10892921103090902,2.8429078801451326,1.035463404489025,9.093583333333331
09262,2021,0.26372845675250967,-0.0063308054487052345,1.231596217010006,-0.2821776353628702,4.343696184174749
09275,2021,0.18004040141073058,-0.09232715245650919,1.5368796707929577,0.23393924637069285,7.001030922563191
09186,2021,0.2666689228114599,-0.06113270139371407,1.8566995042656271,0.0487399702490352,8.25827141224058
09276,2021,0.2531986568355933,-0.0033055691528716125,0.7894428904429197,1.177202948754289,6.3125
09362,2021,0.1708244695474607,-0.06446175438511675,1.4430042536376346,-0.34654559845287713,3.6948006000396254
09375,2021,0.2062661413444567,-0.06142054824775223,1.426199034252612,0.35981801699721805,5.25802879291251
09673,2021,0.1868049748150779,-0.116604284337119,0.33551724548427986,-1.2404425304935425,3.837701351158086
09163,2021,0.5204604122635238,0.10878403539227949,3.642525643243521,1.3631869950103175,7.073988859287963
09187,2021,0.49235018211823256,0.0691249716188686,2.828465076970033,0.9567411792778855,9.657140668548303
09576,2021,0.19587400671311367,-0.16467738555610634,1.4295218538234378,-0.1580327843870879,7.201473526710035
09277,2021,0.2505681794545353,-0.08223824601528112,1.3313658839448679,0.1295757369793269,7.307257311884081
09565,2021,0.18657544717980773,-0.19514718855476215,3.4323397429461644,1.1427445507667344,5.2232789299300535
09376,2021,0.1541987738480607,-0.14257320426071274,1.0626266883880928,0.4573758197932327,3.6113580828061855
09662,2021,0.23263118833575147,-0.1046129594079746,2.983288708252952,-0.43516826144148846,3.6062026071398137
09678,2021,0.30590434484173556,-0.04803321100325508,3.0061191329539074,0.3906293093125579,3.2169186352963743
09188,2021,0.43996705376186696,0.07618705080558291,3.3495535153579286,1.319678909345332,10.475518238574425
09278,2021,0.25221326075693884,-0.007256850899118483,1.7204900426273575,0.4948467804846213,4.973145771721142
09263,2021,0.2517450268714729,0.04669355945733236,2.3347967565223833,0.7816400018118743,4.046894001232737
09377,2021,0.09520627321652257,-0.1059999730927682,-0.013841399142445981,0.25994218555971,4.205023001132564
09189,2021,0.46534156351798567,0.10360232210008768,2.878549776507079,1.4767205389610525,9.759573447696628
09778,2021,0.4902117106966699,0.10008730931038201,3.138030904108371,1.2199659633999003,7.122197297355454
09663,2021,0.2727618188365199,-0.07341686194964425,3.6109477680343596,0.48356288519159163,3.649967019505605
09679,2021,0.2762706423998685,-0.06646906160163801,3.3804906230944085,0.7279622213463464,4.030539509073749
09577,2021,0.2774310463460753,-0.07284564995258463,2.1014081304551318,0.5397162346452564,6.589872515980891
09363,2021,0.1677369396781814,-0.12921864353387683,1.31277099691968,0.2195290201067821,4.437390442801615
09190,2021,0.48817233254714887,0.0924746502013617,3.0833427898632273,0.8923181263990303,10.887755102040817
09479,2021,0.08016255032790323,-0.08821095291458145,-0.6279126498399558,0.12951513992146058,3.8443933846030083
11000,2021,0.33146797777040565,-0.0051767241571242795,3.0615979137552225,0.9411862425731496,2.0313592380566403
12060,2021,0.3009177890747169,-0.041497750538320055,0.9357989663961727,-0.11498604609990914,3.4051814441537145
12051,2021,0.3924206556920426,0.021236368170234332,1.8053276009251118,-0.0555333643139555,4.050324625373089
12052,2021,0.4913461052312472,0.08588362458595733,2.3539705805811715,0.4377478339420835,4.239680354684736
12061,2021,0.4546671627443775,0.054916837662122464,1.667372940129825,0.002532184469757892,3.9445625942189757
12062,2021,0.5260383965223943,0.09368928271027216,2.5629119220573613,0.6708665242013858,2.7448555661313017
12053,2021,0.37845242869160894,0.0017770230343123194,1.2840118829751028,-0.037734547025697784,2.522802054183709
12063,2021,0.4635142992550022,0.05886415170240933,2.688532257283119,0.8113693035099789,2.915984800911494
12064,2021,0.34123571673592173,-0.01848937001410761,1.1416918941507188,-0.35372024775656263,2.6595840227777527
12065,2021,0.3307258475664096,-0.034491449838086,1.653365247989881,0.4667712935355952,2.2381381936045095
12066,2021,0.41919427777174223,0.03974017723285561,2.1037290496953256,0.45097847942764835,3.4528654975695385
12067,2021,0.41302430932873796,0.02714669311643375,1.066923288780915,-0.15576519144357204,2.9543884449308218
12068,2021,0.29497051769504634,-0.0756343851273727,1.7248819890788043,0.5113952696664386,2.5571510087677685
12069,2021,0.484310245713415,0.06857386554262546,1.7532704704111635,-0.10477631382141595,4.4251735056823085
12054,2021,0.47702010708820036,0.0673147190575038,1.0698440806552325,-0.718210851856127,4.726705508935173
12070,2021,0.2849448755202404,-0.09053837507415718,1.2590351111519194,-0.06705560108146003,4.116029390124847
12071,2021,0.45423454633185134,0.061875853016635896,1.6681719654186766,0.03675838257641173,3.4167812096328394
12072,2021,0.45895729274375274,0.06413318389455996,1.5547066113706693,-0.005272297677793247,3.987126083210507
12073,2021,0.37548975999092354,0.024561518066360866,0.8634950663717914,0.08994225712433324,3.279099196629351
04011,2021,0.4245511880354832,-0.0020072350279249362,2.544060217696832,-0.3842353107346126,4.514191960623462
04012,2021,0.4683339210995258,0.07028172779633157,2.7011394885308166,-0.4669016172724585,1.1277997364953887
02000,2021,0.22631395965009066,-0.15072656715846483,2.3507866712732604,-0.03228509085963838,2.90907016914904
06431,2021,0.38199483492041036,0.007266458393456021,4.761838978373772,0.26683612760953057,1.3760806790339513
06432,2021,0.39003532352291453,-0.0146074811832283,5.230733190579569,1.3809502466985357,2.735799549731946
06411,2021,0.41134322388533867,0.013592086790341185,6.037587939079997,1.657905720134707,0.8869746240264168
06412,2021,0.37980478250730165,0.018810725274328866,4.839082078616857,0.9404038370929841,2.6203394968172202
06631,2021,0.44279610305452066,0.07670081368090842,1.4963037313699825,-0.09168980517125935,5.175812135021725
06531,2021,0.36487215391498695,-0.008371579697192044,3.159156235064957,0.5622537506435288,4.49692587719097
06433,2021,0.35728929111427654,0.003286859565337974,4.516809343907305,0.0638560957540868,0.5278884593130294
06632,2021,0.3752468547575549,0.0323796556853575,1.1484046166122042,-0.2275097376243327,3.6969832582571582
06434,2021,0.2833282037964588,-0.09902965189860408,3.617928996097323,0.9198406612338874,2.2809122772855623
06611,2021,0.22266244709658162,-0.0895415621856056,1.3680294680099518,-1.140607063730368,2.398396685281932
06633,2021,0.23177057967234477,-0.10787352513071319,-0.05538824844578312,-1.7070275412941982,2.9689809099367515
06532,2021,0.27408693894946007,-0.09135749318759961,3.0575431777335464,0.5744408548135267,1.7103204057648305
06533,2021,0.37814462639737767,-0.021978360918640527,4.527681564069748,1.6486726085495609,0.5168735031569779
06435,2021,0.38679129134467316,0.016603419276316478,3.665318380659765,0.6137058125526722,5.370960707061993
06436,2021,0.41843555211567185,0.0583637915970206,4.571470111042257,0.5880026596402965,1.2553745730242554
06534,2021,0.2822149749476583,-0.08142560939283017,1.5301241236202758,-0.268046416497584,4.564995432409968
06437,2021,0.3108451860419056,-0.1321215207638684,4.031861492891796,1.2383625755062795,4.184292120435617
06413,2021,0.38417913312166063,0.01103313994009486,4.928397940719248,0.12791174341653733,2.616148023549201
06438,2021,0.43495339603007915,0.009192861079045878,5.191133634916926,1.2058515256374096,2.212087869909545
06439,2021,0.3675658913669464,-0.030216486506592033,3.8704194943986714,1.4584146748222997,2.982805277668775
06634,2021,0.3525324226579637,0.0033797233397322435,1.2127367792635704,-0.6709089467121867,3.4038596655151974
06535,2021,0.4705861910724414,0.10382982965113208,2.876532009575791,1.2697112660000234,5.046311444413929
06635,2021,0.20009358059165558,-0.11496567056790694,-0.31011846622982964,-1.258405206697624,3.201172389373397
06636,2021,0.3571283873423522,0.040513735739632684,0.5816723711878199,-0.9593011136640416,1.8833327292999549
06440,2021,0.33481920796868403,-0.04636631377166661,3.841011839528767,0.690426819403239,4.40383488910045
06414,2021,0.40712843170177593,0.06027618625806741,4.841308436483168,0.9510721945596212,1.236213841597777
13076,2021,0.25870022641587065,-0.12156808138167952,1.3560667859546398,-0.08492194018415189,3.4805706213316236
13071,2021,0.30545786972998923,-0.04050649646109861,1.0441077806890142,0.28356270180317145,3.6338393684514174
13074,2021,0.3656506587642593,-0.0282215533944305,0.780312016245615,-0.6720672824381271,3.971610577463974
13003,2021,0.3217243911850758,-0.05697210963580379,0.5684240868926714,-1.2149659703902609,4.8123202232791265
13072,2021,0.2885369182310957,-0.08761927234172945,0.6987197127946896,-0.47089643630924627,4.8005577941542485
13004,2021,0.32574908969545896,-0.04169761207035788,0.9914079319351169,-0.5326936556768097,4.2039125431530495
13075,2021,0.3760099662402528,0.013216326818588697,1.5424704078249525,0.549739914839522,4.138436092340018
13073,2021,0.4028569196899186,0.008854560557614854,1.221034352209095,-0.04645555456204353,5.236798069095284
03451,2021,0.539959996723558,0.05725610096264694,2.30646676088995,-0.40721701659683873,3.9811234636325117
03452,2021,0.4972869266632328,0.030662259942806913,2.492699368725419,-0.69330221883494,2.9520985314739514
03101,2021,0.38009777420211116,0.020087613117596104,2.5208142794202915,0.09414705448446714,1.965467683340652
03351,2021,0.28959317709543103,-0.09122095462228008,1.3189562683015323,-0.44294053335406347,3.213424943768908
03453,2021,0.48906686126220383,0.061606401379780684,2.627291425431605,0.033014341359336896,3.274546054727885
03352,2021,0.5081013134003449,0.050927682793277806,2.285852721517514,-0.23124369817675605,2.7567594684031764
03401,2021,0.5296375060721018,0.0672557789019384,3.1594446536010774,0.11878046231319273,3.8838626609442066
03251,2021,0.4284322026628502,-0.01725156584690174,2.3203725767337575,-0.09551594058324264,4.114929010255416
03402,2021,0.4196007066602094,0.022562059935086365,4.180881213035679,0.5655520317778975,1.661355041047874
03454,2021,0.45336456776749545,0.03234950918412449,3.1401756773765928,0.1191478322539492,4.048996860710362
03455,2021,0.5444584575031939,0.05395081450629485,2.25858778938344,-0.6749481054500861,2.918010287139345
03152,2021,0.3917294698039578,0.04395740814943616,-0.1843307078943384,-1.6574771938106965,2.4280651595368985
03151,2021,0.37433823351527834,-0.005912784141302474,1.8576135661526958,0.005243933284252433,2.5284916746554846
03153,2021,0.31530564409509254,-0.024532900204988495,3.003109512085837,1.034477821419832,2.3740912322546603
03456,2021,0.4971263710909811,0.04001220274997469,2.6957285623738834,-0.6265650849452271,4.592842867664592
03252,2021,0.35020065391803795,-0.00101324627231264,1.0882791134190652,-0.6869305140486848,3.0532959445130405
03353,2021,0.30379909278914863,-0.09633553540894257,1.1655655773896503,-0.6536362262807407,3.716689372002103
03358,2021,0.32516195725013713,-0.0854194484646793,1.0258947573700716,-0.8536222414575709,3.593866188927066
03154,2021,0.43408727676627346,0.055773605574916174,2.3633277056910478,0.27324290170723486,2.2356309716680967
03254,2021,0.3217353893736122,-0.014469593133024594,1.7787829158230821,-0.2732851050949765,2.2936349821643
03255,2021,0.25004456695163096,-0.08624946614298057,0.452522935627808,-1.0640981479376543,2.8764708637567717
03354,2021,0.3368872382302169,-0.06739074357846186,1.3626078736783809,-0.4888192943803966,3.8919732959717988
03355,2021,0.30870100718983196,-0.08180201883039762,1.1951946119989267,-0.618285342352052,3.5293452748808023
03457,2021,0.5043454408392141,0.023935285382035654,2.55980248743748,-0.5676439574829621,4.1427863103156355
03256,2021,0.39753532618104337,-0.04932455141720776,2.1808414948710073,-0.3218939304254902,4.176685338870454
03155,2021,0.3234879024295541,-0.007465827265554892,0.7936604607324034,-0.770388625999201,2.2745878709007346
03403,2021,0.503660011234466,0.06523933581210278,2.118187903038631,-0.5833983339635647,4.383458646616541
03458,2021,0.5268834068618835,0.07310145259885603,2.872009873714998,0.38799209879218255,2.814661403919037
03404,2021,0.4573684815736614,0.06409177419977552,2.325388183604131,-0.44791780497649025,5.375064909374149
03459,2021,0.44955513776308176,0.015554300018936318,2.2332707016082085,-0.4267158930952646,4.518165155645548
03356,2021,0.4683969345552014,0.005110024458629847,2.4437838351990213,-0.019733228561988003,4.5784043509021695
03156,2021,0.23349592174448164,-0.08165333296219224,0.24088753953105155,-0.8032340274133519,2.2881011645479603
03157,2021,0.3171856788611941,-0.03456312379706167,2.1812807326434687,-0.12581720874782976,1.154478781601062
03241,2021,0.38432940102245405,-0.01449374448079227,1.600693924400666,-0.76833234040696,2.777990075199738
03357,2021,0.3865376999470203,-0.04592156834068889,2.5346713435988413,0.3216141775490087,3.428922157784801
03102,2021,0.3339321121951316,0.0035868744627218785,2.9513192125864824,0.677650913533054,1.238675028199284
03257,2021,0.44619514002883737,0.04279083057426203,1.9995724919472109,-0.3577261941586223,3.6198189823159157
03359,2021,0.3434959606503328,-0.08339444737252427,2.0918524461382586,-0.16079687677094334,2.906909393372276
03360,2021,0.3277640207320513,-0.03267456019079362,1.143119228016341,-0.3757579692227888,3.915835961861893
03460,2021,0.4279356556401684,0.005297210379431316,2.403219658380984,-0.18304325802277965,4.695386159375976
03361,2021,0.3616893148065605,-0.0839869202733326,2.084650327657729,-0.28296865445997144,3.220985657840293
03461,2021,0.5393600849652636,0.054124920792622544,2.6051850741944866,-0.21103656566715268,2.512914291479594
03405,2021,0.46853890936767706,0.028368566964519726,2.0921362650634654,-0.9790784313905192,1.8025362318840576
03462,2021,0.5247765517473925,0.0438398305227769,2.194257704977138,-0.8064278003224077,2.535119519442806
03158,2021,0.33413167541640837,-0.024144173118244572,2.43739414475861,0.21985808805569418,2.3102929925576183
03103,2021,0.43786454098954947,0.0483357459229285,2.6593390897193374,0.5848824804584671,1.7117006580143235
05711,2021,0.31666488603825016,-0.06590775039495578,2.456135051306308,-0.007012667674014761,4.798022495930811
05911,2021,0.4899631060464126,0.06784982878722018,3.6637301105179514,-0.598705741491016,5.257386853929241
05314,2021,0.48849108522256185,0.05645170536403715,4.385731859483202,0.10368825697444972,0.6837546516104196
05554,2021,0.5762959115690309,0.09476857477571948,3.1144989179118685,-0.38872823187379524,4.142449536203033
05512,2021,0.5213415293543189,0.08595125633683909,2.851061563947745,-0.929725840858334,5.607706167706168
05558,2021,0.551440455139302,0.11007094734471218,2.864715407497791,-0.41427135347539723,4.670118221695663
05358,2021,0.49950433281196854,0.0870366218671309,5.181375858707347,1.4473502017971485,2.2910058936786246
05111,2021,0.46458942368056527,0.033013145990494874,3.059846353920779,-0.9142894241954727,5.929487934078871
05913,2021,0.5030391463097449,0.06730822229118821,3.553075041208006,-0.44590217171781665,5.5272118399316765
05112,2021,0.47002672683641994,0.05297815442574816,3.303161285981496,-0.8040003494088181,5.535396910598198
05954,2021,0.5207554081886119,0.10214124542173642,3.067179565126615,0.036014830692155275,4.944487545937118
05113,2021,0.5165351469104339,0.055947776474229216,3.1388809697102364,-0.6606191325392379,6.186231294044978
05366,2021,0.5174464660259919,0.075898175658351,5.230783049928187,1.6454812638083132,0.5731798565976206
05754,2021,0.49627478689203,0.0513180849791563,2.7158419534251506,-0.2983701282226665,4.991085961824828
05513,2021,0.5106326608451504,0.0921379290371157,3.468029617792594,-0.8258556712871647,6.176294820717131
05762,2021,0.28355922850411086,-0.06747374015915203,0.08589154834641653,-1.4518457506069846,3.143999704076647
05914,2021,0.4545182994804368,0.05146532870428916,2.6224481029450897,-0.6316773533958759,4.261294486446617
05915,2021,0.5109985975567818,0.05774500822524181,3.6045304592079517,0.1024133169456718,4.44188417085296
05370,2021,0.491239067159322,0.03348763853212616,4.088281971243012,0.18222448055719287,5.5084341038267475
05758,2021,0.3592364605983626,-0.04297636666855753,2.3109120814135697,0.07530849932287786,4.273184512741006
05916,2021,0.4664099367020754,0.035379726111403165,2.9769078921807477,-1.134061432251955,6.585292509568069
05958,2021,0.33330738115390024,-3.192049245853701e-05,1.2798655485863575,0.3036657211082371,4.513397986854806
05315,2021,0.4521768806739224,0.057115518941458665,4.327795809547164,0.09204295127263418,0.42687767863416
05154,2021,0.5261889642393744,0.05221467068073288,3.24805683159447,-0.48304579820733595,5.804198957331781
05114,2021,0.48590976292228544,0.05190834815133111,3.7294974823955975,-0.6699623035139677,5.9257952670068255
05316,2021,0.49822002126168213,0.06356605053663494,4.632881179577702,0.3476616951402951,1.4673208049226676
05766,2021,0.4300710948306269,0.06789456284169398,1.4480490331836338,-0.2604634095840399,4.461240097005476
05962,2021,0.47509843524559936,0.06325461145403971,3.2912124863937438,0.7991359784571523,4.167411443332641
05116,2021,0.4986401153460515,0.05887756706337349,3.5247533920113323,-0.4837515022587402,5.9903956837693215
05117,2021,0.5030438460294325,0.03396185731272294,2.948767607930329,-1.0531217511836428,7.221866635633656
05515,2021,0.5163662033837885,0.0673182338833696,2.624097259046978,-0.7160096810721059,4.928345649121921
05158,2021,0.4934281715210977,0.03892302403292697,3.20877476262937,-0.44014403302844407,5.452083984113527
05770,2021,0.40129875816844635,-0.031487366682589946,2.1060787013789253,-0.4552140592028584,4.545164839425751
05374,2021,0.5129207895399568,0.11160569006095178,2.6515773225118004,0.5322239882866295,3.960044190756767
05119,2021,0.38453239049971416,-0.023712575328647068,5.449418252602471,0.5309718844314553,5.511186025130249
05966,2021,0.25461460448998485,-0.07296087992193795,1.3409020402063196,0.32393767050879174,4.026207086469615
05774,2021,0.4633010058210946,0.05856061802650048,1.8189037211953378,-0.5290016216838449,4.5337356611281745
05562,2021,0.5421809440112293,0.09282342278399414,2.809855816845662,-0.9754684590421507,5.074469225119642
05120,2021,0.5219069266542766,0.15336541714485274,2.7615381181702183,0.5328966723719688,5.341479745564111
05362,2021,0.46176651001529834,0.07041723544284167,5.352156128369535,1.3492513033513696,1.4431847690466089
05162,2021,0.4341800367748914,0.038397178047728964,3.7475934008573977,-0.1581304318272987,6.067697542949489
05382,2021,0.5062246681128155,0.07659780655861759,5.004160586462982,1.1608403340282596,0.4819625783328326
05378,2021,0.5249887637812741,0.06186872823494094,4.683530845635887,1.3604922396105565,3.2279313479121012
05970,2021,0.19230816570444642,-0.12698979513613617,1.9024038780795822,0.8030108033235448,5.911614317019722
05974,2021,0.5109752934077465,0.053275411640578474,3.418225024975254,0.4000475631245122,4.714326647343773
05122,2021,0.49340908297102953,0.06219838188513804,3.9952866193000873,0.11786140205808016,3.831283957678009
05334,2021,0.4798450329686432,0.06796899728281858,5.066444147197804,1.171877110927395,3.7120966094771193
05566,2021,0.4848268039079611,0.05007452542507357,2.582656832556594,-0.4604138051484994,4.68286342492184
05978,2021,0.48755004218572456,0.0426129696077478,3.520441559940329,0.005292921796421712,4.674213580326009
05166,2021,0.4712231922215992,0.010371389729412706,3.3596241892426266,-0.6454059956645533,6.3163450296648085
05570,2021,0.5503612939646405,0.1077994133869723,2.7895884171430723,-0.3579631785363566,4.985430315801786
05170,2021,0.5176077722690372,0.03212851092458879,3.153156948224799,-0.7002613855357951,5.827495568188766
05124,2021,0.474596225330583,0.05506466216499012,4.033646418895334,0.8530215861005166,4.703216229589312
07131,2021,0.5069436462824991,0.0630865044041678,4.395018127699386,1.3130842084266945,0.799500382060777
07132,2021,0.5229210602419653,0.09397727993268357,5.3329803966974305,2.79099229660406,0.5242602160638796
07331,2021,0.33641236451913864,0.019670486527124498,4.670059294230833,0.687287725294278,2.017056895362435
07332,2021,0.35684524973378495,0.0014921045357958462,4.478425665189313,0.3150770600770407,2.8933802789503362
07133,2021,0.37307917196185697,-0.019760385731208585,2.807534529593858,-0.16261010640267193,2.2189323212298864
07231,2021,0.36253348426629173,-0.006605484589756405,3.5708696211092406,1.200004473406172,2.403685297666522
07134,2021,0.3451956872794329,-0.021346286915303714,3.1388573290047352,1.4733639235197065,5.387382990994189
07135,2021,0.43660457390419877,0.06639056164528173,4.296813521837112,2.187516406159616,1.7873788966616606
07333,2021,0.3505637927699937,-0.025714387637234937,3.68930164571714,0.5734498966978681,2.8093446612963286
07232,2021,0.3131241147341082,-0.03589479331516571,2.7348164186414357,0.7277032501214231,1.3817800582393247
07311,2021,0.26670452497629094,0.0012421513415006302,4.864577881897883,0.12527743447430773,2.497274125157263
07334,2021,0.2998722944511467,-0.023613151582134284,3.6096879538798556,-0.5009873303362418,4.315449983813532
07312,2021,0.37202637980479325,-0.02248854200232353,4.538084451793376,1.0927741440163032,2.9196203978961806
07335,2021,0.33839951282285774,-0.07756438255786341,4.628043375482809,1.838789612482718,2.7611774546119086
07111,2021,0.40254710466102467,0.0672175327054228,5.278401364250409,1.473465708815095,0.46953229544045166
07336,2021,0.3312345239042371,-0.07069392138491493,4.080667666779931,1.6624571100605725,2.1265280255375076
07313,2021,0.27850401554983956,-0.06425445394845025,5.562688757822389,1.3122577211294528,3.558993740403921
07314,2021,0.29454232953269477,0.004237692648160263,5.458686448743457,0.4289270339878479,2.083904417237749
07339,2021,0.3445859694020226,0.005237588637231949,3.764087175457537,-0.1185830505858485,1.3345532217871123
07315,2021,0.3145357652650537,0.033735661749379586,5.010395530465623,1.1737940969989817,1.8669713788225055
07137,2021,0.48969972880873586,0.07354523578109329,5.029834906700113,1.9571725303051206,0.9509578996949983
07316,2021,0.33047012049424923,-0.0690201095373576,3.9452162015147456,-0.5430909297135633,4.105477391381294
07138,2021,0.4409217542998211,0.06761360520151588,4.645255304092261,1.5532050750741244,0.7128827887816164
07317,2021,0.15910097641250925,-0.25516197287232184,4.975443096093296,1.8438033001607015,5.361982163406213
07140,2021,0.4261649841905693,0.05407767236316985,4.250931275120592,2.2871281690289216,2.903543562685176
07141,2021,0.41870739147902275,0.010952278322857889,4.340379434991411,1.8800658659203346,1.5706749591952132
07338,2021,0.28212152277967967,-0.025889082667921948,4.657219534463955,0.1820616923859122,2.7272797746711785
07337,2021,0.3446649584643533,-0.0160074324879817,4.050615006498389,-0.13952320655936834,4.656698987897234
07340,2021,0.20196377750340205,-0.2198114797233851,4.732183850124607,1.7281700458063711,4.867194180960339
07318,2021,0.26800856781200827,-0.04532791250432178,4.505877088560483,0.10549393579150035,3.8056074766355135
07235,2021,0.35062093750282997,-0.028160071862795566,3.1845455007128987,0.6517475227392029,3.684696078170344
07211,2021,0.34163640576144194,0.00024150780842630004,4.759802133368474,1.342762224055948,1.6428616411612824
07233,2021,0.345500979222434,0.016351646831136768,3.1440978554735834,1.5628038058086509,2.4229290710445697
07143,2021,0.395478255937648,0.02721321137185967,4.764833881133264,2.53860448321335,1.592915020424563
07319,2021,0.3314138564728658,0.00431461524747051,4.787928119778418,0.3370978334882899,0.8591719022381343
07320,2021,0.16096740914667385,-0.22765834054727618,4.349394755927453,1.2683286171511803,4.063413044122441
10042,2021,0.2965124974986511,-0.1038267165539114,2.764085353949249,-0.053525605276101285,4.779917942935889
10043,2021,0.19434538149173752,-0.231461536050118,3.8966130302707,1.0018562117816177,2.643961927424152
10041,2021,0.3329936339415995,-0.11703850318714082,3.0796465449956147,-0.5898171595901616,3.7254693748446726
10044,2021,0.34058429989107186,-0.08290011147991894,3.533807493898563,0.061723031383643434,2.2800997165138934
10045,2021,0.24669406318384793,-0.1583762150190818,4.011655112931972,0.8411863017281167,3.8171836309135934
10046,2021,0.17924168500875196,-0.2010426347262517,2.83702483128024,0.563360680271416,4.441755934483706
15081,2021,0.4026219753110057,-0.007916061351616432,2.090475010881783,0.07202016883197793,2.4283644995485387
15082,2021,0.45474305495657236,0.022587232810514946,2.2145308333529066,-0.0010035927407301415,2.119164519249702
15083,2021,0.45016154680492904,0.06234987074685028,2.67300852675777,0.6452110024014059,2.325092392257402
15084,2021,0.4678299028245277,0.055391958538764,2.138097451213324,-0.10882140745710966,3.599769079669961
15001,2021,0.39647358312623265,-0.03408348242335618,1.5860829978037276,-0.4811029608146524,2.053857047288903
15002,2021,0.4451633837591701,0.0197498779608703,2.623758311224008,-0.03696326911021153,4.067941572169901
15085,2021,0.3946996777706523,0.0008556016091834096,2.2038634583063295,-0.05555311749312475,3.362439938820218
15086,2021,0.4858167395574353,0.049256454878676637,2.605804520534648,0.48409049765752554,2.973538330428927
15003,2021,0.4403481276293505,0.06135770057719353,2.8618268327125476,0.5923811408286679,1.507847542660192
15087,2021,0.35638302767782326,-0.026976745241726663,1.542693394500775,-0.1982091624412483,5.049515131404801
15088,2021,0.46559129967478985,0.03845335852657855,2.1905698157729225,-0.1600395392554419,3.8112473401444023
15089,2021,0.40639762870982254,-0.007726396744583031,2.045753957681966,-0.4107070074121659,3.2402399149700893
15090,2021,0.43899513991335953,0.02829464317653896,2.377438319792498,0.3166767522267113,2.8630240350068314
15091,2021,0.5047108327677817,0.09031686865064881,1.9491475223794226,0.11722656001726461,3.462576173717274
14625,2021,0.46713794528245145,0.09443240407131293,1.3217357306838433,0.09558725087876807,4.701774314656869
14511,2021,0.5125777181052976,0.1651195743599106,2.353084867182891,1.0566194937448263,4.749021247820052
14612,2021,0.46975732488138416,0.11900102733361795,1.8290822363599497,0.39745757446783525,4.015545369411998
14521,2021,0.36056297765463297,0.10939560731016607,1.4593462813044353,1.4726847134468828,4.640888465045113
14626,2021,0.4147781819930474,0.07084273002696534,0.7778510911010543,0.11374537471836654,4.840826392619712
14713,2021,0.4845328929294596,0.058087324235339965,2.072734173929691,-0.2679059454433541,2.6715936823686506
14729,2021,0.5208158412065789,0.0902419551143262,2.305675655419416,0.31297827956166224,2.7110020504932404
14627,2021,0.5315924524842012,0.10252419432791254,2.224391032978876,0.388758328622258,3.889258831013843
14522,2021,0.47292373151758466,0.11376928207663894,1.6977086716554326,0.5691712378832485,4.35090413223779
14730,2021,0.5461241823918465,0.0990922351942089,2.4074661928351175,0.4192531922076548,3.4317046577884365
14628,2021,0.4135575259163481,0.10236251817717157,1.2504229095831403,0.5947873230693276,5.117762016592517
14523,2021,0.2534766394130644,-0.029736109184635817,0.8060994732471433,0.36637837086179653,5.053027986098407
14524,2021,0.5111062834219631,0.13813581736379466,2.206373716444519,0.6784463102183653,3.8350989393699524
01051,2021,0.4588874641220829,0.05043344369662839,1.1937804598668862,-0.8873259087336827,3.7108627787956237
01001,2021,0.4785508245126079,0.09199124562254896,0.7741029242972192,-0.7738938002150001,4.724907063197025
01053,2021,0.4085753035243348,-0.008888562633615149,1.9402827058673715,0.40681608379868983,4.322215239277825
01002,2021,0.4627589770102281,0.05618023666778188,1.188723006212085,-0.45002453284512733,3.635502260664439
01003,2021,0.452597486835685,0.037251096818380514,1.8065883484314964,0.088594304747315,3.3159777365491654
01004,2021,0.4290850449373929,0.04014179166538007,1.390513092376137,-0.42660245632687177,4.1623447995115
01054,2021,0.4936563654987041,0.05178323532376139,1.3562424978269592,-0.8362218055062693,4.777326347918225
01055,2021,0.416969988511684,-0.004549876220629578,1.2926171347986664,-0.5082256009725441,4.556519711623654
01056,2021,0.45723015998230054,0.02058918333077081,1.8043305663575746,-0.44698067932040586,3.7962105039621776
01057,2021,0.4587238940423448,0.03817594920000078,1.3571965619113928,-0.15205067794684624,3.1693153816911823
01058,2021,0.5147033442893877,0.0794611059810087,1.028394513754861,-0.6511207959800922,3.3184848001362095
01059,2021,0.5230287179955424,0.08895008379796226,0.9081323337286593,-0.8476419226165564,4.387667568987111
01060,2021,0.4921448748811136,0.0713197906450666,1.8613381151919854,0.33383561083514746,4.497655557537301
01061,2021,0.4578764385915897,0.01642771693500583,1.6314770755717543,-0.40833323045737413,3.523418620410107
01062,2021,0.4341445345332988,0.009852126147858797,2.454196839499007,0.8599340842318957,4.557979793210198
16077,2021,0.5171740434510925,0.11576000211585907,2.3716718604619103,0.5037217218515908,3.543967942603824
16061,2021,0.29803569655763235,0.0050515061435916775,0.5004780050751301,-0.37607174087955,2.6187333747929182
16056,2021,0.3373880325116338,0.0478620996488896,1.4025960898935335,-0.2221753007693965,2.0824732397602586
16051,2021,0.4437429983820947,0.0771109097263113,1.8358880659637198,-0.5854645352293721,3.4722543329155573
16052,2021,0.5074680889455736,0.10646100625168509,2.5258939965790446,0.6826254784834933,4.986390014530554
16067,2021,0.4341009789800073,0.08176613766383051,2.3856178251645783,0.4220310213765921,3.233477875437229
16076,2021,0.4410997440668596,0.06968550200813456,1.503374033364199,0.22961126548129718,5.334937006734277
16069,2021,0.3244720871251007,0.05389068001387126,1.0278472693844107,0.09470155325980523,3.9757759292114656
16070,2021,0.4515743393271159,0.09331163784697849,2.3244121902183363,0.4306154359223131,3.2600761845004125
16053,2021,0.3959125169572051,0.029524390982368864,2.043591068498279,0.1750645822366268,4.585310702919994
16065,2021,0.3738886545999769,0.007580964879784879,1.4398693918430032,-0.4448356740968211,5.3828964090002795
16062,2021,0.327396560932437,-0.01089140437858127,0.06188560924725552,-1.1623070607887844,5.344021724853549
16068,2021,0.42753741028669456,0.03469186996887397,2.6374142923155572,0.007828218046916469,4.956649284733122
16074,2021,0.45251781176000416,0.0655962920716825,2.2151610637888113,0.34830979342686996,4.742318138442339
16075,2021,0.3469113318460068,0.044127251249357735,0.774567439512575,0.16630062238527932,4.582191366040947
16073,2021,0.44511001959213664,0.08963213772319589,1.7561518981147528,0.445658386136323,3.6319291025463007
16066,2021,0.13614729264111022,-0.11795435722565958,0.26380248822214597,-0.4462913044747259,4.238383994327796
16072,2021,0.26670295014147444,0.03739510659238393,1.3242233937924992,0.7591604690226565,4.3127892615263494
16064,2021,0.3263915207088389,0.005540139715662806,1.0609959598570746,-0.7091546078562698,3.89309377551453
16063,2021,0.3535113651220296,0.031841526173094103,0.8343295701223847,-0.4916611872995831,3.2263170266670116
16071,2021,0.4293446536429531,0.0522772263589526,1.9744432869315016,-0.050476741776045664,3.4844682333291517
16055,2021,0.4533632211294204,0.06631006897223424,1.5850170123585505,-0.6051745385465075,3.7195051733463593
