year,district_no,kreisYield,Super_Ensemble_pred,Predicted_Best_Model,Prob_Hybrid_XGB,Prob_Native_Ensemble,Prob_Robust_Linear,Prob_Statistical_Trend,Prob_V31_Solar_Gated
2000,1003,567.0,534.2671359220668,Statistical_Trend,0.08406362,0.012021536,0.10812914,0.79019475,0.00559101
2001,1003,536.9,558.6463512366208,Robust_Linear,0.32922438,0.026306245,0.4255378,0.21026564,0.00866583
2002,1003,516.2,556.9237978062326,Statistical_Trend,0.31799394,0.027846806,0.1847179,0.4578918,0.011549489
2003,1003,539.7,552.7413675906848,Robust_Linear,0.334892,0.015943022,0.3822667,0.25785866,0.00903959
2004,1003,582.4,551.7738602876769,Robust_Linear,0.20225698,0.015001651,0.5875718,0.18830486,0.0068647116
2005,1003,611.9,567.8482548990189,Robust_Linear,0.2593202,0.091958456,0.56166005,0.079027034,0.00803426
2006,1003,610.2,586.1115540314586,Statistical_Trend,0.32146636,0.042526804,0.09940573,0.5296601,0.006941028
2007,1003,624.5,611.6740618516667,Native_Ensemble,0.24089734,0.5755324,0.08816487,0.0852779,0.010127491
2008,1003,613.8,658.2045800404144,V31_Solar_Gated,0.07205323,0.09304958,0.048031546,0.19751227,0.5893534
2009,1003,662.3,628.7415444990127,Statistical_Trend,0.19469583,0.06904959,0.12693375,0.6023918,0.0069289985
2010,1003,643.5,633.9734110976593,Statistical_Trend,0.17805825,0.06098702,0.3440993,0.4087147,0.00814069
2011,1003,707.8,663.1721264674317,Native_Ensemble,0.13308738,0.56716114,0.20809889,0.07886937,0.012783214
2012,1003,650.0,683.3505659525438,Native_Ensemble,0.25673163,0.49463704,0.15764134,0.08262015,0.008369849
2013,1003,680.0,693.0441809100524,Robust_Linear,0.18684924,0.3255196,0.3993361,0.08084295,0.007452106
2014,1003,873.6,747.134535157302,V31_Solar_Gated,0.037491277,0.04606741,0.052396014,0.035281383,0.82876396
2015,1003,661.3,779.0754910530623,V31_Solar_Gated,0.09101469,0.10035251,0.21476546,0.055522345,0.538345
2000,1051,600.2,548.3415581820359,Robust_Linear,0.13063492,0.015333035,0.43216622,0.36424118,0.05762469
2001,1051,572.5,595.6434645012281,Robust_Linear,0.18368478,0.01856107,0.7035745,0.08689968,0.0072800126
2002,1051,560.3,576.3504615787722,Statistical_Trend,0.29484156,0.0277821,0.20564231,0.46232966,0.009404283
2003,1051,624.8,601.9451655820232,V31_Solar_Gated,0.23704612,0.013157275,0.27692938,0.1438271,0.32904014
2004,1051,600.4,601.4046505572704,Statistical_Trend,0.2537892,0.023383653,0.35307118,0.35905528,0.01070066
2005,1051,657.1,611.8354640586905,Robust_Linear,0.24886419,0.13462059,0.42896953,0.17533702,0.01220869
2006,1051,655.3,628.5677248119086,Native_Ensemble,0.23039612,0.5387858,0.12077245,0.103170924,0.006874647
2007,1051,610.6,662.3795237856053,Hybrid_XGB,0.28561705,0.21312392,0.14766257,0.07995118,0.27364522
2008,1051,659.2,642.8673475416899,Native_Ensemble,0.11627972,0.5076947,0.050627768,0.31749117,0.007906632
2009,1051,711.0,651.6386102241402,Statistical_Trend,0.27402076,0.06381977,0.14777471,0.5055577,0.008827031
2010,1051,648.4,669.6757612835304,Native_Ensemble,0.3227382,0.4009612,0.18167469,0.08618912,0.008436669
2011,1051,714.9,687.252924452771,Native_Ensemble,0.20862098,0.6186698,0.08020391,0.0798022,0.012703129
2012,1051,653.3,706.813256574884,Robust_Linear,0.29882133,0.2177868,0.4073556,0.06717036,0.008865944
2013,1051,713.2,694.9047470462702,Robust_Linear,0.32821342,0.122063816,0.39860043,0.1421484,0.008973933
2014,1051,876.5,736.6444711398933,V31_Solar_Gated,0.08444245,0.028307462,0.13756941,0.07588231,0.6737984
2015,1051,740.9,775.515828322063,Robust_Linear,0.27323666,0.19463736,0.4377676,0.07734683,0.017011575
2016,1051,756.1,758.0654627903748,Robust_Linear,0.26202765,0.27998668,0.3373779,0.10809898,0.01250885
2017,1051,756.5,786.5793407961011,Hybrid_XGB,0.40708327,0.06579244,0.14935672,0.3678618,0.009905708
2018,1051,672.5,772.9128555878659,Hybrid_XGB,0.37351552,0.05841477,0.19015494,0.36662194,0.011292793
2019,1051,861.7,781.7227074110555,Statistical_Trend,0.25449875,0.08902634,0.29451302,0.35457492,0.0073869526
2020,1051,815.0,780.3921704755107,Native_Ensemble,0.23466574,0.46099946,0.079194866,0.21696848,0.008171422
2021,1051,898.2,809.6136107893307,Native_Ensemble,0.3329079,0.48078132,0.091215156,0.08725909,0.007836572
2022,1051,788.6,836.3069621449928,Native_Ensemble,0.3200718,0.40139604,0.091483116,0.17826381,0.008785164
2023,1051,808.1,827.7090571907263,Hybrid_XGB,0.36887348,0.31925234,0.19150728,0.10994217,0.010424741
2024,1051,739.6,824.567030813646,Robust_Linear,0.32963985,0.12489496,0.3588787,0.17604455,0.010541972
2000,1053,564.2,503.2209344377414,Robust_Linear,0.09669246,0.012058918,0.7469862,0.13725188,0.007010547
2001,1053,551.3,536.3805872727424,Robust_Linear,0.1753884,0.014310912,0.68895894,0.1150491,0.0062925965
2002,1053,522.3,537.5944796795278,Hybrid_XGB,0.40424865,0.034078825,0.2459373,0.30263296,0.013102335
2003,1053,563.9,545.9422170837275,Hybrid_XGB,0.40078756,0.021269554,0.27886897,0.2886587,0.010415211
2004,1053,590.3,551.834102820568,Statistical_Trend,0.31846634,0.033688027,0.211871,0.42347333,0.012501235
2005,1053,620.4,579.5360245674342,Native_Ensemble,0.24226525,0.5291526,0.11678431,0.104568854,0.007229045
2006,1053,618.6,602.6312248223708,Native_Ensemble,0.20968048,0.52190465,0.16062039,0.10024191,0.0075525506
2007,1053,605.6,620.3878410359187,Native_Ensemble,0.23447616,0.45200446,0.1797246,0.12209073,0.0117041115
2008,1053,622.3,653.735545913946,V31_Solar_Gated,0.068762414,0.11646423,0.043549594,0.37018466,0.4010391
2009,1053,656.4,628.2352551939449,Statistical_Trend,0.24080619,0.07570474,0.18704677,0.48684958,0.009592656
2010,1053,619.6,627.3184993083846,Robust_Linear,0.20140047,0.08106152,0.3963933,0.31043887,0.010705824
2011,1053,671.5,653.6463051463227,Native_Ensemble,0.12584662,0.647885,0.12596217,0.08300506,0.017301088
2012,1053,632.9,668.2004167419826,Native_Ensemble,0.23860572,0.4884186,0.21150553,0.054543827,0.0069263233
2013,1053,640.6,670.3646481647163,Native_Ensemble,0.22522111,0.53123915,0.17256701,0.06422741,0.006745351
2014,1053,801.9,708.709033951558,V31_Solar_Gated,0.03383867,0.041710608,0.07350854,0.03907543,0.8118667
2015,1053,732.7,729.3546614485682,V31_Solar_Gated,0.117492616,0.028355183,0.23270136,0.24998306,0.3714678
2016,1053,759.5,716.6754036529209,Native_Ensemble,0.29762596,0.33552352,0.24131931,0.11577511,0.009756058
2017,1053,794.3,754.8847399887757,Native_Ensemble,0.19850513,0.40859154,0.2858191,0.09940746,0.0076767313
2018,1053,646.7,676.6692744646772,Hybrid_XGB,0.40529066,0.041008003,0.1577548,0.05764111,0.3383054
2019,1053,880.8,770.4835727872328,Native_Ensemble,0.21473509,0.40416193,0.31852677,0.055831563,0.0067445813
2020,1053,754.9,767.4621129232512,Hybrid_XGB,0.39127702,0.11608802,0.320713,0.16074508,0.0111768795
2021,1053,819.8,800.0224091072746,Native_Ensemble,0.30327305,0.30533776,0.2668554,0.11525035,0.009283471
2022,1053,731.6,820.9131647146239,Native_Ensemble,0.32763815,0.36984494,0.22910672,0.065764695,0.007645444
2023,1053,869.0,814.0845783045501,Native_Ensemble,0.29185426,0.4190935,0.1817562,0.09797502,0.009321018
2024,1053,843.7,798.9974998876644,Robust_Linear,0.33054844,0.13740332,0.37825772,0.14203025,0.011760259
2000,1054,571.7,510.0329141298404,Statistical_Trend,0.15711309,0.022384275,0.13510585,0.67765635,0.007740432
2001,1054,539.3,546.6655481976198,Robust_Linear,0.17704988,0.017675709,0.685119,0.114362665,0.005792788
2002,1054,583.7,551.0850171390882,Statistical_Trend,0.22327757,0.027324213,0.27691817,0.46141142,0.011068686
2003,1054,595.4,572.2336330652857,Statistical_Trend,0.3124885,0.02872055,0.18529736,0.4584061,0.01508746
2004,1054,574.8,624.32639067806,V31_Solar_Gated,0.19125277,0.011697541,0.0796495,0.14391372,0.57348645
2005,1054,595.5,601.6143991666933,Native_Ensemble,0.18082802,0.5560434,0.15358126,0.09735442,0.012192939
2006,1054,593.9,607.4371361507746,Native_Ensemble,0.13766856,0.5673133,0.17416422,0.11243991,0.008413967
2007,1054,594.2,628.8816990978835,V31_Solar_Gated,0.13737923,0.03596256,0.119125925,0.16062054,0.5469118
2008,1054,597.4,634.9428715975472,V31_Solar_Gated,0.15461655,0.057035267,0.0939207,0.08680815,0.60761935
2009,1054,683.2,607.1937503071393,Robust_Linear,0.23760438,0.12716761,0.43954366,0.1855566,0.010127717
2010,1054,650.5,627.5421451683317,Statistical_Trend,0.20844147,0.062198773,0.17119403,0.55081755,0.0073481924
2011,1054,710.2,694.7242411194201,V31_Solar_Gated,0.0771585,0.048728652,0.1890211,0.05939815,0.62569356
2012,1054,670.0,683.6719057657101,Native_Ensemble,0.16775934,0.47011453,0.298617,0.05738208,0.0061270734
2013,1054,778.1,697.2273159344974,Native_Ensemble,0.1685706,0.5332513,0.14886416,0.14144562,0.007868356
2014,1054,935.6,759.2552514288584,V31_Solar_Gated,0.070452325,0.07455227,0.10502859,0.071352325,0.67861456
2015,1054,701.6,790.1115065371054,Robust_Linear,0.2900592,0.22825238,0.3524485,0.1176292,0.0116107445
2018,1054,709.3,757.0697858398448,V31_Solar_Gated,0.1300151,0.0861625,0.11118924,0.039260436,0.63337266
2019,1054,991.8,795.3034544472633,Native_Ensemble,0.23950401,0.43057373,0.2616472,0.060644094,0.0076309987
2020,1054,885.7,839.1289934143106,Native_Ensemble,0.23943946,0.32918242,0.3084742,0.1136534,0.009250491
2021,1054,933.1,864.66679643659,Robust_Linear,0.2616496,0.098726176,0.3592583,0.26580694,0.0145590175
2022,1054,832.7,914.2999456670334,Robust_Linear,0.20042159,0.26935235,0.42892957,0.091794744,0.009501825
2023,1054,1008.2,894.2805245075476,Robust_Linear,0.28513512,0.28231895,0.32808042,0.09091485,0.013550626
2024,1054,840.8,921.7816555322622,Robust_Linear,0.26871774,0.25247923,0.36905152,0.097705446,0.012046132
2000,1055,550.8,510.52932678821713,Statistical_Trend,0.0793379,0.010366704,0.085029714,0.7983739,0.0268918
2001,1055,514.3,540.5713895566196,Robust_Linear,0.2197338,0.01945865,0.6075803,0.14545007,0.0077772457
2002,1055,562.8,537.2866558448449,Statistical_Trend,0.23850696,0.024636397,0.22011365,0.5089828,0.0077601946
2003,1055,502.3,555.26372297331,Hybrid_XGB,0.36964443,0.021041187,0.3347109,0.26549417,0.009109313
2004,1055,587.9,541.3555671044097,Statistical_Trend,0.30866736,0.025488682,0.14075942,0.5174149,0.0076695816
2005,1055,584.4,556.4598345602727,Native_Ensemble,0.27486438,0.4831471,0.11936892,0.114878476,0.0077411355
2006,1055,582.8,580.3010673258294,Native_Ensemble,0.25126657,0.42385098,0.22279797,0.09537761,0.0067069004
2007,1055,574.1,591.0643719762342,Native_Ensemble,0.2533339,0.49419627,0.13496841,0.10383329,0.013668117
2008,1055,586.3,629.9614376479728,V31_Solar_Gated,0.12608498,0.07990226,0.041417457,0.070479475,0.68211585
2009,1055,676.5,599.0818713176515,Native_Ensemble,0.22569224,0.46388593,0.21876605,0.0847523,0.0069034477
2010,1055,626.3,618.5606809168931,Native_Ensemble,0.21133794,0.3834394,0.26543945,0.13268095,0.007102263
2011,1055,628.3,644.7202716679382,Native_Ensemble,0.12471911,0.49306276,0.24680485,0.11886777,0.016545495
2012,1055,652.9,651.2388085848478,Robust_Linear,0.24257657,0.28459346,0.3829208,0.0822915,0.007617708
2013,1055,657.3,658.9118543195434,Robust_Linear,0.2659719,0.17304263,0.4191373,0.1329421,0.008905924
2014,1055,894.2,718.1831313290115,V31_Solar_Gated,0.039995182,0.01520706,0.039925724,0.07629939,0.8285727
2015,1055,611.9,747.9230669477199,Robust_Linear,0.20620151,0.06502131,0.38147938,0.109662004,0.23763584
2023,1055,795.4,829.8767856644721,Hybrid_XGB,0.39020035,0.18044788,0.28686053,0.123712264,0.01877901
2000,1056,444.7,474.9666559184515,Statistical_Trend,0.098331235,0.013027772,0.19440107,0.5851374,0.10910253
2001,1056,509.2,485.52670473196923,Robust_Linear,0.2781575,0.017759463,0.43461958,0.25352848,0.01593502
2002,1056,458.2,486.12816046980777,Robust_Linear,0.21748777,0.02779515,0.40500703,0.33892405,0.010785994
2003,1056,495.6,496.58748979764135,Robust_Linear,0.34005305,0.022735417,0.41034105,0.21353641,0.013334039
2004,1056,569.7,494.9286929141406,Statistical_Trend,0.23514496,0.025238503,0.31336337,0.4174644,0.008788778
2005,1056,539.7,528.7786792592959,Native_Ensemble,0.16195878,0.5309835,0.19185778,0.10765977,0.0075401496
2006,1056,538.2,542.8069448358207,Robust_Linear,0.17401281,0.20930168,0.4995818,0.10563557,0.01146819
2008,1056,541.4,564.5415342336008,Native_Ensemble,0.17187004,0.4102477,0.27463296,0.12652601,0.016723238
2000,1057,513.1,496.35098048987214,Statistical_Trend,0.06268547,0.009433012,0.08421542,0.82189316,0.021772861
2001,1057,501.0,520.1557719550202,Robust_Linear,0.19762963,0.023332357,0.51635236,0.25379696,0.008888713
2002,1057,525.3,517.4621199443583,Statistical_Trend,0.19827998,0.024449062,0.29985064,0.46824777,0.009172572
2003,1057,474.3,525.21877642738,Hybrid_XGB,0.44242886,0.020958219,0.26863122,0.2596328,0.008348864
2004,1057,543.1,517.3079818987704,Statistical_Trend,0.2679314,0.050052237,0.3163762,0.3580918,0.0075482936
2005,1057,547.7,528.0432252176216,Robust_Linear,0.20785835,0.061551537,0.47442445,0.24837366,0.007792066
2006,1057,546.2,539.9442675751905,Native_Ensemble,0.2845713,0.43991366,0.18711008,0.082513474,0.0058913874
2007,1057,508.1,556.8380694198328,Robust_Linear,0.30343956,0.09981599,0.4804935,0.10246627,0.013784724
2008,1057,549.5,555.596904182532,V31_Solar_Gated,0.12818967,0.2977843,0.06518776,0.13764662,0.37119168
2009,1057,641.4,548.4291140745097,Robust_Linear,0.27626964,0.105005585,0.5260826,0.08436692,0.008275271
2010,1057,625.6,577.8430903159488,Native_Ensemble,0.17569417,0.45494336,0.26589608,0.0969543,0.0065121064
2011,1057,702.2,606.8679472476956,Statistical_Trend,0.15061547,0.0813148,0.27672312,0.47151318,0.019833326
2012,1057,629.9,642.9485016450487,Robust_Linear,0.18275794,0.13475382,0.523373,0.14986204,0.009253212
2013,1057,677.7,658.646336413157,Robust_Linear,0.22170584,0.12488365,0.46686146,0.17744221,0.009106838
2014,1057,744.3,680.6420246382858,Native_Ensemble,0.109842435,0.4212769,0.36264682,0.09027258,0.01596127
2015,1057,692.4,713.1355060585389,Robust_Linear,0.12518778,0.07317374,0.542619,0.1777058,0.08131374
2023,1057,887.9,837.5151233733839,Native_Ensemble,0.27426073,0.29449505,0.24767245,0.16478641,0.018785393
2000,1058,570.6,534.5732982115803,Statistical_Trend,0.08993977,0.010052943,0.08998823,0.75864065,0.051378436
2001,1058,545.0,562.2414702999903,Robust_Linear,0.16270275,0.015898842,0.6993484,0.11450357,0.0075463895
2002,1058,544.9,563.7775675116654,Statistical_Trend,0.19232158,0.023737699,0.2580193,0.5172066,0.00871482
2003,1058,550.3,575.5797748148648,Hybrid_XGB,0.28756872,0.0117858,0.25850475,0.16058293,0.28155777
2004,1058,573.8,568.5589019515758,Robust_Linear,0.2747051,0.021040784,0.4899805,0.2044272,0.009846486
2005,1058,609.3,573.3278914191,Robust_Linear,0.311637,0.061587848,0.48686025,0.13114433,0.008770465
2006,1058,607.6,596.8069950469143,Native_Ensemble,0.21643804,0.51112425,0.18517108,0.080632135,0.0066344845
2007,1058,652.6,625.7922167493145,V31_Solar_Gated,0.16099226,0.14097083,0.1619128,0.11468219,0.42144194
2008,1058,611.2,633.5302838014998,Statistical_Trend,0.0983607,0.37142134,0.04027869,0.48289624,0.0070431014
2009,1058,670.8,642.1486997990958,Native_Ensemble,0.18887171,0.53267497,0.15725552,0.114393204,0.006804607
2010,1058,621.5,643.8386030132768,Native_Ensemble,0.2654848,0.3106104,0.28890672,0.12483479,0.010163275
2011,1058,675.7,653.8029014849302,Statistical_Trend,0.20517549,0.080748394,0.15014383,0.54045874,0.023473611
2012,1058,625.1,680.3357284218226,Robust_Linear,0.32937777,0.1758647,0.401608,0.084466815,0.008682662
2013,1058,729.3,674.6719791957827,Robust_Linear,0.3038664,0.07989239,0.31108838,0.29660013,0.008552715
2014,1058,856.0,725.4510759219704,V31_Solar_Gated,0.081307694,0.018441096,0.082748406,0.043800242,0.77370256
2015,1058,780.4,761.7669471921182,Native_Ensemble,0.20438842,0.4217753,0.26090345,0.10011704,0.0128158005
2016,1058,788.0,745.9490198785345,Robust_Linear,0.23845461,0.1705621,0.40050286,0.16680238,0.023677973
2017,1058,740.4,788.1791613384436,Hybrid_XGB,0.33802813,0.23502178,0.2920743,0.12213906,0.012736695
2018,1058,744.2,777.8671371198844,Hybrid_XGB,0.35575423,0.25482923,0.2739921,0.10577291,0.009651572
2019,1058,838.1,793.1307080445011,Statistical_Trend,0.29578343,0.05172394,0.23909974,0.40559715,0.007795717
2020,1058,810.4,815.218838929609,Native_Ensemble,0.2673905,0.3542528,0.07755292,0.2923216,0.00848221
2021,1058,816.7,810.4517777018641,Hybrid_XGB,0.36621273,0.063243106,0.2149054,0.3456463,0.009992378
2022,1058,846.7,831.9174875714834,Native_Ensemble,0.27736104,0.47300673,0.124086305,0.115812495,0.009733512
2023,1058,777.7,834.8005222057072,Hybrid_XGB,0.35221976,0.3101147,0.17570515,0.15168269,0.010277643
2024,1058,725.3,830.2775444544533,Statistical_Trend,0.26884565,0.166925,0.105834484,0.4486116,0.009783279
2000,1059,531.9,502.3340026391261,Statistical_Trend,0.106312834,0.020015046,0.2058713,0.6033576,0.06444321
2001,1059,517.8,532.8238713940503,Statistical_Trend,0.09896158,0.009894978,0.12647417,0.75810945,0.0065597394
2002,1059,536.4,525.2024104527604,Statistical_Trend,0.3234538,0.028413966,0.15588538,0.48315674,0.009090209
2003,1059,545.5,533.13218500635,Hybrid_XGB,0.3757785,0.019813713,0.3219311,0.27133888,0.011137795
2004,1059,554.6,545.9729732157891,Statistical_Trend,0.2243214,0.02907321,0.1677454,0.5557564,0.023103543
2005,1059,533.8,560.8118079152341,Hybrid_XGB,0.31795487,0.05494734,0.30447757,0.3132342,0.009386075
2006,1059,532.4,555.5903628023568,Hybrid_XGB,0.3704912,0.13244362,0.29605752,0.18977097,0.01123667
2007,1059,594.3,572.7839606893025,V31_Solar_Gated,0.13886449,0.06255637,0.25355223,0.047984697,0.49704227
2008,1059,535.5,568.044233184653,Native_Ensemble,0.27195936,0.47640437,0.12998885,0.115133315,0.0065141353
2009,1059,680.1,576.995093204029,Robust_Linear,0.1871761,0.19435301,0.53208375,0.07795461,0.008432531
2010,1059,624.0,592.5061833049182,Statistical_Trend,0.3057203,0.050163228,0.15968719,0.47591537,0.00851385
2011,1059,754.0,625.4862520495778,Statistical_Trend,0.13312972,0.107231185,0.20084317,0.5243138,0.034482107
2012,1059,676.8,674.6364958548655,Robust_Linear,0.20947362,0.14679217,0.4337404,0.19676562,0.013228171
2013,1059,694.9,702.523448030161,Robust_Linear,0.25818577,0.29245487,0.29257756,0.14790913,0.008872685
2014,1059,892.7,770.1837087008697,V31_Solar_Gated,0.038851034,0.046380807,0.08265667,0.074811466,0.7573
2015,1059,643.3,762.1692606095995,Robust_Linear,0.18042508,0.28276262,0.4165096,0.112595774,0.0077069635
2016,1059,762.0,751.4667984912871,Robust_Linear,0.2785984,0.124832146,0.41878375,0.15742256,0.020363156
2017,1059,742.1,764.1245834601358,Robust_Linear,0.25856605,0.09441718,0.39781496,0.23554821,0.013653632
2018,1059,761.5,761.8265000529389,Robust_Linear,0.26565757,0.111037254,0.38856032,0.22083169,0.013913131
2019,1059,833.7,788.6163378577317,Native_Ensemble,0.20241186,0.40036184,0.29241085,0.09724519,0.007570259
2020,1059,832.0,797.9451312472515,Native_Ensemble,0.2861663,0.43165714,0.08155255,0.19121596,0.009408074
2021,1059,819.2,796.930177357087,Robust_Linear,0.24178037,0.12366448,0.392058,0.22502515,0.017471997
2022,1059,792.3,830.596780685936,Hybrid_XGB,0.36907876,0.29993758,0.20885202,0.11197537,0.010156343
2023,1059,818.6,823.4145657385545,Hybrid_XGB,0.32902533,0.29105514,0.23583218,0.13256133,0.011526046
2024,1059,722.7,824.9287253775136,Statistical_Trend,0.26639003,0.09132033,0.20415355,0.42765912,0.010476974
2000,1060,541.7,499.0264312312431,Statistical_Trend,0.09806524,0.011747546,0.09920784,0.78465307,0.0063263425
2001,1060,522.9,528.3288385665685,Robust_Linear,0.30314365,0.028351836,0.3731617,0.2827094,0.012633476
2002,1060,479.5,526.8046070976827,Statistical_Trend,0.2945865,0.028501771,0.30156147,0.3628442,0.012506086
2003,1060,507.9,531.5598036300589,Robust_Linear,0.4160032,0.015551127,0.43886837,0.12222307,0.007354198
2004,1060,553.3,519.9837505600151,Statistical_Trend,0.3071587,0.066187866,0.294184,0.3228903,0.009579144
2005,1060,551.1,537.3089404475681,Statistical_Trend,0.26275483,0.048150785,0.2534324,0.42720324,0.008458852
2006,1060,549.6,551.764946899995,Hybrid_XGB,0.35123983,0.056408815,0.27933863,0.30556577,0.0074469084
2007,1060,586.6,555.4260596408817,Robust_Linear,0.24119304,0.22385229,0.35837412,0.15968956,0.016890964
2008,1060,552.9,586.2739079568235,V31_Solar_Gated,0.16065173,0.14187203,0.05257743,0.27333206,0.37156674
2009,1060,667.9,571.9558045716318,Statistical_Trend,0.21673258,0.056805912,0.124331556,0.5932223,0.008907682
2010,1060,568.4,589.6968267579899,Statistical_Trend,0.267779,0.062430616,0.294227,0.36620235,0.009361077
2011,1060,714.8,616.6580089026673,Native_Ensemble,0.12213859,0.5688282,0.17771599,0.11296874,0.018348463
2012,1060,653.6,649.7660220311514,Native_Ensemble,0.23716396,0.43134195,0.24854633,0.07614696,0.006800719
2013,1060,606.1,669.6429409082775,Robust_Linear,0.21338207,0.30094716,0.36952543,0.10770781,0.008437521
2014,1060,820.7,711.3575479786248,V31_Solar_Gated,0.058233682,0.094808824,0.13757336,0.0594328,0.64995134
2015,1060,670.7,718.8746976518606,Robust_Linear,0.21283244,0.10236096,0.3998689,0.16020362,0.12473402
2016,1060,761.8,714.6006363199043,Hybrid_XGB,0.35521257,0.2541754,0.24160592,0.13564251,0.0133636575
2017,1060,783.0,745.4260572800522,Native_Ensemble,0.19737048,0.39408273,0.28791654,0.11079373,0.009836521
2018,1060,571.2,621.4537935073782,V31_Solar_Gated,0.17096956,0.04320328,0.103912875,0.049815923,0.6320984
2019,1060,877.1,765.0520236590318,Hybrid_XGB,0.37450263,0.13321193,0.36229652,0.119522795,0.010466115
2020,1060,760.3,733.153418431192,Statistical_Trend,0.25050986,0.1105935,0.07071272,0.5594757,0.008708259
2021,1060,828.4,787.5608068536263,Statistical_Trend,0.25737363,0.07050662,0.23797157,0.42397815,0.010170035
2022,1060,766.3,805.1100799711372,Robust_Linear,0.24913953,0.28790173,0.37025604,0.08473308,0.007969665
2023,1060,816.3,811.7059689260673,Hybrid_XGB,0.30183056,0.26540235,0.25686148,0.16287802,0.013027589
2024,1060,808.3,805.2544300495947,Statistical_Trend,0.3489555,0.06546613,0.16266294,0.4123793,0.010536129
2000,1061,530.6,472.7144242312644,Statistical_Trend,0.09984673,0.012687319,0.1967994,0.6785203,0.012146158
2001,1061,510.8,510.1568742986044,Robust_Linear,0.19770916,0.01736654,0.57558763,0.20077951,0.008557186
2002,1061,462.5,509.3991227920338,Robust_Linear,0.20402154,0.025539132,0.51364434,0.24721764,0.009577342
2003,1061,442.1,518.6668143572975,Statistical_Trend,0.19398402,0.016931068,0.35892302,0.41863215,0.011529807
2004,1061,535.9,493.60267505890397,Robust_Linear,0.23078297,0.017038167,0.46348476,0.27484533,0.013848796
2005,1061,555.7,511.4842772128789,Statistical_Trend,0.2617962,0.0658548,0.32942605,0.33471325,0.008209667
2006,1061,554.2,533.6219715200178,Native_Ensemble,0.20286214,0.4486831,0.27876902,0.063450105,0.006235517
2007,1061,544.4,563.6810827287471,V31_Solar_Gated,0.16575506,0.2367553,0.22862296,0.061792202,0.3070745
2008,1061,557.4,553.8427026063815,Native_Ensemble,0.15186377,0.48247376,0.075475745,0.27945504,0.010731821
2009,1061,581.3,564.9354649932519,Statistical_Trend,0.19590572,0.038502842,0.32608452,0.43267456,0.006832362
2010,1061,538.7,573.946224852649,Native_Ensemble,0.15332785,0.4372072,0.3210254,0.07982689,0.008612736
2011,1061,647.3,574.8275988303166,Robust_Linear,0.2677974,0.18729642,0.4170876,0.111037575,0.016780945
2012,1061,571.7,601.6320899067424,Robust_Linear,0.18840002,0.19402428,0.5028688,0.10554509,0.009161848
2013,1061,630.9,608.4517137318062,Native_Ensemble,0.14951979,0.48735082,0.2904019,0.06663952,0.0060879295
2014,1061,764.3,654.9422625842543,V31_Solar_Gated,0.06803751,0.051300947,0.06001919,0.045433342,0.775209
2015,1061,690.1,674.0745128881999,Robust_Linear,0.18988292,0.19798638,0.48296785,0.11259295,0.01656988
2016,1061,735.5,676.2975025960175,Robust_Linear,0.22982891,0.32101768,0.33148983,0.10402836,0.013635209
2017,1061,727.0,717.5370287600831,Robust_Linear,0.26635715,0.07170087,0.4241305,0.22750886,0.010302553
2018,1061,658.6,635.1106215226463,V31_Solar_Gated,0.20277277,0.0715208,0.09783171,0.040811297,0.58706343
2019,1061,826.3,732.3662570370391,Robust_Linear,0.19426794,0.07020651,0.36337593,0.3627402,0.009409384
2020,1061,792.0,759.7664905077172,Native_Ensemble,0.23739873,0.37306195,0.24234791,0.13585427,0.011337051
2021,1061,764.6,773.4405692625459,Hybrid_XGB,0.3620115,0.22334318,0.3088148,0.09397053,0.011859999
2022,1061,673.5,796.7712527730733,Robust_Linear,0.18972196,0.32546097,0.3826054,0.092485584,0.009726135
2023,1061,763.4,776.0040764679865,Native_Ensemble,0.23181742,0.37656865,0.24794091,0.13499875,0.008674242
2000,1062,530.3,501.54483864086484,Statistical_Trend,0.10890623,0.013266048,0.119357005,0.7516535,0.0068172333
2001,1062,543.2,531.9015130993942,Robust_Linear,0.2947726,0.023141896,0.48961613,0.18320648,0.009262978
2002,1062,500.7,532.283312565441,Robust_Linear,0.3029592,0.03355778,0.34413013,0.30560863,0.013744275
2003,1062,522.6,536.700346179424,Hybrid_XGB,0.48648158,0.0196079,0.30362397,0.1819964,0.008290156
2004,1062,512.2,526.5199163484173,Statistical_Trend,0.36218137,0.028978344,0.17028277,0.42644972,0.01210776
2005,1062,537.2,537.535350572821,Robust_Linear,0.20669247,0.18718179,0.53099936,0.06772962,0.0073968302
2006,1062,535.7,535.7778600891601,Robust_Linear,0.28174147,0.09058635,0.54350924,0.076943494,0.0072194566
2007,1062,575.7,550.233081427475,Robust_Linear,0.2468404,0.06538731,0.5919154,0.08428311,0.011573717
2008,1062,538.9,571.6483569759495,V31_Solar_Gated,0.21349467,0.22441639,0.1642354,0.08996436,0.3078892
2009,1062,653.5,557.2350841649805,Robust_Linear,0.30012098,0.0818182,0.4370563,0.16984689,0.011157567
2010,1062,618.4,577.5548753166955,Native_Ensemble,0.2085279,0.44068095,0.23215033,0.10899642,0.009644343
2011,1062,720.2,613.4648886901044,Native_Ensemble,0.142779,0.46826726,0.2103561,0.14396338,0.034634225
2012,1062,690.0,659.7849723304507,Native_Ensemble,0.15366985,0.5049797,0.2454355,0.08762677,0.008288166
2013,1062,680.0,686.7772310330571,Native_Ensemble,0.25728735,0.329159,0.27463543,0.1295699,0.009348279
2014,1062,796.2,695.8111778170502,Native_Ensemble,0.18129352,0.3640334,0.28913638,0.12915313,0.03638359
2015,1062,726.4,768.9635397728961,V31_Solar_Gated,0.14848445,0.084016606,0.21853401,0.09433368,0.45463133
2000,3102,597.1,553.356302394011,Robust_Linear,0.1126814,0.01901308,0.5513978,0.2690537,0.04785399
2001,3102,582.4,589.9396396508606,Robust_Linear,0.19246663,0.017560564,0.69843405,0.08430129,0.007237425
2002,3102,592.0,587.1359578704648,Statistical_Trend,0.27447924,0.026792988,0.22696039,0.33605477,0.13571261
2003,3102,594.1,592.0776359372267,Hybrid_XGB,0.4087101,0.019662146,0.31297475,0.24781647,0.010836598
2004,3102,612.2,600.2316520185163,Statistical_Trend,0.22325388,0.02990221,0.17013836,0.5669058,0.009799771
2005,3102,617.0,608.5974032017169,Statistical_Trend,0.15340585,0.07717842,0.1672104,0.5929842,0.009221136
2006,3102,532.4,621.147461271331,Statistical_Trend,0.3288791,0.05400083,0.21169765,0.39773956,0.00768287
2007,3102,662.5,610.2135047073083,Robust_Linear,0.16319871,0.10746582,0.6458412,0.07641271,0.0070815925
2008,3102,666.9,602.274939415364,Statistical_Trend,0.08286291,0.20004092,0.06129841,0.64772177,0.008075984
2009,3102,714.9,637.6268059647168,Native_Ensemble,0.17626132,0.60001445,0.13477021,0.08099656,0.00795747
2010,3102,632.8,663.8118530651172,Statistical_Trend,0.2533561,0.10022895,0.31058004,0.31858185,0.017253079
2011,3102,752.1,732.7147640888239,V31_Solar_Gated,0.029484823,0.047584422,0.060768623,0.028680013,0.8334821
2012,3102,698.3,704.4194949185979,Robust_Linear,0.21213104,0.13878274,0.5332694,0.10678435,0.009032508
2013,3102,645.6,737.4752697496771,Robust_Linear,0.06622788,0.10441865,0.46562397,0.0571024,0.30662706
2014,3102,816.9,772.6362343445319,V31_Solar_Gated,0.023996642,0.030611448,0.039214402,0.01874224,0.88743526
2015,3102,811.2,741.7693134362884,Native_Ensemble,0.23849697,0.5552794,0.12173441,0.071448006,0.013041305
2016,3102,862.1,763.7799456595134,Robust_Linear,0.26499167,0.106343105,0.31063735,0.3035236,0.014504309
2017,3102,893.6,806.5417560215775,Robust_Linear,0.23030107,0.31791866,0.3532281,0.08648728,0.012064854
2018,3102,652.3,722.5563413159373,V31_Solar_Gated,0.19739656,0.054752782,0.07644032,0.025506563,0.64590377
2019,3102,770.5,815.3254357274825,Robust_Linear,0.28333682,0.28532675,0.29919392,0.11994614,0.012196266
2020,3102,802.9,796.9369171346573,Statistical_Trend,0.18264665,0.29327437,0.076107495,0.43847677,0.009494686
2021,3102,907.8,809.8643621622309,Native_Ensemble,0.2987206,0.4505289,0.1486177,0.0932422,0.008890642
2022,3102,768.7,814.6686339417474,V31_Solar_Gated,0.18861942,0.14632645,0.12012014,0.077118486,0.4678155
2023,3102,888.2,831.3779914586037,Statistical_Trend,0.28493556,0.093235254,0.18853334,0.4222378,0.011058005
2024,3102,980.8,846.2697426007987,Native_Ensemble,0.27644977,0.46369845,0.094054185,0.15631701,0.009480536
2000,3103,578.4,517.0474885969659,Statistical_Trend,0.1589825,0.013432394,0.11579245,0.7047528,0.0070397696
2001,3103,514.0,557.6935888844523,Robust_Linear,0.21788849,0.016647566,0.6633904,0.094391175,0.007682278
2002,3103,465.8,557.3470200432608,Statistical_Trend,0.25116423,0.02556279,0.19574198,0.37988237,0.1476487
2003,3103,529.9,554.410292664586,Robust_Linear,0.27638432,0.014637221,0.5715368,0.12922144,0.008220241
2004,3103,576.6,541.0329405413537,Robust_Linear,0.18114598,0.01633259,0.6952215,0.09839491,0.008905019
2005,3103,555.1,553.9980567078973,Robust_Linear,0.1938085,0.13174017,0.5573139,0.10580416,0.0113332085
2006,3103,524.3,544.6729254877346,Hybrid_XGB,0.44625545,0.09774856,0.32951283,0.116894595,0.009588548
2007,3103,586.6,570.9040665553454,Robust_Linear,0.1947192,0.102081716,0.63981587,0.054223243,0.009160041
2008,3103,587.2,558.2611493508897,Native_Ensemble,0.08806862,0.5043453,0.064270966,0.33498204,0.008333054
2009,3103,667.1,582.1479120030581,Robust_Linear,0.34275258,0.09134974,0.44520646,0.111974075,0.008717096
2010,3103,568.3,604.6224179059727,Native_Ensemble,0.20211317,0.48830584,0.19626299,0.10231247,0.011005511
2011,3103,681.7,667.2543910655015,V31_Solar_Gated,0.046392478,0.052361034,0.08716866,0.029862233,0.78421557
2012,3103,689.7,651.0442005363561,Robust_Linear,0.3511156,0.050947413,0.41037855,0.17833157,0.009226893
2013,3103,634.7,674.9967650841385,Robust_Linear,0.19203405,0.16769902,0.5233123,0.100247316,0.016707305
2014,3103,816.1,741.0757500988989,V31_Solar_Gated,0.0270237,0.03948804,0.04568561,0.022646489,0.8651562
2015,3103,676.2,721.5622757168888,Native_Ensemble,0.1752411,0.39334133,0.34657007,0.07291349,0.011934092
2016,3103,781.0,739.8761509847234,Robust_Linear,0.20974961,0.336389,0.33810648,0.10427885,0.011475995
2017,3103,782.0,753.5330781626787,Robust_Linear,0.166181,0.35229537,0.4005124,0.07123805,0.009773133
2018,3103,446.3,645.840224537294,V31_Solar_Gated,0.067057274,0.032949675,0.052227642,0.020828422,0.826937
2020,3103,747.8,738.1462226465576,Statistical_Trend,0.15863764,0.3413276,0.114078276,0.37743247,0.008524049
2022,3103,763.0,740.4468912772726,Robust_Linear,0.16224265,0.23943837,0.5353277,0.054919526,0.008071798
2023,3103,832.6,751.1526469432204,Robust_Linear,0.26054737,0.07874107,0.5603443,0.09188922,0.008478101
2024,3103,914.5,761.9461550112239,Robust_Linear,0.32200748,0.12370371,0.4155039,0.1272017,0.011583157
2000,3151,573.1,526.8370159835758,Statistical_Trend,0.098959796,0.012230361,0.11638187,0.7400759,0.032352086
2001,3151,548.1,557.7126632120792,Robust_Linear,0.3817427,0.022132022,0.39904574,0.18826519,0.008814455
2002,3151,515.2,555.3923625401947,Statistical_Trend,0.27736142,0.03136251,0.21931496,0.46018848,0.011772635
2003,3151,615.7,551.7603088901985,Robust_Linear,0.33655208,0.015743073,0.4974077,0.14062618,0.009670929
2004,3151,582.6,572.9533106416135,Statistical_Trend,0.31320116,0.03319803,0.21373077,0.42867538,0.011194621
2005,3151,590.1,581.4609491377321,Statistical_Trend,0.16011584,0.07656888,0.17830087,0.5747406,0.010273822
2006,3151,568.0,584.0555464511941,Statistical_Trend,0.2968831,0.056094475,0.21046865,0.42909676,0.007456949
2007,3151,616.6,598.5622407543433,Robust_Linear,0.3169167,0.08407989,0.5032318,0.08642135,0.009350283
2008,3151,636.2,602.9545129448674,Statistical_Trend,0.08477157,0.1924887,0.07515982,0.64048976,0.00709021
2009,3151,705.4,621.2575559112071,Statistical_Trend,0.31762564,0.055880126,0.13866134,0.478498,0.009334991
2010,3151,616.9,637.1193161768396,Robust_Linear,0.17051682,0.081047565,0.428068,0.30645326,0.01391439
2011,3151,739.0,727.1399974782863,V31_Solar_Gated,0.020218251,0.038059432,0.04887212,0.028817825,0.8640324
2012,3151,733.9,692.2996227202694,Robust_Linear,0.230363,0.068599515,0.36797386,0.32404748,0.00901607
2013,3151,651.5,717.9431989501956,Robust_Linear,0.20726557,0.116534196,0.5287403,0.13634257,0.011117333
2014,3151,846.9,782.297957673577,V31_Solar_Gated,0.021959996,0.034163475,0.064934134,0.029397039,0.84954536
2015,3151,760.4,758.7411790395048,Native_Ensemble,0.23194836,0.4223041,0.2200478,0.11365022,0.012049588
2016,3151,790.7,766.1053774392693,Hybrid_XGB,0.31495503,0.22708482,0.28084123,0.16504069,0.0120782815
2017,3151,801.2,790.5392227900977,Robust_Linear,0.31835753,0.07913546,0.34004688,0.2500609,0.012399242
2018,3151,751.5,706.5525354231787,V31_Solar_Gated,0.39494303,0.037629608,0.11061663,0.05200152,0.4048092
2019,3151,746.7,807.9575514141993,Robust_Linear,0.2781817,0.28884238,0.28979897,0.13292965,0.010247272
2020,3151,778.1,796.4514773935548,Statistical_Trend,0.15295842,0.34645358,0.075720035,0.4163769,0.008491063
2021,3151,802.2,802.0958455678395,Hybrid_XGB,0.3435183,0.060590304,0.26027313,0.32671008,0.008908241
2022,3151,750.1,808.0947459011167,Robust_Linear,0.34461814,0.12518242,0.40659985,0.11430973,0.0092899855
2023,3151,857.1,795.8356376931132,Robust_Linear,0.26830477,0.15501152,0.48376572,0.08284822,0.010069772
2024,3151,864.8,801.3015489952887,Robust_Linear,0.30370626,0.1253691,0.42775813,0.13200481,0.011161699
2000,3153,587.8,541.4424217367645,Statistical_Trend,0.100629956,0.01583154,0.12588196,0.74917936,0.008477203
2001,3153,557.7,576.3514279911567,Robust_Linear,0.18600555,0.017876934,0.7093539,0.07975218,0.0070113344
2002,3153,563.3,575.8431018356073,Hybrid_XGB,0.34266233,0.024863366,0.22351983,0.27574137,0.1332131
2003,3153,601.8,586.9716071640793,Robust_Linear,0.36257756,0.022639675,0.3750376,0.2273162,0.012428887
2004,3153,597.8,589.9196519379813,Statistical_Trend,0.23148836,0.030084077,0.18187274,0.54643184,0.010122948
2005,3153,585.6,602.4752590916422,Native_Ensemble,0.18536003,0.51154363,0.19314118,0.10079254,0.009162573
2006,3153,520.2,602.5811674585831,Native_Ensemble,0.30125472,0.4986431,0.100998774,0.09302237,0.0060811182
2007,3153,668.5,597.7043769015216,Robust_Linear,0.18647318,0.04734295,0.6746489,0.082309246,0.009225724
2008,3153,683.1,599.7866435618827,Statistical_Trend,0.07134136,0.26736137,0.057662725,0.5957922,0.007842367
2009,3153,718.2,643.9590268526007,Native_Ensemble,0.15630403,0.5219596,0.2371571,0.07592587,0.008653441
2010,3153,639.6,675.9137167913154,Native_Ensemble,0.24641842,0.32876644,0.3285907,0.07684153,0.01938295
2011,3153,745.4,742.9534130049034,V31_Solar_Gated,0.02421414,0.03418497,0.08300787,0.021597318,0.83699566
2012,3153,694.1,706.4088014898759,Robust_Linear,0.19102167,0.115907334,0.58608794,0.09591762,0.011065424
2013,3153,613.6,719.0517079275934,Robust_Linear,0.07263127,0.07153887,0.6922291,0.07688732,0.08671345
2014,3153,808.4,755.5557903226307,V31_Solar_Gated,0.03548767,0.010649097,0.05650563,0.041559257,0.8557983
2015,3153,783.6,736.5294422290993,Native_Ensemble,0.237565,0.508418,0.17812148,0.06209736,0.013798116
2016,3153,839.4,761.7306662381236,Native_Ensemble,0.20125842,0.41604117,0.28987092,0.08193103,0.010898467
2017,3153,856.9,788.5281990104553,Robust_Linear,0.3030549,0.07244637,0.5563886,0.05772753,0.010382633
2018,3153,632.7,693.9816479135975,V31_Solar_Gated,0.13896953,0.04007739,0.0654023,0.018127367,0.7374234
2019,3153,795.7,795.2017817725983,Robust_Linear,0.21769358,0.3259655,0.35342497,0.091852166,0.011063846
2020,3153,797.9,781.6069641124816,Native_Ensemble,0.2613526,0.39942032,0.0907121,0.23728183,0.01123314
2021,3153,853.6,798.8815981672855,Statistical_Trend,0.3510566,0.07069926,0.15031888,0.4184804,0.009444849
2022,3153,743.1,799.4458935542036,V31_Solar_Gated,0.19472115,0.21025214,0.10392275,0.082187094,0.4089169
2023,3153,917.4,810.110609116163,Robust_Linear,0.30907273,0.094541796,0.44796342,0.13628158,0.012140518
2024,3153,940.4,832.7903678511491,Native_Ensemble,0.27312544,0.45504484,0.10290111,0.15828693,0.010641674
2000,3155,591.8,559.7558065176233,Statistical_Trend,0.06941051,0.014689091,0.06589378,0.8234374,0.026569251
2001,3155,554.6,590.4345328573892,Robust_Linear,0.31488672,0.027719818,0.45465553,0.19332556,0.009412352
2002,3155,552.8,582.3986492380567,Robust_Linear,0.28668976,0.024157926,0.39756578,0.2801003,0.011486292
2003,3155,632.5,605.7710123764444,Robust_Linear,0.2100485,0.011882977,0.4788972,0.12353365,0.17563765
2004,3155,599.2,604.6250559857664,Statistical_Trend,0.26263732,0.020894531,0.17635043,0.3506083,0.18950942
2005,3155,624.1,609.3322793878361,Statistical_Trend,0.14070931,0.17572238,0.10012216,0.57467586,0.008770255
2006,3155,589.0,623.8516713494291,Statistical_Trend,0.24954176,0.06923698,0.14380005,0.52655137,0.010869838
2007,3155,630.2,627.9688563731341,Robust_Linear,0.21753466,0.18567054,0.493013,0.09485059,0.008931152
2008,3155,675.1,624.5774039234282,Native_Ensemble,0.08681962,0.6629352,0.06463832,0.1783644,0.0072425315
2009,3155,722.5,647.494448614848,Statistical_Trend,0.25508118,0.073827825,0.17244819,0.48790282,0.0107399365
2010,3155,665.7,688.3789691749103,Native_Ensemble,0.19706568,0.54458874,0.17195669,0.0703355,0.016053343
2011,3155,771.0,749.0219327436375,V31_Solar_Gated,0.023524577,0.013155923,0.04351992,0.05562876,0.8641708
2012,3155,731.9,730.5720883874303,Native_Ensemble,0.20755848,0.39047796,0.284582,0.11009733,0.007284265
2013,3155,682.1,747.2933857158837,Robust_Linear,0.0913331,0.06840673,0.65501285,0.10251683,0.08273048
2014,3155,853.2,818.276210078072,V31_Solar_Gated,0.022886105,0.02716023,0.035238888,0.020193877,0.89452094
2015,3155,773.8,780.7157417602464,Native_Ensemble,0.22335058,0.40265012,0.28437868,0.07302894,0.016591752
2016,3155,813.1,791.5330117356051,Robust_Linear,0.2830396,0.29976845,0.300065,0.10684677,0.010280202
2017,3155,881.5,816.9749098761936,Robust_Linear,0.29844928,0.09203799,0.5026744,0.089673564,0.017164754
2018,3155,830.5,734.5356405577681,V31_Solar_Gated,0.34779608,0.036823366,0.16436662,0.06704433,0.38396966
2019,3155,811.0,843.5743624447988,Robust_Linear,0.31182867,0.26227114,0.32636103,0.087048344,0.012490845
2020,3155,885.3,856.960656371768,Native_Ensemble,0.18466787,0.49276096,0.06570751,0.24631034,0.010553267
2021,3155,851.2,857.7785645583147,Robust_Linear,0.26466024,0.080766864,0.3229786,0.32159856,0.009995777
2022,3155,816.8,885.6585062913188,Native_Ensemble,0.3246976,0.36961573,0.20069657,0.09595041,0.009039653
2023,3155,908.2,878.1513114811519,Native_Ensemble,0.2889852,0.433073,0.18367752,0.08508833,0.009175934
2024,3155,924.1,881.3688609076895,Native_Ensemble,0.27759552,0.44147483,0.10358567,0.1675529,0.009791133
2000,3157,567.0,539.9288844742512,Robust_Linear,0.13368046,0.014158476,0.6607546,0.18307815,0.008328202
2001,3157,543.6,573.9828412457858,Robust_Linear,0.27581576,0.02721487,0.54485494,0.14184947,0.0102649685
2002,3157,558.8,564.7646663948217,Statistical_Trend,0.26229367,0.025806688,0.18134175,0.3646756,0.16588235
2003,3157,569.4,568.0434072204348,Robust_Linear,0.33077326,0.017907599,0.39237684,0.24829388,0.010648378
2004,3157,610.7,565.4293157959276,Robust_Linear,0.2932043,0.025423445,0.4471387,0.22133282,0.012900761
2005,3157,605.9,586.1218122302032,Statistical_Trend,0.19751874,0.07619939,0.1793155,0.536901,0.010065401
2006,3157,532.4,595.836152005285,Statistical_Trend,0.3120769,0.09513965,0.17016493,0.41346675,0.009151839
2007,3157,630.9,588.3486146336095,Robust_Linear,0.20756535,0.108222984,0.57971525,0.094123915,0.010372487
2008,3157,653.1,595.4541581854758,Native_Ensemble,0.06985252,0.53848875,0.05768573,0.3265547,0.0074182986
2009,3157,685.5,623.0105162983242,Native_Ensemble,0.19584507,0.5569166,0.15352383,0.08572956,0.007985013
2010,3157,644.1,642.2499588478515,Native_Ensemble,0.15763108,0.41421998,0.3151782,0.09847328,0.014497398
2011,3157,733.7,720.6996422529778,V31_Solar_Gated,0.029411439,0.04657753,0.077622235,0.027451696,0.8189371
2012,3157,716.2,692.7080959570228,Robust_Linear,0.20210078,0.083725266,0.41702646,0.28639248,0.010754955
2013,3157,617.7,706.8165234143847,Robust_Linear,0.1341909,0.10658826,0.64759296,0.09187677,0.019751089
2014,3157,818.8,762.2952083308818,V31_Solar_Gated,0.023481583,0.052258838,0.04218003,0.022714864,0.85936475
2015,3157,773.7,736.1639601129447,Native_Ensemble,0.23744288,0.42714432,0.26723564,0.057539497,0.01063762
2016,3157,825.9,749.9739683283414,Robust_Linear,0.23801477,0.30057272,0.34425145,0.10290163,0.014259392
2017,3157,840.9,788.82375499539,Robust_Linear,0.22483855,0.33305174,0.34019318,0.08995175,0.011964669
2018,3157,698.7,697.5385199692332,V31_Solar_Gated,0.26517797,0.042147253,0.06710191,0.020279441,0.60529345
2019,3157,694.8,812.7757037617057,Robust_Linear,0.25320458,0.29519844,0.33490852,0.10540483,0.011283573
2020,3157,794.8,763.2525961177151,Statistical_Trend,0.17413332,0.26156446,0.08274676,0.47178626,0.0097691845
2021,3157,817.1,786.9178609180832,Native_Ensemble,0.2936463,0.40278333,0.2215215,0.07409893,0.007949974
2022,3157,732.6,810.1166513734746,Robust_Linear,0.35391822,0.08522096,0.44297445,0.10943143,0.008454915
2023,3157,839.9,793.5882888080474,Robust_Linear,0.28250414,0.07900269,0.53287184,0.097123,0.00849832
2024,3157,941.7,791.1526387063881,Robust_Linear,0.31757903,0.0900026,0.44290853,0.13776703,0.011742863
2000,3158,571.2,528.9116673383638,Robust_Linear,0.14105318,0.014093393,0.6244448,0.17699274,0.04341588
2001,3158,540.7,562.0651639590789,Robust_Linear,0.18699211,0.032463104,0.6919933,0.08125325,0.0072982316
2002,3158,551.7,557.0119656094404,Statistical_Trend,0.2611273,0.026125325,0.20622618,0.36934096,0.13718025
2003,3158,574.6,565.0828785123344,Hybrid_XGB,0.3412697,0.017893884,0.33496824,0.29433596,0.011532219
2004,3158,591.9,568.2004023265002,Statistical_Trend,0.21857299,0.02757719,0.14747812,0.59644467,0.009927017
2005,3158,586.5,585.7569337067249,Statistical_Trend,0.2037568,0.07572671,0.1816073,0.5268986,0.012010566
2006,3158,513.5,591.317646414786,Native_Ensemble,0.36617562,0.43140277,0.09433893,0.101347454,0.006735226
2007,3158,626.5,587.9027023390706,Robust_Linear,0.16831279,0.09058918,0.6714172,0.060407646,0.009273229
2008,3158,659.9,579.7580914665551,Native_Ensemble,0.078839526,0.51440495,0.059964135,0.3389502,0.007841207
2009,3158,671.3,618.8672390005236,Native_Ensemble,0.19815364,0.559715,0.14806141,0.08570649,0.008363423
2010,3158,625.2,641.6409293288648,Native_Ensemble,0.2150788,0.35964993,0.32287177,0.086889826,0.015509733
2011,3158,730.5,710.5184771603653,V31_Solar_Gated,0.026185364,0.043064825,0.053535584,0.025666261,0.85154796
2012,3158,696.8,689.861732188854,Native_Ensemble,0.17061487,0.396574,0.33937868,0.08638163,0.007050785
2013,3158,614.3,705.1844949449127,Robust_Linear,0.12875481,0.34667,0.43064857,0.07891633,0.015010287
2014,3158,823.2,751.6721371048316,V31_Solar_Gated,0.026070299,0.03838413,0.040145896,0.022341704,0.87305796
2015,3158,793.4,734.0328902599315,Native_Ensemble,0.22500896,0.37718812,0.32796362,0.05755252,0.012286788
2016,3158,824.1,752.9278809217508,Robust_Linear,0.23742904,0.28203204,0.34923452,0.11711821,0.01418617
2017,3158,827.8,786.5094613401999,Robust_Linear,0.26922902,0.26427266,0.3536088,0.09892001,0.01396957
2018,3158,639.0,698.9780607781531,V31_Solar_Gated,0.20358764,0.041820396,0.06931949,0.023409428,0.6618631
2019,3158,779.5,795.2935937136142,Native_Ensemble,0.20876089,0.3665299,0.30929172,0.1051167,0.010300831
2020,3158,749.7,774.9655004737198,Native_Ensemble,0.20028698,0.41788065,0.082817815,0.2877339,0.011280658
2021,3158,811.7,787.5190365138241,Native_Ensemble,0.28625926,0.42425224,0.20290555,0.07856354,0.008019423
2022,3158,681.9,808.6842346180349,Statistical_Trend,0.17684855,0.052290898,0.31454003,0.4507596,0.0055609513
2023,3158,860.6,790.303149519248,Robust_Linear,0.2518506,0.10720996,0.55418634,0.078123264,0.008629845
2024,3158,906.4,780.4832935421312,Native_Ensemble,0.22910528,0.48760206,0.10913225,0.16590786,0.008252454
2000,3241,597.9,564.1115891581118,Statistical_Trend,0.06502586,0.010046515,0.10086714,0.7979725,0.026087925
2001,3241,560.6,590.9738945935035,Robust_Linear,0.20967273,0.024292026,0.5738384,0.18386519,0.008331586
2002,3241,564.3,580.3526946133591,Statistical_Trend,0.22867051,0.030108435,0.26961306,0.46176487,0.009843069
2003,3241,605.4,595.2605200225794,Robust_Linear,0.22096296,0.014222205,0.4981394,0.10875376,0.15792172
2004,3241,616.7,604.5646975114736,Statistical_Trend,0.22875255,0.023736252,0.18694784,0.32029018,0.24027315
2005,3241,617.9,609.8913976587771,Native_Ensemble,0.1514394,0.541993,0.1753072,0.12210207,0.00915833
2006,3241,584.4,608.596107582062,Statistical_Trend,0.29603505,0.06342087,0.18195863,0.45023373,0.008351728
2007,3241,661.6,618.8283798212275,Robust_Linear,0.19603075,0.07091045,0.6333955,0.089764155,0.0098991655
2008,3241,664.0,635.99053825233,Native_Ensemble,0.08456447,0.5834727,0.06560854,0.25886112,0.007493223
2009,3241,710.5,655.04688762416,Native_Ensemble,0.19964486,0.58176553,0.13877155,0.07173685,0.008081221
2010,3241,653.7,669.3940446585333,Robust_Linear,0.20772636,0.12035961,0.33260983,0.31949022,0.019813979
2011,3241,767.0,736.2336566949963,V31_Solar_Gated,0.034384426,0.050006643,0.05250178,0.026525622,0.8365815
2012,3241,731.6,717.6266194895778,Statistical_Trend,0.2562208,0.08470921,0.27852747,0.3709664,0.009576135
2013,3241,674.6,754.8422863292972,Robust_Linear,0.07875951,0.08147154,0.48619267,0.09582755,0.25774872
2014,3241,830.0,807.3656751135093,V31_Solar_Gated,0.022026284,0.015701117,0.02701299,0.051225588,0.88403404
2015,3241,796.8,767.0393474730195,Native_Ensemble,0.22999491,0.51264423,0.15927154,0.08259503,0.015494345
2016,3241,820.2,781.9974794477366,Robust_Linear,0.27668983,0.26916438,0.3257538,0.1134422,0.014949777
2017,3241,854.5,810.9288326879688,Robust_Linear,0.22056185,0.3275499,0.35349205,0.081396595,0.016999686
2018,3241,748.1,727.274166589719,Hybrid_XGB,0.401117,0.081776515,0.09766029,0.03149226,0.38795394
2019,3241,747.8,839.5040169530903,Native_Ensemble,0.21845248,0.38775992,0.2683842,0.1175205,0.007882818
2020,3241,825.2,790.3882064712657,Robust_Linear,0.24095885,0.140045,0.3823167,0.2210875,0.015592006
2021,3241,847.6,819.8674879336971,Hybrid_XGB,0.30488566,0.25163847,0.27972376,0.15443097,0.009321141
2022,3241,760.1,835.6214848691102,Hybrid_XGB,0.3884134,0.14039278,0.34767893,0.113645695,0.009869244
2023,3241,929.2,833.3523787219353,Robust_Linear,0.2827778,0.1571261,0.48994833,0.062699385,0.007448453
2024,3241,966.3,831.9923974316372,Robust_Linear,0.33033752,0.12618238,0.41714483,0.11538875,0.010946559
2000,3251,574.5,521.6358886521691,Robust_Linear,0.08513516,0.010701728,0.75274533,0.118982434,0.032435432
2001,3251,543.8,557.2270481158046,Statistical_Trend,0.108878605,0.0096241655,0.1334597,0.7433667,0.004670796
2002,3251,523.7,550.526846505125,Statistical_Trend,0.3516886,0.034069512,0.19239679,0.41064444,0.01120068
2003,3251,517.9,544.7055144914693,Robust_Linear,0.3550675,0.02724842,0.3868326,0.20424664,0.026604863
2004,3251,592.0,552.4184815173223,V31_Solar_Gated,0.12334062,0.011680664,0.27872235,0.15473025,0.43152606
2005,3251,580.2,559.7951635309524,Robust_Linear,0.23907505,0.09487107,0.46863303,0.18570508,0.011715809
2006,3251,563.2,571.5915325886938,Hybrid_XGB,0.32735604,0.2193798,0.28795025,0.15419397,0.0111200195
2007,3251,640.6,589.3357795450523,Robust_Linear,0.22019513,0.098427214,0.5884101,0.084313735,0.008653836
2008,3251,641.1,614.6620950936489,Native_Ensemble,0.14298806,0.6879483,0.06805885,0.096162915,0.004841917
2009,3251,688.5,629.0483644921331,Statistical_Trend,0.23339996,0.08287414,0.20359038,0.46887648,0.011259045
2010,3251,630.0,638.469938108124,Robust_Linear,0.23682638,0.08471711,0.4463426,0.21845208,0.013661853
2011,3251,752.4,718.6248394401462,V31_Solar_Gated,0.02135829,0.016294654,0.07282669,0.05239485,0.83712554
2012,3251,717.1,703.2531296943681,Native_Ensemble,0.16860195,0.44676906,0.28507808,0.09189189,0.0076589575
2013,3251,718.1,718.3163475292862,Robust_Linear,0.235552,0.07485787,0.42323127,0.25611776,0.010241034
2014,3251,833.7,784.21884675743,V31_Solar_Gated,0.038511824,0.034850027,0.20016336,0.052158665,0.6743161
2015,3251,781.7,771.2477564803461,Robust_Linear,0.2222803,0.13595495,0.48187038,0.14526704,0.014627312
2016,3251,749.7,782.8942843303194,Hybrid_XGB,0.34030998,0.20620398,0.2771765,0.16475001,0.0115595255
2017,3251,836.0,801.531981052754,Robust_Linear,0.24557652,0.30415356,0.32717818,0.112076834,0.011014928
2018,3251,536.3,695.7922435569844,V31_Solar_Gated,0.27407148,0.0355888,0.106652506,0.052516717,0.5311705
2019,3251,626.6,798.377613519317,Robust_Linear,0.20254877,0.3083243,0.4011494,0.08034413,0.007633466
2020,3251,773.1,690.0670042366785,Native_Ensemble,0.19459313,0.549572,0.14614365,0.10389842,0.0057928413
2021,3251,814.2,755.3076250635893,Robust_Linear,0.14875409,0.1907339,0.6093207,0.044284016,0.0069072265
2022,3251,649.8,775.1018279986929,Native_Ensemble,0.19232939,0.3880592,0.35733002,0.054436427,0.007845031
2023,3251,824.2,762.4030648035805,Robust_Linear,0.17248759,0.08832553,0.67445886,0.056411274,0.008316749
2024,3251,922.1,766.1995562951437,Robust_Linear,0.25433204,0.11985577,0.52492243,0.08891309,0.011976688
2000,3252,611.2,579.4583391058177,Statistical_Trend,0.07314655,0.009904009,0.09213497,0.79501265,0.029801818
2001,3252,564.4,607.6925279539184,Hybrid_XGB,0.4374596,0.027312336,0.21185645,0.31326884,0.010102813
2002,3252,564.3,589.7870957928221,Statistical_Trend,0.26677576,0.02571848,0.23122889,0.4661668,0.010110076
2003,3252,648.4,605.8138558702976,Robust_Linear,0.26764333,0.013893594,0.4015531,0.14769262,0.16921736
2004,3252,632.3,616.5332484813657,Statistical_Trend,0.26504192,0.021567125,0.16567829,0.33639294,0.21131968
2005,3252,651.9,629.2014796544048,Native_Ensemble,0.12754922,0.55651826,0.15534568,0.15062872,0.009958182
2006,3252,617.7,633.3662826597742,Native_Ensemble,0.34643543,0.40084007,0.16163924,0.08200363,0.009081642
2007,3252,680.6,647.5957441296006,Robust_Linear,0.23417036,0.12796324,0.50153035,0.1255433,0.010792745
2008,3252,691.9,662.2619127139304,Native_Ensemble,0.1104946,0.6092352,0.06274628,0.20957266,0.007951201
2009,3252,751.8,682.0489455987727,Native_Ensemble,0.18886432,0.5564651,0.16484503,0.080954246,0.008871313
2010,3252,665.4,710.0906924439525,Native_Ensemble,0.25567892,0.32671395,0.2973504,0.09486084,0.025395954
2011,3252,810.2,768.7297345547754,V31_Solar_Gated,0.03325885,0.04905312,0.09823341,0.03445491,0.78499967
2012,3252,754.0,750.1684444469637,Native_Ensemble,0.29019988,0.3727378,0.19224602,0.13668358,0.008132747
2013,3252,685.8,774.3768548134237,Robust_Linear,0.08341103,0.08085038,0.6369401,0.10507793,0.09372051
2014,3252,868.5,839.2410809610475,V31_Solar_Gated,0.026189331,0.035451166,0.07324111,0.01726509,0.8478533
2015,3252,786.8,790.6414976472097,Robust_Linear,0.2808809,0.24315989,0.3163532,0.14117083,0.018435186
2016,3252,814.1,802.4598119555039,Native_Ensemble,0.26280904,0.3152067,0.31307676,0.09807213,0.0108353235
2017,3252,867.6,826.3451818454654,Robust_Linear,0.23729354,0.06715925,0.36172375,0.31971902,0.014104486
2018,3252,788.9,728.2233850594156,V31_Solar_Gated,0.35687333,0.069191635,0.08910528,0.038199626,0.44663018
2019,3252,832.7,841.5972082579547,Hybrid_XGB,0.31751096,0.30800423,0.27223063,0.09052765,0.011726434
2020,3252,882.7,834.4750420067026,Statistical_Trend,0.16413082,0.27861977,0.064719655,0.48262846,0.009901298
2021,3252,862.9,846.2000242601074,Hybrid_XGB,0.336923,0.07386597,0.24618232,0.33240655,0.010622176
2022,3252,793.9,875.2262968166808,Robust_Linear,0.34907883,0.1324359,0.37312943,0.13402712,0.011328754
2023,3252,961.0,872.2471943570549,Robust_Linear,0.33047804,0.096545085,0.42761403,0.13554247,0.009820379
2024,3252,960.3,873.0498742873943,Native_Ensemble,0.25179964,0.49327713,0.101987496,0.14486554,0.008070098
2000,3254,588.5,568.014200092074,Statistical_Trend,0.06424181,0.0106253065,0.09210976,0.8071403,0.025882896
2001,3254,568.0,592.8958495058671,Hybrid_XGB,0.32275978,0.031921484,0.3138383,0.32120323,0.010277274
2002,3254,582.1,582.540680739632,Statistical_Trend,0.23825113,0.030924935,0.23858288,0.48218477,0.010056268
2003,3254,607.6,604.0480383561951,Robust_Linear,0.26630473,0.013110907,0.3840156,0.17466408,0.16190471
2004,3254,613.3,607.4482619082263,Statistical_Trend,0.24707817,0.023118967,0.16923733,0.33195373,0.22861178
2005,3254,613.0,610.2877506802591,Native_Ensemble,0.15032637,0.58497417,0.13849927,0.11696536,0.009234822
2006,3254,556.2,613.5700854360042,Native_Ensemble,0.30049205,0.49256843,0.12544383,0.074144386,0.007351223
2007,3254,638.3,614.8922496185562,Robust_Linear,0.19959112,0.07018626,0.60809946,0.11125867,0.010864457
2008,3254,661.1,612.5982180749904,Native_Ensemble,0.16451222,0.6547919,0.062405076,0.11187871,0.006412122
2009,3254,713.2,633.3152068822912,Statistical_Trend,0.23577832,0.10480619,0.12987421,0.51889914,0.010642135
2010,3254,635.5,669.7052420906552,Native_Ensemble,0.20437592,0.5156687,0.19620451,0.0692048,0.014546039
2011,3254,768.9,724.8102072382529,V31_Solar_Gated,0.034168866,0.053236175,0.063515745,0.024569485,0.82450974
2012,3254,716.9,709.240364807037,Native_Ensemble,0.22666122,0.39045313,0.26656446,0.10892386,0.007397315
2013,3254,666.3,728.8788176535629,Robust_Linear,0.08687314,0.06991745,0.6510424,0.10533485,0.08683213
2014,3254,823.0,789.1007565249765,V31_Solar_Gated,0.044050716,0.0561873,0.090687886,0.05144238,0.7576318
2015,3254,805.9,746.4159302021529,Native_Ensemble,0.24375898,0.43761182,0.19874102,0.0940314,0.025856799
2016,3254,833.9,777.0073992278539,Robust_Linear,0.2586578,0.10909872,0.31079394,0.30734125,0.014108348
2017,3254,851.6,805.4349853428192,Robust_Linear,0.27267691,0.06412416,0.53513706,0.111469366,0.01659244
2018,3254,711.7,732.0322859694161,Hybrid_XGB,0.42367703,0.04289148,0.111067,0.054203447,0.36816105
2019,3254,778.5,815.3937019924485,Hybrid_XGB,0.3428208,0.21177308,0.32677856,0.10554403,0.013083434
2020,3254,839.9,804.4215741530516,Statistical_Trend,0.14683391,0.25316295,0.07842105,0.5106904,0.010891701
2021,3254,861.1,812.683178764166,Statistical_Trend,0.32558137,0.07377506,0.19777091,0.39223656,0.010636111
2022,3254,810.5,846.9549775889363,Hybrid_XGB,0.3982186,0.33831543,0.18079059,0.07462064,0.008054727
2023,3254,887.6,842.79950594082,Native_Ensemble,0.32151574,0.40227124,0.17681268,0.09021357,0.009186717
2024,3254,954.2,863.6931396247711,Native_Ensemble,0.27194938,0.4680759,0.108548224,0.14293943,0.00848714
2000,3255,606.9,570.9314159773437,Statistical_Trend,0.07336286,0.011519566,0.0952029,0.8121175,0.0077971756
2001,3255,553.8,600.5357457642816,Hybrid_XGB,0.38222435,0.031948924,0.29008606,0.2838656,0.011875056
2002,3255,540.6,579.6200947611295,Statistical_Trend,0.3173552,0.026776459,0.22526681,0.41993007,0.010671527
2003,3255,612.4,595.3021007138535,Robust_Linear,0.27513567,0.011197571,0.37566653,0.113444254,0.22455594
2004,3255,619.4,595.6708157199072,Robust_Linear,0.26963606,0.017148463,0.5307791,0.16979884,0.012637516
2005,3255,637.8,611.1259078302636,Robust_Linear,0.18542378,0.09896793,0.5694352,0.13628195,0.00989121
2006,3255,611.0,627.5564185490734,Native_Ensemble,0.26662233,0.52871126,0.11951461,0.07776933,0.0073824665
2007,3255,647.9,637.6937775934955,Robust_Linear,0.21000786,0.11461579,0.56980985,0.09508909,0.010477343
2008,3255,660.6,644.0927655215052,Native_Ensemble,0.07997429,0.5766038,0.0633931,0.27212155,0.007907303
2009,3255,735.2,657.5813522850443,Native_Ensemble,0.27403247,0.5521958,0.105358705,0.06194202,0.0064709634
2010,3255,642.4,686.7545863581813,Native_Ensemble,0.26198757,0.39830524,0.24680342,0.074347004,0.018556826
2011,3255,783.2,741.9321019915678,V31_Solar_Gated,0.034662496,0.04754435,0.07632695,0.023034329,0.8184319
2012,3255,759.7,728.9208655351749,Native_Ensemble,0.27730393,0.43091094,0.18566607,0.09828763,0.007831491
2013,3255,652.1,756.7458402324135,Robust_Linear,0.08490738,0.06459054,0.6734441,0.080157556,0.096900426
2014,3255,837.8,804.9329195119423,V31_Solar_Gated,0.060780652,0.0676546,0.0883457,0.040631995,0.7425871
2015,3255,768.3,770.0838981233786,Robust_Linear,0.2906519,0.15585904,0.3770158,0.15685953,0.01961377
2016,3255,858.3,788.7956981476741,Native_Ensemble,0.26054823,0.4156436,0.21845214,0.09366127,0.011694787
2017,3255,835.6,817.4358119580587,Robust_Linear,0.24914648,0.118895434,0.54829866,0.06909066,0.014568828
2018,3255,659.7,710.4023375358726,V31_Solar_Gated,0.17792432,0.061010104,0.121862404,0.028290352,0.61091286
2019,3255,804.9,820.8513615281106,Statistical_Trend,0.325203,0.07650156,0.2044386,0.38400814,0.009848727
2020,3255,878.3,786.0986997044249,Statistical_Trend,0.20849156,0.25212565,0.0834728,0.44673768,0.009172281
2021,3255,830.3,816.4492070118699,Robust_Linear,0.34591538,0.12107531,0.40682465,0.11473768,0.01144702
2022,3255,832.9,852.5731633393996,Robust_Linear,0.3904885,0.07958138,0.44178188,0.079795465,0.008352761
2023,3255,802.2,835.1401954980587,Robust_Linear,0.35339254,0.09643929,0.42283678,0.11538316,0.011948278
2024,3255,912.5,839.3694280639563,Native_Ensemble,0.29100564,0.45755368,0.09963343,0.14194562,0.009861717
2000,3256,574.1,518.1498434955123,Robust_Linear,0.12076775,0.01645604,0.5661765,0.2500108,0.046588928
2001,3256,531.1,560.2852798136918,Robust_Linear,0.2014419,0.016552005,0.6752046,0.09891136,0.007890178
2002,3256,513.1,546.2003234832179,Statistical_Trend,0.26004478,0.032464802,0.2154468,0.48027125,0.011772348
2003,3256,509.3,550.3028285040833,Robust_Linear,0.2045524,0.018549671,0.63460267,0.129255,0.013040344
2004,3256,598.1,544.3933117928344,Robust_Linear,0.1474831,0.019256603,0.5849303,0.23437439,0.013955657
2005,3256,598.0,555.1935398010587,Robust_Linear,0.17470904,0.123125196,0.44897416,0.2427495,0.010442093
2006,3256,581.4,590.835315922236,Native_Ensemble,0.2052975,0.5325578,0.18671544,0.068875074,0.0065542017
2007,3256,637.6,598.5891112974073,Hybrid_XGB,0.32139045,0.14463644,0.31316012,0.2084479,0.012365043
2008,3256,636.0,623.3808012060155,Native_Ensemble,0.10297625,0.67805773,0.057811473,0.15536752,0.005787115
2009,3256,686.0,635.6005942436487,Statistical_Trend,0.18462875,0.08095474,0.19900951,0.52526236,0.010144619
2010,3256,630.9,637.4248758855254,Robust_Linear,0.18615872,0.08404024,0.48603183,0.23256333,0.011206018
2011,3256,745.5,723.7759789316212,V31_Solar_Gated,0.021151714,0.044264387,0.06123803,0.029474882,0.84387106
2012,3256,723.6,699.4238415310106,Robust_Linear,0.21050783,0.082900755,0.45238623,0.24327399,0.010931273
2013,3256,724.1,722.1688334095438,Robust_Linear,0.21038434,0.10300476,0.51932144,0.15658036,0.010709108
2014,3256,854.9,804.8852734802899,V31_Solar_Gated,0.019663349,0.031352643,0.10960892,0.024282353,0.8150927
2015,3256,770.8,780.5687637354077,Robust_Linear,0.124755844,0.09337353,0.6307165,0.13553987,0.01561432
2016,3256,790.2,783.4359724148167,Hybrid_XGB,0.33188534,0.21788414,0.28480214,0.15363045,0.011798029
2017,3256,872.4,808.795308774657,Robust_Linear,0.23810421,0.27593565,0.38414633,0.09164849,0.0101652825
2018,3256,697.1,726.7114440321292,Hybrid_XGB,0.41897967,0.04035914,0.111531824,0.04696213,0.38216725
2019,3256,719.5,825.1632677315503,Robust_Linear,0.29455772,0.08806366,0.31775296,0.28672484,0.012900851
2020,3256,773.7,779.1972013540588,Statistical_Trend,0.13859764,0.36347476,0.071127154,0.4180098,0.008790589
2021,3256,838.9,800.3789428122112,Robust_Linear,0.275075,0.11542126,0.5417959,0.060114253,0.0075935586
2022,3256,743.9,824.6013725029022,Native_Ensemble,0.19905867,0.4294076,0.31443793,0.050987124,0.0061087166
2023,3256,875.4,810.1106049956026,Robust_Linear,0.26413095,0.08542803,0.566249,0.076423265,0.0077687134
2024,3256,866.4,818.4273448443384,Robust_Linear,0.29118657,0.12997615,0.4448129,0.123496264,0.01052807
2000,3257,611.4,581.5579941439715,Statistical_Trend,0.06356672,0.010074382,0.092019826,0.80651426,0.027824858
2001,3257,583.6,608.3140370350561,Hybrid_XGB,0.39723828,0.0351578,0.18059291,0.37525743,0.011753612
2002,3257,576.9,595.6187385381384,Statistical_Trend,0.26647517,0.030547746,0.23076098,0.4618119,0.0104042115
2003,3257,645.7,609.6385487348045,Robust_Linear,0.2745699,0.0133727435,0.42119625,0.15567593,0.13518515
2004,3257,644.0,628.2057882966791,Statistical_Trend,0.2652066,0.020874556,0.17066243,0.3399664,0.20329
2005,3257,678.8,639.8312054626998,Native_Ensemble,0.14940596,0.55645794,0.17080846,0.114029326,0.00929829
2006,3257,642.2,654.4118180733225,Statistical_Trend,0.27876535,0.084578104,0.23188682,0.3937978,0.010971885
2007,3257,684.5,670.5997235842251,Native_Ensemble,0.17938623,0.6077196,0.13269654,0.07190113,0.008296538
2008,3257,722.1,679.372915226578,Native_Ensemble,0.11818974,0.5583659,0.064254925,0.25009307,0.009096354
2009,3257,728.9,701.9669418845524,Native_Ensemble,0.20507143,0.46170294,0.23509616,0.088738345,0.009391117
2010,3257,665.9,715.9506130024586,Statistical_Trend,0.21535872,0.09763132,0.29438093,0.36657274,0.026056219
2011,3257,783.1,763.5856735329753,V31_Solar_Gated,0.04447174,0.050715115,0.04659021,0.02761328,0.8306096
2012,3257,739.7,748.7687377650764,Hybrid_XGB,0.36768642,0.04818233,0.22445306,0.35215956,0.0075186184
2013,3257,682.5,784.50439110719,Robust_Linear,0.12305636,0.038550846,0.3674737,0.14078595,0.33013317
2014,3257,842.2,811.2636746924927,V31_Solar_Gated,0.024798196,0.025750706,0.07721566,0.02712611,0.84510934
2015,3257,798.5,779.2999713268383,Robust_Linear,0.25496963,0.10941897,0.49633121,0.120580465,0.018699648
2016,3257,758.6,793.9386921116708,Native_Ensemble,0.29209295,0.4108519,0.18509081,0.10138783,0.010576512
2017,3257,852.2,817.0871648762835,Robust_Linear,0.3813149,0.13157679,0.40176892,0.07023733,0.0151021285
2018,3257,722.2,807.9860074495456,Robust_Linear,0.35639104,0.07374376,0.41900888,0.13920726,0.0116491215
2019,3257,756.2,823.8918454641783,Robust_Linear,0.35270825,0.079401106,0.46978155,0.089217186,0.008891889
2020,3257,852.5,779.2570244539392,Statistical_Trend,0.17048886,0.29813266,0.0787335,0.4438401,0.008804864
2021,3257,837.7,827.4978690183075,Robust_Linear,0.24344869,0.10886153,0.54779255,0.09096438,0.008932759
2022,3257,820.7,843.5774058392334,Robust_Linear,0.2921879,0.1138399,0.4702514,0.114024304,0.00969638
2023,3257,983.1,843.2438402266639,Robust_Linear,0.29501796,0.13390002,0.45705086,0.10471867,0.009312512
2024,3257,893.0,856.657314512277,Robust_Linear,0.3325598,0.12536198,0.41498291,0.11574391,0.011351445
2000,3351,542.1,519.8884125175243,Statistical_Trend,0.09461419,0.012085958,0.117459126,0.7441457,0.031694926
2001,3351,524.0,538.3044142463517,Statistical_Trend,0.3444487,0.027030487,0.26868543,0.3499152,0.009920186
2002,3351,494.2,534.4599019457569,Statistical_Trend,0.30454785,0.030055035,0.15205501,0.50105375,0.012288326
2003,3351,565.9,538.1189695229957,Robust_Linear,0.34660333,0.016926156,0.49940288,0.12684856,0.010219034
2004,3351,575.2,534.7563732344213,Robust_Linear,0.25123048,0.019781344,0.44155645,0.27712464,0.01030705
2005,3351,573.7,557.2463060216859,Native_Ensemble,0.13531595,0.54817677,0.14991474,0.15702584,0.009566655
2006,3351,549.6,573.8723114158846,Native_Ensemble,0.27683747,0.5160849,0.11673255,0.08121566,0.00912939
2007,3351,622.1,577.9404622730751,Robust_Linear,0.2688008,0.09532726,0.52994376,0.096966185,0.008962016
2008,3351,609.4,595.1809574050436,Native_Ensemble,0.11958438,0.606875,0.06940478,0.19742334,0.0067125587
2009,3351,702.9,612.3495448000483,Native_Ensemble,0.18628559,0.5995318,0.11845743,0.087286726,0.008438408
2010,3351,614.2,620.9159108923277,Robust_Linear,0.15908992,0.11474254,0.3587687,0.35075778,0.01664108
2011,3351,745.5,726.8360324242756,V31_Solar_Gated,0.022135852,0.04364207,0.046538066,0.029828722,0.85785526
2012,3351,706.8,688.7571398034931,Native_Ensemble,0.14446077,0.45128426,0.3079615,0.08787401,0.008419456
2013,3351,631.9,703.5640287792237,Robust_Linear,0.16217639,0.08093339,0.5500391,0.19745503,0.009396111
2014,3351,862.2,776.7403608264162,V31_Solar_Gated,0.021312164,0.03427512,0.06797506,0.028546238,0.84789145
2015,3351,756.7,729.8117271553996,Native_Ensemble,0.26185137,0.4815974,0.12255561,0.11894477,0.015050823
2016,3351,811.7,770.2380434768296,Hybrid_XGB,0.30250606,0.10025294,0.29236647,0.29237953,0.012494948
2017,3351,810.7,794.3000494666575,Robust_Linear,0.23872553,0.3101684,0.31156436,0.12843938,0.0111022955
2018,3351,690.4,714.9984261620828,Hybrid_XGB,0.4840728,0.03481351,0.101032965,0.048640717,0.3314401
2019,3351,656.7,805.3214758948676,Robust_Linear,0.30405962,0.22048928,0.33344445,0.12850296,0.013503579
2020,3351,744.3,754.0337996399885,Statistical_Trend,0.17869057,0.35337678,0.08822883,0.3715605,0.008143376
2021,3351,778.6,772.0409974031953,Robust_Linear,0.18401885,0.07268532,0.53249305,0.20391239,0.0068903347
2022,3351,693.1,783.8507286455073,Robust_Linear,0.2944822,0.08024594,0.52995026,0.08499798,0.01032363
2023,3351,811.0,765.260221555233,Robust_Linear,0.22209397,0.1075745,0.585932,0.074046336,0.010353149
2024,3351,804.4,770.2834308010446,Robust_Linear,0.263421,0.13060941,0.49728683,0.09613901,0.012543746
2001,3352,513.9,501.659076898879,Robust_Linear,0.18843682,0.02003628,0.43272364,0.34871548,0.010087821
2002,3352,484.4,501.03491194343076,Robust_Linear,0.23250492,0.031679533,0.4508867,0.27543885,0.009490031
2010,3352,612.6,553.7663674328518,Native_Ensemble,0.16954012,0.39005932,0.36277103,0.06979654,0.007832948
2011,3352,736.0,599.327406481333,Statistical_Trend,0.18193927,0.107489035,0.25127763,0.42619145,0.03310266
2012,3352,713.1,675.7846784704251,Native_Ensemble,0.15964018,0.41010684,0.36663944,0.057556335,0.006057241
2013,3352,645.3,688.7793435936035,Robust_Linear,0.13571288,0.06473648,0.30166125,0.20432809,0.2935613
2014,3352,851.6,750.8381263026378,V31_Solar_Gated,0.038553055,0.047640506,0.07766395,0.045593392,0.7905491
2015,3352,767.0,752.1969921974301,Native_Ensemble,0.20576859,0.41694912,0.31073833,0.057364643,0.009179361
2000,3353,524.4,502.05773511762527,Statistical_Trend,0.075403735,0.010511772,0.10911587,0.77446544,0.030503167
2001,3353,518.9,532.859474374269,Robust_Linear,0.24182653,0.023420434,0.5370651,0.18384326,0.013844718
2002,3353,494.2,524.8333112278382,Robust_Linear,0.2258049,0.02605321,0.513374,0.22481462,0.009953281
2003,3353,519.2,532.606295251623,Robust_Linear,0.29789403,0.017979732,0.5359009,0.13745579,0.010769529
2004,3353,536.4,531.4697214171744,Robust_Linear,0.19319746,0.01790558,0.44819215,0.32977706,0.010927795
2005,3353,571.6,542.1059587671654,Robust_Linear,0.15643921,0.15293396,0.5992718,0.08330711,0.008048033
2006,3353,543.4,551.5064750919855,Hybrid_XGB,0.46974856,0.07110681,0.32734966,0.12215216,0.009642786
2007,3353,616.0,569.5112193047684,Robust_Linear,0.2364636,0.08542738,0.5795796,0.089104176,0.009425299
2008,3353,621.7,589.7260280799889,Native_Ensemble,0.15324052,0.62988067,0.07175031,0.13789742,0.007231155
2009,3353,682.2,604.4985329961162,Statistical_Trend,0.17327021,0.08287105,0.23574576,0.49877095,0.009342022
2010,3353,608.5,625.6211770799679,Robust_Linear,0.20049527,0.3023886,0.38796228,0.09844347,0.010710398
2011,3353,730.2,713.262462245028,V31_Solar_Gated,0.022580426,0.046089508,0.0576653,0.03451771,0.83914703
2012,3353,710.2,680.3579670600938,Robust_Linear,0.2197064,0.16049944,0.46113646,0.14789264,0.010765126
2013,3353,646.0,706.0161821072264,Robust_Linear,0.17999081,0.29897913,0.41924903,0.092828125,0.008952798
2014,3353,849.7,769.9103373117575,V31_Solar_Gated,0.04244248,0.058108907,0.090730466,0.05874544,0.7499727
2015,3353,755.2,750.4191199342814,Native_Ensemble,0.17472553,0.48233864,0.17562568,0.15196964,0.015340436
2016,3353,827.7,768.1706714339633,Hybrid_XGB,0.33099848,0.25410435,0.26600355,0.1370783,0.011815301
2017,3353,775.9,799.4030544351699,Robust_Linear,0.25615928,0.06504089,0.5457177,0.121959805,0.011122324
2018,3353,657.7,789.2535656636992,Hybrid_XGB,0.45571765,0.08421519,0.30690855,0.13988131,0.013277331
2019,3353,688.7,801.5122429085399,Robust_Linear,0.2684539,0.12482042,0.4845496,0.11268925,0.009486869
2020,3353,769.0,745.1675863284325,Statistical_Trend,0.22242439,0.20830968,0.09590431,0.4631876,0.01017408
2021,3353,680.8,776.3155246784694,Robust_Linear,0.28175443,0.114997864,0.53750753,0.05802267,0.007717506
2022,3353,765.6,775.3991502457333,Robust_Linear,0.18341172,0.24019235,0.52342784,0.044742506,0.008225563
2023,3353,769.2,767.7102305032013,Robust_Linear,0.21554059,0.18542254,0.51308113,0.07623263,0.009723044
2024,3353,780.6,746.1701991906139,Native_Ensemble,0.2210897,0.5433008,0.09926616,0.12722345,0.009119868
2000,3354,537.2,496.84312376830326,Robust_Linear,0.13443097,0.015138299,0.5540022,0.24638888,0.05003964
2001,3354,528.0,534.4437348294982,Robust_Linear,0.24623585,0.01782806,0.6005202,0.12691683,0.008499125
2002,3354,492.2,526.8179375366228,Robust_Linear,0.23292175,0.028607633,0.45007458,0.27905726,0.009338704
2003,3354,528.7,518.2955899156316,Hybrid_XGB,0.42791003,0.01947949,0.3605515,0.18021096,0.011848033
2004,3354,548.6,524.9866906287142,Robust_Linear,0.31871787,0.022007493,0.4992659,0.14943087,0.010577869
2005,3354,558.1,537.0054188503304,Robust_Linear,0.34004685,0.08496936,0.39842314,0.16320643,0.013354296
2006,3354,525.3,544.7564326875429,Native_Ensemble,0.31620234,0.4823874,0.095206946,0.09843333,0.0077699544
2007,3354,603.5,560.0632776578266,Robust_Linear,0.1998397,0.09223158,0.49934906,0.20042735,0.008152345
2008,3354,595.8,566.4062473414986,Statistical_Trend,0.12368513,0.24775049,0.09175494,0.5279267,0.00888273
2009,3354,664.4,590.7486222467954,Native_Ensemble,0.20214324,0.551225,0.13944247,0.0973727,0.009816593
2010,3354,611.0,604.7502809797754,Robust_Linear,0.147464,0.26736733,0.43757886,0.13758424,0.010005576
2011,3354,722.6,699.6691142636294,V31_Solar_Gated,0.031179933,0.046272226,0.049215842,0.053426474,0.81990546
2012,3354,693.4,671.4131185926035,Robust_Linear,0.20585203,0.14631507,0.46782368,0.16887772,0.011131487
2013,3354,657.1,690.1687415339806,Robust_Linear,0.106953084,0.081599094,0.6205143,0.1345283,0.056405324
2014,3354,854.7,753.9975636793538,V31_Solar_Gated,0.038054306,0.04354721,0.059707113,0.03453925,0.8241522
2015,3354,747.7,745.5858000838826,Native_Ensemble,0.18417533,0.36165714,0.33516106,0.10561914,0.013387319
2016,3354,747.4,752.6305379368757,Robust_Linear,0.26931044,0.2044489,0.3015843,0.20647396,0.018182425
2017,3354,855.3,781.5868822541463,Native_Ensemble,0.23939772,0.34544736,0.27378872,0.12951502,0.011851188
2018,3354,674.2,692.019245389545,V31_Solar_Gated,0.1031795,0.0386119,0.05499216,0.029382678,0.77383375
2019,3354,736.4,794.3175564096344,Hybrid_XGB,0.3460302,0.2273576,0.28900257,0.12424707,0.013362544
2020,3354,760.4,782.1235608096258,Statistical_Trend,0.17215687,0.3517303,0.07506604,0.39314812,0.007898726
2021,3354,791.6,782.6645182506337,Statistical_Trend,0.32916793,0.04969056,0.2335953,0.3795529,0.007993278
2022,3354,771.4,782.7157651746037,Robust_Linear,0.35902125,0.08753699,0.36320227,0.17887041,0.0113691455
2023,3354,787.4,786.2199616756636,Robust_Linear,0.28797433,0.2051752,0.3862325,0.11005228,0.010565726
2024,3354,787.9,783.1738097364367,Robust_Linear,0.2974721,0.12937523,0.41836056,0.14317061,0.0116215255
2000,3355,543.4,509.4846254243404,Statistical_Trend,0.103522755,0.012687267,0.11705113,0.72854245,0.03819635
2001,3355,509.8,536.1932448635459,Robust_Linear,0.2271818,0.018645257,0.62909263,0.11658346,0.008496882
2002,3355,495.9,524.2601257360857,Statistical_Trend,0.21905118,0.026750121,0.3333844,0.41228262,0.00853165
2003,3355,539.1,530.3804942146656,Robust_Linear,0.24181795,0.016374012,0.53825474,0.19381632,0.009736982
2004,3355,561.5,529.477095823576,Robust_Linear,0.2836674,0.022107713,0.441582,0.2431105,0.00953238
2005,3355,570.5,546.0247160661319,Statistical_Trend,0.10356535,0.069129676,0.14484781,0.67471874,0.0077384585
2006,3355,534.0,560.361739658075,Native_Ensemble,0.2817943,0.4710134,0.14345798,0.09497889,0.008755459
2007,3355,611.7,568.041306654079,Robust_Linear,0.22406338,0.085769676,0.5999636,0.08154754,0.008655796
2008,3355,599.4,583.516869801633,Native_Ensemble,0.12893847,0.5854666,0.077799976,0.20058392,0.0072109597
2009,3355,682.3,598.5549299745242,Statistical_Trend,0.24169348,0.056933735,0.23274755,0.4594405,0.009184781
2010,3355,589.4,614.6337961661885,Robust_Linear,0.14275736,0.26640028,0.46841514,0.1118612,0.010566065
2011,3355,724.0,704.0148256978542,V31_Solar_Gated,0.015250247,0.013790979,0.041707337,0.061045248,0.86820614
2012,3355,689.4,666.4571501323591,Robust_Linear,0.20483823,0.17299171,0.4916517,0.118484,0.012034278
2013,3355,638.3,682.7278088706238,Robust_Linear,0.1821815,0.12915425,0.57219046,0.10665587,0.009817937
2014,3355,840.8,757.841351773723,V31_Solar_Gated,0.019481467,0.024720637,0.05259346,0.067135595,0.8360688
2015,3355,748.4,735.0342572389186,Native_Ensemble,0.16081452,0.4618476,0.27485254,0.091060534,0.011424756
2016,3355,798.4,758.3483283119831,Robust_Linear,0.2740663,0.2627758,0.28583118,0.16524708,0.012079606
2017,3355,755.8,780.4619653253726,Robust_Linear,0.2019979,0.31060016,0.39383066,0.08368857,0.00988267
2018,3355,681.1,700.0843377892903,Hybrid_XGB,0.40520504,0.07496232,0.10253033,0.032377556,0.3849248
2019,3355,763.8,785.3840218598726,Robust_Linear,0.22945939,0.11885435,0.52677757,0.113456525,0.011452211
2020,3355,754.5,770.345478724553,Statistical_Trend,0.17769043,0.33973575,0.07955453,0.3951304,0.007888948
2021,3355,778.9,779.7300543721341,Native_Ensemble,0.29306212,0.36589974,0.2538695,0.07910333,0.008065334
2022,3355,725.1,794.0115747199432,Robust_Linear,0.3341477,0.08181242,0.4991438,0.076412894,0.008483146
2023,3355,797.3,771.8106435069986,Robust_Linear,0.2584294,0.17805108,0.4596706,0.09387084,0.009978093
2024,3355,822.2,774.6040733467647,Native_Ensemble,0.20945843,0.5452676,0.08786962,0.1487378,0.008666589
2010,3356,612.6,591.4305642977871,Native_Ensemble,0.20259786,0.577122,0.11700293,0.09519724,0.008080033
2011,3356,736.0,622.7632711948537,Robust_Linear,0.26196247,0.13548666,0.4667926,0.12085628,0.014902029
2012,3356,713.1,693.066265551191,Robust_Linear,0.15217026,0.07029663,0.51120955,0.26075375,0.0055697327
2013,3356,645.3,726.8568202617572,Robust_Linear,0.16968718,0.11902074,0.6540807,0.051580336,0.0056309863
2015,3356,767.0,745.8385121560058,Robust_Linear,0.19013497,0.06609893,0.44154495,0.29228368,0.00993746
2000,3357,537.6,477.9034142412144,Statistical_Trend,0.08137853,0.013048782,0.11138404,0.7385419,0.055646703
2001,3357,542.2,519.8200652685468,Robust_Linear,0.21593201,0.022877846,0.49828026,0.24679719,0.016112749
2002,3357,489.3,526.0528150247825,Hybrid_XGB,0.35533556,0.030495152,0.32693097,0.27338165,0.013856635
2003,3357,470.9,525.725485768551,Hybrid_XGB,0.44578055,0.02344906,0.11433697,0.39870358,0.017729782
2004,3357,570.4,515.3752370478422,Robust_Linear,0.3719244,0.02097192,0.3758832,0.21566585,0.015554574
2005,3357,583.6,543.518095303223,Native_Ensemble,0.17077838,0.52696866,0.20312086,0.09158501,0.0075470954
2006,3357,525.7,566.9498428288584,Robust_Linear,0.20721486,0.22072485,0.43243927,0.12701496,0.012606149
2007,3357,620.3,566.0802991018498,Native_Ensemble,0.23534407,0.4225967,0.27257037,0.061643623,0.007845205
2008,3357,622.0,591.398615625972,Native_Ensemble,0.13745253,0.60565996,0.057964507,0.19164044,0.007282527
2009,3357,691.3,610.2635805428162,Statistical_Trend,0.19673713,0.098482266,0.22555904,0.4658368,0.013384747
2010,3357,603.0,626.7479318408775,Hybrid_XGB,0.37792313,0.25659636,0.2604955,0.09334992,0.011635108
2011,3357,730.4,712.7129255731811,V31_Solar_Gated,0.03337114,0.044022467,0.04644617,0.034897324,0.84126294
2012,3357,720.4,692.881483492591,Hybrid_XGB,0.40682095,0.14040968,0.31585672,0.12671511,0.010197479
2013,3357,641.2,713.736163580204,Hybrid_XGB,0.3204768,0.30833536,0.25667116,0.10411912,0.010397516
2014,3357,844.7,776.5145397979526,V31_Solar_Gated,0.026160935,0.032934207,0.03826649,0.03468558,0.8679528
2015,3357,768.9,754.2004092503767,Robust_Linear,0.21225105,0.17786242,0.42450482,0.16863781,0.016743977
2016,3357,751.4,767.1709258114537,Hybrid_XGB,0.40766895,0.21481654,0.22711937,0.1375309,0.012864307
2017,3357,885.3,801.2452544118225,Hybrid_XGB,0.42172974,0.110471725,0.3360515,0.11924452,0.012502451
2018,3357,505.2,684.6394287881221,V31_Solar_Gated,0.30729112,0.05567315,0.06535199,0.03159944,0.5400843
2019,3357,716.6,801.7251964303299,Robust_Linear,0.3309865,0.19428572,0.35530737,0.10657452,0.012845878
2020,3357,688.8,720.202931200087,Native_Ensemble,0.28855786,0.40598276,0.1047433,0.19075489,0.009961121
2021,3357,863.3,750.9450057945406,Robust_Linear,0.26649386,0.1015064,0.5635416,0.059211057,0.009247128
2022,3357,665.8,775.2892310899549,Robust_Linear,0.20037356,0.13781847,0.4196285,0.23269159,0.009487837
2023,3357,890.1,776.7439098311589,Robust_Linear,0.22145031,0.09494837,0.59843236,0.07595958,0.0092093665
2024,3357,933.6,753.220409253568,Native_Ensemble,0.24461806,0.5257235,0.084296055,0.13698097,0.008381415
2000,3358,538.0,493.83780792474295,Statistical_Trend,0.0769024,0.010985458,0.118227445,0.76094997,0.032934703
2001,3358,505.9,519.9911214403191,Robust_Linear,0.15924679,0.01992539,0.6869073,0.12516688,0.00875362
2002,3358,479.5,521.9233832077405,Robust_Linear,0.18830752,0.027383344,0.40943748,0.36373612,0.0111355
2003,3358,478.2,514.2844574123619,Robust_Linear,0.3569997,0.017433576,0.4754866,0.13249968,0.01758036
2004,3358,539.9,510.66668545700776,Robust_Linear,0.17594586,0.015158962,0.6621043,0.13576305,0.011027765
2005,3358,565.9,528.4898711454595,Robust_Linear,0.18413234,0.08013419,0.64522535,0.083188765,0.0073194145
2006,3358,518.0,549.5811150533256,Native_Ensemble,0.23115832,0.4820568,0.20558704,0.074231476,0.0069663012
2007,3358,603.1,554.477595266602,Robust_Linear,0.23973106,0.20531644,0.4790704,0.068355836,0.007526241
2008,3358,590.3,570.6724100802867,Native_Ensemble,0.17408346,0.5383033,0.07842988,0.20143342,0.007749992
2009,3358,681.7,590.8166885734167,Statistical_Trend,0.20468147,0.05052375,0.20682314,0.5297463,0.008225296
2010,3358,603.2,606.3844892797908,Robust_Linear,0.16862915,0.067943364,0.49412513,0.25885212,0.010450171
2011,3358,728.3,699.1977737073404,V31_Solar_Gated,0.02112716,0.04310302,0.05064389,0.039777488,0.8453484
2012,3358,694.6,673.8937840906606,Robust_Linear,0.24089281,0.11931199,0.48836428,0.1411936,0.010237323
2013,3358,644.0,695.1352061679897,Robust_Linear,0.2295118,0.1003301,0.52736366,0.13241263,0.01038178
2014,3358,847.7,763.9837042170976,V31_Solar_Gated,0.019965298,0.021466348,0.107563496,0.033790924,0.81721395
2015,3358,762.7,742.5526379743955,Robust_Linear,0.14903638,0.121450774,0.5365323,0.17787597,0.015104552
2016,3358,740.0,765.9594903942649,Hybrid_XGB,0.33623135,0.23070674,0.26850504,0.15203674,0.0125201745
2017,3358,848.9,779.7826913381108,Robust_Linear,0.27335167,0.06731936,0.52112657,0.12634045,0.011861922
2018,3358,652.9,677.1025548052551,V31_Solar_Gated,0.22422767,0.037097085,0.107817285,0.048252,0.58260596
2019,3358,684.4,810.7373031278233,Robust_Linear,0.3247561,0.057370078,0.46589288,0.14197555,0.010005431
2020,3358,799.4,761.4709615726765,Robust_Linear,0.17043197,0.14572395,0.5507404,0.1228752,0.010228398
2021,3358,763.0,782.6034448021619,Robust_Linear,0.310389,0.08173,0.50587374,0.09290473,0.00910252
2022,3358,739.3,799.2304542742716,Robust_Linear,0.28353107,0.11304849,0.5238078,0.07019298,0.009419594
2023,3358,837.9,788.3587346229033,Robust_Linear,0.23616938,0.08226328,0.5850027,0.08815505,0.00840957
2024,3358,874.5,791.5654739773812,Robust_Linear,0.29337215,0.08920688,0.5026222,0.103952795,0.010845955
2000,3359,549.8,506.76687146355516,Statistical_Trend,0.10311418,0.013527823,0.11349726,0.70479774,0.065062985
2001,3359,506.0,536.5471167268396,Robust_Linear,0.22477219,0.014543517,0.66899973,0.08385742,0.007827114
2002,3359,485.5,527.33384650395,Robust_Linear,0.24874958,0.028606363,0.38790044,0.32560876,0.009134856
2003,3359,492.2,532.60007889858,Robust_Linear,0.17035514,0.01757531,0.49621144,0.30449307,0.011365096
2004,3359,570.7,521.9260523766242,Robust_Linear,0.16967773,0.018965503,0.5443574,0.25794253,0.009056769
2005,3359,596.0,540.6733914327978,Robust_Linear,0.16411518,0.068887986,0.4770716,0.28289986,0.0070254477
2006,3359,553.7,566.5579257412804,Native_Ensemble,0.22771986,0.5117056,0.17115384,0.08202448,0.0073961727
2007,3359,637.3,595.0231731254041,V31_Solar_Gated,0.1269831,0.17235695,0.16182207,0.03620323,0.5026347
2008,3359,625.7,604.2527588903529,Native_Ensemble,0.10908284,0.64400226,0.06437094,0.17391653,0.00862745
2009,3359,701.5,623.0913123650226,Native_Ensemble,0.17563301,0.46379766,0.24131714,0.10956825,0.009683946
2010,3359,605.8,635.236486815141,Robust_Linear,0.18050121,0.26625836,0.46495214,0.07956137,0.008726966
2011,3359,723.0,732.9957196631241,V31_Solar_Gated,0.032397006,0.056434106,0.074725986,0.0418684,0.79457456
2012,3359,706.2,686.5936016640297,Robust_Linear,0.21577582,0.22530219,0.44642505,0.10253068,0.00996621
2013,3359,642.2,702.8385958663404,Robust_Linear,0.21621521,0.0886492,0.3612498,0.32335046,0.010535305
2014,3359,840.2,759.9283462362088,V31_Solar_Gated,0.03170658,0.024692783,0.06399057,0.07965651,0.7999535
2015,3359,768.5,747.1490031063043,Robust_Linear,0.27373102,0.14318785,0.46816272,0.10179186,0.013126599
2016,3359,719.2,634.2822715764754,V31_Solar_Gated,0.26921737,0.08263779,0.15562482,0.036556758,0.45596316
2017,3359,729.9,780.169975408438,Robust_Linear,0.23625219,0.30901492,0.34722364,0.09678976,0.010719486
2018,3359,705.5,675.7434943968985,V31_Solar_Gated,0.23186278,0.068998605,0.13505098,0.049026918,0.5150607
2020,3359,725.2,773.7094389902525,Native_Ensemble,0.23953934,0.4832414,0.077177234,0.19264852,0.007393536
2021,3359,707.1,764.732857793975,Robust_Linear,0.35941622,0.066948354,0.49394614,0.071591645,0.008097699
2022,3359,644.8,769.7326391629526,Robust_Linear,0.19375351,0.08255773,0.43928403,0.27526549,0.009139217
2023,3359,907.9,739.9645488967076,Robust_Linear,0.21110067,0.18634035,0.5114034,0.08004164,0.011113961
2024,3359,968.7,756.0919654379238,Robust_Linear,0.25039068,0.22859503,0.41059312,0.09858783,0.011833354
2000,3360,567.8,532.6530672285032,Statistical_Trend,0.09921761,0.0129354475,0.13166052,0.7490163,0.007170143
2001,3360,544.0,552.5896025237352,Hybrid_XGB,0.38074645,0.030935105,0.23152615,0.34245217,0.014340171
2002,3360,528.0,550.4127841658386,Statistical_Trend,0.23381545,0.027852422,0.20331006,0.5247884,0.010233682
2003,3360,601.2,547.45169447188,Robust_Linear,0.35688564,0.014547606,0.4143141,0.20424186,0.0100107845
2004,3360,584.2,568.0921686903864,Statistical_Trend,0.2645739,0.027673205,0.18701138,0.510294,0.010447522
2005,3360,596.3,583.3061556643636,Native_Ensemble,0.11684552,0.40819603,0.14804131,0.31643054,0.010486585
2006,3360,565.5,593.6371439891183,Statistical_Trend,0.3457389,0.05857892,0.13540284,0.45104453,0.009234768
2007,3360,632.2,601.0244364485749,Robust_Linear,0.21593522,0.077300444,0.44205156,0.25602937,0.008683499
2008,3360,631.1,609.9672003800998,Native_Ensemble,0.111875646,0.5758097,0.07268122,0.23186019,0.007773116
2009,3360,708.3,626.2348137804667,Statistical_Trend,0.2466611,0.06204585,0.1393687,0.54353106,0.008393309
2010,3360,613.1,639.6192046379333,Robust_Linear,0.20497268,0.108690776,0.4166807,0.25451642,0.015139382
2011,3360,716.0,731.7571046324543,V31_Solar_Gated,0.021483976,0.036100104,0.0376966,0.029284544,0.8754347
2012,3360,697.9,685.0384163044602,Robust_Linear,0.22392689,0.1928532,0.44707906,0.12663652,0.009504276
2013,3360,637.6,698.757746557576,Statistical_Trend,0.29537892,0.07603652,0.29748607,0.32110524,0.009993287
2014,3360,842.4,759.6387335892315,V31_Solar_Gated,0.023432314,0.032987744,0.04792239,0.028992193,0.8666653
2015,3360,744.6,734.2091632478822,Statistical_Trend,0.1796718,0.2571665,0.15518652,0.39693078,0.01104433
2016,3360,768.1,756.0828040598655,Hybrid_XGB,0.30434337,0.22750105,0.27117226,0.18295524,0.014028083
2017,3360,700.9,774.0185702965583,Robust_Linear,0.185391,0.2912529,0.4302355,0.082878865,0.01024175
2018,3360,749.5,689.9952124625206,V31_Solar_Gated,0.19595006,0.03878181,0.19061497,0.17628822,0.39836493
2019,3360,689.7,776.7607270898825,Robust_Linear,0.31970385,0.056213386,0.38390616,0.2315421,0.0086344825
2020,3360,737.1,752.6691312894319,Statistical_Trend,0.15962864,0.31525162,0.08323525,0.4333144,0.008570106
2021,3360,741.8,763.9888644146527,Robust_Linear,0.30858245,0.099878505,0.52019924,0.06243891,0.008900905
2022,3360,737.0,768.6668883436238,Robust_Linear,0.28670067,0.11264844,0.50458807,0.085770115,0.010292747
2023,3360,792.6,757.1698955829316,Robust_Linear,0.28324,0.14084576,0.4617945,0.10121662,0.012903056
2024,3360,797.7,756.9977855414157,Robust_Linear,0.28312406,0.14426023,0.420348,0.13903655,0.013231184
2000,3361,569.8,518.1440248874765,Statistical_Trend,0.11295602,0.0145975,0.17783073,0.68635285,0.008262853
2001,3361,527.7,541.8824563254196,Robust_Linear,0.16659257,0.018354964,0.6945051,0.1101353,0.010412084
2002,3361,526.1,548.486991869022,Statistical_Trend,0.21051782,0.028273165,0.32160637,0.42839158,0.011210969
2003,3361,531.8,537.410590914108,Robust_Linear,0.33659133,0.016281195,0.3877535,0.24655774,0.0128161935
2004,3361,592.4,547.9284185232955,Statistical_Trend,0.2715132,0.02560474,0.30679056,0.38258192,0.013509596
2005,3361,609.9,568.59624946279,Statistical_Trend,0.16048786,0.0616691,0.1726994,0.59578544,0.009358136
2006,3361,557.8,596.7070413951541,Native_Ensemble,0.19034292,0.55527204,0.14761417,0.09936599,0.007404958
2007,3361,608.3,597.9079170568999,Robust_Linear,0.25628346,0.05856997,0.39181697,0.28446525,0.008864404
2008,3361,600.2,608.7854942181668,Native_Ensemble,0.14420322,0.61743754,0.06898347,0.16288266,0.006493102
2009,3361,687.0,610.0022882153382,Statistical_Trend,0.25706467,0.058349937,0.13290532,0.5432725,0.0084075425
2010,3361,628.2,629.5876744886175,Robust_Linear,0.22723821,0.30692056,0.32941553,0.12340086,0.013024884
2011,3361,761.3,710.9914428909748,V31_Solar_Gated,0.022407835,0.051864576,0.04454927,0.030297263,0.85088104
2012,3361,724.5,695.391766985753,Robust_Linear,0.2520886,0.14381823,0.46253705,0.13025108,0.011305106
2013,3361,650.4,712.9126934537359,Robust_Linear,0.18414664,0.06432839,0.53511286,0.2067972,0.009614873
2014,3361,844.0,786.6873465739229,V31_Solar_Gated,0.01409992,0.012932831,0.04062806,0.050103903,0.8822353
2015,3361,755.1,767.6250472205804,Robust_Linear,0.18156315,0.14175405,0.5064379,0.14712639,0.023118513
2016,3361,708.1,764.2743895014196,Hybrid_XGB,0.37393573,0.20639311,0.2794529,0.12762643,0.012591809
2017,3361,811.1,782.354881219713,Robust_Linear,0.26893312,0.12076252,0.47844478,0.12203767,0.009821849
2018,3361,629.3,683.9380467172921,V31_Solar_Gated,0.21096747,0.035221547,0.13220312,0.1590083,0.4625996
2019,3361,664.8,785.3029932444852,Robust_Linear,0.31672123,0.04994672,0.37172973,0.25329375,0.00830853
2020,3361,831.7,746.9350905535978,Robust_Linear,0.21978319,0.119013086,0.5516276,0.0969384,0.012637793
2021,3361,872.9,772.7064676186282,Robust_Linear,0.20214327,0.07242082,0.5333687,0.18308099,0.008986184
2022,3361,692.2,814.5996718989867,Robust_Linear,0.19046871,0.06992873,0.40440467,0.32841718,0.0067806724
2023,3361,886.4,797.2573218008604,Robust_Linear,0.27669287,0.10925637,0.5289538,0.077151045,0.00794593
2012,3452,745.2,220.6353973915401,Statistical_Trend,0.11330283,0.27866703,0.10657896,0.4867404,0.014710852
2013,3452,764.1,759.4963340856181,Robust_Linear,0.21712835,0.15746309,0.5087536,0.10853867,0.008116306
2014,3452,853.5,759.9316331914463,Robust_Linear,0.23381867,0.16199192,0.41445476,0.1693186,0.0204161
2015,3452,796.5,817.8552876570668,Statistical_Trend,0.13515797,0.08183805,0.3458142,0.4293599,0.007829892
2000,3453,599.2,618.0757215577627,Statistical_Trend,0.09918874,0.014370642,0.108275644,0.5779619,0.20020308
2001,3453,563.0,625.0735873957823,Statistical_Trend,0.21969189,0.023189006,0.31031916,0.43376535,0.01303456
2002,3453,625.3,598.9930843067901,Statistical_Trend,0.25650227,0.024666626,0.21888936,0.4896991,0.010242692
2003,3453,596.1,615.2143246211441,Robust_Linear,0.1702684,0.01877842,0.40219223,0.39340085,0.015360147
2010,3453,619.4,650.5870812955231,Hybrid_XGB,0.44834185,0.06469536,0.38790914,0.086936645,0.012116965
2011,3453,730.0,664.4171569197953,Robust_Linear,0.1323519,0.042399712,0.4786342,0.06492456,0.28168967
2012,3453,757.6,707.983677313062,Robust_Linear,0.19556956,0.1804387,0.564843,0.052216697,0.0069320146
2013,3453,755.5,737.0031026587928,Native_Ensemble,0.2448771,0.5367692,0.12744023,0.08396817,0.00694524
2014,3453,849.6,786.574759253263,V31_Solar_Gated,0.10673431,0.057825148,0.0514703,0.0522984,0.7316718
2015,3453,844.1,813.7779089860713,Native_Ensemble,0.24199824,0.3977599,0.26772025,0.08424944,0.008272129
2017,3453,854.4,862.669865279055,Hybrid_XGB,0.35611287,0.28221685,0.2603388,0.09207204,0.009259425
2021,3453,764.1,904.3588138680806,Hybrid_XGB,0.46649453,0.17782061,0.21593511,0.12728977,0.012459954
2022,3453,570.0,855.645940015152,Robust_Linear,0.22388108,0.19266744,0.5114635,0.06202964,0.00995833
2024,3453,711.8,794.1981150850427,Robust_Linear,0.11554198,0.12298192,0.71143275,0.041697845,0.008345586
2000,3454,535.9,481.59514066940557,Statistical_Trend,0.12455572,0.01655157,0.10128629,0.7449475,0.012658897
2001,3454,519.5,521.3431518759044,Robust_Linear,0.2680024,0.026662286,0.43198675,0.2604781,0.012870465
2002,3454,509.5,525.6267087136346,Robust_Linear,0.29092908,0.029633285,0.4197091,0.24704376,0.012684836
2003,3454,467.0,519.0695779914251,Statistical_Trend,0.33523822,0.028429907,0.117044784,0.4932178,0.02606922
2004,3454,539.2,520.0926576379574,V31_Solar_Gated,0.14994404,0.011439889,0.24351098,0.13664173,0.45846343
2005,3454,534.4,535.6800691616141,Statistical_Trend,0.24187675,0.3011821,0.14469448,0.3032363,0.009010397
2006,3454,471.9,534.0401361969913,Hybrid_XGB,0.41082814,0.05081553,0.1668685,0.3637597,0.0077281124
2008,3454,603.3,528.7720583643787,Robust_Linear,0.31620103,0.115512684,0.37178048,0.18400995,0.012495875
2010,3454,611.6,570.731899062511,Statistical_Trend,0.28716192,0.07411291,0.20629676,0.4155846,0.016843833
2011,3454,729.3,602.9230320327238,Robust_Linear,0.25954542,0.21079786,0.35527724,0.14971545,0.024663938
2012,3454,761.8,677.0703121208636,Native_Ensemble,0.30693784,0.37367252,0.19710803,0.11404264,0.008238947
2013,3454,752.5,727.1611132442697,Hybrid_XGB,0.3541458,0.25887108,0.24577935,0.12916712,0.012036604
2014,3454,847.4,803.5769079754691,V31_Solar_Gated,0.09618116,0.06223966,0.07434694,0.071550235,0.6956819
2015,3454,843.3,814.0870048791222,Hybrid_XGB,0.39657918,0.22618036,0.24106364,0.12097715,0.0151996
2016,3454,860.7,823.031210533866,Hybrid_XGB,0.37455785,0.15422148,0.19513126,0.25657597,0.019513497
2018,3454,611.7,751.8738970717238,V31_Solar_Gated,0.18255329,0.036918037,0.07789462,0.049922954,0.6527111
2019,3454,606.8,786.7209625059604,Hybrid_XGB,0.36580604,0.17303215,0.34761608,0.10318417,0.010361532
2020,3454,680.8,680.0682674588389,Native_Ensemble,0.21999651,0.4816031,0.16901152,0.122569695,0.0068192035
2021,3454,742.7,732.6270757155725,Robust_Linear,0.17144103,0.1499671,0.5490912,0.12138951,0.008111134
2022,3454,727.1,749.2940975584428,Robust_Linear,0.23447691,0.19083205,0.35290143,0.21124835,0.010541268
2023,3454,910.9,727.9629850374033,Robust_Linear,0.15218672,0.13161418,0.40937632,0.07276914,0.23405369
2024,3454,856.0,802.1625668053989,Hybrid_XGB,0.39505166,0.33096138,0.15453126,0.10781454,0.0116412155
2006,3456,482.7,530.1345277590976,Native_Ensemble,0.22502702,0.36709288,0.31393376,0.08451929,0.00942709
2010,3456,612.6,509.55377318725647,Robust_Linear,0.17166889,0.11494305,0.5123627,0.18444052,0.01658483
2011,3456,728.4,589.9680077846444,Native_Ensemble,0.22699982,0.54879624,0.10401548,0.106916465,0.01327206
2012,3456,757.7,646.3270957790537,V31_Solar_Gated,0.30004302,0.054381445,0.21292238,0.13091919,0.30173394
2013,3456,745.6,735.0365730327857,Hybrid_XGB,0.45180434,0.22742704,0.21818633,0.09022623,0.012356093
2014,3456,847.9,765.0432855056539,Native_Ensemble,0.26591003,0.3617293,0.21154694,0.13445552,0.026358187
2015,3456,835.6,810.6883520115052,Hybrid_XGB,0.38557285,0.21341771,0.21533123,0.17347963,0.012198598
2000,3457,673.9,562.9199494557432,Statistical_Trend,0.078732416,0.014878111,0.10400589,0.796127,0.006256526
2001,3457,566.7,614.3286294796516,Robust_Linear,0.18296629,0.024578126,0.61493003,0.16544206,0.012083532
2002,3457,554.1,600.6754189080342,Statistical_Trend,0.28443682,0.028305208,0.2680956,0.40748823,0.011674065
2003,3457,647.3,617.4355916411182,V31_Solar_Gated,0.105574735,0.008631064,0.1956323,0.11946439,0.5706975
2004,3457,599.1,613.5020714370805,Statistical_Trend,0.180241,0.031082718,0.17313609,0.59459746,0.020942705
2005,3457,599.4,615.1823445701098,Robust_Linear,0.20093505,0.1241228,0.5062001,0.15837257,0.010369553
2006,3457,648.4,615.0888951333251,Robust_Linear,0.24135779,0.105051965,0.53552186,0.1084179,0.009650495
2008,3457,632.0,630.7997044189658,Robust_Linear,0.2551695,0.14748642,0.382637,0.20419843,0.010508585
2010,3457,715.0,651.53277754699,Native_Ensemble,0.26231778,0.34330714,0.2991471,0.08309377,0.012134182
2011,3457,737.9,687.9131332851221,Robust_Linear,0.15064266,0.06491928,0.3892238,0.3793267,0.015887557
2012,3457,750.6,723.3863267831252,Native_Ensemble,0.18138197,0.42862898,0.29678476,0.08615859,0.0070457333
2013,3457,796.3,730.1205881691881,V31_Solar_Gated,0.15253235,0.06326916,0.24634257,0.24121177,0.29664412
2014,3457,863.6,813.4980896785594,V31_Solar_Gated,0.07337861,0.06510238,0.11061563,0.068543434,0.68236
2015,3457,731.5,807.2220854059246,Robust_Linear,0.28303587,0.2232059,0.36554438,0.11620555,0.0120083
2020,3457,812.2,876.3082796565178,Hybrid_XGB,0.3647101,0.33716738,0.09270289,0.19574136,0.009678307
2000,3458,546.9,493.3873709425859,Robust_Linear,0.072458416,0.010652777,0.77338326,0.10915104,0.03435447
2001,3458,519.9,535.5993218227876,Robust_Linear,0.22892,0.025593562,0.5227979,0.20695336,0.015735233
2002,3458,534.3,523.4592071259857,Robust_Linear,0.21891312,0.023492785,0.52685446,0.2214259,0.009313756
2003,3458,492.4,526.8257278162774,Hybrid_XGB,0.4714169,0.020837113,0.27469248,0.2184841,0.014569474
2004,3458,524.5,535.279214218438,V31_Solar_Gated,0.15213127,0.013224297,0.23744161,0.16860789,0.42859495
2005,3458,555.0,535.32603234695,Robust_Linear,0.16093302,0.120755464,0.58898646,0.1207288,0.008596296
2006,3458,496.2,545.7962854479019,Native_Ensemble,0.23541711,0.3453458,0.33305323,0.078406446,0.007777463
2007,3458,596.2,542.3709771908777,Robust_Linear,0.19442791,0.109851316,0.43478283,0.25092024,0.010017763
2008,3458,620.8,563.4867429825626,Native_Ensemble,0.14703733,0.66497386,0.106447384,0.076489,0.0050524557
2010,3458,613.1,600.7592662199652,Native_Ensemble,0.1538657,0.45168805,0.26788315,0.116241544,0.010321552
2011,3458,724.2,653.2848655040805,V31_Solar_Gated,0.054172453,0.056647662,0.14194492,0.0562903,0.6909447
2012,3458,736.9,662.2357099576564,Robust_Linear,0.31943703,0.076931715,0.42256027,0.17059645,0.010474488
2013,3458,741.6,697.6702794508888,Robust_Linear,0.25990707,0.070230015,0.40099043,0.2587916,0.010080932
2014,3458,835.5,794.3472054626457,V31_Solar_Gated,0.055253796,0.060996976,0.09186804,0.07046414,0.72141707
2015,3458,830.6,777.8252144319308,Robust_Linear,0.2544428,0.15111953,0.43981382,0.14016694,0.014456952
2016,3458,688.5,794.3239694842027,Hybrid_XGB,0.38667744,0.15878415,0.25870556,0.17718968,0.018643185
2000,3459,558.7,516.7076522505479,Robust_Linear,0.12391471,0.014367084,0.634208,0.18695639,0.040553812
2001,3459,544.8,551.8209710557961,Robust_Linear,0.19139056,0.014161703,0.6810767,0.10292858,0.010442428
2002,3459,539.9,549.8948203670658,Robust_Linear,0.27589875,0.032251056,0.3951086,0.28738758,0.00935404
2003,3459,566.1,542.6686137885156,Robust_Linear,0.32489386,0.02558436,0.40299022,0.22442271,0.022108858
2004,3459,575.4,552.283337392382,Statistical_Trend,0.24387242,0.03185707,0.19999948,0.49992067,0.024350388
2005,3459,591.0,566.2628390961072,Native_Ensemble,0.14640114,0.4895331,0.15539445,0.19968149,0.008989835
2006,3459,588.4,584.1908972987904,Native_Ensemble,0.18776421,0.556798,0.13445851,0.11292529,0.0080539705
2007,3459,629.7,597.1070167059762,Native_Ensemble,0.18264404,0.53572094,0.18595111,0.08916718,0.0065167546
2008,3459,595.1,617.7390502855857,Native_Ensemble,0.06771733,0.5066506,0.04746295,0.37192845,0.006240705
2009,3459,709.6,611.1864046897415,Statistical_Trend,0.25817764,0.074512094,0.18500566,0.47070843,0.011596186
2010,3459,641.6,639.6685447486306,Statistical_Trend,0.1760309,0.13206248,0.3124016,0.3520493,0.027455723
2011,3459,783.5,706.6853444978316,V31_Solar_Gated,0.04844432,0.054456674,0.08420071,0.0479332,0.7649651
2012,3459,729.5,693.6203529521223,Statistical_Trend,0.2739744,0.08512618,0.28372937,0.34459555,0.0125744995
2013,3459,743.8,733.5969664642657,Robust_Linear,0.1475736,0.085544415,0.47511625,0.2216277,0.070138015
2014,3459,858.4,824.5661990653704,V31_Solar_Gated,0.03514416,0.06882303,0.060848426,0.047030885,0.7881535
2015,3459,806.2,788.8071172597231,Robust_Linear,0.26406226,0.29072312,0.31088552,0.120904766,0.013424297
2017,3459,866.1,839.155036118997,Robust_Linear,0.291896,0.22733997,0.35167503,0.11336266,0.015726369
2018,3459,748.7,744.1612183441182,V31_Solar_Gated,0.3608885,0.06620245,0.08638966,0.04131116,0.44520828
2019,3459,872.5,840.4406710808867,Hybrid_XGB,0.36010957,0.20234215,0.280977,0.14361808,0.012953166
2020,3459,835.0,818.1514225094502,Robust_Linear,0.2610593,0.20440464,0.30813128,0.20408803,0.022316735
2021,3459,790.8,845.1654699113567,Hybrid_XGB,0.386309,0.07321199,0.26961765,0.25905335,0.011807968
2022,3459,734.2,858.1885763785882,Statistical_Trend,0.34454396,0.063072376,0.16161819,0.42166308,0.009102417
2023,3459,844.5,824.5850248079329,Robust_Linear,0.25222215,0.12954845,0.48555836,0.12380755,0.008863477
2024,3459,864.7,828.4161356220243,Robust_Linear,0.2464171,0.16175069,0.4944247,0.08955562,0.0078518195
2000,3460,552.6,521.5529031068539,Statistical_Trend,0.10647495,0.011800919,0.117808565,0.7121991,0.051716447
2001,3460,542.2,543.5216134404056,Robust_Linear,0.24748304,0.021144774,0.4633204,0.25300232,0.015049437
2003,3460,488.4,550.286812694409,Statistical_Trend,0.21760775,0.02500247,0.1355393,0.60728115,0.014569354
2004,3460,536.7,530.3586105239351,V31_Solar_Gated,0.15909646,0.012608348,0.32566535,0.14058603,0.36204386
2005,3460,571.0,530.808283423634,Robust_Linear,0.15752344,0.09848423,0.61830413,0.11546734,0.010220727
2008,3460,647.7,566.927509162388,Native_Ensemble,0.16328312,0.65963274,0.103414185,0.067657866,0.006012164
2010,3460,605.4,623.4923975627885,Hybrid_XGB,0.409715,0.08076278,0.22795378,0.26647192,0.015096517
2011,3460,729.4,662.1967382585597,V31_Solar_Gated,0.061561175,0.053635187,0.09709379,0.05194855,0.73576134
2012,3460,711.9,689.7149701310204,Hybrid_XGB,0.47046146,0.07233514,0.2817055,0.1644777,0.011020179
2013,3460,698.4,704.1024037426109,Hybrid_XGB,0.3479083,0.15597071,0.32330117,0.16152507,0.0112947645
2014,3460,846.1,766.0493987577293,V31_Solar_Gated,0.061676595,0.05196499,0.061379097,0.040440205,0.7845391
2015,3460,755.8,773.3141076477245,Robust_Linear,0.36221364,0.093744226,0.42002982,0.11013243,0.013879821
2000,5116,770.7,554.1331310046702,Statistical_Trend,0.07033524,0.00973566,0.0901022,0.78536576,0.044461105
2001,5116,560.0,639.8834955086417,Robust_Linear,0.19576207,0.040709324,0.54015946,0.21142428,0.011944914
2002,5116,465.0,614.1422927462243,Robust_Linear,0.3337317,0.030753907,0.37088192,0.24999301,0.014639456
2003,5116,602.0,572.7372896436591,Robust_Linear,0.22086664,0.017406877,0.598753,0.14376847,0.019205023
2004,5116,665.0,601.5906992524828,V31_Solar_Gated,0.098621555,0.010383247,0.25980505,0.069603205,0.5615869
2005,5116,685.0,621.6085083981079,Native_Ensemble,0.15420927,0.53641146,0.1478553,0.15281656,0.008707377
2006,5116,620.0,661.0660117879333,Native_Ensemble,0.12496087,0.51455534,0.29039398,0.06264717,0.007442591
2007,5116,720.0,652.5518330474438,Native_Ensemble,0.12570931,0.6652918,0.12414141,0.07706863,0.0077888924
2008,5116,350.0,688.4741420660351,Native_Ensemble,0.13384058,0.54258025,0.061362308,0.25130126,0.010915585
2009,5116,820.0,591.868007995597,Robust_Linear,0.1344069,0.10356203,0.6130575,0.14137055,0.0076030316
2010,5116,746.7,621.1137352164973,Robust_Linear,0.252311,0.11840712,0.47776508,0.13560104,0.015915744
2011,5116,781.0,737.4000816765342,V31_Solar_Gated,0.03524886,0.057321344,0.10135103,0.03682024,0.7692585
2012,5116,797.5,732.0785686205502,Robust_Linear,0.27920413,0.08401363,0.51361394,0.11285158,0.010316717
2013,5116,700.0,750.7145131467068,Robust_Linear,0.05833498,0.073827535,0.6873878,0.096810006,0.083639614
2014,5116,865.0,846.7888826542253,V31_Solar_Gated,0.027392484,0.0482633,0.08607571,0.025993267,0.8122752
2015,5116,849.0,795.9868998797469,Robust_Linear,0.20828576,0.25104752,0.45658466,0.07416715,0.009914934
2016,5116,865.5,817.2655497162934,Robust_Linear,0.30844158,0.20292021,0.33349645,0.14342342,0.011718318
2018,5116,644.0,738.9579317743121,V31_Solar_Gated,0.1638959,0.059986785,0.08455435,0.029057696,0.66250527
2019,5116,814.8,821.5870438668154,Robust_Linear,0.3545871,0.111170016,0.43487448,0.08994754,0.009420836
2020,5116,806.5,788.180761423639,Native_Ensemble,0.23839638,0.38590527,0.082990855,0.28338814,0.009319429
2021,5116,836.1,796.7794669372215,Robust_Linear,0.32851025,0.08448349,0.42543224,0.15107429,0.010499769
2022,5116,853.2,821.2615010937965,Robust_Linear,0.29103807,0.099081226,0.46265608,0.13800813,0.009216513
2023,5116,657.5,821.7950030363014,Robust_Linear,0.34041902,0.166952,0.35044408,0.13115723,0.011027653
2024,5116,831.1,802.1044757881738,Robust_Linear,0.24353036,0.107460015,0.55833167,0.0805181,0.010159828
2000,5154,598.7,580.6823835975385,Robust_Linear,0.11547225,0.012485743,0.7333126,0.13142693,0.0073025483
2001,5154,522.1,599.2265166321478,Robust_Linear,0.28808707,0.019578576,0.515177,0.1694787,0.007678659
2002,5154,579.5,580.2544098077358,Robust_Linear,0.16159739,0.020842718,0.5489999,0.2611183,0.0074416315
2003,5154,568.2,586.6519753632009,Robust_Linear,0.2165268,0.021201836,0.5667004,0.16632275,0.02924821
2004,5154,592.1,588.4768322659899,V31_Solar_Gated,0.09147691,0.010407237,0.26572642,0.11810046,0.51428896
2005,5154,605.2,593.1707590138906,Robust_Linear,0.16901062,0.13929918,0.58015275,0.100548245,0.0109891845
2006,5154,577.2,604.3321487043107,Robust_Linear,0.17764838,0.088544264,0.41505772,0.31198832,0.006761223
2007,5154,657.2,604.6976742617474,Robust_Linear,0.2142041,0.1416438,0.56526244,0.07084458,0.008045008
2008,5154,664.7,619.4250263424266,Robust_Linear,0.258228,0.13418427,0.4473515,0.15051867,0.009717592
2009,5154,699.0,652.3572479898227,V31_Solar_Gated,0.23516479,0.03697985,0.10730184,0.1933931,0.4271604
2010,5154,651.7,662.9320742360093,Native_Ensemble,0.15245336,0.38460296,0.32060364,0.11769322,0.02464684
2011,5154,771.1,721.1571927755024,V31_Solar_Gated,0.05274364,0.048369016,0.08268633,0.035512246,0.7806887
2012,5154,759.2,713.2569689283121,Robust_Linear,0.18202941,0.27462676,0.42364565,0.11076092,0.008937179
2013,5154,689.2,732.7967061633723,Robust_Linear,0.19805844,0.081879996,0.6174573,0.09282299,0.009781264
2014,5154,851.7,806.5933146429669,V31_Solar_Gated,0.031186882,0.055384092,0.06804254,0.036960952,0.80842555
2015,5154,757.7,767.0815615911204,Robust_Linear,0.21353804,0.09085124,0.59075916,0.09517841,0.009673174
2016,5154,677.7,778.5429464886985,Hybrid_XGB,0.3646359,0.20349197,0.29488719,0.12475396,0.012230896
2017,5154,884.1,778.048982721833,Robust_Linear,0.27786326,0.1164078,0.4909292,0.09757646,0.017223313
2018,5154,661.5,637.484700507107,V31_Solar_Gated,0.10816837,0.047608685,0.06354406,0.022596758,0.75808215
2019,5154,752.8,806.4365231590976,Robust_Linear,0.21150628,0.12150481,0.5462286,0.10939598,0.011364341
2020,5154,742.5,763.5439514595172,Robust_Linear,0.33105642,0.086915836,0.41654256,0.1536917,0.011793555
2021,5154,847.1,770.2346550467641,Robust_Linear,0.28809404,0.09505965,0.49282297,0.1138975,0.010125725
2022,5154,817.5,798.1030084351537,Statistical_Trend,0.20712161,0.077603534,0.34883374,0.35967442,0.0067667267
2023,5154,872.7,789.8174483425506,Native_Ensemble,0.1949916,0.35629734,0.11151449,0.07260896,0.26458758
2024,5154,848.3,809.4612497071439,Native_Ensemble,0.3250585,0.3746776,0.19730887,0.09142065,0.011534382
2000,5158,605.4,538.0692073194647,Robust_Linear,0.076244965,0.010301051,0.7205187,0.12823758,0.06469777
2001,5158,453.6,579.6474286994252,Robust_Linear,0.13059813,0.038758766,0.7519282,0.07328344,0.0054315557
2002,5158,404.8,531.475033287518,Robust_Linear,0.13186985,0.0189374,0.43499357,0.40583846,0.00836073
2003,5158,573.8,525.7697883636456,Robust_Linear,0.048183132,0.011985678,0.7937424,0.13644944,0.009639244
2004,5158,588.8,531.7202137407819,Robust_Linear,0.11336747,0.015207738,0.4752039,0.14747824,0.24874263
2005,5158,585.5,549.3185048776411,Robust_Linear,0.21946022,0.112636656,0.42455631,0.23185915,0.011487567
2006,5158,556.3,584.0914518461065,Robust_Linear,0.21961123,0.1455023,0.5287883,0.0973665,0.008731674
2007,5158,628.1,580.6676501189886,Robust_Linear,0.21296163,0.12432468,0.5346317,0.119253494,0.008828477
2008,5158,654.0,612.312811160273,Native_Ensemble,0.13605843,0.6220866,0.12723094,0.106169656,0.008454388
2009,5158,689.2,632.34064425515,Statistical_Trend,0.19968297,0.09049063,0.32046238,0.37882024,0.010543773
2010,5158,606.7,672.9176103424982,V31_Solar_Gated,0.27881256,0.056910872,0.16050658,0.17689607,0.32687396
2011,5158,649.4,694.5263104839155,V31_Solar_Gated,0.049114194,0.08031125,0.09225134,0.049812466,0.7285108
2012,5158,636.8,666.4666142114811,Robust_Linear,0.22701856,0.16693841,0.45618042,0.14033869,0.009523829
2013,5158,764.4,702.5797674971058,V31_Solar_Gated,0.0770126,0.03941305,0.18481703,0.04091823,0.6578391
2014,5158,706.1,774.4111700444217,V31_Solar_Gated,0.041964445,0.07888174,0.10653916,0.068769276,0.7038454
2015,5158,738.4,718.43876367978,Robust_Linear,0.23160528,0.071851484,0.3624427,0.32536095,0.008739531
2000,5162,629.1,571.6460179065731,Statistical_Trend,0.06683713,0.008840234,0.08757887,0.7959046,0.040839266
2001,5162,563.9,590.8550247683585,Hybrid_XGB,0.3781699,0.028459717,0.2729359,0.30973038,0.010704129
2002,5162,575.2,592.3463043614155,Statistical_Trend,0.2458823,0.023872985,0.21294191,0.5092209,0.008081959
2003,5162,612.1,585.1501192368391,Robust_Linear,0.25336167,0.019908965,0.5655547,0.14540951,0.015765233
2004,5162,626.7,598.1229107530212,Statistical_Trend,0.17528039,0.03596133,0.18726587,0.58328044,0.01821194
2005,5162,658.4,614.0607079136392,Native_Ensemble,0.1684819,0.5548259,0.14081015,0.12731692,0.008565125
2006,5162,593.5,641.5553204134109,Robust_Linear,0.1804643,0.21898048,0.4689031,0.12222808,0.009423951
2007,5162,637.1,625.9176031443931,Statistical_Trend,0.2181355,0.06369337,0.20438199,0.5058838,0.00790535
2008,5162,677.2,632.9018184678793,Native_Ensemble,0.070712574,0.6093807,0.046349376,0.26671392,0.0068433364
2009,5162,721.2,660.3340124043137,Native_Ensemble,0.14646596,0.5609637,0.22333181,0.062755756,0.0064827204
2010,5162,677.4,670.8440157809231,Native_Ensemble,0.18452875,0.3390024,0.3333351,0.12990692,0.013226808
2011,5162,770.1,737.9929737859055,V31_Solar_Gated,0.032924384,0.05382568,0.100441165,0.0361322,0.7766766
2012,5162,692.3,722.020994401824,Robust_Linear,0.21348195,0.09393764,0.5690671,0.113889106,0.009624181
2013,5162,746.1,740.9223479853277,Robust_Linear,0.07936966,0.09898247,0.4636946,0.10628513,0.2516682
2014,5162,880.2,811.3682341846595,V31_Solar_Gated,0.02788793,0.06093443,0.104458444,0.02554829,0.78117085
2015,5162,807.2,790.2478608469314,Robust_Linear,0.21972609,0.26756653,0.4176513,0.08490978,0.010146241
2016,5162,785.6,796.9961315420903,Hybrid_XGB,0.35138297,0.21243757,0.2886126,0.13581708,0.011749718
2017,5162,937.4,849.1080159491341,V31_Solar_Gated,0.05773153,0.04690928,0.28561923,0.032353073,0.57738686
2018,5162,693.9,716.4295329532595,V31_Solar_Gated,0.17824218,0.057833377,0.082180634,0.02663715,0.65510666
2019,5162,796.2,843.782169155663,Robust_Linear,0.19835012,0.2225005,0.48892123,0.08048131,0.00974685
2020,5162,788.0,814.6032041675559,Native_Ensemble,0.21083362,0.3658685,0.06955125,0.34422347,0.009523273
2021,5162,931.5,806.8131281465726,Native_Ensemble,0.279881,0.3785026,0.17759839,0.15383056,0.010187458
2022,5162,850.5,839.5424928530296,Hybrid_XGB,0.33768013,0.31210184,0.208359,0.13097808,0.0108809965
2023,5162,911.4,855.0444343955162,Statistical_Trend,0.19180024,0.0896304,0.26713797,0.44266495,0.008766426
2024,5162,790.3,866.5283031180702,Native_Ensemble,0.22029075,0.33267674,0.32347134,0.11320912,0.010352018
2000,5166,485.5,554.5448922092385,Robust_Linear,0.07728033,0.010633283,0.7218166,0.12401249,0.06625732
2001,5166,552.6,548.0493619454835,Robust_Linear,0.15701728,0.019759884,0.5343502,0.28076667,0.008105926
2002,5166,584.0,548.2262418407987,Robust_Linear,0.15364236,0.02292819,0.47253156,0.34035152,0.010546334
2003,5166,587.1,555.318341363063,Robust_Linear,0.300755,0.025968583,0.45929143,0.19370067,0.020284276
2004,5166,610.2,596.5647925921135,V31_Solar_Gated,0.15549774,0.013402022,0.15024772,0.082423374,0.5984292
2005,5166,651.4,588.9236702699229,Statistical_Trend,0.2512635,0.08736505,0.20182028,0.44815,0.0114011625
2006,5166,582.0,625.7805706846459,Robust_Linear,0.1573118,0.14712562,0.58946365,0.09796438,0.00813452
2007,5166,662.7,628.1607180430993,Native_Ensemble,0.11153645,0.6207336,0.1859553,0.07630536,0.00546938
2008,5166,679.6,644.6798583777684,Native_Ensemble,0.07782747,0.654246,0.049886294,0.20921908,0.008821162
2009,5166,687.8,667.8983632087964,Native_Ensemble,0.1433878,0.50202507,0.27729073,0.0696958,0.007600628
2010,5166,726.1,699.242466702932,V31_Solar_Gated,0.13855365,0.11528792,0.18491086,0.121645555,0.43960208
2011,5166,820.0,753.6625371649804,V31_Solar_Gated,0.04577576,0.07127268,0.14686199,0.047323626,0.68876594
2012,5166,821.4,741.4184397900875,Robust_Linear,0.16927284,0.1752293,0.5727685,0.07494174,0.0077876817
2013,5166,761.2,773.1390219751189,Robust_Linear,0.050012406,0.055681255,0.6730788,0.08252347,0.13870414
2014,5166,858.6,871.8998099479261,V31_Solar_Gated,0.05230906,0.10953918,0.1511802,0.059420675,0.62755084
2015,5166,755.6,825.5568585672995,Robust_Linear,0.24019615,0.25864276,0.40512204,0.085640214,0.010398835
2016,5166,765.0,814.6051430895219,Hybrid_XGB,0.34826943,0.20159099,0.3092539,0.12883778,0.012048011
2017,5166,946.2,853.938295742511,V31_Solar_Gated,0.06280933,0.02763521,0.2167116,0.038419865,0.65442395
2018,5166,712.8,716.2754669840785,V31_Solar_Gated,0.2592734,0.060458083,0.08405721,0.025538964,0.57067233
2019,5166,713.0,851.6375407312718,Robust_Linear,0.1917184,0.32533112,0.39081088,0.08391242,0.008227183
2021,5166,856.2,806.5297533845663,Robust_Linear,0.2855385,0.08947609,0.51918167,0.09645052,0.009353214
2022,5166,817.2,826.3196131816619,Robust_Linear,0.284499,0.1355139,0.46654978,0.10494203,0.008495291
2023,5166,851.2,824.1593360197064,Robust_Linear,0.29052275,0.13774504,0.4683417,0.09378633,0.009604251
2024,5166,739.6,827.3836061552287,Robust_Linear,0.2910536,0.12890492,0.4551039,0.11407099,0.010866624
2000,5170,581.7,582.4782319991403,Statistical_Trend,0.096992284,0.011970065,0.16525622,0.7183776,0.007403756
2001,5170,524.9,593.0417374872494,Statistical_Trend,0.20201765,0.025583528,0.36131766,0.40307784,0.008003338
2002,5170,578.4,569.9629631735119,Robust_Linear,0.1416598,0.017228212,0.53735167,0.29652387,0.0072365203
2003,5170,587.1,581.0555756045842,Robust_Linear,0.22007313,0.019314747,0.56294054,0.17204311,0.025628474
2004,5170,596.2,599.5820895491421,V31_Solar_Gated,0.1004751,0.010507329,0.3642188,0.10982131,0.41497752
2005,5170,599.2,602.9974709784993,Robust_Linear,0.14615108,0.066900246,0.6747304,0.104550585,0.007667587
2006,5170,560.3,614.5729167308908,Robust_Linear,0.21685788,0.30853382,0.36625353,0.100444816,0.007910027
2007,5170,662.4,606.5604582883636,Robust_Linear,0.15749106,0.10971291,0.6681874,0.05591217,0.008696498
2008,5170,630.4,616.3165141765376,Statistical_Trend,0.08395592,0.17252168,0.061027363,0.67524874,0.007246269
2009,5170,697.6,645.8309673895512,V31_Solar_Gated,0.15402503,0.08171839,0.18541789,0.10491527,0.4739234
2010,5170,744.1,662.3788800949345,Native_Ensemble,0.11165657,0.58910424,0.18935955,0.09624131,0.01363833
2011,5170,815.1,756.5237832574195,V31_Solar_Gated,0.038210027,0.02272911,0.055271193,0.07187019,0.81191945
2012,5170,907.3,756.529103089659,Robust_Linear,0.22201185,0.06476208,0.43181214,0.27173334,0.009680566
2013,5170,742.8,803.4597540927097,Robust_Linear,0.16381992,0.0621913,0.6674891,0.09170654,0.014793152
2014,5170,907.0,887.5130492899399,V31_Solar_Gated,0.044311713,0.06448091,0.1040065,0.049415663,0.73778516
2015,5170,749.0,859.1233985359995,Robust_Linear,0.22582322,0.2829909,0.37470672,0.105756074,0.010723059
2016,5170,716.5,826.0457011543325,Hybrid_XGB,0.33652905,0.083820544,0.30781654,0.2557354,0.016098563
2017,5170,867.5,820.4898475250723,Hybrid_XGB,0.42104962,0.044559814,0.353726,0.16654532,0.014119284
2018,5170,433.7,715.8697115536906,V31_Solar_Gated,0.34809378,0.0829094,0.094263084,0.041048177,0.43368566
2019,5170,688.9,785.7518196328685,Robust_Linear,0.17173101,0.09139083,0.49176073,0.23741417,0.0077031828
2022,5170,771.9,790.2759717547764,Robust_Linear,0.06315245,0.12609382,0.7691094,0.035825454,0.005818912
2023,5170,826.4,796.1552754879185,Robust_Linear,0.118856385,0.04803191,0.7671982,0.05900947,0.0069041345
2024,5170,880.7,796.9903763958185,Robust_Linear,0.1990117,0.14524554,0.56303775,0.080489345,0.012215655
2000,5315,598.0,520.7081387725757,Robust_Linear,0.08498654,0.012162769,0.7057036,0.11838855,0.078758575
2001,5315,495.0,557.7640288026065,Statistical_Trend,0.09508199,0.013743228,0.20511422,0.6807175,0.005343038
2002,5315,577.5,549.2099975695055,Robust_Linear,0.17499335,0.021356769,0.5108378,0.28424484,0.008567263
2003,5315,553.3,551.1222975129131,Hybrid_XGB,0.38775364,0.022610072,0.37458816,0.19875687,0.01629124
2004,5315,595.0,557.1996582636878,Robust_Linear,0.337645,0.028339082,0.4012405,0.208406,0.024369415
2005,5315,615.0,583.1059108925144,Native_Ensemble,0.15794857,0.61267704,0.114599526,0.106686614,0.008088239
2006,5315,610.0,604.5273481452721,Robust_Linear,0.31292197,0.064502,0.37117845,0.24333014,0.008067502
2008,5315,615.0,625.4672117303104,Statistical_Trend,0.14060588,0.32308564,0.09190051,0.4333394,0.011068658
2009,5315,715.0,628.6947204876825,Robust_Linear,0.21450928,0.0669047,0.35751563,0.352769,0.008301469
2010,5315,700.0,667.8894569859849,Statistical_Trend,0.19142962,0.08533576,0.20561868,0.29882294,0.21879297
2011,5315,740.0,734.7604022617888,V31_Solar_Gated,0.058859617,0.087477334,0.137899,0.067901954,0.64786214
2012,5315,650.0,713.8064389418205,Robust_Linear,0.19026667,0.07879321,0.6054235,0.11716175,0.008354868
2000,5316,515.0,510.9361896737011,Robust_Linear,0.08369774,0.011976982,0.7428111,0.11120418,0.050310053
2001,5316,490.0,510.54342892541484,Statistical_Trend,0.10385015,0.015774878,0.22794305,0.64543086,0.0070010554
2002,5316,495.0,507.99311091825047,Statistical_Trend,0.13527285,0.01956599,0.31088412,0.5257334,0.008543584
2003,5316,570.0,517.9810300395193,Robust_Linear,0.22042757,0.02385206,0.5812743,0.15118375,0.023262309
2004,5316,515.0,537.4930717469175,Robust_Linear,0.37196574,0.019370176,0.4512517,0.1440523,0.013360132
2005,5316,530.0,541.1886274286726,Robust_Linear,0.1869379,0.12616263,0.5302414,0.14813876,0.008519425
2006,5316,600.0,551.8467097025722,Statistical_Trend,0.2267859,0.102140844,0.3279877,0.33258244,0.010503074
2007,5316,490.0,578.4798364636217,Robust_Linear,0.23076056,0.15146561,0.51029897,0.09968502,0.007789838
2008,5316,505.0,553.0820601359759,Robust_Linear,0.19637975,0.14143893,0.5276149,0.12329174,0.011274682
2009,5316,570.0,542.2346050542952,Robust_Linear,0.16211653,0.08953687,0.4151867,0.32465556,0.008504351
2010,5316,547.5,551.6976730769502,Robust_Linear,0.27126497,0.16306841,0.38946906,0.15239957,0.02379794
2011,5316,565.0,574.7593930677106,V31_Solar_Gated,0.12312977,0.057227533,0.27872437,0.05564116,0.48527706
2012,5316,617.5,577.5723314141682,Robust_Linear,0.1548823,0.103189014,0.39689115,0.33599675,0.009040779
2013,5316,480.0,617.8557495983744,Statistical_Trend,0.056986727,0.021142457,0.113497324,0.43174213,0.37663138
2014,5316,680.0,577.3004265504239,V31_Solar_Gated,0.09829778,0.10260859,0.26719725,0.083976224,0.44792008
2015,5316,630.0,619.6075669475777,Robust_Linear,0.173926,0.07081226,0.4266236,0.32111716,0.0075209592
2000,5334,658.3,623.2331727126923,Statistical_Trend,0.05792327,0.0073097227,0.10718691,0.7765466,0.05103347
2001,5334,558.3,627.066401171958,Hybrid_XGB,0.37474486,0.027693223,0.31091002,0.27483913,0.011812833
2002,5334,611.1,612.8310102095102,Robust_Linear,0.18219906,0.018519966,0.52957255,0.25973514,0.009973269
2003,5334,692.7,616.6155600461525,V31_Solar_Gated,0.22599126,0.012624928,0.23169315,0.14247453,0.38721618
2004,5334,748.1,650.5634291070695,Statistical_Trend,0.112446375,0.027152985,0.2582569,0.58807045,0.014073294
2005,5334,665.6,690.279770738839,Robust_Linear,0.28704306,0.2516838,0.29700166,0.151665,0.012606463
2006,5334,634.7,687.7583293623092,Native_Ensemble,0.23402965,0.4148564,0.2496486,0.09245676,0.009008666
2007,5334,696.2,670.9604358070175,Robust_Linear,0.21793461,0.11542162,0.546527,0.11063231,0.0094844485
2008,5334,670.1,685.7568749936785,Native_Ensemble,0.11215802,0.46235782,0.065803014,0.3488652,0.01081597
2009,5334,729.4,682.3182621063004,Native_Ensemble,0.25366184,0.5658201,0.11114188,0.06277295,0.0066032605
2010,5334,681.2,712.673556496695,Hybrid_XGB,0.31471774,0.10134266,0.23303683,0.081051335,0.26985145
2011,5334,792.0,698.8575876808968,Robust_Linear,0.17984396,0.20542732,0.4763065,0.11405917,0.024363166
2012,5334,778.7,752.6668241713074,Native_Ensemble,0.18948232,0.39241803,0.3271685,0.083450876,0.007480303
2013,5334,767.9,771.1106470029807,Robust_Linear,0.08323751,0.106789775,0.5876208,0.11525518,0.10709667
2014,5334,852.0,848.3977342452604,V31_Solar_Gated,0.030233089,0.04646365,0.053651076,0.029612351,0.8400398
2015,5334,759.3,812.3455084040505,Robust_Linear,0.2106951,0.2945179,0.40424582,0.080556504,0.00998466
2016,5334,865.4,788.8887684867431,Hybrid_XGB,0.34325984,0.3256053,0.18838711,0.13189045,0.010857254
2017,5334,987.6,882.8025796334533,V31_Solar_Gated,0.053932656,0.03971392,0.11532573,0.03397169,0.757056
2018,5334,722.3,732.0318841967896,V31_Solar_Gated,0.09075433,0.043662716,0.075758256,0.0215232,0.76830155
2019,5334,856.3,847.5226150723372,Robust_Linear,0.24517676,0.21959196,0.40729442,0.114923365,0.013013567
2020,5334,922.9,858.2231648697594,Native_Ensemble,0.18532835,0.36336994,0.08366865,0.35667545,0.010957559
2021,5334,862.7,874.0573120444874,Robust_Linear,0.28209955,0.23729774,0.35630375,0.11410137,0.010197605
2022,5334,901.2,881.2347358256308,Native_Ensemble,0.28487256,0.29174256,0.24952334,0.16246358,0.011397931
2023,5334,955.4,892.0381967354264,Native_Ensemble,0.23458752,0.35872668,0.2804804,0.11393645,0.012268914
2024,5334,876.8,912.3854252478454,Native_Ensemble,0.19459791,0.34170797,0.29402533,0.15816684,0.011501911
2000,5358,611.2,583.7889556717628,Statistical_Trend,0.071900986,0.009785697,0.10937325,0.75081736,0.058122724
2001,5358,558.5,589.487050196223,Robust_Linear,0.28119978,0.025673399,0.34145972,0.34034172,0.01132541
2002,5358,601.5,590.7380167658108,Statistical_Trend,0.16704334,0.017574554,0.30761537,0.5001421,0.0076246564
2003,5358,575.9,589.4354404248329,Statistical_Trend,0.25634935,0.022955228,0.19505258,0.5098963,0.01574653
2004,5358,680.8,614.6041566389596,V31_Solar_Gated,0.10612234,0.012494282,0.105988294,0.15701896,0.61837614
2005,5358,631.4,629.5628707363472,Native_Ensemble,0.16005003,0.3835997,0.25739518,0.18727009,0.011685043
2006,5358,610.5,639.6204385920952,Statistical_Trend,0.17306101,0.10279019,0.27235934,0.44069546,0.011094
2007,5358,684.9,638.14182931868,Native_Ensemble,0.1407634,0.58120596,0.2000843,0.072080046,0.0058663255
2008,5358,689.0,660.8405709511309,Native_Ensemble,0.10554776,0.5408719,0.059747115,0.28379115,0.010042047
2009,5358,716.9,679.411690210349,Native_Ensemble,0.14312303,0.53942794,0.22717915,0.08235986,0.007909946
2010,5358,685.1,709.6828204303486,V31_Solar_Gated,0.18390748,0.05813911,0.19823568,0.18939695,0.3703208
2011,5358,792.8,749.5844130070643,V31_Solar_Gated,0.033277646,0.041591495,0.13270235,0.03330938,0.75911915
2012,5358,775.6,735.1874436540741,Robust_Linear,0.26028064,0.07254997,0.51462597,0.14253855,0.010004854
2013,5358,748.2,789.7914024152368,V31_Solar_Gated,0.06320261,0.055117518,0.398087,0.06208735,0.42150548
2014,5358,903.9,844.1771482360651,V31_Solar_Gated,0.026047895,0.046193603,0.1339593,0.02485053,0.7689487
2015,5358,814.1,812.4946233829899,Robust_Linear,0.22611104,0.23280342,0.46505478,0.06674024,0.009290418
2016,5358,750.8,814.0105112213099,Hybrid_XGB,0.35862568,0.20696269,0.28651136,0.13528739,0.012612855
2017,5358,905.9,872.1202721369253,V31_Solar_Gated,0.052875627,0.04081504,0.11379081,0.03585763,0.7566609
2018,5358,572.5,696.6900831815752,V31_Solar_Gated,0.17346738,0.045637365,0.07296658,0.027623981,0.68030465
2019,5358,767.3,816.9056353351986,Hybrid_XGB,0.324869,0.24366817,0.3236654,0.09740798,0.010389461
2020,5358,722.1,750.7798997539793,Native_Ensemble,0.28748962,0.40485626,0.09827052,0.19854029,0.010843324
2021,5358,848.8,789.9416446805606,Robust_Linear,0.23748088,0.05734773,0.63282526,0.06390765,0.0084385825
2022,5358,801.7,806.7065253135393,Robust_Linear,0.1920735,0.11620004,0.6270151,0.056477364,0.008234018
2023,5358,909.5,804.4629089339531,Robust_Linear,0.23392406,0.09243908,0.5800649,0.083284415,0.010287506
2024,5358,852.1,813.8684156854046,Robust_Linear,0.26149893,0.13942093,0.47753128,0.11099212,0.010556692
2000,5362,653.3,592.3296614149356,Robust_Linear,0.10438398,0.01358784,0.59630567,0.22170073,0.064021766
2001,5362,571.2,616.145409980581,Hybrid_XGB,0.42959943,0.029238751,0.21303414,0.31744382,0.010683901
2002,5362,593.6,616.9674374002508,Robust_Linear,0.2128356,0.021659432,0.53986394,0.21606673,0.009574323
2003,5362,607.9,606.3761845685501,Robust_Linear,0.26062608,0.019590553,0.53581756,0.16728458,0.016681207
2004,5362,666.0,615.5152653114217,Robust_Linear,0.1683178,0.023113893,0.64288473,0.14578666,0.01989693
2005,5362,635.1,635.183554619101,Native_Ensemble,0.14147054,0.5161852,0.06949904,0.26554078,0.007304409
2006,5362,597.0,641.8701600593977,Robust_Linear,0.3331187,0.11996406,0.39486855,0.14199977,0.010048891
2007,5362,694.2,637.8355664550095,Robust_Linear,0.20400122,0.10618797,0.57835436,0.10262909,0.008827433
2008,5362,707.1,653.6758399932353,Native_Ensemble,0.15769602,0.58743674,0.06999171,0.17709514,0.007780357
2009,5362,694.9,682.1564773048374,Statistical_Trend,0.24828556,0.09349277,0.21743087,0.429202,0.011588734
2010,5362,711.1,683.1255257958819,Statistical_Trend,0.22187164,0.087446816,0.2610836,0.4180387,0.011559256
2011,5362,695.4,754.9368335947299,V31_Solar_Gated,0.046129264,0.07157336,0.11538907,0.03924868,0.72765964
2012,5362,742.8,720.304524303892,Robust_Linear,0.33892265,0.059276722,0.39367688,0.19909498,0.0090287095
2013,5362,765.1,771.2935849893997,V31_Solar_Gated,0.098139934,0.044438794,0.2678492,0.062202748,0.5273693
2014,5362,897.9,825.3810214749176,V31_Solar_Gated,0.031022722,0.07190828,0.056544412,0.02864263,0.81188196
2015,5362,816.9,808.5539869046564,Robust_Linear,0.22256534,0.232935,0.457992,0.07711047,0.009397186
2016,5362,737.9,808.2863014392876,Hybrid_XGB,0.36521363,0.19928896,0.28529194,0.13862956,0.011575894
2017,5362,891.5,847.8265622610506,V31_Solar_Gated,0.053748794,0.025518307,0.19054307,0.033857524,0.6963323
2018,5362,680.1,693.7281022258487,V31_Solar_Gated,0.17079045,0.04377444,0.07055337,0.021842308,0.6930395
2019,5362,775.3,816.9895415702881,Native_Ensemble,0.323003,0.38488203,0.21356918,0.07091201,0.007633779
2020,5362,888.8,786.9621079871973,Statistical_Trend,0.18267441,0.24599384,0.065263346,0.4989831,0.0070853536
2021,5362,938.6,815.7916824682352,Statistical_Trend,0.27764148,0.071604304,0.15978694,0.48203647,0.008930808
2022,5362,874.1,862.7864550168781,Hybrid_XGB,0.29340553,0.27268535,0.28988174,0.13345551,0.010571903
2023,5362,929.9,866.1757846263919,Native_Ensemble,0.23086739,0.34517154,0.29683125,0.116945595,0.010184284
2024,5362,873.6,890.0158273008329,Robust_Linear,0.22095752,0.3129311,0.33162796,0.12430326,0.010180172
2000,5366,646.4,506.97323622702356,Statistical_Trend,0.14364329,0.01609061,0.11632894,0.7163471,0.007590069
2001,5366,528.5,553.75893556913,Robust_Linear,0.1680507,0.024861196,0.62639326,0.17170495,0.008989911
2002,5366,508.8,561.8744378028182,Robust_Linear,0.26849204,0.024684746,0.4711874,0.2224959,0.013139892
2003,5366,488.2,563.1710876389806,V31_Solar_Gated,0.3186867,0.020079138,0.12716207,0.16912784,0.36494425
2004,5366,581.9,524.9205161951497,Robust_Linear,0.2075682,0.020849481,0.5417212,0.21428016,0.015580939
2005,5366,565.8,552.15836659684,Statistical_Trend,0.24473123,0.05706151,0.330855,0.35920212,0.0081501305
2006,5366,615.9,562.9585764547951,Native_Ensemble,0.22073388,0.50274223,0.21521564,0.05522839,0.0060798516
2007,5366,669.0,594.325149545405,Native_Ensemble,0.14151978,0.53024524,0.2544794,0.067520685,0.006234861
2008,5366,623.7,642.9300293449005,Native_Ensemble,0.17060944,0.58432066,0.07045954,0.16749136,0.007118995
2009,5366,707.8,627.7102153101883,Robust_Linear,0.27788398,0.08648874,0.3203368,0.305012,0.010278511
2010,5366,576.4,671.4511042045592,Robust_Linear,0.17972863,0.1132566,0.39475593,0.07280386,0.23945495
2011,5366,689.1,698.2483418977884,V31_Solar_Gated,0.045358673,0.01677401,0.06716522,0.05347001,0.8172321
2012,5366,651.7,671.561645473626,Native_Ensemble,0.16717833,0.485121,0.2578185,0.08160477,0.008277361
2013,5366,737.2,694.8393138810754,Robust_Linear,0.113997385,0.0668629,0.37863383,0.08055148,0.35995445
2014,5366,853.6,768.7654060091302,V31_Solar_Gated,0.027929217,0.047242515,0.06655586,0.028806709,0.8294657
2015,5366,745.5,750.9956491767317,Robust_Linear,0.26038566,0.28214744,0.35928625,0.08849724,0.009683379
2016,5366,751.7,764.1374254167723,Hybrid_XGB,0.36419562,0.22381915,0.28130156,0.11923175,0.011451978
2017,5366,831.1,828.078553224055,V31_Solar_Gated,0.05909153,0.01881795,0.09693354,0.04484608,0.78031087
2018,5366,506.6,665.4437074187649,V31_Solar_Gated,0.1698332,0.03127068,0.10468498,0.039379027,0.65483207
2019,5366,659.4,744.2615762694543,Native_Ensemble,0.33869746,0.34517965,0.2269428,0.08092925,0.008250792
2020,5366,646.2,680.4227060447269,Statistical_Trend,0.2742753,0.18382207,0.101732455,0.42985493,0.010315258
2021,5366,795.0,717.3981877692208,Robust_Linear,0.162596,0.12708859,0.64757305,0.05397841,0.008764005
2022,5366,592.5,737.7617464598601,Robust_Linear,0.24101387,0.110049546,0.5693367,0.070401646,0.009198277
2023,5366,746.0,720.2052974979941,Robust_Linear,0.15369862,0.1641709,0.6150345,0.058379065,0.008716865
2024,5366,767.9,723.0382884686366,Robust_Linear,0.23062915,0.08861412,0.5727426,0.0967243,0.011289908
2000,5370,622.3,588.1670237371367,Statistical_Trend,0.0642444,0.009035918,0.083094954,0.8021976,0.041427147
2001,5370,576.8,595.1086211990427,Hybrid_XGB,0.3819016,0.028355597,0.22478387,0.35442677,0.010532231
2002,5370,551.5,599.605833042294,Statistical_Trend,0.23725648,0.02215011,0.11027245,0.6219017,0.008419218
2003,5370,546.2,579.9586452882767,Robust_Linear,0.26401454,0.01752657,0.56881297,0.13264856,0.016997287
2004,5370,652.3,580.4587868657552,Robust_Linear,0.14034592,0.018101914,0.73197764,0.09241606,0.017158503
2005,5370,703.9,603.3770802129677,Statistical_Trend,0.16069923,0.06723603,0.14895092,0.614002,0.00911187
2006,5370,627.3,653.2048989677938,Robust_Linear,0.1957303,0.09106686,0.3889172,0.31379285,0.010492771
2007,5370,708.0,654.1037499891585,Native_Ensemble,0.13035639,0.63313437,0.16292432,0.06785067,0.005734248
2008,5370,713.8,681.1967319812317,Statistical_Trend,0.13805768,0.32109034,0.073059976,0.45538133,0.012410634
2009,5370,746.4,700.1436269384816,Robust_Linear,0.20993413,0.34099633,0.3464478,0.09298058,0.009641217
2010,5370,737.9,749.5606821739532,V31_Solar_Gated,0.1231957,0.12395996,0.20021258,0.13168846,0.42094326
2011,5370,791.1,785.0800180437441,V31_Solar_Gated,0.05618587,0.10701125,0.17733528,0.05434066,0.6051269
2012,5370,782.2,765.1488360399669,Robust_Linear,0.27092764,0.07033652,0.40112528,0.24724291,0.010367665
2013,5370,741.1,809.5003091453459,V31_Solar_Gated,0.05096698,0.056090947,0.41210556,0.0589476,0.42188892
2014,5370,862.3,853.115050785492,V31_Solar_Gated,0.025856838,0.04829956,0.104599215,0.026203176,0.7950412
2015,5370,776.1,814.1922911002926,Robust_Linear,0.23811401,0.2449331,0.43605047,0.07095502,0.00994738
2016,5370,773.4,801.8931330512787,Hybrid_XGB,0.3328535,0.22019376,0.28353965,0.15125622,0.012156895
2017,5370,853.4,845.4998157835329,V31_Solar_Gated,0.070821494,0.032944772,0.21077354,0.040715966,0.64474416
2018,5370,725.4,745.0125801224931,Hybrid_XGB,0.41285664,0.035027716,0.11687125,0.20300111,0.23224331
2019,5370,758.7,809.9799314195502,Robust_Linear,0.3365843,0.0913203,0.47142357,0.092272356,0.0083995145
2020,5370,886.4,775.476287428311,Statistical_Trend,0.19432059,0.2246116,0.070904896,0.5027221,0.0074408515
2021,5370,844.9,815.2682987175573,Robust_Linear,0.32620654,0.11843838,0.42788783,0.11743995,0.0100273285
2022,5370,828.2,829.985449181852,Robust_Linear,0.32948247,0.08798715,0.40553176,0.16740566,0.009592923
2023,5370,829.2,824.3225037670334,Robust_Linear,0.31279764,0.17219292,0.39400417,0.1108822,0.010122988
2024,5370,818.0,826.1155038269217,Robust_Linear,0.29141197,0.10265848,0.4680981,0.1272333,0.010598217
2000,5378,520.0,464.4175855365057,Robust_Linear,0.043656595,0.013267895,0.7569248,0.09620408,0.08994664
2000,5382,617.3,517.6499148907841,Robust_Linear,0.122543864,0.014846488,0.73937637,0.114126034,0.009107204
2001,5382,485.9,556.937087800517,Statistical_Trend,0.13897057,0.023334244,0.22020732,0.6096121,0.007875788
2002,5382,537.9,542.6032778543916,Statistical_Trend,0.11205775,0.01307807,0.20838849,0.66128707,0.0051885904
2003,5382,518.8,533.0500358066768,Robust_Linear,0.3436677,0.025220234,0.3931049,0.20730676,0.030700412
2004,5382,573.2,539.6441736371171,Robust_Linear,0.24748589,0.023379639,0.60570353,0.108319096,0.015111783
2005,5382,567.0,553.1277920091588,Robust_Linear,0.21576072,0.12358529,0.5174711,0.13406983,0.009113073
2006,5382,569.9,570.4895039182813,Statistical_Trend,0.18748753,0.083087996,0.22766986,0.49487895,0.0068756817
2007,5382,578.2,575.9167112328844,Robust_Linear,0.2609781,0.12584308,0.41084284,0.19315584,0.0091801295
2008,5382,583.0,584.0265972086926,Robust_Linear,0.27921635,0.15412037,0.3883006,0.16867119,0.009691517
2009,5382,629.3,588.4488959406824,Native_Ensemble,0.21869765,0.35015443,0.334371,0.089067824,0.0077090333
2010,5382,641.0,599.3285339782011,Statistical_Trend,0.17518848,0.11660061,0.20104519,0.4849989,0.022166802
2011,5382,694.7,659.9555396663052,V31_Solar_Gated,0.07911934,0.08048214,0.116418235,0.063129194,0.6608511
2012,5382,678.6,654.3213434681384,Robust_Linear,0.15444632,0.19061373,0.4989722,0.14698902,0.00897872
2013,5382,672.6,679.2317510089711,Robust_Linear,0.07545999,0.09118516,0.56386316,0.12638542,0.14310627
2014,5382,856.6,759.1084423170147,V31_Solar_Gated,0.019946935,0.024013685,0.074348465,0.058639243,0.82305163
2015,5382,685.3,717.6550141593345,Robust_Linear,0.12484158,0.074145995,0.7151025,0.07850566,0.007404301
2016,5382,554.4,751.1505156114542,Robust_Linear,0.24340689,0.25032234,0.3504812,0.14298536,0.0128042
2017,5382,867.2,728.1078787766512,V31_Solar_Gated,0.1509035,0.053743117,0.29276693,0.0659261,0.43666032
2018,5382,464.3,616.4788955558311,V31_Solar_Gated,0.110501885,0.10838251,0.11816387,0.039087407,0.6238643
2019,5382,656.3,735.475663254431,Robust_Linear,0.18991067,0.12751558,0.53841627,0.13305517,0.011102292
2020,5382,567.3,676.2628453345645,Robust_Linear,0.24967197,0.14710411,0.47815385,0.11319882,0.011871272
2021,5382,904.5,686.9847044093378,Robust_Linear,0.12280694,0.058349285,0.73558366,0.0742476,0.009012507
2022,5382,671.2,675.5644881190613,Native_Ensemble,0.17541029,0.36694646,0.32300934,0.12359817,0.011035731
2023,5382,783.5,703.5470945041782,Robust_Linear,0.2763151,0.13473414,0.34288785,0.11301734,0.13304555
2000,5515,540.0,559.774744490306,Statistical_Trend,0.084348485,0.010597037,0.10535404,0.76103413,0.038666334
2001,5515,580.0,570.2855740116264,Robust_Linear,0.13012359,0.014916918,0.62355065,0.22506952,0.006339276
2002,5515,580.0,580.063029061107,Robust_Linear,0.28094676,0.030127056,0.44722426,0.23144095,0.010260943
2004,5515,580.0,586.3065549124993,Robust_Linear,0.2722433,0.028763264,0.43682486,0.24009292,0.022075703
2005,5515,680.0,589.2033811797177,Robust_Linear,0.18174738,0.14072119,0.50862366,0.15807518,0.010832603
2006,5515,580.0,639.3100552405267,Statistical_Trend,0.32552418,0.08865357,0.18076274,0.39455685,0.010502646
2007,5515,590.1,631.0633372833123,Robust_Linear,0.16095452,0.06696055,0.39717817,0.36792675,0.00698006
2008,5515,620.0,629.0233210916421,Robust_Linear,0.19734974,0.18750668,0.51041913,0.09581064,0.008913791
2009,5515,650.0,624.8175992896671,Robust_Linear,0.2541221,0.12304524,0.47452864,0.13645597,0.011847943
2011,5515,975.0,682.9306113920567,V31_Solar_Gated,0.056621343,0.023979671,0.08961256,0.041374087,0.78841233
2012,5515,900.0,814.1800999813914,Robust_Linear,0.24841908,0.06302145,0.40524176,0.2668228,0.01649489
2000,5554,522.9,502.9580157672006,Robust_Linear,0.12495241,0.014030585,0.7466608,0.107399836,0.0069564455
2001,5554,504.4,521.7365382217204,Statistical_Trend,0.17300372,0.012784427,0.15116546,0.6576998,0.00534662
2002,5554,543.1,523.1612966992438,Hybrid_XGB,0.39434242,0.028245261,0.35837698,0.20871264,0.010322643
2003,5554,488.9,515.9939977589578,Hybrid_XGB,0.47092333,0.022129374,0.31106067,0.17393668,0.02195006
2004,5554,532.4,536.5324645818316,V31_Solar_Gated,0.16246799,0.015303732,0.2796811,0.093127295,0.4494199
2005,5554,570.4,531.3318093834648,Robust_Linear,0.1593983,0.06595692,0.43310517,0.3339962,0.0075434246
2006,5554,503.6,552.2291610698815,Native_Ensemble,0.259723,0.35681367,0.29687506,0.07846967,0.008118613
2007,5554,556.1,548.2602470463775,Native_Ensemble,0.2635388,0.37381288,0.24800543,0.10509285,0.009549975
2008,5554,600.4,548.2372149779422,Robust_Linear,0.21126878,0.1257762,0.52118015,0.13185194,0.009922908
2009,5554,611.9,579.6424458701043,V31_Solar_Gated,0.15553275,0.03146484,0.09594581,0.19006032,0.52699625
2010,5554,548.1,582.8714007514345,Statistical_Trend,0.23021288,0.10807692,0.29350653,0.34649205,0.021711629
2011,5554,698.8,624.112153482023,V31_Solar_Gated,0.082659006,0.017432967,0.10417651,0.09860295,0.6971286
2012,5554,683.8,618.4971106380033,Hybrid_XGB,0.34378734,0.18347868,0.2957728,0.16809134,0.008869762
2013,5554,638.3,655.1451372901822,Robust_Linear,0.25063,0.14353783,0.4527151,0.14254567,0.010571481
2014,5554,665.4,719.0654187868971,V31_Solar_Gated,0.0893985,0.06876202,0.12387235,0.042854596,0.67511255
2015,5554,638.2,677.281492170698,Robust_Linear,0.25193956,0.074610904,0.48575398,0.1763519,0.011343589
2016,5554,518.3,677.4581125733303,Robust_Linear,0.25898975,0.07493422,0.3512025,0.30450267,0.010370846
2017,5554,860.0,645.1734987371563,Robust_Linear,0.26204035,0.27099106,0.37325737,0.07891733,0.014793984
2018,5554,481.0,557.7671904710173,V31_Solar_Gated,0.0748742,0.07923976,0.19627771,0.075731814,0.5738765
2019,5554,476.2,731.8014740502473,Robust_Linear,0.34265783,0.06535144,0.3815112,0.19984472,0.010634775
2020,5554,769.4,650.4485196019718,Robust_Linear,0.13001856,0.06537088,0.71517783,0.08037404,0.0090587055
2021,5554,879.2,636.9822832407535,Robust_Linear,0.16035736,0.18617812,0.5615137,0.080561794,0.011388984
2022,5554,821.0,711.0418336961069,Statistical_Trend,0.25631186,0.064294145,0.19141157,0.48180962,0.0061727995
2023,5554,991.2,741.6947627373912,V31_Solar_Gated,0.22285813,0.082226105,0.21977791,0.2336503,0.24148758
2024,5554,935.0,812.7476466534206,Hybrid_XGB,0.351834,0.18298228,0.25919756,0.18736854,0.018617613
2000,5558,543.4,503.11143331824786,Robust_Linear,0.07252732,0.010819015,0.75751585,0.116796926,0.042340837
2001,5558,560.0,523.1796368162293,Statistical_Trend,0.2086443,0.019684272,0.25130683,0.51338184,0.006982761
2002,5558,543.1,537.1157980999194,Robust_Linear,0.23694636,0.029852696,0.5182607,0.20585342,0.009086836
2003,5558,557.2,532.0820172974325,Hybrid_XGB,0.39529216,0.022274703,0.28369722,0.27876535,0.01997059
2004,5558,529.4,545.9794845561232,Hybrid_XGB,0.37568182,0.032679282,0.20969163,0.36321342,0.018733796
2005,5558,600.0,551.6303655040948,Native_Ensemble,0.16616811,0.56208223,0.12767117,0.13642234,0.0076560928
2006,5558,500.0,573.1961309468795,Native_Ensemble,0.22958785,0.46901998,0.21719493,0.07804491,0.006152271
2007,5558,542.8,566.3149871580499,Robust_Linear,0.26307082,0.2254972,0.37929487,0.122193545,0.009943616
2009,5558,550.0,554.4079535175622,Robust_Linear,0.23286608,0.15412703,0.52053607,0.08380874,0.008662089
2012,5558,930.0,564.7516026907341,Robust_Linear,0.14401054,0.09700054,0.38318822,0.36681417,0.008986556
2013,5558,850.0,730.8594391096136,Robust_Linear,0.3076842,0.068189956,0.4698452,0.13666254,0.017618041
2014,5558,1060.0,901.1023722278478,V31_Solar_Gated,0.060497086,0.09175431,0.111276895,0.088526264,0.64794546
2015,5558,1030.0,920.0727279201895,Robust_Linear,0.24028496,0.28900328,0.29788038,0.15403867,0.018792706
2000,5562,560.0,525.9086931312463,Statistical_Trend,0.07527534,0.011007862,0.1013537,0.77087325,0.041489843
2001,5562,505.9,548.9337737163856,Robust_Linear,0.22468765,0.01801593,0.6417423,0.10674579,0.008808285
2002,5562,524.1,536.1693380453178,Robust_Linear,0.2452511,0.033742856,0.4505791,0.2602419,0.010184952
2003,5562,619.3,529.5016449586583,Robust_Linear,0.2439219,0.02403448,0.5215732,0.18140224,0.029068176
2004,5562,550.7,553.2095714518621,Statistical_Trend,0.32001895,0.03224055,0.21193689,0.41627535,0.019528331
2005,5562,620.0,571.1678204437117,Statistical_Trend,0.21756417,0.06335386,0.2746843,0.43559235,0.008805286
2006,5562,570.0,591.7856164855266,Robust_Linear,0.19588104,0.06936525,0.41719985,0.3089125,0.008641404
2007,5562,280.0,599.8276781457563,Native_Ensemble,0.119596906,0.54951394,0.24551938,0.079603605,0.005766204
2000,5566,582.0,539.9965546901494,Robust_Linear,0.08336737,0.01218436,0.71736413,0.10516435,0.0819198
2001,5566,540.6,558.9242224668731,Statistical_Trend,0.16157381,0.018354084,0.18103954,0.63107854,0.007953965
2002,5566,545.7,567.5702568489756,Statistical_Trend,0.14312343,0.014811147,0.24112923,0.5945903,0.006345869
2003,5566,420.8,526.8323444250783,Hybrid_XGB,0.5054017,0.022777293,0.2573358,0.19177985,0.022705425
2004,5566,486.0,538.1041302614867,Robust_Linear,0.18060002,0.011941566,0.51012516,0.08279949,0.2145337
2005,5566,532.3,542.9635880019928,Robust_Linear,0.06161109,0.042275533,0.8021712,0.08519024,0.008751879
2006,5566,453.1,523.2014796144713,Robust_Linear,0.19854993,0.24862425,0.46338552,0.076498166,0.0129421875
2007,5566,599.9,526.4546280640722,Robust_Linear,0.09602914,0.19995958,0.6271411,0.065588765,0.011281436
2008,5566,500.5,493.947566318651,Native_Ensemble,0.14891647,0.4995955,0.0580564,0.28585532,0.007576305
2009,5566,531.1,536.4612692266059,Robust_Linear,0.28197345,0.14889565,0.41780764,0.1391203,0.012202998
2010,5566,509.0,530.6635419736414,Hybrid_XGB,0.41079298,0.09240961,0.3915379,0.08891784,0.016341679
2011,5566,519.0,543.5730025840012,V31_Solar_Gated,0.18294412,0.045621827,0.22642203,0.08160238,0.46340963
2012,5566,516.0,537.4615208875391,Native_Ensemble,0.17860273,0.40971184,0.31420228,0.08838103,0.0091021415
2013,5566,502.0,534.4414532737559,Statistical_Trend,0.23253731,0.09723739,0.30694786,0.34636337,0.016914101
2014,5566,499.0,543.4215740567714,V31_Solar_Gated,0.17958145,0.06434628,0.2615118,0.06347262,0.43108782
2015,5566,500.0,534.458091995437,Statistical_Trend,0.21958384,0.11256948,0.30997047,0.34848043,0.009395708
2016,5566,524.7,526.0033277837924,Statistical_Trend,0.18509825,0.13566817,0.3301165,0.33989355,0.009223528
2017,5566,526.0,530.2029183712837,Statistical_Trend,0.27697107,0.088825464,0.2883397,0.33007905,0.01578474
2019,5566,499.3,537.0525017061739,Statistical_Trend,0.2171499,0.095632575,0.24775875,0.4297031,0.009755694
2023,5566,800.0,531.1265990305221,Native_Ensemble,0.20560315,0.33073318,0.32357034,0.129532,0.010561249
2000,5570,658.8,583.136181838436,Statistical_Trend,0.06928771,0.009632934,0.094887,0.7980783,0.02811405
2001,5570,552.1,616.7191174424752,Robust_Linear,0.11990406,0.016404008,0.7342521,0.12216439,0.0072754803
2002,5570,589.3,611.2878702123168,Statistical_Trend,0.21146573,0.027017662,0.22647153,0.52634686,0.0086982045
2003,5570,755.0,597.8239214002735,Robust_Linear,0.18025449,0.025134705,0.55334127,0.2272163,0.014053261
2004,5570,673.3,673.1908174315296,V31_Solar_Gated,0.1439018,0.020739844,0.15704203,0.3038618,0.37445456
2005,5570,655.0,671.9361041630755,Robust_Linear,0.23202614,0.26341006,0.2828292,0.20622493,0.015509696
2006,5570,570.0,682.5725485142683,Native_Ensemble,0.2669453,0.3503653,0.26664698,0.1034715,0.012570882
2007,5570,603.9,661.5620431795003,Robust_Linear,0.20710258,0.08206572,0.62862396,0.074527755,0.0076800347
2008,5570,709.6,617.0078286425569,Native_Ensemble,0.0852384,0.547126,0.06111369,0.2993691,0.007152829
2009,5570,716.7,655.7302935478059,Robust_Linear,0.24489799,0.1158271,0.54803824,0.08228082,0.008955931
2010,5570,627.3,674.354254410335,Native_Ensemble,0.17127338,0.506801,0.1541738,0.15315132,0.014600484
2011,5570,731.8,702.3060278866928,V31_Solar_Gated,0.080575146,0.029715009,0.14605016,0.035994604,0.7076651
2012,5570,757.5,702.1614003961878,Robust_Linear,0.2615851,0.11863612,0.45899895,0.15191936,0.008860422
2013,5570,690.0,739.0364105817599,Robust_Linear,0.37609854,0.13986164,0.3911234,0.07788285,0.0150336
2014,5570,690.0,763.0537606996518,V31_Solar_Gated,0.112884335,0.033401124,0.1870757,0.048891727,0.6177471
2015,5570,630.0,736.9463576976453,Statistical_Trend,0.195463,0.08191174,0.33705714,0.37919644,0.006371604
2000,5754,674.7,584.3321079289577,Statistical_Trend,0.118269436,0.013218113,0.11797783,0.7436168,0.0069178054
2001,5754,554.9,627.1599910029761,Robust_Linear,0.19847375,0.020394629,0.5966537,0.17347848,0.010999382
2002,5754,596.2,614.4456285546428,Statistical_Trend,0.20081855,0.02496395,0.32089454,0.4419115,0.011411581
2003,5754,656.2,610.6425332242086,Robust_Linear,0.14535567,0.024252769,0.6457233,0.17142905,0.0132392235
2004,5754,582.4,621.7325907781379,Statistical_Trend,0.1745556,0.032149103,0.18215819,0.5974813,0.013655837
2005,5754,740.8,622.5042798538179,Robust_Linear,0.16863547,0.087350465,0.59970933,0.13545948,0.008845168
2006,5754,670.8,660.0752216900964,Native_Ensemble,0.22353764,0.53795904,0.14179346,0.08815714,0.008552709
2007,5754,569.2,686.7060186611993,Statistical_Trend,0.23906259,0.10872858,0.20603389,0.43463242,0.011542532
2008,5754,495.5,644.0766270402942,Statistical_Trend,0.22233616,0.23005444,0.11084519,0.42748943,0.009274873
2009,5754,631.7,625.3466807800456,Robust_Linear,0.12946957,0.12358943,0.6962734,0.043364268,0.007303382
2010,5754,585.9,611.5859145181207,Robust_Linear,0.16426064,0.18763766,0.5446095,0.083656065,0.01983616
2011,5754,746.1,624.7592674592527,Robust_Linear,0.11091077,0.088680804,0.4803683,0.035570655,0.2844695
2012,5754,829.4,663.043585436193,Robust_Linear,0.20039307,0.099165834,0.5885631,0.101209074,0.010668966
2013,5754,764.3,744.963903525221,Robust_Linear,0.15660435,0.08713179,0.40941685,0.11552005,0.23132694
2014,5754,821.3,817.0460339931485,V31_Solar_Gated,0.027352706,0.054301653,0.12390164,0.029292762,0.76515126
2015,5754,850.3,790.8253966147087,Robust_Linear,0.2759482,0.10974887,0.5118405,0.08967984,0.012782562
2018,5754,664.7,732.7071987451714,V31_Solar_Gated,0.14215767,0.047347333,0.06983737,0.025799928,0.71485764
2020,5754,635.8,763.7254818139577,Robust_Linear,0.31918332,0.12844087,0.38824716,0.15254863,0.011580143
2021,5754,645.3,753.3122512449471,Robust_Linear,0.18377832,0.08057176,0.6489507,0.07641485,0.010284334
2023,5754,898.5,759.2806004934641,Robust_Linear,0.07040018,0.051705163,0.8208169,0.050015543,0.0070622247
2000,5758,665.0,613.6872832586766,Robust_Linear,0.0984163,0.01563829,0.60479933,0.22406067,0.057085354
2001,5758,550.9,656.1515868575756,Robust_Linear,0.3019615,0.020429183,0.5089235,0.15958805,0.009097831
2002,5758,552.5,621.7289932703277,Statistical_Trend,0.2448418,0.031151867,0.21711886,0.4971389,0.009748584
2003,5758,650.1,623.2380343113638,Robust_Linear,0.12987322,0.018656613,0.673164,0.15927942,0.019026686
2004,5758,635.0,617.282139431603,Robust_Linear,0.17519131,0.018654915,0.6018918,0.17886381,0.025398197
2005,5758,670.3,633.898008330258,Robust_Linear,0.13977402,0.115140624,0.6079641,0.12850173,0.008619627
2006,5758,640.1,647.5786324360927,Robust_Linear,0.2609561,0.12964314,0.44531614,0.1542206,0.009863983
2007,5758,668.9,658.346229267522,Robust_Linear,0.25974882,0.09905287,0.5026107,0.12897082,0.009616784
2008,5758,710.0,658.5594896793021,Native_Ensemble,0.105644606,0.6511523,0.051434465,0.18560618,0.0061624236
2009,5758,769.0,682.5932568167233,Native_Ensemble,0.2218635,0.5421106,0.15018374,0.076909564,0.008932626
2010,5758,751.6,721.6793847102318,Statistical_Trend,0.17230748,0.12904292,0.29489255,0.3739045,0.029852504
2011,5758,861.4,797.5741814465857,V31_Solar_Gated,0.04371953,0.03991274,0.111516885,0.033547774,0.77130306
2012,5758,889.2,796.365932040216,Robust_Linear,0.2772399,0.27876842,0.29311693,0.141191,0.0096837925
2013,5758,767.4,817.4397071831376,Robust_Linear,0.06943441,0.049441986,0.7438907,0.068507224,0.0687256
2014,5758,979.6,921.01905191365,V31_Solar_Gated,0.03662666,0.046948373,0.10750145,0.037259683,0.77166384
2015,5758,1020.2,884.6177471659162,Robust_Linear,0.18767308,0.24882433,0.48600468,0.06668761,0.0108103305
2017,5758,844.5,969.962805900062,Robust_Linear,0.32290822,0.2072109,0.32832393,0.12042928,0.021127662
2018,5758,785.3,803.0807380534859,V31_Solar_Gated,0.17957094,0.05382997,0.0849906,0.0259384,0.6556701
2019,5758,741.8,882.9976086173021,Hybrid_XGB,0.35918304,0.3333193,0.20687866,0.08968688,0.010932144
2020,5758,943.9,835.711998084178,Robust_Linear,0.19566974,0.16410051,0.4981439,0.123361364,0.018724516
2021,5758,855.5,879.8580741605184,Robust_Linear,0.34052196,0.09964097,0.4435235,0.10614147,0.010172019
2023,5758,1037.8,893.8032027318333,Robust_Linear,0.23210788,0.11732427,0.56372166,0.07671385,0.010132329
2024,5758,1009.8,946.5907704795508,Native_Ensemble,0.28399065,0.43944597,0.10341304,0.16342176,0.009728571
2000,5762,622.1,574.9165842207664,Statistical_Trend,0.08878198,0.010905586,0.10545669,0.7663239,0.028531779
2001,5762,540.8,608.9830531998076,Robust_Linear,0.20638369,0.023909533,0.6019496,0.15969089,0.008066291
2002,5762,531.5,584.2838010178043,Statistical_Trend,0.32465672,0.029059572,0.23126633,0.4055987,0.009418678
2003,5762,577.4,592.8906424188237,Robust_Linear,0.2161741,0.0140920365,0.4457723,0.10153919,0.22242238
2004,5762,608.5,588.5826146065027,Robust_Linear,0.12852052,0.012378239,0.35465842,0.17872083,0.32572198
2005,5762,559.2,595.9993371202661,Robust_Linear,0.1841686,0.1329725,0.5622179,0.11083883,0.009802187
2006,5762,565.2,589.9001873262896,Robust_Linear,0.2976094,0.09132994,0.52392745,0.077823356,0.00930982
2007,5762,603.1,600.9158976973924,Robust_Linear,0.15198384,0.11408699,0.6723743,0.052723125,0.008831718
2008,5762,647.9,582.2023856454769,Native_Ensemble,0.12174488,0.6343042,0.076635174,0.15956141,0.0077543147
2009,5762,665.1,616.6838918423598,Statistical_Trend,0.28921694,0.058077894,0.13464311,0.5091807,0.008881294
2010,5762,707.0,645.4850286868879,Native_Ensemble,0.19195038,0.57623214,0.14212662,0.075769976,0.013920811
2011,5762,788.8,729.7253633654441,V31_Solar_Gated,0.029389737,0.023247434,0.15033703,0.032904223,0.7641216
2012,5762,774.1,735.3076276020934,Robust_Linear,0.23367582,0.28081712,0.351426,0.12382478,0.010256344
2013,5762,755.0,737.4408637087844,Robust_Linear,0.059046656,0.05585814,0.7274876,0.11142181,0.04618579
2014,5762,900.6,860.675922544066,V31_Solar_Gated,0.021525592,0.025752101,0.08893497,0.023318117,0.8404692
2015,5762,766.2,815.9788908289911,Robust_Linear,0.17129017,0.21771261,0.47974828,0.10164458,0.029604347
2016,5762,845.4,808.2162413471625,Robust_Linear,0.29089707,0.12486244,0.33443087,0.23607925,0.013730386
2017,5762,982.4,839.8875432695086,Robust_Linear,0.22356202,0.3048124,0.38862997,0.0673343,0.015661286
2018,5762,637.5,766.4238384478945,V31_Solar_Gated,0.2022,0.050798208,0.079020835,0.023819467,0.6441615
2019,5762,815.0,858.1077629046924,Robust_Linear,0.26628843,0.21677296,0.40357763,0.09999458,0.0133664515
2020,5762,851.4,829.7382298981505,Statistical_Trend,0.13979013,0.22941504,0.08676127,0.5329254,0.011108099
2021,5762,819.4,834.0450310712162,Hybrid_XGB,0.3530841,0.075574905,0.22323142,0.3367865,0.011323028
2022,5762,699.5,846.5501197632314,Robust_Linear,0.26831317,0.125726,0.49487212,0.101110876,0.00997795
2023,5762,881.1,829.332568368787,Robust_Linear,0.25784054,0.09329945,0.55628,0.08200934,0.010570587
2024,5762,906.9,815.0055545673946,Native_Ensemble,0.25271484,0.5157341,0.104050025,0.11927038,0.008230638
2000,5766,653.7,607.1092480327327,Robust_Linear,0.09671474,0.012766679,0.725146,0.13066792,0.034704663
2001,5766,548.3,643.967300005894,Robust_Linear,0.3153962,0.018585091,0.49134624,0.16647024,0.008202301
2002,5766,554.8,612.9227327953098,Robust_Linear,0.21429232,0.018407172,0.59513223,0.16459563,0.00757271
2003,5766,661.8,613.6749649585654,Robust_Linear,0.12761694,0.013485661,0.5019535,0.12200236,0.23494162
2004,5766,622.4,613.5562784630889,Robust_Linear,0.21445239,0.024964396,0.45646992,0.28148693,0.022626378
2005,5766,677.6,626.3863269529435,Robust_Linear,0.19391209,0.1341542,0.50539726,0.15587282,0.010663661
2006,5766,625.1,636.8813599326455,Hybrid_XGB,0.50695497,0.102994636,0.26844057,0.11149221,0.010117663
2007,5766,663.3,654.5557837721856,Robust_Linear,0.24910343,0.13425852,0.46795744,0.13681813,0.011862546
2008,5766,688.5,656.2038520984561,Native_Ensemble,0.12556222,0.6382837,0.060765725,0.16876943,0.0066189435
2009,5766,681.3,673.4512635653427,Statistical_Trend,0.32828957,0.09324094,0.19300546,0.37330315,0.012160821
2010,5766,723.3,687.099752361816,Native_Ensemble,0.18262456,0.61167026,0.12948258,0.063185595,0.013036985
2011,5766,809.5,749.9845047199187,V31_Solar_Gated,0.066028275,0.053832587,0.052008618,0.028319288,0.7998113
2012,5766,789.8,751.0642381584659,Statistical_Trend,0.26560307,0.111292586,0.29413232,0.3184,0.010572026
2013,5766,768.9,789.4515698259208,Robust_Linear,0.12324457,0.08745758,0.5384724,0.092314355,0.15851103
2014,5766,928.3,809.6883450305579,Robust_Linear,0.06408671,0.077158555,0.53964216,0.07868355,0.24042904
2015,5766,859.5,844.687465866217,Robust_Linear,0.29969162,0.25859004,0.34566393,0.08411468,0.011939788
2016,5766,787.6,846.8304718173381,Hybrid_XGB,0.3482469,0.2080774,0.32946604,0.101037174,0.013172512
2017,5766,762.9,853.2726740128815,Robust_Linear,0.23358592,0.14715648,0.5493432,0.055390064,0.014524293
2018,5766,692.9,732.8458633659272,Hybrid_XGB,0.4432652,0.09749541,0.09954857,0.043004908,0.31668583
2019,5766,780.7,807.1543950416066,Robust_Linear,0.22465771,0.14062396,0.41558146,0.21016395,0.008972887
2020,5766,862.5,795.3862912999167,Robust_Linear,0.18484789,0.18481335,0.4829752,0.12863475,0.018728795
2021,5766,846.5,829.2084633473661,Robust_Linear,0.2893779,0.120144576,0.47639278,0.10460749,0.009477239
2022,5766,765.7,853.1779330159646,Robust_Linear,0.26903734,0.106531814,0.531691,0.08403648,0.008703385
2023,5766,878.3,834.8292704950595,Robust_Linear,0.22196776,0.19314757,0.50994277,0.065288216,0.009653657
2024,5766,848.6,831.8257361237311,Native_Ensemble,0.28471562,0.4454378,0.10211562,0.15836102,0.009369927
2000,5770,564.3,556.5939238596876,Statistical_Trend,0.09627204,0.016525436,0.07270436,0.7834819,0.031016268
2001,5770,546.8,579.9884651546201,Statistical_Trend,0.12215593,0.013571563,0.18600337,0.67006385,0.008205324
2002,5770,535.2,565.2296263468289,Robust_Linear,0.24844979,0.09430475,0.32827654,0.320283,0.008685913
2003,5770,578.0,577.804938301064,Robust_Linear,0.19088525,0.019755717,0.65080535,0.12028345,0.018270276
2004,5770,579.1,585.6143157345002,V31_Solar_Gated,0.13882717,0.012503167,0.26849648,0.09845316,0.4817201
2005,5770,577.0,581.9334106562765,Robust_Linear,0.17416973,0.111041866,0.5075841,0.19509952,0.01210477
2006,5770,612.0,583.9570937089866,Robust_Linear,0.3639418,0.09045828,0.4473175,0.0898305,0.008451897
2007,5770,585.1,609.3171948680191,Statistical_Trend,0.17709482,0.07757188,0.27173823,0.46681818,0.006776875
2008,5770,610.8,592.1670212485869,Statistical_Trend,0.13809082,0.19862181,0.08229293,0.57299167,0.00800279
2009,5770,674.7,612.4172710952123,Statistical_Trend,0.2521056,0.10904638,0.20058894,0.42948526,0.008773836
2010,5770,644.6,638.7196360258816,Native_Ensemble,0.11963485,0.4558207,0.25708586,0.14711985,0.020338757
2011,5770,730.7,685.0348446433941,V31_Solar_Gated,0.06471816,0.08196596,0.11973409,0.0314534,0.70212835
2012,5770,748.2,693.9040449525423,Native_Ensemble,0.18691526,0.44153762,0.2344552,0.12712114,0.009970758
2013,5770,703.6,737.2845485674809,Robust_Linear,0.09827521,0.04405972,0.42504,0.08930553,0.34331957
2014,5770,689.9,788.0935014574018,V31_Solar_Gated,0.025679188,0.048996385,0.12499584,0.030064216,0.7702644
2015,5770,770.0,739.4666650665112,Robust_Linear,0.32929918,0.14734627,0.4113245,0.09689512,0.015134906
2000,5774,500.0,480.87563141359783,Robust_Linear,0.06283346,0.017218988,0.8057681,0.103548594,0.010630906
2001,5774,480.0,476.67513781460275,Statistical_Trend,0.05875821,0.01174123,0.15861487,0.7628661,0.008019616
2002,5774,460.0,485.8108460355746,Statistical_Trend,0.14054945,0.013936563,0.18105516,0.65422076,0.010238118
2003,5774,430.0,486.82976103961613,Statistical_Trend,0.13748951,0.019594727,0.33663055,0.48268023,0.023605015
2004,5774,445.0,468.90135842539354,Statistical_Trend,0.09631888,0.02743112,0.38784373,0.4651085,0.023297764
2005,5774,450.0,460.10337564717537,Statistical_Trend,0.07228068,0.22118394,0.3312868,0.36254346,0.0127051305
2006,5774,370.0,456.86824351836543,Native_Ensemble,0.07200966,0.31699306,0.28810406,0.31359556,0.009297741
2007,5774,410.0,441.38568879528833,Native_Ensemble,0.06547413,0.42511094,0.4219158,0.076966114,0.010532926
2008,5774,395.0,385.05180615205626,Statistical_Trend,0.13754822,0.116296865,0.08927388,0.63921416,0.017666847
2009,5774,400.0,405.448067523429,Native_Ensemble,0.07310174,0.47476196,0.2751094,0.16713376,0.009893077
2010,5774,470.0,419.4932251494567,Robust_Linear,0.07183836,0.25842592,0.58291006,0.07072558,0.01610011
2012,5774,693.8,416.8920101654886,Native_Ensemble,0.09190712,0.3570663,0.20769317,0.33327523,0.0100582
2013,5774,441.9,525.1633259652289,Robust_Linear,0.09483374,0.06932533,0.68883,0.06988749,0.07712342
2014,5774,679.1,572.591017236198,V31_Solar_Gated,0.04563174,0.061299115,0.19471677,0.039097946,0.65925443
2015,5774,557.0,550.595978182697,Robust_Linear,0.120085865,0.12445158,0.6728339,0.07377789,0.008850799
2016,5774,675.3,595.1080647402041,Robust_Linear,0.1280744,0.38404277,0.39553902,0.08476014,0.00758363
2024,5958,833.7,1043.5792029753397,Native_Ensemble,0.2545567,0.44271943,0.114647925,0.17799857,0.0100774
2004,5962,550.0,572.4445456826592,Statistical_Trend,0.21296838,0.024444383,0.28438604,0.46308768,0.015113501
2005,5962,665.0,558.5172352730823,Statistical_Trend,0.1862077,0.05317013,0.34077522,0.40966693,0.010180092
2006,5962,690.0,603.9755112481366,Robust_Linear,0.23584881,0.16235717,0.4872204,0.102955155,0.0116184
2007,5962,680.1,657.5717277647033,Native_Ensemble,0.16742079,0.52308697,0.20844014,0.09232213,0.008729951
2008,5962,700.0,691.2666086201598,Native_Ensemble,0.14584173,0.47306025,0.06927547,0.30371594,0.008106589
2009,5962,720.0,690.0205952039545,Robust_Linear,0.22282128,0.082869306,0.56680673,0.11917891,0.00832374
2000,5974,650.7,588.9757053416081,Robust_Linear,0.108083926,0.015463342,0.65080404,0.18695328,0.038695414
2001,5974,564.4,630.5108885567453,Robust_Linear,0.27438805,0.01927226,0.5173142,0.18085138,0.008174147
2002,5974,570.4,612.6351837036893,Statistical_Trend,0.31358603,0.03158841,0.1768365,0.46850154,0.009487523
2003,5974,686.7,612.1324623562716,Robust_Linear,0.15102535,0.018537773,0.64092,0.16685729,0.022659667
2004,5974,630.0,620.9282490077752,Statistical_Trend,0.20380497,0.03285169,0.17465766,0.5699357,0.018750014
2005,5974,650.2,640.9697188758769,Statistical_Trend,0.12518759,0.072446704,0.12532124,0.6684135,0.008631007
2006,5974,629.1,652.7455258522823,Native_Ensemble,0.26489258,0.56586254,0.08786993,0.0740871,0.007287887
2007,5974,653.4,650.6749181255019,Robust_Linear,0.22045292,0.19082369,0.4281212,0.15042815,0.01017406
2008,5974,697.8,647.5845121314698,Native_Ensemble,0.14167069,0.56162506,0.06900678,0.22045091,0.007246582
2009,5974,727.3,672.3625716035147,Statistical_Trend,0.26324958,0.11443323,0.12913875,0.48205754,0.011120888
2010,5974,719.8,695.0366288083937,Statistical_Trend,0.21669634,0.101396285,0.19550441,0.46586633,0.020536749
2011,5974,798.4,761.196134270919,V31_Solar_Gated,0.06592929,0.04515291,0.07135386,0.03539723,0.7821667
2012,5974,791.4,755.4642726709908,Statistical_Trend,0.25470668,0.07655703,0.28171742,0.377797,0.009221852
2013,5974,766.2,790.7954400858555,Robust_Linear,0.12216117,0.067804344,0.52088284,0.098123364,0.1910283
2014,5974,812.4,846.1863465591372,V31_Solar_Gated,0.040723637,0.09692685,0.16176935,0.09636995,0.6042102
2015,5974,813.3,814.8060478030446,Native_Ensemble,0.23356621,0.3893634,0.2824328,0.082317665,0.012319937
2016,5974,805.5,807.9762350403344,Statistical_Trend,0.266786,0.090886496,0.28159449,0.3501214,0.010611601
2017,5974,913.1,831.4898050809138,Robust_Linear,0.21366967,0.35016266,0.352396,0.070380785,0.013390931
2018,5974,767.3,741.7483958824621,Hybrid_XGB,0.37730566,0.04896161,0.15618072,0.09248185,0.32507014
2019,5974,829.2,852.5162578450729,Statistical_Trend,0.26107365,0.0763603,0.2995449,0.35346326,0.009557906
2020,5974,867.2,840.9594238242589,Statistical_Trend,0.15546034,0.21474193,0.060511757,0.56001896,0.00926699
2021,5974,864.5,846.3678088880454,Statistical_Trend,0.3213681,0.07104436,0.22007728,0.37701932,0.010490992
2022,5974,873.5,871.5338655128312,Robust_Linear,0.3076965,0.09428768,0.44329816,0.1451505,0.009567191
2023,5974,919.0,863.5162465666701,Statistical_Trend,0.1957833,0.12915893,0.090493284,0.3969157,0.1876487
2024,5974,923.4,894.1756360031839,Native_Ensemble,0.25561884,0.47361216,0.10273547,0.15887344,0.009160099
2000,5978,655.6,600.8030205489526,Statistical_Trend,0.06263808,0.009104908,0.082062416,0.80733293,0.0388617
2001,5978,581.2,625.7860965542862,Hybrid_XGB,0.40465283,0.03134789,0.24304849,0.30869305,0.012257708
2002,5978,583.9,610.5585141736027,Robust_Linear,0.26543105,0.02022394,0.45427752,0.25094792,0.00911951
2003,5978,660.2,604.6347620137433,Robust_Linear,0.18137448,0.023646608,0.5335943,0.24218667,0.019197963
2004,5978,649.1,629.5524092520557,Statistical_Trend,0.14372958,0.024454154,0.133587,0.68721765,0.011011663
2005,5978,645.5,640.3976919334514,Robust_Linear,0.17432894,0.2469277,0.30374235,0.26419494,0.010806061
2006,5978,622.2,651.4881022414098,Robust_Linear,0.33003464,0.09964363,0.4237607,0.13713647,0.009424554
2007,5978,644.0,647.0439033447612,Robust_Linear,0.20305744,0.14561763,0.4691263,0.17159064,0.010608064
2008,5978,726.9,640.290803258812,Statistical_Trend,0.101059824,0.23061073,0.065897815,0.59540135,0.007030329
2009,5978,718.8,674.6623337696603,Statistical_Trend,0.23976767,0.084216066,0.15852202,0.5077299,0.009764333
2010,5978,823.2,699.9173025310103,Statistical_Trend,0.117049396,0.10036696,0.17098644,0.59450173,0.017095441
2011,5978,861.4,812.701050574314,V31_Solar_Gated,0.08194785,0.06676672,0.12100022,0.06539754,0.6648876
2012,5978,862.0,817.9994610346417,Robust_Linear,0.20542048,0.07856222,0.35552025,0.35102388,0.009473241
2013,5978,785.0,827.6761571834662,Robust_Linear,0.1950816,0.07358447,0.6358695,0.08583851,0.009625904
2014,5978,865.0,886.1392644243076,V31_Solar_Gated,0.05315744,0.118490785,0.092644565,0.042608876,0.69309837
2015,5978,799.1,856.9035129953018,Robust_Linear,0.2816279,0.23290125,0.36024442,0.11225821,0.012968282
2016,5978,750.0,835.7943889768374,Hybrid_XGB,0.36497113,0.28808147,0.19906268,0.13749671,0.010388025
2020,5978,765.0,809.776310516728,Statistical_Trend,0.18877357,0.22610982,0.06712151,0.5060568,0.0119382795
2023,5978,795.2,817.8250270052295,Robust_Linear,0.26614073,0.1372554,0.44666162,0.13431619,0.015626023
2000,6411,636.6,568.5364819673279,Statistical_Trend,0.087282844,0.0140035935,0.15034498,0.6877062,0.060662486
2001,6411,541.0,570.6769948262694,Robust_Linear,0.09366197,0.016216151,0.80132437,0.08037243,0.008425056
2002,6411,575.1,584.3658224784629,Robust_Linear,0.24106061,0.025502944,0.41874453,0.30635706,0.008334804
2003,6411,539.7,575.8527028806917,Statistical_Trend,0.35249764,0.024044625,0.23934375,0.37498635,0.009127614
2004,6411,626.3,570.6470625695819,Statistical_Trend,0.21203661,0.028902382,0.3574171,0.3933786,0.008265324
2005,6411,587.1,602.108072840067,Statistical_Trend,0.17946582,0.09298552,0.27023467,0.44791654,0.009397499
2006,6411,600.2,598.2475927524205,Statistical_Trend,0.28223965,0.08279121,0.18958719,0.43527746,0.010104427
2007,6411,601.5,613.9116573537463,Robust_Linear,0.25332558,0.17438832,0.48599207,0.07758046,0.008713585
2008,6411,655.3,606.4134781170288,Native_Ensemble,0.11287831,0.64943784,0.06332296,0.16745993,0.006900938
2009,6411,665.9,635.8896462823034,Statistical_Trend,0.15725107,0.08907235,0.21761878,0.5264229,0.009634878
2010,6411,670.6,646.5211494332335,Native_Ensemble,0.112936966,0.4682683,0.28046182,0.12144667,0.016886283
2011,6411,697.6,668.0989107050731,Native_Ensemble,0.17158695,0.602024,0.15404728,0.06485711,0.007484643
2012,6411,716.0,692.1807963636003,Statistical_Trend,0.16876224,0.08386436,0.32908306,0.41056168,0.00772862
2013,6411,675.6,766.61336546692,V31_Solar_Gated,0.035297856,0.070169665,0.18462493,0.0324827,0.67742485
2014,6411,841.8,758.6185216495412,V31_Solar_Gated,0.06506103,0.074902065,0.060424898,0.030755222,0.76885676
2015,6411,687.9,752.9806716150052,Robust_Linear,0.15041648,0.14779541,0.63386995,0.06021437,0.007703753
2000,6414,690.8,584.757757211464,Statistical_Trend,0.07440084,0.011494133,0.10620379,0.76137245,0.046528794
2001,6414,577.0,602.5001452315119,Robust_Linear,0.0441723,0.006736035,0.9119307,0.03384394,0.0033170586
2002,6414,575.1,618.1443347000773,Statistical_Trend,0.26198703,0.03720981,0.33235162,0.35525882,0.013192692
2003,6414,539.7,603.6076495222412,Statistical_Trend,0.2816274,0.03180296,0.18260626,0.49476516,0.009198228
2004,6414,626.3,588.9115588790702,Robust_Linear,0.22163928,0.025748929,0.6294799,0.114697866,0.008434046
2005,6414,597.7,600.6925714521158,Robust_Linear,0.16676807,0.15633973,0.5587886,0.1080673,0.010036263
2006,6414,600.2,600.1724591361101,Robust_Linear,0.3087015,0.16969493,0.4137688,0.096868865,0.010965948
2007,6414,607.4,619.2773826123033,Robust_Linear,0.1688511,0.11099031,0.5477226,0.1655116,0.006924377
2008,6414,634.8,600.7537660768193,Native_Ensemble,0.10577435,0.6705536,0.053294074,0.16388372,0.006494284
2009,6414,676.6,623.8435041059347,Robust_Linear,0.2200764,0.12910526,0.5732961,0.06988143,0.0076408535
2010,6414,699.3,680.1250350982525,V31_Solar_Gated,0.047867008,0.025599226,0.0559432,0.113116786,0.7574738
2011,6414,785.1,674.1020977932984,Native_Ensemble,0.17711571,0.64191794,0.111295104,0.06322438,0.0064467955
2012,6414,767.6,723.8538761641953,Native_Ensemble,0.15633214,0.46848938,0.2475653,0.11926259,0.008350506
2013,6414,737.8,729.1115705221212,Robust_Linear,0.10272168,0.07572966,0.74035764,0.067237355,0.013953638
2014,6414,862.0,843.3354229264075,V31_Solar_Gated,0.026569529,0.04259476,0.092685536,0.027155817,0.8109944
2015,6414,694.1,777.9565037736095,Robust_Linear,0.15103903,0.08174272,0.69119173,0.068153605,0.007872915
2021,6414,903.3,844.972497284823,Robust_Linear,0.2385628,0.2061572,0.38378176,0.15439507,0.01710318
2022,6414,659.4,863.2920124432037,Robust_Linear,0.2358034,0.19129924,0.4647776,0.097686335,0.010433452
2023,6414,827.9,806.651062456389,Statistical_Trend,0.3011448,0.09370749,0.1771688,0.41469255,0.013286353
2024,6414,831.3,795.4718500795644,Robust_Linear,0.2797307,0.13989653,0.47092614,0.098822385,0.01062431
2000,6431,681.2,564.318995055567,Robust_Linear,0.09391934,0.014697415,0.718175,0.13268109,0.040527076
2001,6431,550.0,613.4590292208364,Robust_Linear,0.050335333,0.011303195,0.8721415,0.061851315,0.004368672
2002,6431,581.0,604.7346449748844,Hybrid_XGB,0.32802045,0.03577922,0.30464625,0.32243666,0.009117423
2003,6431,484.1,581.1427973094613,Robust_Linear,0.40065625,0.026874667,0.40795872,0.1531389,0.011371444
2004,6431,558.7,570.1194370187079,Robust_Linear,0.14161651,0.021390604,0.6874517,0.14203323,0.0075079594
2005,6431,534.1,562.3595914332685,Robust_Linear,0.18166181,0.12109381,0.57571834,0.1106164,0.010909681
2006,6431,575.5,561.9318505604456,Robust_Linear,0.13822939,0.2524684,0.5474542,0.055142637,0.0067054527
2007,6431,547.7,572.6465435163252,Robust_Linear,0.2051503,0.1180158,0.429172,0.23741323,0.0102486685
2008,6431,697.6,537.2538790596831,Native_Ensemble,0.12416096,0.61050624,0.0627258,0.19531353,0.0072934143
2009,6431,696.1,613.1419410198735,Native_Ensemble,0.11677435,0.5577126,0.24576567,0.07414454,0.0056028794
2010,6431,655.4,678.351728036997,V31_Solar_Gated,0.081656605,0.1546218,0.19755772,0.09417685,0.471987
2011,6431,760.8,660.5065366448491,Native_Ensemble,0.19955294,0.41731644,0.28166464,0.08985518,0.011610735
2012,6431,707.9,705.8618175386136,Robust_Linear,0.2097754,0.3071973,0.32404932,0.14755996,0.0114180455
2013,6431,679.3,702.8054091572602,Robust_Linear,0.10123069,0.25286895,0.5799616,0.053120486,0.012818233
2014,6431,866.5,789.7690571332055,V31_Solar_Gated,0.027026592,0.07259606,0.08249171,0.029683726,0.78820187
2015,6431,721.4,758.1250573657004,Robust_Linear,0.21356313,0.0657341,0.45898178,0.2493847,0.012336349
2019,6431,848.3,810.81683162253,V31_Solar_Gated,0.15480344,0.1319055,0.19928065,0.2355921,0.27841824
2000,6432,665.3,593.895361434173,Statistical_Trend,0.07005957,0.011298536,0.08746932,0.795225,0.035947446
2001,6432,559.0,629.5769161832089,Robust_Linear,0.09767813,0.013418377,0.8143627,0.06778681,0.006753941
2002,6432,617.1,617.6888208361298,Statistical_Trend,0.21603593,0.035239644,0.19094853,0.5475399,0.010236002
2003,6432,502.3,599.4557076769977,Hybrid_XGB,0.40876284,0.021533538,0.3684255,0.12355632,0.077721804
2004,6432,663.1,596.6750519824257,Robust_Linear,0.16991942,0.020387122,0.6805238,0.12102688,0.008142837
2005,6432,590.4,607.036694875333,Robust_Linear,0.18398832,0.14781338,0.5268416,0.12973198,0.011624703
2006,6432,610.1,618.2773988568457,Robust_Linear,0.26208803,0.18102166,0.49814114,0.052037224,0.0067119626
2007,6432,639.7,629.4788705409779,Robust_Linear,0.16692229,0.10486571,0.5539987,0.16557972,0.008633549
2008,6432,661.2,617.2386232209583,Native_Ensemble,0.1050071,0.6624607,0.062018003,0.16382831,0.006685899
2009,6432,699.8,639.3934490979958,Statistical_Trend,0.20473252,0.15406683,0.117321566,0.515216,0.008663112
2010,6432,656.2,664.4567596247517,Native_Ensemble,0.12298985,0.6154649,0.16896187,0.079616785,0.012966496
2011,6432,770.0,674.5688361065681,Native_Ensemble,0.23708265,0.5705069,0.12270307,0.06213312,0.007574302
2012,6432,712.8,714.4279461457432,Native_Ensemble,0.20071779,0.4795344,0.19351989,0.11910634,0.007121653
2013,6432,679.4,784.5647125325788,V31_Solar_Gated,0.030959085,0.038465925,0.26347917,0.0351449,0.6319509
2014,6432,866.5,797.516995574375,V31_Solar_Gated,0.040882304,0.051016573,0.05520526,0.028453238,0.8244426
2015,6432,719.9,760.9180690706631,Robust_Linear,0.16868897,0.2570747,0.49419016,0.07254369,0.007502393
2016,6432,814.8,790.3392872839821,Robust_Linear,0.16955541,0.35162333,0.4090267,0.056949534,0.012844954
2017,6432,883.0,813.256369564941,Robust_Linear,0.07350113,0.05885116,0.402685,0.0663407,0.39862195
2018,6432,570.0,702.6081871923504,V31_Solar_Gated,0.09067665,0.052077875,0.062533736,0.027938304,0.76677346
2019,6432,817.8,803.079374342096,Robust_Linear,0.17239024,0.14831455,0.24521342,0.2400367,0.1940451
2020,6432,717.9,758.7100444129098,Hybrid_XGB,0.44612414,0.15349212,0.29067928,0.099124275,0.010580173
2021,6432,800.9,779.3678400049351,Robust_Linear,0.27158022,0.13874367,0.48346427,0.096325494,0.009886293
2022,6432,674.2,761.9942107938743,Hybrid_XGB,0.48741624,0.14813404,0.24342607,0.109035075,0.011988582
2023,6432,891.9,770.6718138791194,Robust_Linear,0.3313304,0.14199755,0.40353844,0.110009484,0.013124121
2024,6432,857.4,755.0952530113611,Robust_Linear,0.28697225,0.21652064,0.3686175,0.114614315,0.013275211
2000,6433,665.3,543.288855030488,Robust_Linear,0.100305215,0.016233182,0.7193074,0.1208296,0.043324575
2001,6433,473.4,595.0036546417114,Robust_Linear,0.062413413,0.011417617,0.8745847,0.0478084,0.0037758313
2002,6433,527.3,580.3144840037774,Statistical_Trend,0.31667742,0.03571657,0.26017132,0.37940207,0.008032607
2003,6433,497.3,532.2696392559001,Hybrid_XGB,0.42718166,0.032843854,0.40345922,0.123508714,0.01300659
2004,6433,637.3,552.587391405651,Robust_Linear,0.18258359,0.023620885,0.66333765,0.1225384,0.007919501
2005,6433,583.9,570.7969245499964,Robust_Linear,0.18427761,0.10928161,0.58059853,0.11483554,0.011006702
2006,6433,569.6,589.9786019536816,Native_Ensemble,0.19625285,0.37212095,0.36778402,0.05729854,0.006543603
2007,6433,600.5,600.0423238982754,Robust_Linear,0.3005483,0.24765557,0.32488126,0.11874649,0.008168471
2008,6433,578.4,588.3700336449883,Statistical_Trend,0.15828037,0.26264575,0.062533796,0.5094933,0.0070468355
2009,6433,704.9,597.2354869301668,Robust_Linear,0.25358126,0.27266172,0.34674764,0.11853519,0.008474226
2010,6433,655.2,628.0238807405342,Native_Ensemble,0.11209037,0.63116276,0.15062064,0.095807314,0.010318901
2011,6433,767.4,646.2346342630499,Native_Ensemble,0.20470384,0.50851905,0.20163782,0.07475739,0.010381884
2012,6433,710.9,699.8962416657535,Native_Ensemble,0.19870137,0.37983093,0.26320094,0.14959928,0.008667448
2013,6433,679.1,708.4289665393982,Robust_Linear,0.05153993,0.049593296,0.75747883,0.049175784,0.09221213
2014,6433,865.8,805.8538038430164,V31_Solar_Gated,0.020606337,0.020246541,0.079964146,0.032387007,0.846796
2015,6433,721.6,754.8634929774607,Robust_Linear,0.22760855,0.27146843,0.40564272,0.08521334,0.010067001
2016,6433,702.1,772.8194647693686,Robust_Linear,0.17598476,0.07671578,0.6809016,0.05506807,0.01132977
2017,6433,887.2,784.8967932665196,Robust_Linear,0.13797362,0.07236218,0.49825493,0.059110772,0.23229851
2018,6433,707.0,701.1425384962918,V31_Solar_Gated,0.10107244,0.053916473,0.13799492,0.08421594,0.6228002
2019,6433,803.7,789.462881673524,Robust_Linear,0.15798418,0.0980468,0.30824012,0.203993,0.23173593
2020,6433,715.3,789.6427289520196,Hybrid_XGB,0.43867645,0.32779977,0.13777243,0.085447885,0.010303564
2021,6433,833.8,796.5408082615538,Native_Ensemble,0.31946027,0.43471625,0.14574817,0.08945903,0.010616328
2022,6433,758.8,792.151214313793,Hybrid_XGB,0.59292644,0.1018994,0.20940107,0.08597942,0.0097936895
2023,6433,742.9,788.3575895022122,Hybrid_XGB,0.42842492,0.09644084,0.09774883,0.3653264,0.012059003
2024,6433,746.8,783.0965417923577,Hybrid_XGB,0.36803788,0.1591523,0.36653432,0.09490315,0.011372376
2000,6434,679.1,585.7009950158476,Statistical_Trend,0.07032482,0.009459815,0.08935173,0.79644287,0.03442078
2001,6434,600.5,621.4828369735837,Robust_Linear,0.08841215,0.009185012,0.86385036,0.034132835,0.0044196704
2002,6434,666.9,626.3766836434455,Statistical_Trend,0.2258093,0.039212517,0.27712923,0.4477192,0.010129778
2003,6434,619.6,636.5438307356629,Hybrid_XGB,0.40430856,0.027266787,0.2757486,0.21195208,0.08072392
2004,6434,736.7,639.4947212584183,Statistical_Trend,0.260648,0.03348582,0.21149552,0.48320627,0.011164275
2005,6434,637.7,673.66343479029,Statistical_Trend,0.19422877,0.12142408,0.2821879,0.38532552,0.016833745
2006,6434,691.0,680.6665421383353,Native_Ensemble,0.17304502,0.4742809,0.22014189,0.124488436,0.0080437735
2007,6434,694.4,694.8572561925799,Native_Ensemble,0.22344565,0.550628,0.14072156,0.07672994,0.008474823
2008,6434,688.7,688.3737675907242,Statistical_Trend,0.13335335,0.32122797,0.06151599,0.47404376,0.009858889
2009,6434,670.9,689.967420615973,Statistical_Trend,0.34108645,0.090547904,0.19191068,0.36591572,0.010539212
2010,6434,693.3,728.1217644733536,V31_Solar_Gated,0.08464759,0.14041054,0.1645722,0.042077754,0.5682919
2011,6434,743.5,692.823384758364,Robust_Linear,0.28012076,0.094926395,0.51562995,0.09988554,0.009437361
2012,6434,754.1,713.0241891568439,Robust_Linear,0.28184175,0.12118785,0.4641274,0.122558996,0.01028394
2013,6434,723.5,749.5959920251388,Statistical_Trend,0.036900084,0.035905305,0.10915743,0.78206223,0.035974942
2014,6434,871.8,809.5457225891901,V31_Solar_Gated,0.028533744,0.021327931,0.053562727,0.02560475,0.8709709
2015,6434,690.6,787.2776540935112,Native_Ensemble,0.3559828,0.37018138,0.19542958,0.070836544,0.0075697475
2017,6434,921.1,838.9922805016762,V31_Solar_Gated,0.053289514,0.059378203,0.07192026,0.030738676,0.7846734
2018,6434,616.4,728.1106843904931,V31_Solar_Gated,0.19956194,0.030895447,0.09804276,0.10521854,0.5662813
2019,6434,824.3,817.3638197228828,Statistical_Trend,0.23013341,0.12148096,0.31528845,0.32304138,0.010055726
2020,6434,749.3,783.6265432859078,Robust_Linear,0.31685972,0.1262297,0.45227554,0.09205052,0.012584524
2021,6434,923.8,800.8279759944355,Robust_Linear,0.26443994,0.09739186,0.53505105,0.094625145,0.00849194
2022,6434,715.4,819.4247526311377,Robust_Linear,0.31234634,0.09784417,0.49277782,0.08652408,0.01050755
2023,6434,837.8,829.357016347199,Statistical_Trend,0.21705751,0.2761556,0.1024647,0.39517793,0.009144195
2024,6434,946.3,810.2752905562438,Robust_Linear,0.2909256,0.1386421,0.46105632,0.09665191,0.012724059
2000,6435,690.8,586.302248477306,Statistical_Trend,0.06537759,0.009205171,0.08961163,0.80707866,0.028726919
2001,6435,554.5,619.2299570206462,Robust_Linear,0.057216693,0.0071110753,0.8990893,0.03290239,0.0036805097
2002,6435,664.0,614.7639287058131,Statistical_Trend,0.20296906,0.023530636,0.17400645,0.5900622,0.009431672
2003,6435,545.8,627.1196897921279,Statistical_Trend,0.33218825,0.03235451,0.17645624,0.44522896,0.013771976
2004,6435,759.5,610.0501061830419,Statistical_Trend,0.25965148,0.03601002,0.15096775,0.5427254,0.0106454
2005,6435,655.7,652.8900624403244,Native_Ensemble,0.21040596,0.50280297,0.15644205,0.121229194,0.009119827
2006,6435,692.0,678.075992142915,Statistical_Trend,0.17807777,0.10682083,0.2535649,0.4506129,0.010923661
2007,6435,662.2,693.1744156682546,Statistical_Trend,0.3365815,0.077668555,0.17433019,0.40075973,0.010660029
2008,6435,653.6,688.044444429868,Native_Ensemble,0.14996727,0.44225422,0.06495555,0.33187595,0.010946903
2009,6435,677.3,687.2697483390874,Native_Ensemble,0.22369257,0.5212729,0.15842186,0.08875569,0.007856987
2010,6435,696.9,673.8891360071315,Hybrid_XGB,0.39811,0.23844814,0.11466984,0.06112892,0.18764302
2011,6435,774.1,692.181576357744,Robust_Linear,0.25312123,0.11214411,0.5403299,0.08381933,0.010585486
2012,6435,760.5,729.9126406439116,Statistical_Trend,0.19170035,0.0450544,0.22573972,0.53196156,0.0055439672
2013,6435,728.1,762.3070919702607,Robust_Linear,0.2637808,0.14061056,0.49595097,0.08649858,0.013159028
2014,6435,858.8,819.5863275179327,V31_Solar_Gated,0.037885144,0.037516743,0.047442973,0.025496395,0.85165876
2015,6435,693.4,790.9965499260322,Native_Ensemble,0.21759361,0.36115262,0.35641456,0.057756018,0.0070831864
2016,6435,759.5,782.3610739420648,Hybrid_XGB,0.3741794,0.34615928,0.18797459,0.07297725,0.018709518
2017,6435,862.7,786.6617559336678,Native_Ensemble,0.28366393,0.45470688,0.19859686,0.049863365,0.013168916
2018,6435,650.2,705.7922077623876,V31_Solar_Gated,0.17203882,0.0449151,0.17145276,0.062022224,0.5495711
2019,6435,813.5,799.4762724539813,Native_Ensemble,0.3054137,0.44400695,0.16016676,0.08146957,0.008943002
2000,6436,690.8,589.2662505119023,Statistical_Trend,0.07101263,0.01094425,0.09332592,0.7883796,0.03633766
2001,6436,563.5,612.7919883265434,Robust_Linear,0.05149841,0.0074393516,0.90063393,0.036757514,0.0036707262
2002,6436,721.6,616.9562101371965,Statistical_Trend,0.1850094,0.03536505,0.23868416,0.5318303,0.00911106
2003,6436,509.4,634.8657338797408,Hybrid_XGB,0.39115945,0.031861834,0.29687256,0.26867494,0.011431169
2004,6436,626.3,623.2778824454514,Statistical_Trend,0.23011592,0.0317949,0.2868845,0.4425337,0.008671035
2005,6436,591.2,611.2060357326347,Robust_Linear,0.17657527,0.17398567,0.5238258,0.11628372,0.009329543
2006,6436,600.2,612.7001817285208,Robust_Linear,0.2608552,0.12077193,0.53569293,0.07535848,0.00732147
2007,6436,614.2,620.750613164232,Robust_Linear,0.19155115,0.115629755,0.52235186,0.16154991,0.008917299
2008,6436,578.5,593.2925094397634,Native_Ensemble,0.076942824,0.5744183,0.04496143,0.29723322,0.006444229
2009,6436,675.4,612.5640941038215,Robust_Linear,0.12975359,0.1341503,0.5690094,0.15841642,0.008670254
2010,6436,698.7,603.2711764360893,Robust_Linear,0.17389163,0.15469508,0.5291191,0.12658456,0.01570964
2011,6436,769.9,649.1577943512159,Native_Ensemble,0.19584951,0.64292526,0.08595497,0.06893922,0.0063309735
2012,6436,766.2,702.6656298000642,Native_Ensemble,0.14811149,0.5351478,0.1961901,0.11386782,0.0066828113
2013,6436,736.2,726.275159069975,Robust_Linear,0.13751367,0.23735526,0.5424203,0.06463211,0.01807859
2014,6436,863.3,831.3060236322032,V31_Solar_Gated,0.03400557,0.052352257,0.07876348,0.03565662,0.7992221
2015,6436,693.7,772.5615818547064,Robust_Linear,0.16617237,0.07553944,0.596661,0.15340514,0.008222041
2000,6437,658.9,597.3575036054051,Statistical_Trend,0.11354423,0.013571481,0.11890923,0.7473326,0.0066424804
2001,6437,522.9,623.624577438903,Robust_Linear,0.14942625,0.022857206,0.6656922,0.15289636,0.009127957
2002,6437,566.3,597.2854499851876,Robust_Linear,0.2295826,0.024036594,0.5752599,0.16002011,0.011100777
2003,6437,595.3,582.0566137088686,Robust_Linear,0.3039784,0.018589782,0.46049505,0.12209103,0.0948457
2004,6437,686.0,594.2279854514777,Robust_Linear,0.21508518,0.01893177,0.67852795,0.080305114,0.007149978
2005,6437,642.6,629.1945266135411,Native_Ensemble,0.14084871,0.5290476,0.14681019,0.17494419,0.00834923
2006,6437,691.0,646.4622189869045,Native_Ensemble,0.18332914,0.6172635,0.1193377,0.073129684,0.0069399374
2007,6437,586.8,672.8327673452701,Statistical_Trend,0.28781763,0.08201101,0.21143745,0.4080356,0.010698383
2008,6437,655.3,644.1456771803016,Native_Ensemble,0.08026498,0.6309103,0.05346297,0.22696884,0.008392973
2009,6437,671.3,652.6370169397871,Native_Ensemble,0.17095627,0.6349673,0.11301103,0.07291733,0.008148112
2010,6437,671.0,661.1595711853222,Native_Ensemble,0.15954225,0.64471537,0.1255375,0.05855391,0.011650929
2011,6437,699.6,669.8928177790583,Native_Ensemble,0.2037447,0.6184701,0.11306777,0.056881852,0.007835489
2012,6437,706.3,687.4393227229472,Statistical_Trend,0.282449,0.06669187,0.1645486,0.47819415,0.008116393
2013,6437,686.9,740.65002694369,V31_Solar_Gated,0.11504954,0.11674046,0.22462106,0.045289572,0.4982994
2014,6437,887.8,763.1223558379861,V31_Solar_Gated,0.04553228,0.06353134,0.06118358,0.043124393,0.7866284
2015,6437,696.3,755.6722025467953,Robust_Linear,0.18001465,0.11483195,0.6032087,0.091788195,0.010156529
2000,6438,655.7,567.4768257375324,Statistical_Trend,0.068421066,0.010982984,0.10743652,0.7757325,0.037426945
2001,6438,568.0,589.4392012290235,Robust_Linear,0.036535256,0.006088104,0.92251086,0.031840894,0.0030248715
2002,6438,575.1,608.1024863531396,Statistical_Trend,0.17477906,0.030289866,0.2588542,0.5253452,0.010731663
2003,6438,539.7,579.2491090244248,Hybrid_XGB,0.39700085,0.029232461,0.16673931,0.32295963,0.08406782
2004,6438,626.3,580.5965913926973,Robust_Linear,0.21840528,0.02058143,0.6605198,0.092576206,0.0079172645
2006,6438,600.2,611.8556302000906,Statistical_Trend,0.32787406,0.07139543,0.23164687,0.36166134,0.0074222735
2007,6438,604.5,618.7454726455145,Robust_Linear,0.18228719,0.07726909,0.4093787,0.3240083,0.007056764
2008,6438,665.5,610.5898038428378,Native_Ensemble,0.11004259,0.7272898,0.049756497,0.10673093,0.0061802412
2009,6438,665.9,642.790814452801,Native_Ensemble,0.12346447,0.6618815,0.12505397,0.08220731,0.0073927306
2010,6438,670.6,654.3042910291426,Native_Ensemble,0.09060719,0.5936793,0.24313663,0.06259909,0.009977815
2011,6438,736.4,667.0821623087725,Native_Ensemble,0.20537992,0.61304533,0.122711375,0.051743932,0.0071194707
2012,6438,716.0,710.1007919912632,Native_Ensemble,0.1567007,0.4234954,0.2899933,0.12124608,0.008564487
2013,6438,675.6,722.6034974517911,Robust_Linear,0.07106142,0.07125143,0.6482674,0.06361851,0.1458013
2014,6438,841.8,774.6110192675538,V31_Solar_Gated,0.057026833,0.01366032,0.06448173,0.042175397,0.82265574
2015,6438,687.9,752.1858453756242,Robust_Linear,0.15023325,0.06529311,0.716739,0.060174998,0.0075596557
2000,6439,690.8,544.1426577898304,Statistical_Trend,0.06564653,0.009563838,0.09456734,0.79251784,0.03770444
2001,6439,595.1,580.9376945589787,Robust_Linear,0.048448473,0.006700007,0.90087885,0.039959386,0.004013239
2002,6439,585.9,607.449536058271,Statistical_Trend,0.2610644,0.030961666,0.33869743,0.35610908,0.013167397
2003,6439,717.6,612.7969000721695,Statistical_Trend,0.20055684,0.023356782,0.22555153,0.5410192,0.009515633
2004,6439,690.9,653.8897751033588,Statistical_Trend,0.25098905,0.048638605,0.32333502,0.36495274,0.012084635
2005,6439,597.7,672.8139074985294,Statistical_Trend,0.21667457,0.0964497,0.27203435,0.3942007,0.020640684
2006,6439,691.0,656.8462736337319,Statistical_Trend,0.19816515,0.08458176,0.28657874,0.4205973,0.010077078
2007,6439,586.8,687.5596988852892,Native_Ensemble,0.1557862,0.520389,0.22548375,0.09101553,0.0073255184
2008,6439,696.2,642.9218095997281,Statistical_Trend,0.09608497,0.22129303,0.05632587,0.61706495,0.009231207
2009,6439,673.7,668.6212701805271,Native_Ensemble,0.19946678,0.5715297,0.124490544,0.097364336,0.0071486323
2010,6439,666.8,701.3396757542866,V31_Solar_Gated,0.09922695,0.12701295,0.16084689,0.074045666,0.5388676
2011,6439,727.3,678.027875042938,Robust_Linear,0.290601,0.11223902,0.501281,0.08778376,0.008095216
2012,6439,697.8,686.3690852355307,Robust_Linear,0.30244228,0.11956991,0.34606943,0.22163314,0.010285202
2013,6439,684.8,740.5795039696752,Statistical_Trend,0.041017015,0.019489432,0.08341523,0.44265878,0.41341957
2014,6439,860.6,759.7542194045036,V31_Solar_Gated,0.055313334,0.034475558,0.12773487,0.037576105,0.74490017
2015,6439,691.4,759.5161643279888,Native_Ensemble,0.35390267,0.36708254,0.18927611,0.08211087,0.0076278006
2000,6440,620.7,569.9788015455032,Robust_Linear,0.09266122,0.012733703,0.7150246,0.1307197,0.048860826
2001,6440,570.7,608.4157226450695,Statistical_Trend,0.21094562,0.03548727,0.29913726,0.44111007,0.013319709
2002,6440,641.5,591.6520371638269,Statistical_Trend,0.312728,0.04133961,0.11402162,0.52162033,0.010290418
2003,6440,476.1,574.9311862829513,Hybrid_XGB,0.5491943,0.025483819,0.26300305,0.1513031,0.011015723
2004,6440,613.4,586.6706238758917,Robust_Linear,0.24971339,0.020438984,0.62536484,0.09614764,0.008335156
2005,6440,627.9,587.893014187308,Robust_Linear,0.14737415,0.13112594,0.6352628,0.07710001,0.0091371285
2006,6440,614.0,605.6771008705597,Robust_Linear,0.2142914,0.14168836,0.5165237,0.11939241,0.008104095
2007,6440,642.6,619.7707673623878,Statistical_Trend,0.17818904,0.07109254,0.35139704,0.39207944,0.0072419494
2008,6440,662.2,623.7676466498663,Native_Ensemble,0.11212303,0.6576224,0.05496789,0.16905044,0.0062362556
2009,6440,676.4,649.5290529381518,Native_Ensemble,0.12801142,0.62631094,0.15678692,0.08282302,0.0060676155
2010,6440,699.2,658.4212367976038,Native_Ensemble,0.1073078,0.52638584,0.26019776,0.086916044,0.019192608
2011,6440,791.0,672.1881409602487,Native_Ensemble,0.2352304,0.41679332,0.24876422,0.08737655,0.011835502
2012,6440,767.4,718.3427868520605,Native_Ensemble,0.19906099,0.3297154,0.30975103,0.14962834,0.011844275
2013,6440,737.6,726.191878743086,Robust_Linear,0.0837216,0.06747722,0.7856433,0.052057996,0.011099947
2014,6440,890.5,831.1404937983866,V31_Solar_Gated,0.029728461,0.049734056,0.23945345,0.027481226,0.65360284
2015,6440,711.8,780.8075600935863,Robust_Linear,0.12550016,0.20224565,0.6097005,0.05492769,0.00762596
2016,6440,721.2,804.9199871174891,Robust_Linear,0.21465336,0.24345964,0.44498953,0.08136507,0.015532304
2017,6440,899.0,805.4438560503013,Robust_Linear,0.053884048,0.04196255,0.47808492,0.0491287,0.37693983
2018,6440,656.2,703.1270875955349,V31_Solar_Gated,0.10870903,0.033937223,0.10214098,0.076876886,0.67833585
2019,6440,833.8,796.6187511703899,V31_Solar_Gated,0.15140449,0.16272989,0.20148708,0.072871864,0.41150668
2020,6440,728.3,764.2088428282016,Hybrid_XGB,0.50501025,0.094954744,0.25232732,0.1360827,0.011625002
2021,6440,930.0,793.125915559906,Native_Ensemble,0.28708243,0.4186505,0.18247885,0.10049138,0.011296893
2022,6440,742.8,794.4504444050223,Hybrid_XGB,0.510342,0.13803442,0.22853404,0.112779565,0.0103100175
2023,6440,810.4,821.8922052950463,Statistical_Trend,0.24977978,0.10822554,0.22844674,0.40116113,0.012386787
2024,6440,958.5,801.5424574818481,Robust_Linear,0.2722932,0.23561743,0.38440064,0.0962001,0.011488582
2000,6531,686.6,572.2375725674548,Robust_Linear,0.19758241,0.0247407,0.4497399,0.31545332,0.01248373
2001,6531,550.9,624.5515672284677,Robust_Linear,0.055231534,0.0071283835,0.890061,0.042806584,0.004772477
2002,6531,641.5,617.4245125102245,Statistical_Trend,0.1814109,0.029629054,0.18285523,0.5968076,0.009297244
2003,6531,529.6,608.5181895711215,Hybrid_XGB,0.4478255,0.025400588,0.34513208,0.16626227,0.015379621
2004,6531,679.0,597.7107805307782,Robust_Linear,0.26822397,0.022129692,0.5635002,0.12976278,0.016383316
2005,6531,614.0,614.5855686231188,Robust_Linear,0.1816425,0.14541894,0.49437305,0.16740297,0.011162574
2006,6531,610.1,625.7475183546395,Hybrid_XGB,0.4077213,0.24833582,0.22026853,0.115560934,0.008113379
2007,6531,665.1,636.7542400338455,Robust_Linear,0.24207792,0.10054071,0.5678083,0.0814049,0.008168178
2008,6531,672.3,639.9466807701832,Native_Ensemble,0.14660975,0.60201365,0.101693444,0.1441234,0.0055597806
2009,6531,670.1,655.6907212224603,Native_Ensemble,0.20502202,0.6090256,0.11789694,0.06027508,0.007780334
2010,6531,686.2,668.1240885843234,Native_Ensemble,0.14533386,0.62575084,0.14425026,0.067642145,0.017022872
2011,6531,749.0,711.2499835946722,V31_Solar_Gated,0.1299903,0.112712115,0.09362711,0.03644352,0.62722695
2012,6531,735.0,711.4863909199566,Native_Ensemble,0.21363698,0.49644372,0.20642936,0.077603415,0.005886471
2013,6531,705.9,782.6867499101957,V31_Solar_Gated,0.028960083,0.040977787,0.23722409,0.034189988,0.658648
2014,6531,851.0,813.9391679518274,V31_Solar_Gated,0.025888065,0.041018937,0.053275075,0.026326941,0.853491
2015,6531,687.5,764.6699599489037,Robust_Linear,0.14283882,0.35107127,0.43163294,0.06734288,0.0071139815
2017,6531,910.6,788.3606291267222,Robust_Linear,0.26233196,0.10612019,0.35500887,0.25690022,0.019638773
2018,6531,642.9,700.5097818719155,V31_Solar_Gated,0.25754485,0.043370306,0.16283377,0.07671855,0.45953262
2019,6531,815.7,819.1732532945998,Robust_Linear,0.249805,0.2549173,0.37999952,0.10273381,0.01254429
2020,6531,752.2,774.4872451326531,Robust_Linear,0.33340663,0.1599642,0.3791391,0.116753206,0.010736891
2021,6531,866.7,800.2798109927527,Statistical_Trend,0.24870749,0.08501499,0.17678104,0.48071077,0.008785719
2022,6531,791.3,797.576676888862,Robust_Linear,0.32649985,0.21536954,0.34333968,0.10503849,0.0097524505
2023,6531,818.2,811.0761211092696,Statistical_Trend,0.32274127,0.111185946,0.1726072,0.3829766,0.010488967
2000,6532,657.9,561.5754266044828,Statistical_Trend,0.10615609,0.012427673,0.15504219,0.6799686,0.04640543
2001,6532,536.5,574.6940423037605,Robust_Linear,0.06674553,0.0064013232,0.87868005,0.040626246,0.0075469343
2002,6532,575.1,591.6581026001246,Statistical_Trend,0.3173567,0.028578755,0.28287557,0.3602034,0.010985588
2003,6532,539.7,583.9158761292614,Statistical_Trend,0.3125252,0.022428392,0.20834596,0.44532663,0.011373819
2004,6532,626.3,571.8555134695703,Statistical_Trend,0.26612684,0.028535899,0.17759372,0.50794095,0.019802593
2005,6532,591.2,600.7168034712438,Native_Ensemble,0.17578839,0.47340918,0.18718162,0.15464237,0.008978417
2006,6532,600.2,605.4884019999116,Hybrid_XGB,0.32947066,0.06106913,0.275193,0.32603678,0.008230461
2007,6532,603.5,615.8220401774214,Robust_Linear,0.23282824,0.10090157,0.5849463,0.07359575,0.007728241
2008,6532,573.4,603.5432949177297,Native_Ensemble,0.121950954,0.5765362,0.07318612,0.22113861,0.0071881353
2009,6532,668.9,606.2031590694868,Robust_Linear,0.1959822,0.06331541,0.6594528,0.07396325,0.0072864033
2010,6532,675.8,626.2036708405244,Native_Ensemble,0.16158514,0.58534676,0.14475895,0.09122544,0.01708364
2011,6532,714.5,679.3431163036686,V31_Solar_Gated,0.14114712,0.1468715,0.16337803,0.04093052,0.5076728
2012,6532,720.1,692.9814191767202,Native_Ensemble,0.16009149,0.54191035,0.13671488,0.15417208,0.0071111745
2013,6532,684.0,745.1944161474105,V31_Solar_Gated,0.04483341,0.055654824,0.3616115,0.05771263,0.48018768
2014,6532,873.3,782.2952914572331,V31_Solar_Gated,0.022220708,0.01486759,0.030530615,0.053580508,0.8788005
2015,6532,684.9,765.7434365669264,Robust_Linear,0.21873112,0.07012573,0.51151437,0.18938856,0.010240291
2000,6533,637.7,553.4168432542498,Robust_Linear,0.08363564,0.011699839,0.7283923,0.12515314,0.051119167
2001,6533,471.6,585.1522403204033,Statistical_Trend,0.11304209,0.018176114,0.24364418,0.6158358,0.009301809
2002,6533,507.7,560.3474814540555,Robust_Linear,0.26877677,0.025136601,0.5824948,0.11424849,0.00934333
2003,6533,707.5,550.7123819856712,Robust_Linear,0.19836879,0.018075189,0.6924631,0.081065215,0.010027719
2004,6533,626.3,578.780947829741,Robust_Linear,0.26365885,0.018804677,0.5915286,0.11828769,0.007720198
2005,6533,570.0,610.7365138690787,Native_Ensemble,0.223176,0.45790106,0.16553919,0.14487435,0.008509371
2006,6533,691.0,606.9806774458931,Native_Ensemble,0.27166247,0.47999442,0.1482065,0.09343211,0.0067044864
2007,6533,586.8,642.1228677942468,Native_Ensemble,0.13321355,0.41650698,0.38854286,0.05657941,0.005157224
2008,6533,653.2,639.942877482601,Native_Ensemble,0.08514994,0.62200296,0.057666674,0.22627117,0.008909279
2009,6533,667.6,645.8964850638345,Native_Ensemble,0.12557016,0.5509569,0.23671255,0.08049955,0.006260805
2010,6533,671.9,674.7957340479425,V31_Solar_Gated,0.08450184,0.19746096,0.1937114,0.10440526,0.41992053
2011,6533,747.1,672.3607186417617,Native_Ensemble,0.17636965,0.58860004,0.14902747,0.07780938,0.008193506
2012,6533,717.2,695.1228395440124,Native_Ensemble,0.21288984,0.40094092,0.23160547,0.14643398,0.008129829
2013,6533,677.9,733.006110794439,Robust_Linear,0.046199437,0.06464153,0.5618633,0.075497776,0.25179797
2014,6533,850.5,789.0022114781541,V31_Solar_Gated,0.032399163,0.06374984,0.077489406,0.036278896,0.7900827
2015,6533,687.1,751.6007019277954,Robust_Linear,0.15472417,0.31063905,0.45806178,0.06901385,0.00756113
2000,6534,690.8,557.6753923787928,Robust_Linear,0.15198004,0.017956931,0.57840705,0.20450872,0.047147322
2001,6534,522.9,615.3165800712683,Robust_Linear,0.06071473,0.008114353,0.87322384,0.052108154,0.005838939
2002,6534,507.7,598.5604188838911,Statistical_Trend,0.24731326,0.035874724,0.2702219,0.43366194,0.012928115
2003,6534,636.8,580.207483218664,Robust_Linear,0.2606072,0.018974423,0.5919087,0.11510899,0.013400654
2004,6534,720.8,582.2987199475306,Robust_Linear,0.254419,0.021811614,0.46229556,0.24224268,0.019231165
2005,6534,605.9,635.5125120498029,Native_Ensemble,0.18930547,0.459418,0.19455177,0.14733206,0.00939267
2006,6534,651.5,646.8677064734675,Statistical_Trend,0.28749436,0.11209567,0.21068631,0.37920257,0.010521068
2007,6534,586.8,653.3989201464269,Statistical_Trend,0.34121996,0.087382704,0.1821019,0.37895158,0.010343777
2008,6534,634.8,636.775665693675,Native_Ensemble,0.07983499,0.51333356,0.055512358,0.34503904,0.0062800716
2009,6534,667.0,632.8761154357844,Robust_Linear,0.3057149,0.1042453,0.40730464,0.17230287,0.010432304
2010,6534,675.5,660.4702919445126,Robust_Linear,0.3214913,0.18957056,0.40118334,0.07568229,0.012072362
2011,6534,785.0,694.9452285840255,V31_Solar_Gated,0.12446082,0.03086602,0.1227024,0.042188346,0.6797824
2012,6534,717.0,712.0619768549496,Native_Ensemble,0.21208386,0.4627332,0.17063263,0.14544626,0.009104009
2013,6534,687.3,727.8501024612758,Robust_Linear,0.062146306,0.094963476,0.69329524,0.092324145,0.0572709
2014,6534,833.2,799.9373874532935,V31_Solar_Gated,0.027351785,0.041300774,0.04831956,0.02816783,0.85486
2015,6534,707.7,759.3545198857826,Robust_Linear,0.2060333,0.075214066,0.56060404,0.14755079,0.010597799
2000,6535,619.6,525.3718560308561,Statistical_Trend,0.069628924,0.010200447,0.096082374,0.7947429,0.029345397
2001,6535,532.0,566.8444949879449,Robust_Linear,0.08674522,0.01050449,0.84531105,0.050633214,0.0068060635
2002,6535,540.9,566.0683600722451,Statistical_Trend,0.34308702,0.035889767,0.22724605,0.3818255,0.011951609
2003,6535,525.6,572.422625002449,Hybrid_XGB,0.3739078,0.015608908,0.31571552,0.14270477,0.15206303
2004,6535,468.2,560.9674015869206,Statistical_Trend,0.23561779,0.017812278,0.36672884,0.372459,0.0073820623
2005,6535,568.4,540.6761137406484,Robust_Linear,0.12229287,0.15933684,0.64047664,0.06953273,0.008360925
2006,6535,496.5,554.8885396931071,Robust_Linear,0.20632075,0.09193085,0.41893438,0.27176386,0.011050231
2007,6535,514.5,545.7611202839529,Robust_Linear,0.183322,0.13686214,0.4273611,0.24317932,0.009275391
2008,6535,607.6,500.68012247922235,Native_Ensemble,0.14576907,0.54295397,0.084307194,0.21882702,0.008142845
2009,6535,674.0,553.5809252776573,Robust_Linear,0.3033787,0.09075379,0.5158405,0.08202426,0.008002731
2010,6535,678.4,641.88849439739,V31_Solar_Gated,0.09992784,0.03166248,0.22526559,0.045520637,0.59762347
2011,6535,753.6,647.7555169684908,Native_Ensemble,0.22051524,0.44405258,0.24238348,0.07790944,0.01513918
2012,6535,714.5,690.7687055426945,Robust_Linear,0.19615512,0.2523918,0.46209788,0.08099794,0.008357296
2013,6535,687.0,682.2138597594552,Robust_Linear,0.039577894,0.041837867,0.82170427,0.05652503,0.040354908
2014,6535,833.1,803.9576291071763,V31_Solar_Gated,0.029609594,0.03464138,0.06224874,0.02921334,0.8442869
2015,6535,705.2,766.1235549971251,Robust_Linear,0.22395225,0.27704027,0.3857885,0.097262435,0.015956586
2017,6535,824.8,778.56151232927,Robust_Linear,0.22194818,0.3290835,0.38112006,0.057030123,0.0108181555
2018,6535,632.8,695.7896886649521,V31_Solar_Gated,0.19285901,0.031207677,0.09711622,0.04494512,0.6338719
2019,6535,750.2,757.9021488654923,Robust_Linear,0.22704439,0.059177224,0.4496094,0.2558164,0.0083525
2021,6535,821.0,768.0617541087946,Statistical_Trend,0.28927353,0.06073027,0.29866558,0.3426912,0.008639371
2022,6535,710.2,794.9745797838347,Native_Ensemble,0.3704252,0.3814403,0.14295802,0.096190326,0.008986185
2023,6535,817.3,764.5260451018171,Robust_Linear,0.30198207,0.09489313,0.48751897,0.10452151,0.01108434
2024,6535,788.1,775.3742119487961,Robust_Linear,0.26731965,0.11941856,0.45295516,0.14791135,0.012395335
2000,6631,605.8,499.664995247208,Statistical_Trend,0.07185462,0.009988252,0.10253399,0.7790322,0.036590934
2001,6631,545.5,528.5190457768665,Robust_Linear,0.05095421,0.0070107775,0.8992013,0.038436443,0.0043972395
2002,6631,573.2,552.9636850525429,Hybrid_XGB,0.34472054,0.030288069,0.33565506,0.2751997,0.014136612
2003,6631,363.9,583.3999376147253,Hybrid_XGB,0.42556983,0.023322333,0.1789546,0.215419,0.15673424
2004,6631,596.5,504.0422814830664,Robust_Linear,0.1699655,0.016834583,0.5624856,0.23696779,0.013746586
2005,6631,508.0,536.6061565028614,Statistical_Trend,0.16802922,0.05960431,0.35297245,0.40909916,0.010294867
2006,6631,444.2,539.3870754761042,Robust_Linear,0.19727083,0.061450668,0.39551955,0.3347637,0.01099529
2007,6631,410.8,520.4336842504225,Robust_Linear,0.17204414,0.108643025,0.44278717,0.26150814,0.015017546
2008,6631,639.9,440.16537159966236,Native_Ensemble,0.07918955,0.6864077,0.07359357,0.14818539,0.012623836
2009,6631,675.2,518.7074855952354,Robust_Linear,0.24652554,0.20866285,0.4314033,0.10129472,0.012113632
2010,6631,675.2,606.2742779587775,V31_Solar_Gated,0.12269681,0.05028916,0.35029888,0.06623048,0.4104846
2000,6632,639.8,567.2324939799886,Statistical_Trend,0.06572276,0.008543226,0.096459776,0.7989669,0.030307421
2001,6632,539.2,597.124362080189,Robust_Linear,0.08041091,0.010583751,0.8506206,0.052819706,0.005564914
2002,6632,542.9,586.3301834387013,Statistical_Trend,0.3365744,0.028077533,0.21704583,0.40844595,0.0098563
2003,6632,490.2,587.8832232258208,Robust_Linear,0.34024632,0.013487556,0.3442867,0.16700451,0.13497487
2004,6632,610.4,562.0506925735212,Robust_Linear,0.15831183,0.015790608,0.5774742,0.24071975,0.00770364
2005,6632,544.7,581.4347053791142,Robust_Linear,0.19588183,0.121064626,0.5667303,0.10553067,0.010792533
2006,6632,538.0,583.5930907918731,Robust_Linear,0.17241375,0.18390156,0.5395896,0.09570106,0.0083940625
2007,6632,498.8,586.9255564794286,Robust_Linear,0.14539641,0.15603702,0.6242311,0.06680967,0.0075258305
2008,6632,696.2,511.07096865307534,Native_Ensemble,0.12019711,0.59000844,0.07653923,0.20627552,0.0069796536
2009,6632,677.4,596.4565146862029,Robust_Linear,0.2537108,0.08403664,0.5681682,0.08542643,0.008657852
2010,6632,684.1,674.700539838756,V31_Solar_Gated,0.07953581,0.028497772,0.08570677,0.13915077,0.6671089
2011,6632,716.4,706.9799759442033,V31_Solar_Gated,0.0898982,0.05949084,0.0897275,0.03748841,0.7233951
2012,6632,722.8,696.8452303548959,Robust_Linear,0.17998363,0.17235617,0.5218048,0.11601921,0.009836221
2013,6632,677.1,706.8743862501045,Robust_Linear,0.043221284,0.05479475,0.78926146,0.065130256,0.047592293
2014,6632,841.7,792.3231137974154,V31_Solar_Gated,0.023764284,0.019795513,0.06729412,0.06304945,0.8260966
2015,6632,689.8,756.8635221727792,Robust_Linear,0.16192193,0.05735845,0.618905,0.15299347,0.008821128
2000,6633,635.5,541.1750680856533,Statistical_Trend,0.06839749,0.010062973,0.10739554,0.7759892,0.03815484
2001,6633,522.9,567.0977201399782,Robust_Linear,0.054156907,0.009766424,0.8720137,0.059661847,0.004401099
2002,6633,504.8,569.339456506113,Robust_Linear,0.26804066,0.030533236,0.37039718,0.3180604,0.012968553
2003,6633,575.1,569.3780640968571,Robust_Linear,0.26868743,0.0115968,0.37724993,0.11961194,0.22285391
2004,6633,541.8,559.8804678404354,Statistical_Trend,0.31574604,0.028062781,0.16230784,0.48153514,0.012348219
2005,6633,591.2,566.0769310861821,Robust_Linear,0.1764361,0.0539511,0.67726845,0.08486999,0.007474359
2006,6633,591.3,580.8617897892547,Statistical_Trend,0.26927832,0.17465416,0.24099126,0.3074376,0.007638614
2007,6633,566.3,598.5999898487103,Statistical_Trend,0.20116462,0.09116368,0.34089702,0.36004943,0.006725274
2008,6633,660.5,578.6515854223057,Native_Ensemble,0.10838638,0.5944513,0.074432336,0.21531576,0.0074142115
2009,6633,661.8,618.6616163591161,Native_Ensemble,0.15441985,0.5923427,0.15417224,0.091130994,0.0079342
2010,6633,676.9,655.5055517806491,Robust_Linear,0.17647435,0.05687937,0.41877693,0.08626431,0.26160508
2011,6633,777.4,700.4670641666444,V31_Solar_Gated,0.109175794,0.06774494,0.12255136,0.04632682,0.65420103
2012,6633,715.6,702.5923318394481,Robust_Linear,0.17944385,0.08597913,0.6105353,0.11450265,0.009539004
2013,6633,691.0,711.3451027934391,Robust_Linear,0.04441969,0.051716596,0.7933198,0.062565506,0.047978457
2014,6633,852.2,812.0186177060183,V31_Solar_Gated,0.023697458,0.032300238,0.05045137,0.026037572,0.86751336
2015,6633,725.5,773.6972100214142,Robust_Linear,0.19918013,0.2831729,0.42522,0.08184824,0.010578696
2016,6633,754.4,769.7373602492173,Hybrid_XGB,0.355633,0.22527432,0.31576252,0.0899232,0.01340704
2017,6633,865.1,774.6654433531459,Robust_Linear,0.27515993,0.06310989,0.52867126,0.118599154,0.014459706
2018,6633,691.8,702.3409496141855,V31_Solar_Gated,0.28127906,0.032123707,0.09259415,0.077695176,0.5163079
2019,6633,814.5,798.1146364709807,Robust_Linear,0.24845137,0.31093973,0.3163409,0.1138951,0.010372897
2020,6633,812.0,798.7500912768414,Native_Ensemble,0.2717252,0.39620566,0.087860815,0.23473233,0.009475919
2021,6633,822.9,811.912463153826,Statistical_Trend,0.2652212,0.10097548,0.21849976,0.403783,0.011520559
2022,6633,795.0,808.7982014822901,Statistical_Trend,0.22287585,0.070695885,0.14711243,0.3149212,0.2443946
2023,6633,887.9,818.9385993891688,Native_Ensemble,0.2874814,0.4775583,0.13565801,0.08920656,0.0100956885
2024,6633,875.2,837.2072132856308,Native_Ensemble,0.29510608,0.39808178,0.105223894,0.19153608,0.010052141
2000,6634,647.2,573.7597291959709,Statistical_Trend,0.059750084,0.009508728,0.08398652,0.8186302,0.028124511
2001,6634,534.7,612.7588820888109,Robust_Linear,0.07870889,0.0102515295,0.8527217,0.052813035,0.0055047604
2002,6634,572.2,583.2400438439428,Statistical_Trend,0.29409006,0.030236945,0.19935925,0.46557117,0.010742564
2003,6634,596.3,598.6619772455439,Robust_Linear,0.27588075,0.015201459,0.3982034,0.18439746,0.1263169
2004,6634,674.0,602.6112793532902,Robust_Linear,0.24834496,0.016392691,0.58522874,0.14270301,0.0073305937
2005,6634,620.6,636.0673028307086,Statistical_Trend,0.15387586,0.08432156,0.18187657,0.57013744,0.009788589
2006,6634,612.0,636.0549183954189,Statistical_Trend,0.29299256,0.06529521,0.15259153,0.47937018,0.009750645
2007,6634,620.1,646.1614200918629,Robust_Linear,0.24868928,0.1241471,0.5348231,0.08426962,0.008070838
2008,6634,603.8,630.0743912751077,Native_Ensemble,0.078008145,0.54128605,0.058507804,0.3153829,0.0068150763
2009,6634,666.0,628.4964826280066,Robust_Linear,0.268242,0.06872204,0.5460658,0.10842932,0.008540891
2010,6634,679.3,679.1506315029911,V31_Solar_Gated,0.09722025,0.08878817,0.14795157,0.043712515,0.6223275
2011,6634,805.8,698.0462352235595,V31_Solar_Gated,0.10444548,0.020726709,0.106641136,0.03831457,0.7298721
2012,6634,718.1,734.1460188719892,Robust_Linear,0.19926955,0.07550114,0.5514749,0.16293667,0.010817735
2013,6634,696.4,741.49855387304,Robust_Linear,0.055350374,0.09042017,0.6900799,0.0740766,0.09007289
2014,6634,826.7,806.3101562381855,V31_Solar_Gated,0.033276174,0.034747653,0.04266182,0.025782308,0.86353207
2015,6634,723.2,774.4185303336322,Robust_Linear,0.2003194,0.07815146,0.47764513,0.23347071,0.0104133645
2016,6634,750.6,767.3400950624823,Statistical_Trend,0.34328946,0.07241858,0.18290438,0.3914021,0.009985501
2017,6634,891.5,778.6998312526129,Robust_Linear,0.24562712,0.055176016,0.3826323,0.3029896,0.013575007
2018,6634,668.4,700.61625547059,V31_Solar_Gated,0.253871,0.03156642,0.13158175,0.07123575,0.5117451
2019,6634,789.8,807.9089764787694,Native_Ensemble,0.25467432,0.41188365,0.24079786,0.08433103,0.008313036
2020,6634,797.0,782.748526250567,Native_Ensemble,0.27150777,0.39265868,0.08742349,0.23886646,0.009543598
2021,6634,816.3,802.8474969853376,Robust_Linear,0.256187,0.11448249,0.49766138,0.12218739,0.009481691
2022,6634,743.8,815.9802808801711,Robust_Linear,0.34054202,0.11259445,0.43625516,0.10155333,0.009054998
2023,6634,876.8,805.9802502406959,Robust_Linear,0.2844154,0.12580113,0.47738096,0.10204874,0.010353733
2024,6634,845.3,815.3081475556356,Robust_Linear,0.29996136,0.120039046,0.44249785,0.1260755,0.011426242
2000,6635,623.9,555.0389221428723,Statistical_Trend,0.11976464,0.013158439,0.11058914,0.74951226,0.00697556
2001,6635,528.4,593.5617362424077,Robust_Linear,0.1211812,0.012234101,0.7948668,0.063545235,0.00817266
2002,6635,499.9,572.5203365387766,Statistical_Trend,0.30768648,0.031901594,0.31683314,0.3347267,0.0088520385
2003,6635,521.5,561.192886627276,Robust_Linear,0.32081816,0.019042904,0.3518921,0.11596248,0.19228432
2004,6635,576.6,553.1080658344507,Robust_Linear,0.14721838,0.01614646,0.69392365,0.12863952,0.014071962
2005,6635,591.2,563.6864840477581,Robust_Linear,0.16636969,0.11411759,0.6310095,0.0794567,0.009046455
2006,6635,600.2,574.9832080156928,Statistical_Trend,0.18470721,0.068590306,0.33658797,0.40341505,0.006699412
2007,6635,567.3,597.1155623369898,Statistical_Trend,0.18312174,0.060126986,0.24747126,0.503057,0.006223042
2008,6635,638.9,577.7650449532215,Native_Ensemble,0.11462296,0.570038,0.0659474,0.24262045,0.0067711887
2009,6635,667.7,609.5987876037109,Native_Ensemble,0.20003681,0.59232605,0.12816663,0.07175784,0.007712678
2010,6635,671.6,645.6434329218919,Robust_Linear,0.071338505,0.12821652,0.51628846,0.10964215,0.17451435
2011,6635,762.2,656.1781048284131,Robust_Linear,0.23653859,0.089866295,0.3858624,0.26819,0.01954273
2012,6635,715.2,698.8359126341556,Hybrid_XGB,0.2954467,0.26144516,0.28852808,0.14308184,0.01149817
2013,6635,676.5,697.9759780815263,Robust_Linear,0.04762132,0.057870995,0.794496,0.06628721,0.033724498
2014,6635,846.9,792.8258407486542,V31_Solar_Gated,0.027510963,0.046239555,0.07155225,0.027796779,0.8269004
2015,6635,695.4,755.4434249975842,Robust_Linear,0.22469494,0.07541523,0.5315363,0.15842342,0.009930114
2024,6635,741.3,918.1709439077231,Native_Ensemble,0.27927318,0.42549002,0.10920517,0.1758629,0.010168791
2000,6636,633.4,530.5212797092597,Robust_Linear,0.082584165,0.010941589,0.62865674,0.2420556,0.035761833
2001,6636,545.5,578.740355458699,Robust_Linear,0.06835856,0.00959099,0.8704521,0.0466767,0.0049216268
2002,6636,494.1,568.9611884587815,Hybrid_XGB,0.41196874,0.036301356,0.2072898,0.3299838,0.01445634
2003,6636,562.0,563.083333927744,Robust_Linear,0.28130054,0.014226406,0.37454507,0.11249793,0.21743011
2004,6636,557.7,563.7443028922764,Robust_Linear,0.21838222,0.020374391,0.43989807,0.3129906,0.008354778
2005,6636,579.0,568.1971479044768,Robust_Linear,0.21545377,0.06802929,0.5954791,0.11225909,0.008778799
2006,6636,540.0,578.139413980991,Statistical_Trend,0.18029356,0.053818688,0.347965,0.41154128,0.0063814563
2007,6636,594.7,579.8136069818686,Robust_Linear,0.1848862,0.091073714,0.4691837,0.244626,0.010230391
2008,6636,577.9,572.284511061182,Native_Ensemble,0.119548105,0.5120488,0.0745243,0.28632534,0.0075534033
2009,6636,667.5,576.5475016803719,Native_Ensemble,0.27128792,0.58462787,0.065407775,0.07257447,0.006101904
2010,6636,662.8,652.6085858257472,V31_Solar_Gated,0.10338827,0.042329337,0.26679525,0.054422863,0.5330643
2011,6636,706.3,651.8887139601698,Native_Ensemble,0.14469196,0.56825805,0.2037585,0.06787198,0.0154195335
2012,6636,708.7,681.6143281404579,Native_Ensemble,0.13111024,0.39908278,0.38624784,0.076034755,0.0075244014
2013,6636,662.7,686.6118540175928,Robust_Linear,0.048623167,0.058784258,0.7771968,0.06953774,0.045857962
2014,6636,844.0,769.3416358660627,V31_Solar_Gated,0.027399277,0.040888872,0.06163248,0.02477297,0.84530646
2015,6636,681.5,743.1796763188095,Robust_Linear,0.16908391,0.06944525,0.57093203,0.18081622,0.00972264
2016,6636,648.7,747.0952683829561,Robust_Linear,0.27559748,0.31279108,0.3132655,0.08796684,0.010379096
2017,6636,770.1,722.6931901736914,Robust_Linear,0.2800384,0.054955702,0.46587658,0.18453293,0.014596397
2018,6636,455.6,614.400940741159,V31_Solar_Gated,0.085872926,0.046085045,0.051984023,0.036080707,0.7799773
2019,6636,742.8,698.3689605271144,Robust_Linear,0.16392374,0.07733865,0.54906386,0.20044251,0.009231236
2020,6636,689.6,661.1719083752818,Native_Ensemble,0.19406314,0.60994947,0.05673084,0.13287075,0.006385778
2021,6636,771.1,708.3231281509367,Robust_Linear,0.17489626,0.18720101,0.56839937,0.06055631,0.0089470055
2022,6636,595.5,720.9480253582077,Statistical_Trend,0.15077208,0.06281771,0.34174663,0.43682373,0.007839825
2023,6636,761.9,717.6632246783431,Robust_Linear,0.20194918,0.12736662,0.5928159,0.068189904,0.009678528
2024,6636,764.1,685.8992680522487,Native_Ensemble,0.22248396,0.5221548,0.13660167,0.11248292,0.006276673
2000,7131,655.0,535.1280727791213,Robust_Linear,0.20380057,0.013947573,0.65328705,0.12173983,0.007225048
2003,7131,460.0,609.12419008331,Hybrid_XGB,0.4914286,0.019399526,0.21910113,0.16292948,0.107141286
2005,7131,535.5,532.7446217931522,Robust_Linear,0.21376534,0.13826855,0.45784748,0.18078056,0.0093381405
2017,7131,874.7,496.71220781670723,Native_Ensemble,0.099929266,0.36096695,0.30214682,0.15078402,0.08617291
2000,7133,696.1,546.9875021221808,Robust_Linear,0.22370023,0.016191449,0.42429197,0.32776558,0.008050738
2001,7133,555.0,588.1835938417943,Robust_Linear,0.059247516,0.008060213,0.84889853,0.07919024,0.0046033934
2002,7133,616.7,608.0013253702871,Statistical_Trend,0.23124336,0.031639192,0.28547725,0.4391664,0.012473728
2003,7133,406.1,611.0406610230508,Statistical_Trend,0.31534627,0.028297238,0.24069154,0.40043274,0.015232225
2004,7133,592.0,550.4175758048245,Robust_Linear,0.19941296,0.016271744,0.6823122,0.094975516,0.0070276167
2005,7133,573.2,563.3940792453284,Robust_Linear,0.13352327,0.100514024,0.6874301,0.07062451,0.007908103
2006,7133,564.3,570.1532245466501,Robust_Linear,0.24027342,0.100904696,0.4574672,0.19425263,0.007102032
2007,7133,615.5,581.3143772101746,Robust_Linear,0.16513985,0.09125483,0.5694567,0.1649382,0.009210364
2008,7133,612.5,572.0327888556805,Statistical_Trend,0.14757629,0.13141435,0.06927384,0.6444396,0.0072959303
2009,7133,696.0,603.8962944504416,Robust_Linear,0.29514825,0.17839226,0.40055153,0.11623504,0.009672876
2016,7133,857.9,700.9872629352064,Robust_Linear,0.19062896,0.08213473,0.6446221,0.07333908,0.009275067
2018,7133,695.8,729.1048877555274,V31_Solar_Gated,0.08519676,0.04835036,0.078932524,0.026029427,0.7614909
2019,7133,840.4,758.5704635616347,Robust_Linear,0.24936104,0.25834092,0.35147187,0.12734488,0.0134813255
2022,7133,713.8,808.0247495415362,Robust_Linear,0.18336403,0.07713433,0.2589277,0.24027081,0.24030314
2000,7137,726.7,547.8491412745645,Robust_Linear,0.109618776,0.012093612,0.7147457,0.12526779,0.038274065
2001,7137,525.6,608.6128726067691,Robust_Linear,0.0756324,0.0081983255,0.8450071,0.06429033,0.006871798
2002,7137,599.5,602.9749510275625,Statistical_Trend,0.2509155,0.041142937,0.31706786,0.37718585,0.013687871
2003,7137,491.2,593.7623362066621,Hybrid_XGB,0.4518616,0.025199901,0.3360769,0.17257641,0.014285142
2004,7137,621.2,580.9474949195161,Robust_Linear,0.17382634,0.02046588,0.63914484,0.15925786,0.007305098
2005,7137,575.5,587.5031455909341,Robust_Linear,0.18673953,0.082952976,0.60783494,0.11180752,0.010665012
2006,7137,539.9,588.3837198740941,Robust_Linear,0.3416878,0.08195265,0.49757552,0.071103826,0.007680176
2007,7137,545.8,594.2026341318901,Robust_Linear,0.15490927,0.08680364,0.5718483,0.17747456,0.008964243
2008,7137,604.0,541.0718584325894,Statistical_Trend,0.12201474,0.17517823,0.0682651,0.62694204,0.007599858
2009,7137,673.0,577.9397397546236,Robust_Linear,0.17171268,0.24816316,0.486411,0.08482256,0.008890532
2010,7137,623.8,617.6581832791201,V31_Solar_Gated,0.22312017,0.20714453,0.17539842,0.05405482,0.34028205
2011,7137,617.3,655.4527610477857,V31_Solar_Gated,0.09927679,0.024918227,0.13934837,0.12885302,0.6076036
2012,7137,695.4,628.0084606477193,Statistical_Trend,0.35731393,0.054441705,0.10572233,0.47447935,0.008042612
2014,7137,780.7,742.7660698298773,V31_Solar_Gated,0.034202926,0.015649017,0.04253868,0.067006275,0.8406031
2015,7137,658.9,708.2598547621998,Robust_Linear,0.1979353,0.080547266,0.61619806,0.093785666,0.011533746
2016,7137,738.2,721.7668497679364,Robust_Linear,0.25883773,0.10963649,0.50918907,0.11215711,0.010179635
2017,7137,865.1,770.4133784057009,V31_Solar_Gated,0.038978387,0.03347579,0.17766754,0.0898324,0.66004586
2018,7137,595.5,663.700269672617,V31_Solar_Gated,0.132713,0.04110581,0.09699875,0.07651768,0.6526647
2019,7137,761.5,764.5251489462203,Statistical_Trend,0.23922807,0.09673283,0.30981934,0.34059495,0.013624863
2020,7137,599.6,753.4215200748152,Statistical_Trend,0.27777204,0.12957121,0.06469156,0.52065486,0.007310357
2021,7137,826.5,737.9484279472916,Statistical_Trend,0.2776957,0.05224543,0.26472378,0.3974095,0.007925603
2022,7137,697.7,735.0036245866169,Hybrid_XGB,0.4382527,0.08258546,0.3980472,0.073557004,0.00755771
2023,7137,787.3,745.1002248625238,Statistical_Trend,0.24662393,0.069368064,0.14686702,0.527943,0.009197927
2024,7137,849.8,735.0328615775427,Native_Ensemble,0.31443468,0.40917706,0.08203788,0.18555863,0.008791791
2000,7138,592.0,527.4438510348182,Robust_Linear,0.13291875,0.015283118,0.6674711,0.1357749,0.04855211
2003,7138,517.5,570.0381819596853,Hybrid_XGB,0.43527678,0.03077721,0.22498974,0.28603905,0.022917168
2005,7138,531.7,546.5950852785966,Robust_Linear,0.1783802,0.28510454,0.4427742,0.08605163,0.007689527
2000,7141,653.3,542.9290107726982,Robust_Linear,0.18051434,0.019319868,0.5217061,0.21456458,0.06389511
2003,7141,660.0,609.1504640581137,Hybrid_XGB,0.33001173,0.023220498,0.3164243,0.31613612,0.014207346
2005,7141,645.0,653.0256421564258,Robust_Linear,0.28523356,0.26283354,0.30024758,0.14203496,0.009650377
2000,7231,621.7,509.0099265668652,Statistical_Trend,0.19874875,0.018326476,0.34661564,0.36395478,0.07235434
2003,7231,630.0,587.4079517383149,Robust_Linear,0.32263798,0.02763545,0.32509992,0.31203815,0.012588505
2005,7231,590.0,605.23615396914,Hybrid_XGB,0.4042364,0.07141986,0.35669523,0.15337598,0.014272535
2000,7331,737.2,548.6122159508698,Statistical_Trend,0.08108575,0.010615276,0.14197582,0.73557746,0.030745625
2001,7331,567.4,600.7103558366115,Robust_Linear,0.04869877,0.006726868,0.90139323,0.039293207,0.0038879034
2002,7331,681.2,618.6488070392122,Statistical_Trend,0.28337574,0.026799269,0.33342057,0.34497282,0.011431525
2003,7331,449.5,630.2141005332799,Hybrid_XGB,0.4566359,0.024186263,0.29769936,0.21141721,0.010061287
2004,7331,604.2,599.5651823737924,Robust_Linear,0.22620618,0.019851211,0.51086235,0.2354733,0.0076069892
2005,7331,579.5,582.9717224859909,Robust_Linear,0.1870157,0.0857528,0.58844876,0.1297658,0.009016989
2006,7331,689.1,591.4013598130867,Robust_Linear,0.18515952,0.16529442,0.58165234,0.06155491,0.006338766
2007,7331,668.8,621.9710782464233,Statistical_Trend,0.28853473,0.05902573,0.19266136,0.4535379,0.006240245
2008,7331,600.9,641.1950868858584,Native_Ensemble,0.23231673,0.4887095,0.059270427,0.21217506,0.0075281914
2009,7331,674.1,644.5640634619698,Statistical_Trend,0.17106481,0.07449037,0.1447463,0.60208756,0.007610932
2010,7331,722.9,648.6854001104738,Native_Ensemble,0.12173683,0.58362776,0.20959972,0.0726289,0.012406768
2011,7331,718.4,667.2478304998891,Native_Ensemble,0.28843796,0.3828921,0.22746861,0.08907427,0.012126939
2012,7331,675.2,704.2421535081207,Native_Ensemble,0.19103445,0.37550944,0.28384987,0.14114702,0.008459197
2013,7331,656.0,716.5307018349295,Robust_Linear,0.0664351,0.07275036,0.60200715,0.07838452,0.18042287
2014,7331,827.4,766.9981739774815,V31_Solar_Gated,0.03795532,0.011883898,0.049513087,0.05144092,0.84920675
2015,7331,566.6,735.0627106732942,Robust_Linear,0.25740778,0.12751347,0.4987997,0.106907286,0.009371748
2016,7331,738.6,735.7709921480631,Robust_Linear,0.29696855,0.12395824,0.46931875,0.09390171,0.015852783
2017,7331,779.8,735.0954720442431,V31_Solar_Gated,0.25647536,0.054337617,0.13111661,0.25953257,0.29853785
2018,7331,670.8,689.5274892847185,V31_Solar_Gated,0.25812417,0.09524409,0.2784939,0.0887596,0.2793782
2019,7331,781.8,728.4615062940244,Native_Ensemble,0.20744646,0.34974986,0.16821732,0.072759494,0.2018269
2020,7331,626.2,729.2908656152816,Hybrid_XGB,0.5238221,0.10216743,0.25107938,0.11417347,0.008757599
2021,7331,822.3,735.6955142912841,Statistical_Trend,0.37440196,0.07693721,0.09125877,0.45012096,0.007281185
2022,7331,619.9,727.5370885740468,Hybrid_XGB,0.50603193,0.08994925,0.2916198,0.09863546,0.013763513
2023,7331,753.7,730.0661562992331,Hybrid_XGB,0.3912241,0.16865753,0.2421817,0.18511766,0.012819065
2024,7331,774.1,703.2591971420138,Hybrid_XGB,0.40143365,0.115782194,0.35600737,0.11487808,0.011898808
2000,7333,739.2,529.6863635515418,Robust_Linear,0.18316291,0.016004577,0.44341484,0.34990025,0.007517379
2001,7333,532.5,590.9887302467569,Robust_Linear,0.04781381,0.005509558,0.9011842,0.041724883,0.0037675728
2002,7333,646.0,609.9010469195798,Statistical_Trend,0.24516033,0.03085614,0.30434352,0.4057433,0.013896748
2003,7333,414.9,609.7222035814589,Hybrid_XGB,0.4453442,0.02505183,0.2423026,0.27454427,0.012757086
2004,7333,611.8,569.079391910333,Statistical_Trend,0.22502309,0.0715831,0.31254074,0.38242614,0.008426881
2005,7333,563.5,570.4212169843446,Robust_Linear,0.13534121,0.105754375,0.56014454,0.19065502,0.008104839
2006,7333,676.5,574.8163672029594,Robust_Linear,0.19268116,0.12652402,0.5506726,0.123499036,0.006623187
2007,7333,679.1,609.1267508305124,Robust_Linear,0.25833493,0.109220915,0.51454794,0.10868708,0.009209144
2008,7333,627.9,635.1364588227715,Native_Ensemble,0.17569622,0.41488522,0.06113809,0.33767894,0.010601549
2009,7333,713.2,653.8581675375858,Native_Ensemble,0.16622204,0.51204515,0.20576178,0.106450625,0.009520427
2010,7333,742.0,654.6079851383349,Statistical_Trend,0.24641556,0.10051974,0.29480693,0.3428958,0.015361917
2011,7333,750.6,739.751187137035,V31_Solar_Gated,0.10754151,0.18551053,0.17462495,0.09464725,0.43767568
2012,7333,700.1,720.0284629788192,Robust_Linear,0.24967822,0.24330957,0.32712018,0.16811967,0.011772289
2013,7333,715.5,718.8675565344427,Robust_Linear,0.046358295,0.066878244,0.78439385,0.064782314,0.03758726
2014,7333,883.6,824.8301218505998,V31_Solar_Gated,0.033068676,0.060760997,0.06329189,0.036520313,0.8063581
2015,7333,642.0,761.8890258489453,Robust_Linear,0.17649998,0.06516748,0.6724997,0.07516658,0.010666219
2016,7333,823.5,781.7606001058111,Robust_Linear,0.1971621,0.25764146,0.4759811,0.060958806,0.008256523
2017,7333,896.9,824.1431664628933,V31_Solar_Gated,0.04243621,0.04942336,0.09655724,0.041009955,0.7705732
2018,7333,607.3,780.4411133779785,Hybrid_XGB,0.36951068,0.2193897,0.27332586,0.1188082,0.018965606
2019,7333,773.5,802.2994766538899,Robust_Linear,0.24964972,0.22539927,0.39476174,0.11624098,0.0139483195
2020,7333,686.7,771.328186418356,Robust_Linear,0.39557478,0.08985323,0.40129128,0.10528973,0.007991122
2021,7333,879.9,775.1400505807824,Robust_Linear,0.27588648,0.077075675,0.56956756,0.071066104,0.006404095
2022,7333,611.4,771.6693651207248,Hybrid_XGB,0.49331003,0.09065089,0.3084997,0.096353106,0.011186172
2023,7333,714.6,763.3549802558205,Hybrid_XGB,0.41046828,0.13218422,0.3383594,0.10766784,0.011320337
2024,7333,827.3,732.4811372212923,Robust_Linear,0.31825832,0.18256053,0.3854005,0.10165573,0.012124889
2000,7334,710.6,567.7805932232268,Statistical_Trend,0.1327178,0.012380052,0.11240149,0.73588836,0.0066122757
2001,7334,568.6,607.8944156216894,Robust_Linear,0.059054587,0.0067594796,0.89568466,0.034770835,0.0037304838
2002,7334,708.0,624.9447238499786,Statistical_Trend,0.26859114,0.030491631,0.2073863,0.4830716,0.010459331
2003,7334,528.3,633.7653653704214,Hybrid_XGB,0.38586447,0.026932053,0.2753527,0.30011222,0.011738582
2004,7334,592.3,630.2664673483425,Statistical_Trend,0.2858093,0.02268254,0.25765735,0.423508,0.010342889
2005,7334,582.6,608.9859599082548,Robust_Linear,0.1890549,0.10256784,0.5586475,0.14006598,0.0096637355
2006,7334,614.3,606.7651152175181,Robust_Linear,0.19665761,0.05993553,0.6308024,0.10568068,0.0069238343
2007,7334,668.3,618.792440572088,Robust_Linear,0.20388497,0.08835622,0.53642786,0.16229464,0.009036332
2008,7334,608.0,605.4488678736501,Statistical_Trend,0.11742016,0.27429402,0.05989552,0.49760026,0.05079005
2009,7334,697.5,622.2304578176564,Robust_Linear,0.23579642,0.1897009,0.3206454,0.24195096,0.011906294
2010,7334,735.4,629.4376096365197,Statistical_Trend,0.17485832,0.06099644,0.074879065,0.6782047,0.011061383
2011,7334,739.2,666.4920789243787,Statistical_Trend,0.26320717,0.1037777,0.17441131,0.44527096,0.013332839
2012,7334,713.9,717.2587418250504,Statistical_Trend,0.24243252,0.080853045,0.32202098,0.3448968,0.009796688
2013,7334,716.5,760.1023973946212,V31_Solar_Gated,0.09549239,0.048295032,0.29158553,0.08533766,0.47928932
2014,7334,836.6,815.4708150755197,V31_Solar_Gated,0.033912856,0.021070441,0.062038466,0.062010646,0.8209677
2015,7334,631.2,758.2893051827278,Robust_Linear,0.15831612,0.061547186,0.648047,0.1148426,0.017247189
2016,7334,727.0,790.9303231971912,Robust_Linear,0.11969324,0.13826686,0.41745663,0.07488514,0.24969813
2017,7334,779.6,750.5550483237608,Hybrid_XGB,0.48764518,0.047835737,0.28390557,0.16754802,0.013065502
2018,7334,548.8,740.9135074052354,Hybrid_XGB,0.3894018,0.16082361,0.30197105,0.13713405,0.010669429
2019,7334,672.4,740.7539525378373,Hybrid_XGB,0.32289362,0.23553358,0.2825297,0.15124096,0.007802087
2020,7334,547.0,680.3347424990233,Statistical_Trend,0.27603516,0.14617306,0.14548913,0.4239149,0.008387698
2021,7334,863.7,698.6523311037191,Robust_Linear,0.15133893,0.081348374,0.67150235,0.086487375,0.00932297
2022,7334,629.8,677.5365215581808,Robust_Linear,0.14494304,0.23155315,0.34462783,0.1140457,0.16483027
2023,7334,783.4,703.2066633394095,Robust_Linear,0.33266765,0.12063797,0.41191807,0.119473696,0.015302492
2024,7334,702.3,703.5358865859527,Robust_Linear,0.28978965,0.2956177,0.3228715,0.08202307,0.009698036
2000,7335,730.0,522.6039700198847,Robust_Linear,0.1724843,0.0176407,0.5457899,0.25506186,0.009023208
2003,7335,420.0,620.0815650489895,Robust_Linear,0.21915463,0.023704663,0.48911905,0.25719744,0.010824216
2005,7335,590.0,531.7220555884472,Robust_Linear,0.1456167,0.10271676,0.55721927,0.18596724,0.008480009
2000,7337,735.8,578.2102448138708,Statistical_Trend,0.07554807,0.009918335,0.1706257,0.7073937,0.03651411
2001,7337,569.6,615.8644672856979,Robust_Linear,0.046809837,0.005716929,0.90992564,0.034155928,0.0033917231
2002,7337,641.5,631.3158182615321,Statistical_Trend,0.23327076,0.025581677,0.26543978,0.46445644,0.011251349
2003,7337,528.1,640.2064242070503,Statistical_Trend,0.2501837,0.02819085,0.24252261,0.46738437,0.011718432
2004,7337,662.7,603.0368670057281,Statistical_Trend,0.2849134,0.023229545,0.271381,0.4124007,0.0080753565
2005,7337,623.0,618.7484963064064,Native_Ensemble,0.19268261,0.525321,0.14521119,0.12822738,0.008557851
2006,7337,695.6,626.1467496647708,Statistical_Trend,0.31173357,0.044878192,0.18205836,0.45418268,0.0071472176
2007,7337,695.6,658.8418668620179,Native_Ensemble,0.26966518,0.54630893,0.10070816,0.07664714,0.0066704997
2008,7337,627.8,643.2397118547319,Native_Ensemble,0.23205921,0.31742558,0.068438925,0.23102988,0.15104644
2009,7337,759.7,670.6094531264433,Native_Ensemble,0.1772652,0.54619086,0.14207822,0.12623662,0.008229095
2010,7337,708.6,732.9698362470838,V31_Solar_Gated,0.06650188,0.11049095,0.17931892,0.1409257,0.50276256
2011,7337,763.9,752.1454270501071,V31_Solar_Gated,0.12166515,0.07832779,0.110461935,0.06906239,0.62048274
2012,7337,761.3,742.0324755904452,Native_Ensemble,0.20796233,0.3834874,0.2508252,0.14807038,0.009654734
2013,7337,760.1,749.7689387537547,Robust_Linear,0.18077232,0.12140623,0.5732733,0.11154152,0.0130065605
2014,7337,842.9,857.7622202941822,V31_Solar_Gated,0.0236916,0.028125295,0.03567933,0.0482597,0.8642441
2015,7337,759.7,793.4945954315285,Robust_Linear,0.17168051,0.30280143,0.4201098,0.089296706,0.01611153
2016,7337,764.3,827.1928819850013,Robust_Linear,0.08916076,0.08787911,0.48487854,0.08348322,0.2545984
2017,7337,844.6,839.9998282829506,V31_Solar_Gated,0.08515066,0.039152626,0.25843886,0.052579954,0.5646779
2018,7337,754.0,792.9270851161594,Hybrid_XGB,0.3546183,0.29278424,0.18260293,0.15800716,0.011987324
2019,7337,828.4,821.6171029376994,Native_Ensemble,0.2925293,0.37606528,0.25434384,0.06923894,0.007822515
2020,7337,681.1,803.0101416939359,Statistical_Trend,0.36828157,0.16773763,0.067401394,0.3880959,0.008483517
2021,7337,875.8,799.1668230199205,Robust_Linear,0.29534543,0.07540139,0.4968072,0.12362112,0.008824953
2022,7337,752.6,806.7054395809985,Robust_Linear,0.37249148,0.13862665,0.38164368,0.095323615,0.011914621
2023,7337,806.9,791.2845070271875,Hybrid_XGB,0.42822608,0.19131711,0.25940642,0.109424405,0.011626013
2024,7337,668.2,784.3546752338553,Statistical_Trend,0.27447885,0.23877773,0.08181259,0.39698684,0.007943974
2000,7338,702.7,563.1580687255597,Statistical_Trend,0.09251083,0.011700954,0.06066865,0.8038594,0.031260133
2001,7338,557.3,610.0831286770824,Robust_Linear,0.05047843,0.0065429527,0.90819424,0.031375885,0.003408549
2002,7338,643.7,614.530967398354,Statistical_Trend,0.25876468,0.02690251,0.234681,0.46978202,0.0098699145
2003,7338,511.8,623.1358327794143,Statistical_Trend,0.3203765,0.032694835,0.16687813,0.4698917,0.01015885
2004,7338,611.4,587.3408950158142,Statistical_Trend,0.34754202,0.026944494,0.15263993,0.46393427,0.008939373
2005,7338,603.6,593.0348482822704,Robust_Linear,0.23575984,0.09871392,0.5582736,0.098872125,0.008380488
2006,7338,670.1,587.4368685594093,Robust_Linear,0.3198211,0.12207255,0.41847998,0.13056153,0.009064923
2007,7338,623.0,626.9928884638052,Native_Ensemble,0.23704712,0.3826591,0.29906103,0.07422794,0.0070047905
2008,7338,618.0,621.0340399610463,Statistical_Trend,0.12670684,0.2754152,0.054173507,0.4701667,0.07353775
2009,7338,668.4,628.8484531414116,Statistical_Trend,0.20049429,0.07254194,0.12004675,0.59866065,0.00825629
2010,7338,688.7,627.188475668635,Statistical_Trend,0.18535377,0.061665926,0.095019974,0.6458301,0.012130224
2011,7338,776.2,658.1688192150225,Native_Ensemble,0.24973072,0.53429836,0.12678878,0.07678222,0.01239997
2012,7338,807.7,709.7292183996386,Native_Ensemble,0.19247347,0.40079296,0.2624682,0.1357483,0.008517051
2013,7338,785.3,740.9440664070718,Robust_Linear,0.11434279,0.121581204,0.60949534,0.084353596,0.07022705
2014,7338,914.1,836.9618009567279,V31_Solar_Gated,0.06139927,0.08616149,0.26406142,0.046829827,0.54154795
2015,7338,808.6,810.1899795101399,Robust_Linear,0.25405353,0.21153003,0.44150588,0.07970219,0.013208417
2016,7338,869.1,833.0383959518553,Robust_Linear,0.08083903,0.07964036,0.6133636,0.1275766,0.09858039
2017,7338,392.1,907.9566622346501,V31_Solar_Gated,0.07366042,0.08783473,0.2274335,0.09927411,0.51179725
2018,7338,922.3,750.2891227206236,Statistical_Trend,0.3209135,0.11255958,0.08659756,0.47124195,0.0086873695
2000,7339,760.0,555.8975780136221,Statistical_Trend,0.09104377,0.010691241,0.08923518,0.77060527,0.03842447
2001,7339,536.9,607.6489272344459,Robust_Linear,0.05083783,0.0067783603,0.9006259,0.03781351,0.003944273
2002,7339,675.6,623.9825666865926,Robust_Linear,0.30305067,0.026674697,0.33502522,0.3237402,0.0115092
2003,7339,445.3,619.582673587445,Hybrid_XGB,0.47714987,0.025191879,0.22641158,0.26000124,0.01124548
2004,7339,607.8,604.5231564995084,Robust_Linear,0.24963154,0.022292085,0.40803203,0.31113493,0.008909396
2005,7339,610.0,585.9724565029575,Robust_Linear,0.15925299,0.06349797,0.68857145,0.08029942,0.008378135
2006,7339,608.3,597.496024908879,Robust_Linear,0.22096336,0.18447995,0.5245522,0.0629574,0.0070470325
2007,7339,692.8,612.1258298780348,Robust_Linear,0.29702154,0.09789703,0.4175592,0.17985716,0.007665023
2008,7339,615.4,618.5236924190967,Statistical_Trend,0.18344139,0.20065156,0.06561633,0.54273415,0.0075565516
2009,7339,699.4,645.8168047478067,Native_Ensemble,0.18105862,0.5935373,0.11276186,0.105809465,0.006832845
2010,7339,730.3,651.0322269602939,Native_Ensemble,0.11277067,0.58852303,0.2048833,0.08127479,0.012548268
2011,7339,722.8,675.0702950251999,Native_Ensemble,0.27539593,0.38569447,0.22785033,0.099417545,0.01164176
2012,7339,724.0,712.6296706914809,Robust_Linear,0.21781506,0.28442705,0.30643657,0.17996295,0.011358378
2013,7339,711.4,717.8202088522094,Robust_Linear,0.059712376,0.05933586,0.7766989,0.061033465,0.043219436
2014,7339,839.1,819.3813316073444,V31_Solar_Gated,0.01992627,0.018723963,0.049119182,0.041076344,0.87115425
2015,7339,525.4,760.489119658875,Robust_Linear,0.24725458,0.09787288,0.5473369,0.0967413,0.01079437
2016,7339,867.4,756.0459626674206,Robust_Linear,0.24462344,0.073742494,0.6002618,0.06596024,0.015412
2017,7339,849.1,750.7775253899592,V31_Solar_Gated,0.2615502,0.04336349,0.14179832,0.26361036,0.2896776
2018,7339,597.1,691.961908488878,V31_Solar_Gated,0.17405663,0.028024308,0.08132585,0.12392946,0.59266376
2019,7339,783.1,773.0981379010982,V31_Solar_Gated,0.19189395,0.17556717,0.24051072,0.08721546,0.30481267
2020,7339,534.8,748.4031965102367,Hybrid_XGB,0.48460028,0.13217193,0.27768186,0.09646986,0.009076194
2021,7339,871.7,742.5940548461067,Hybrid_XGB,0.46405557,0.078993365,0.33051598,0.11744309,0.00899195
2022,7339,560.7,718.1072925924568,Robust_Linear,0.31526825,0.15013818,0.40093008,0.11981187,0.013851631
2023,7339,774.5,731.9020705728711,Hybrid_XGB,0.42743766,0.08929167,0.3552324,0.114622355,0.013415971
2024,7339,860.5,688.9561501190835,Robust_Linear,0.31008208,0.1996825,0.3562595,0.11989993,0.014075997
2000,7340,650.0,507.54117296407367,Statistical_Trend,0.17983241,0.01286044,0.17662679,0.62452257,0.006157788
2003,7340,301.7,581.7932960108053,Robust_Linear,0.17510448,0.022966757,0.51150894,0.28009635,0.010323437
2000,8111,620.4,608.5641722704984,Robust_Linear,0.124196485,0.018159226,0.52230585,0.29568538,0.03965311
2001,8111,565.8,636.8483804549478,Statistical_Trend,0.21514788,0.018056335,0.19016644,0.56848645,0.008142847
2002,8111,717.4,625.3913163230684,Robust_Linear,0.16426578,0.01470521,0.72023296,0.091812596,0.00898343
2004,8111,607.6,640.8195927257304,Hybrid_XGB,0.46971473,0.027054599,0.1714508,0.3212437,0.010536274
2007,8111,603.2,660.7531205478413,Hybrid_XGB,0.44502857,0.06598396,0.38778624,0.092100024,0.009101178
2008,8111,627.7,612.4192004160072,Native_Ensemble,0.13717926,0.5995532,0.068427436,0.1871241,0.0077159824
2016,8111,797.9,669.9376779851414,Robust_Linear,0.09013663,0.08313842,0.5524385,0.17626059,0.09802592
2017,8111,840.9,788.3015025314178,V31_Solar_Gated,0.06054335,0.03750208,0.39199865,0.0631951,0.44676092
2018,8111,646.7,789.0352356711934,Hybrid_XGB,0.35080323,0.17043269,0.3309732,0.13525522,0.012535626
2019,8111,829.2,781.0980961859989,Robust_Linear,0.22413132,0.059115887,0.5357237,0.16984193,0.0111871995
2020,8111,654.6,777.230363870622,Statistical_Trend,0.3630634,0.15295246,0.066889666,0.40883842,0.008256016
2021,8111,830.5,777.8956413189792,Statistical_Trend,0.17003055,0.05918883,0.2544581,0.38581866,0.1305039
2022,8111,706.1,749.9439448521144,V31_Solar_Gated,0.25307053,0.083982475,0.26298958,0.102858566,0.2970989
2024,8111,410.3,783.7738046565297,Statistical_Trend,0.2766295,0.16251487,0.10724815,0.44377154,0.009835947
2000,8115,661.3,582.3044190113097,Statistical_Trend,0.06704519,0.012112181,0.07581096,0.820226,0.024805672
2001,8115,563.8,614.3206780713778,Robust_Linear,0.0755385,0.010371276,0.8519805,0.055704754,0.006404939
2002,8115,671.3,613.7134476166499,Statistical_Trend,0.20288801,0.031777374,0.16076083,0.5941905,0.010383264
2003,8115,481.8,639.2768035766948,Statistical_Trend,0.24892142,0.03636524,0.28761983,0.4174574,0.009636077
2004,8115,647.2,598.3533790450475,Statistical_Trend,0.24560907,0.027890978,0.30556545,0.4125947,0.008339849
2005,8115,667.2,604.8299633128319,Robust_Linear,0.14306913,0.11676825,0.65195334,0.08150625,0.006702926
2006,8115,669.0,628.0854712714099,Native_Ensemble,0.1101144,0.53768945,0.19466184,0.070558555,0.08697576
2007,8115,625.6,651.2916684989831,Statistical_Trend,0.3023301,0.080388285,0.14751406,0.46027452,0.009493018
2008,8115,697.6,635.3555079128173,Native_Ensemble,0.12726775,0.50639945,0.063536756,0.21960703,0.083188996
2009,8115,763.1,664.078820278682,Statistical_Trend,0.1833211,0.07512642,0.24537171,0.48626772,0.009913018
2010,8115,745.0,754.9768620596974,V31_Solar_Gated,0.044718932,0.12953898,0.12775324,0.0488709,0.64911795
2011,8115,813.0,771.5397257193787,V31_Solar_Gated,0.08245253,0.0987797,0.1868983,0.051195905,0.5806736
2012,8115,801.4,759.8746822042775,Native_Ensemble,0.2112309,0.32021573,0.31989834,0.13652241,0.012132681
2013,8115,745.4,779.4308897617386,Robust_Linear,0.071317375,0.06733875,0.66152793,0.058369044,0.14144695
2014,8115,890.6,881.7249511912886,V31_Solar_Gated,0.03895815,0.065183744,0.10819894,0.045355886,0.7423033
2015,8115,716.2,796.6705805144212,Robust_Linear,0.08133494,0.12981893,0.7425523,0.037499096,0.008794694
2016,8115,751.8,851.4212443156966,Robust_Linear,0.092429265,0.12254536,0.36240262,0.07369121,0.34893155
2017,8115,898.8,855.7650714105743,V31_Solar_Gated,0.030083671,0.027266998,0.18467364,0.021043953,0.7369318
2019,8115,865.8,819.347897949963,Native_Ensemble,0.18937948,0.33861104,0.32914478,0.12970741,0.013157225
2000,8116,570.8,573.0285325686824,Robust_Linear,0.09054265,0.011481734,0.65157944,0.21805814,0.028337995
2001,8116,564.3,583.5406032766898,Statistical_Trend,0.14574668,0.0141216675,0.25307924,0.5775025,0.00955002
2002,8116,622.1,589.558459075202,Robust_Linear,0.21123408,0.01902658,0.6448997,0.113407545,0.011432047
2003,8116,501.3,592.4787561569647,Hybrid_XGB,0.45990816,0.020948198,0.36424708,0.14151433,0.013382254
2004,8116,612.9,578.9747684600662,Robust_Linear,0.23538929,0.017644398,0.5952065,0.14230393,0.00945586
2005,8116,639.1,591.4522405465913,Robust_Linear,0.19091816,0.15251945,0.57131296,0.07751175,0.007737681
2006,8116,613.3,612.1300169998293,Native_Ensemble,0.2524558,0.43770534,0.20227282,0.100539975,0.007026033
2000,8118,707.2,642.5668024782623,Statistical_Trend,0.12429897,0.015576127,0.11737498,0.7343593,0.008390598
2001,8118,605.0,670.6244469450692,Robust_Linear,0.090124354,0.03043271,0.8186508,0.05487884,0.0059133046
2002,8118,676.8,665.4900093766652,Statistical_Trend,0.25549617,0.02831626,0.17803875,0.5272314,0.010917451
2003,8118,469.5,658.7906821084046,Hybrid_XGB,0.39315686,0.02588855,0.17827192,0.39243233,0.010250259
2004,8118,642.0,630.5771975598117,Robust_Linear,0.20346104,0.016624076,0.6555883,0.11606528,0.008261298
2005,8118,703.3,630.030710206971,Robust_Linear,0.12907219,0.051082328,0.7417296,0.06950522,0.008610649
2006,8118,695.7,642.9427401305799,Robust_Linear,0.28594667,0.07224463,0.5303384,0.100814134,0.0106561035
2007,8118,661.9,675.2369005448767,Statistical_Trend,0.20050569,0.04170878,0.26690838,0.4852404,0.005636778
2008,8118,723.4,664.3142693308079,Statistical_Trend,0.19707613,0.1526159,0.08157281,0.56000435,0.008730833
2009,8118,747.5,695.5920879995224,Native_Ensemble,0.2141205,0.5086984,0.16601914,0.101356156,0.009805829
2010,8118,701.7,701.3336735069626,Native_Ensemble,0.20039316,0.35707742,0.30237338,0.1250186,0.015137413
2011,8118,841.9,760.164747996985,V31_Solar_Gated,0.12498321,0.07310607,0.113501854,0.04956026,0.63884866
2012,8118,759.9,767.5723626548406,Robust_Linear,0.17427447,0.0789682,0.6354942,0.100822076,0.010441079
2013,8118,741.2,773.7167383172629,Robust_Linear,0.16932946,0.0543167,0.70797366,0.059586473,0.008793665
2014,8118,835.5,858.7884358777468,V31_Solar_Gated,0.020645864,0.014917291,0.04802192,0.036645472,0.87976944
2015,8118,672.7,802.0076801807525,Robust_Linear,0.12901896,0.22535609,0.57452947,0.059038818,0.012056627
2016,8118,768.8,817.7396738848847,Robust_Linear,0.1579497,0.07409881,0.47972536,0.05516852,0.2330576
2017,8118,866.4,810.3720286710511,V31_Solar_Gated,0.14462505,0.0333779,0.11649437,0.16066521,0.5448375
2018,8118,574.4,778.8477539003245,Hybrid_XGB,0.40276438,0.08709416,0.33968815,0.15837573,0.012077568
2019,8118,782.6,787.822583647485,Hybrid_XGB,0.3527555,0.16306911,0.3360001,0.13980158,0.0083736805
2020,8118,645.9,730.8892049695968,Hybrid_XGB,0.404584,0.09106906,0.17995974,0.31680045,0.0075867255
2021,8118,818.8,741.6093789003701,Robust_Linear,0.20598237,0.08832955,0.44441167,0.09038454,0.17089182
2022,8118,745.8,725.4715259449007,Robust_Linear,0.22296247,0.08884532,0.2971948,0.13946632,0.25153112
2023,8118,604.0,719.762982102895,V31_Solar_Gated,0.17544979,0.08411237,0.2099648,0.08638841,0.44408464
2024,8118,424.7,707.1960472425429,Statistical_Trend,0.2953298,0.11979632,0.107589416,0.46758226,0.009702244
2000,8119,679.7,636.5644367192235,Robust_Linear,0.09264069,0.016845915,0.73006475,0.12930794,0.031140717
2001,8119,575.2,676.154074845728,Robust_Linear,0.21936722,0.013385424,0.6899922,0.07050042,0.006754698
2002,8119,677.4,654.1300244350377,Robust_Linear,0.22003831,0.021257581,0.6082303,0.13913397,0.011339821
2003,8119,480.9,642.1567903483501,Hybrid_XGB,0.50047797,0.01998871,0.3564537,0.11300389,0.01007569
2004,8119,634.2,629.6462922316888,Robust_Linear,0.21910991,0.014357031,0.69732904,0.061254945,0.007949118
2005,8119,676.5,630.2021535193703,Robust_Linear,0.11723441,0.0407338,0.75921637,0.07501685,0.0077986345
2006,8119,677.3,632.0691143704558,Robust_Linear,0.25764066,0.086194314,0.5269439,0.11546021,0.013760923
2007,8119,651.8,662.4313974326046,Statistical_Trend,0.16604504,0.06822873,0.37711164,0.382001,0.0066135507
2008,8119,678.5,649.3777560750842,Statistical_Trend,0.19100764,0.17070676,0.07838919,0.551724,0.0081723975
2009,8119,744.3,674.1109570613218,Native_Ensemble,0.25297186,0.4542641,0.20996194,0.07588374,0.0069182822
2010,8119,656.9,694.9972848453158,Robust_Linear,0.22872175,0.16518569,0.2763616,0.11291868,0.21681225
2011,8119,824.3,734.4771108063527,V31_Solar_Gated,0.16947226,0.114387676,0.1186938,0.04476682,0.5526795
2012,8119,818.8,746.0374213307962,Robust_Linear,0.29658645,0.09650633,0.48866704,0.10958466,0.008655504
2015,8119,735.1,782.5378886296194,Robust_Linear,0.08111509,0.05446041,0.8032692,0.050682932,0.010472369
2016,8119,820.2,796.7703876565126,Robust_Linear,0.067490704,0.11418351,0.684569,0.066330045,0.06742673
2019,8119,813.6,808.370096291412,Robust_Linear,0.23769958,0.21659602,0.43681958,0.09438126,0.0145034855
2020,8119,590.7,812.6754117088356,Statistical_Trend,0.27639055,0.09603675,0.21186778,0.40442517,0.011279668
2000,8125,686.0,611.8752793902972,Robust_Linear,0.10460344,0.01340375,0.6985735,0.146722,0.03669729
2001,8125,596.2,654.7517847878873,Robust_Linear,0.124740586,0.008010813,0.81096655,0.051617265,0.004664718
2002,8125,699.4,642.7617745456023,Robust_Linear,0.34074813,0.023458121,0.42911005,0.19326624,0.013417427
2003,8125,513.7,613.2038477025342,Hybrid_XGB,0.66939783,0.015797662,0.20588312,0.10066696,0.008254408
2004,8125,664.5,637.7441911222487,Robust_Linear,0.30143315,0.016394949,0.5913174,0.08316763,0.007686856
2005,8125,682.5,629.7177496166823,Robust_Linear,0.20994928,0.08223373,0.5823076,0.112887345,0.012622075
2006,8125,695.6,644.1882719777533,Robust_Linear,0.316335,0.096450165,0.4165704,0.15837501,0.012269394
2007,8125,657.7,674.1376142808908,Robust_Linear,0.41124684,0.06474253,0.4251693,0.08996049,0.008880848
2008,8125,684.3,666.8412406244655,Native_Ensemble,0.26881194,0.42506063,0.07903506,0.2176887,0.009403704
2009,8125,749.4,682.9880923529158,Native_Ensemble,0.25031108,0.5357643,0.12088788,0.08551348,0.0075232326
2010,8125,723.3,675.9866659614837,Native_Ensemble,0.26331073,0.4586088,0.1314828,0.13363379,0.012963878
2011,8125,802.4,701.1093276607679,Native_Ensemble,0.2862221,0.3857517,0.16163537,0.14927699,0.017113814
2012,8125,683.6,763.3660524852916,Robust_Linear,0.23980533,0.11980388,0.52329963,0.10838651,0.008704609
2013,8125,798.7,761.3681946229775,Robust_Linear,0.22993246,0.08840115,0.59568584,0.07745067,0.00852988
2014,8125,894.2,828.6448431649911,V31_Solar_Gated,0.05085402,0.012640465,0.07928239,0.04011081,0.81711227
2015,8125,720.9,806.9587765266298,Robust_Linear,0.16825117,0.3115528,0.43374112,0.07219291,0.014262097
2016,8125,830.4,824.8617205662023,Robust_Linear,0.07643097,0.09046214,0.6998987,0.07809165,0.05511654
2017,8125,918.5,863.5626706259222,V31_Solar_Gated,0.031100672,0.014258146,0.14584145,0.032111783,0.7766879
2018,8125,612.6,811.7686997505864,Hybrid_XGB,0.36951327,0.2597758,0.20891663,0.14248836,0.019305855
2019,8125,846.3,832.7731910941365,Robust_Linear,0.21972835,0.17794508,0.50395346,0.08622981,0.012143283
2020,8125,630.6,774.7224979928772,Hybrid_XGB,0.5098713,0.12477438,0.24978441,0.10390415,0.011665778
2021,8125,851.0,793.512864955346,Hybrid_XGB,0.3965955,0.10138454,0.3912527,0.09970897,0.011058261
2022,8125,675.6,761.8059784598154,Hybrid_XGB,0.43144634,0.116670445,0.3020346,0.13168816,0.018160477
2023,8125,563.2,752.2445109996418,V31_Solar_Gated,0.19828813,0.058128893,0.21922189,0.063514434,0.4608466
2024,8125,653.6,713.5011740026778,Statistical_Trend,0.35486963,0.105511956,0.09013102,0.44187108,0.0076162694
2000,8126,693.8,615.9139116571722,Robust_Linear,0.15856275,0.014948219,0.7178584,0.10185844,0.006772277
2001,8126,600.0,654.3426910259585,Robust_Linear,0.10600318,0.008437517,0.83452404,0.046714555,0.0043207337
2002,8126,672.9,630.1631926885586,Hybrid_XGB,0.4028593,0.022939967,0.3630502,0.19875829,0.012392322
2003,8126,460.6,613.2703680309636,Hybrid_XGB,0.7098906,0.015462899,0.18987465,0.07671641,0.008055479
2004,8126,639.0,619.1323201599832,Robust_Linear,0.22726123,0.014400829,0.69652337,0.055646766,0.006167757
2005,8126,656.3,624.1243918725875,Robust_Linear,0.11343641,0.049202714,0.7819261,0.04761625,0.0078185
2006,8126,662.6,624.4732034335601,Robust_Linear,0.26378354,0.06431912,0.5575181,0.10319138,0.011187908
2007,8126,664.1,649.4004870622838,Robust_Linear,0.17660582,0.0762167,0.4237916,0.31657413,0.006811827
2008,8126,674.8,642.8816020905433,Native_Ensemble,0.21760292,0.49803495,0.06772536,0.20860592,0.008030747
2009,8126,738.0,666.7596318649527,Native_Ensemble,0.2684287,0.5278498,0.10702095,0.089265645,0.007434923
2010,8126,658.3,700.3988488788768,V31_Solar_Gated,0.13869838,0.14009614,0.23054813,0.1311753,0.35948202
2011,8126,844.7,726.5437863499328,V31_Solar_Gated,0.15232718,0.08644601,0.1251648,0.053042404,0.58301955
2012,8126,708.6,736.450707803942,Robust_Linear,0.17556125,0.08450294,0.63763547,0.09441043,0.007889904
2013,8126,737.2,745.091573783054,Robust_Linear,0.15792112,0.06904501,0.7046521,0.059728663,0.008653178
2014,8126,909.2,836.038636185952,V31_Solar_Gated,0.018380823,0.024101002,0.042621564,0.03800264,0.876894
2015,8126,629.6,781.3741276448261,Robust_Linear,0.19568296,0.08134135,0.47644114,0.22238787,0.024146669
2016,8126,754.7,790.117363645633,Robust_Linear,0.043389585,0.05160962,0.83413184,0.037484884,0.033384062
2017,8126,915.5,808.5742516988885,V31_Solar_Gated,0.11011756,0.032185975,0.2416516,0.03278092,0.583264
2018,8126,628.1,759.7576491660498,Hybrid_XGB,0.42028782,0.110068165,0.12875949,0.32661256,0.014271977
2019,8126,823.8,807.9884076846159,Robust_Linear,0.23658334,0.22786559,0.4365582,0.08841418,0.010578662
2020,8126,674.1,759.7292267026714,Hybrid_XGB,0.5087809,0.11760298,0.2678563,0.09636987,0.009390056
2021,8126,860.0,779.3884166700227,Hybrid_XGB,0.42690974,0.104612365,0.33437416,0.124249384,0.009854395
2022,8126,664.7,751.3498873856856,Hybrid_XGB,0.53859466,0.097931795,0.22320442,0.12536713,0.014901977
2023,8126,630.9,774.7627270322016,Hybrid_XGB,0.48856032,0.08873854,0.28170452,0.12928641,0.011710232
2024,8126,666.0,725.9465130111932,Statistical_Trend,0.34680402,0.11490108,0.10174319,0.4270352,0.009516496
2000,8127,631.1,578.4005560337423,Statistical_Trend,0.07542284,0.014703577,0.14790377,0.7388682,0.023101732
2001,8127,576.9,614.3671391350572,Robust_Linear,0.15770389,0.014490309,0.7260003,0.09118312,0.010622359
2002,8127,614.3,604.4174700022166,Robust_Linear,0.325389,0.026732575,0.3869223,0.2479264,0.013029795
2003,8127,437.2,609.7545689317307,Hybrid_XGB,0.5010525,0.022069955,0.33353117,0.13210884,0.011237503
2004,8127,619.5,577.3036733041586,Robust_Linear,0.16517267,0.016971126,0.6899973,0.121152215,0.006706684
2005,8127,610.1,583.5147456669494,Robust_Linear,0.09842092,0.11660899,0.7217448,0.056035165,0.0071900673
2006,8127,609.1,591.8709630913568,Robust_Linear,0.2042745,0.051427674,0.6563424,0.08073458,0.007220827
2007,8127,623.1,615.2685445926643,Robust_Linear,0.21609314,0.14165868,0.5613948,0.072991826,0.00786159
2008,8127,619.1,610.1813066839084,Statistical_Trend,0.18963392,0.093766734,0.102792576,0.60665756,0.0071491576
2009,8127,658.4,621.3554073039488,Statistical_Trend,0.23753318,0.04209842,0.25916734,0.453599,0.0076019987
2010,8127,616.6,662.1546279871477,V31_Solar_Gated,0.13457796,0.101648554,0.16139457,0.045820255,0.5565587
2019,8127,778.0,692.1305474069839,Robust_Linear,0.19415736,0.11421801,0.59147394,0.0896639,0.010486736
2022,8127,660.1,753.196186581368,Robust_Linear,0.21799822,0.10119667,0.46143273,0.20774837,0.011624019
2023,8127,777.3,723.8909103381899,Statistical_Trend,0.28507793,0.06504456,0.15758277,0.48228163,0.010013126
2024,8127,822.3,722.8312564362377,Statistical_Trend,0.29281393,0.13231477,0.08588472,0.47944173,0.00954487
2000,8128,667.8,568.4742125338171,Robust_Linear,0.10950734,0.012116297,0.7199604,0.12741473,0.031001188
2001,8128,580.7,611.0052164166594,Robust_Linear,0.060332976,0.007384875,0.8846895,0.043981034,0.0036117292
2002,8128,655.1,602.8910478282447,Statistical_Trend,0.3763823,0.028777676,0.18464956,0.399187,0.011003528
2003,8128,454.4,598.7464314623727,Hybrid_XGB,0.6806065,0.015569032,0.16355082,0.128266,0.012007656
2004,8128,658.2,593.6487985060201,Robust_Linear,0.16595083,0.016601622,0.6808908,0.12783788,0.008718876
2005,8128,658.0,603.6570241322133,Robust_Linear,0.1863062,0.111248,0.5936416,0.09862394,0.010180295
2006,8128,660.9,629.8319037693236,Robust_Linear,0.32581225,0.06383718,0.5258055,0.076592535,0.00795255
2007,8128,651.0,652.4893281509703,Native_Ensemble,0.29734746,0.42848015,0.14740674,0.1205193,0.0062463502
2008,8128,615.8,660.1994867155677,Native_Ensemble,0.2864555,0.47238737,0.06452931,0.16980734,0.006820491
2009,8128,736.8,651.5769055007006,Native_Ensemble,0.27717373,0.47853845,0.15756996,0.07954443,0.0071734604
2010,8128,633.6,660.7768479222889,Hybrid_XGB,0.4283368,0.17936578,0.16978028,0.07248209,0.15003501
2011,8128,774.2,680.3997591483853,Native_Ensemble,0.28595272,0.4932602,0.148565,0.06249051,0.009731568
2012,8128,739.4,717.7429758947017,Robust_Linear,0.35724097,0.10219816,0.44420603,0.088285424,0.008069366
2013,8128,726.3,736.7133014808143,Robust_Linear,0.15483862,0.09708386,0.6560625,0.0761396,0.01587545
2014,8128,909.1,817.8048795558343,V31_Solar_Gated,0.01719919,0.019345356,0.048511315,0.039365478,0.87557864
2015,8128,574.8,778.7764308627414,Robust_Linear,0.15128042,0.21291114,0.5659255,0.061716896,0.008166028
2016,8128,754.4,794.1659099716119,Robust_Linear,0.24850112,0.24722958,0.41268632,0.0731562,0.018426768
2017,8128,868.8,764.8788848600825,Hybrid_XGB,0.48072153,0.08966104,0.36350185,0.052966557,0.013149115
2018,8128,583.4,754.5405489547253,Hybrid_XGB,0.5142448,0.07248626,0.2816247,0.118048735,0.013595477
2019,8128,777.5,767.2836236318672,V31_Solar_Gated,0.21124682,0.21474238,0.24683933,0.07997964,0.2471918
2020,8128,732.1,737.1480586767939,Hybrid_XGB,0.49819848,0.11481324,0.2745611,0.0994952,0.0129319625
2021,8128,893.8,766.3826676710945,Robust_Linear,0.27493134,0.080899954,0.44814095,0.1883235,0.0077043036
2022,8128,692.7,751.3377475144492,Hybrid_XGB,0.5630718,0.10026253,0.20226395,0.11918749,0.015214262
2023,8128,670.7,773.2789474308731,Hybrid_XGB,0.53677243,0.09789122,0.21377388,0.14066327,0.010899168
2024,8128,819.8,746.7446138395308,Statistical_Trend,0.32111028,0.16525143,0.0956261,0.4086603,0.009351794
2000,8135,642.3,608.8394372772855,Statistical_Trend,0.057472527,0.009247483,0.08738488,0.8240452,0.021849845
2001,8135,610.9,631.3825383444754,Robust_Linear,0.1402657,0.013000022,0.743355,0.092765935,0.0106134415
2002,8135,661.1,635.8273677914696,Statistical_Trend,0.18912032,0.02400263,0.15195039,0.6259209,0.009005767
2003,8135,492.8,645.5847153271168,Hybrid_XGB,0.4890613,0.018823164,0.21374276,0.16214828,0.116224445
2004,8135,639.3,609.3193467691303,Robust_Linear,0.20085345,0.013705358,0.669014,0.109560974,0.00686622
2007,8135,696.3,634.9975251443436,Robust_Linear,0.2240994,0.062501736,0.5576441,0.14528912,0.010465654
2000,8136,633.8,592.2247444181293,Robust_Linear,0.1172894,0.017062161,0.45100784,0.38119966,0.033440858
2002,8136,597.4,622.7387591354482,Hybrid_XGB,0.36400026,0.021409329,0.31004268,0.2934476,0.011100051
2004,8136,562.9,623.9843041193243,Robust_Linear,0.30049288,0.015379277,0.5739343,0.102881275,0.0073122755
2005,8136,578.7,614.1094531848606,Robust_Linear,0.09917485,0.061211098,0.7599824,0.07157458,0.008057054
2007,8136,673.8,623.2890373059257,Robust_Linear,0.1545983,0.072147034,0.70944685,0.054481745,0.0093260715
2000,8215,649.4,539.7630581641948,Robust_Linear,0.16303472,0.014663303,0.701816,0.11175365,0.008732358
2001,8215,539.7,584.648136700944,Robust_Linear,0.08448631,0.008760555,0.8470849,0.053714335,0.0059539047
2002,8215,599.9,583.6476884106243,Robust_Linear,0.33961147,0.017114926,0.5251121,0.11035199,0.0078094834
2003,8215,446.0,568.5999026937997,Hybrid_XGB,0.48236987,0.027264804,0.17671409,0.30415997,0.009491259
2004,8215,613.1,552.3114748929142,Robust_Linear,0.27961898,0.022913137,0.53050655,0.15763585,0.009325479
2005,8215,623.3,561.706448367402,Robust_Linear,0.22515479,0.09595951,0.5751049,0.09333361,0.010447206
2006,8215,578.7,585.4140012581321,Hybrid_XGB,0.4460954,0.095632404,0.3457323,0.10431454,0.008225354
2007,8215,596.7,605.3523566020357,Robust_Linear,0.31352693,0.16664012,0.35066104,0.16010086,0.00907104
2008,8215,590.6,583.911565943342,Statistical_Trend,0.12107756,0.3282375,0.055525687,0.42322505,0.071934156
2009,8215,687.3,596.1843265979746,Statistical_Trend,0.2426689,0.06717168,0.18995251,0.49108177,0.009125145
2010,8215,622.8,611.2920971736688,Statistical_Trend,0.2123807,0.09148356,0.19763032,0.4823844,0.016120952
2011,8215,735.9,625.6874835051207,Statistical_Trend,0.1910379,0.0760103,0.19792762,0.5242494,0.010774844
2012,8215,699.7,669.2443519227573,Robust_Linear,0.18282618,0.12707865,0.5421968,0.13887484,0.009023467
2013,8215,701.4,701.9386807653163,Robust_Linear,0.11057752,0.068626255,0.5112997,0.089238845,0.22025767
2014,8215,861.2,777.5120844827769,V31_Solar_Gated,0.049440324,0.080110006,0.14175795,0.041620687,0.687071
2015,8215,681.1,726.513013905942,Robust_Linear,0.12877369,0.05425612,0.7435759,0.06297133,0.010423038
2016,8215,749.5,755.2270655807672,Robust_Linear,0.067063615,0.06814999,0.7082915,0.06804883,0.0884462
2017,8215,773.5,797.5721374698061,V31_Solar_Gated,0.08962901,0.09896227,0.27842844,0.05506271,0.4779176
2018,8215,570.8,762.0375451726522,Robust_Linear,0.30231264,0.09724785,0.33627462,0.2512044,0.012960363
2019,8215,761.9,754.4509341209608,Native_Ensemble,0.20438688,0.35441768,0.33759367,0.09559305,0.008008685
2020,8215,563.7,726.8925579608854,Hybrid_XGB,0.45588094,0.1387491,0.28372705,0.112141214,0.009501712
2021,8215,864.0,707.7937165435518,Robust_Linear,0.3501411,0.11895735,0.4057811,0.114895076,0.01022531
2022,8215,663.8,708.2886008527795,Native_Ensemble,0.2404257,0.37237456,0.29372528,0.08179581,0.011678643
2023,8215,753.9,718.4386285966158,Robust_Linear,0.2616907,0.12541787,0.32098854,0.10812359,0.18377921
2024,8215,765.2,705.8282574373183,Statistical_Trend,0.321716,0.13540778,0.06388806,0.47158295,0.0074052075
2000,8225,630.9,575.5111453621402,Robust_Linear,0.14042726,0.0151098,0.560278,0.2509932,0.033191733
2001,8225,569.8,610.5322763449135,Robust_Linear,0.12676017,0.009415499,0.7982311,0.058113646,0.007479461
2002,8225,639.3,602.52325034472,Robust_Linear,0.344074,0.02446221,0.41348755,0.20392875,0.014047489
2003,8225,465.0,605.1766869173987,Hybrid_XGB,0.5357271,0.019386629,0.3011215,0.13351166,0.010253126
2004,8225,651.4,591.1520242741369,Robust_Linear,0.18338989,0.014960026,0.676688,0.11841618,0.006545909
2005,8225,603.7,597.9974797855209,Robust_Linear,0.18983468,0.06056913,0.6493337,0.089557886,0.010704584
2006,8225,633.7,610.1718492176097,Robust_Linear,0.22683337,0.12406306,0.45217535,0.18925409,0.007674132
2007,8225,624.4,631.311532982352,Robust_Linear,0.23665679,0.11803143,0.37414393,0.2638959,0.0072719967
2008,8225,646.9,626.5617485183162,Statistical_Trend,0.28547668,0.0911497,0.121678315,0.49292797,0.008767376
2009,8225,709.6,639.6197957705363,Statistical_Trend,0.2551039,0.0480413,0.28009975,0.40805772,0.008697296
2010,8225,655.3,689.8888967653373,V31_Solar_Gated,0.17588092,0.111290954,0.16744207,0.04463221,0.5007538
2011,8225,759.3,723.3695869305826,V31_Solar_Gated,0.07560402,0.07253938,0.07030735,0.031119404,0.75042987
2012,8225,700.5,706.737976851316,Native_Ensemble,0.21138614,0.35641274,0.34341553,0.08177889,0.007006772
2014,8225,813.3,816.2129763826599,V31_Solar_Gated,0.016101085,0.022427903,0.04391717,0.03480034,0.8827535
2017,8225,944.4,857.2852807922874,V31_Solar_Gated,0.050770253,0.0559433,0.13821366,0.046937674,0.70813507
2018,8225,462.8,830.4381005748547,Robust_Linear,0.23923601,0.20532808,0.39718774,0.12993486,0.02831335
2019,8225,774.1,791.9686989228463,Robust_Linear,0.2652116,0.22795668,0.40050447,0.090924,0.015403172
2020,8225,714.9,740.4981958788264,Robust_Linear,0.318311,0.10096051,0.48295057,0.08685374,0.010924202
2021,8225,739.5,754.2940128730725,Robust_Linear,0.22257803,0.074292,0.53442293,0.16231549,0.0063915304
2022,8225,424.7,721.6179498543471,Hybrid_XGB,0.44653618,0.10576244,0.3332216,0.10104713,0.01343265
2023,8225,614.3,711.2175682570823,Robust_Linear,0.3866375,0.080253035,0.41332313,0.10791383,0.011872417
2024,8225,729.0,592.5195573985461,Statistical_Trend,0.24250494,0.0807911,0.23442495,0.43375108,0.0085278265
2000,8226,659.0,560.067349691443,Robust_Linear,0.16605593,0.01981546,0.45579293,0.2948289,0.063506745
2001,8226,552.2,604.6498669152718,Robust_Linear,0.07700132,0.009018202,0.8598912,0.04989502,0.0041944333
2002,8226,640.3,613.5188138393977,Statistical_Trend,0.3334179,0.036105487,0.27991426,0.34122828,0.009334152
2003,8226,442.0,603.0389566044173,Hybrid_XGB,0.42010224,0.032526433,0.14418614,0.3930995,0.010085759
2004,8226,663.5,578.7961683646901,Robust_Linear,0.3126427,0.01905506,0.54315007,0.11652868,0.008623408
2005,8226,628.7,585.1428955258533,Robust_Linear,0.15126857,0.14204238,0.54427564,0.15428285,0.008130537
2006,8226,654.5,595.296430166319,Hybrid_XGB,0.37231445,0.120073415,0.36452165,0.13293175,0.010158742
2007,8226,599.0,635.7150877787038,Robust_Linear,0.28514075,0.25871235,0.3363758,0.11153852,0.008232593
2008,8226,630.5,623.7924649067577,Statistical_Trend,0.11787155,0.32153606,0.055158924,0.3985288,0.10690467
2009,8226,683.1,633.4213325639338,Statistical_Trend,0.22766456,0.056616496,0.1555274,0.55268544,0.007506106
2010,8226,664.5,636.7379274241183,Native_Ensemble,0.22792299,0.52655554,0.138263,0.09431558,0.0129428655
2011,8226,782.1,685.8268778337999,V31_Solar_Gated,0.20229234,0.03439584,0.08110047,0.11949702,0.56271434
2012,8226,731.1,700.801891612302,Native_Ensemble,0.26808012,0.4355665,0.17987128,0.10989293,0.006589096
2013,8226,762.2,739.790918844107,Robust_Linear,0.106507055,0.09895503,0.53318727,0.073710404,0.18764023
2014,8226,890.2,839.4034356703382,V31_Solar_Gated,0.020360488,0.027886808,0.0738257,0.039997015,0.83792996
2015,8226,733.7,777.078013925507,Robust_Linear,0.14830837,0.18467967,0.5972671,0.056529846,0.013215064
2016,8226,794.2,803.1891202430241,Robust_Linear,0.04115312,0.05881155,0.72298616,0.05295251,0.12409672
2017,8226,854.5,840.3547367007459,V31_Solar_Gated,0.05082671,0.096844725,0.37455413,0.045139376,0.43263513
2018,8226,631.0,800.4325527134836,Robust_Linear,0.3049759,0.23563898,0.3092203,0.13103428,0.019130569
2019,8226,794.2,804.0784394966701,Robust_Linear,0.20885082,0.10437234,0.40317643,0.27325892,0.010341459
2020,8226,769.4,773.134629484795,Hybrid_XGB,0.47803968,0.13513874,0.27284262,0.10370624,0.010272819
2021,8226,893.4,783.8623630911699,Robust_Linear,0.31624576,0.13486497,0.43361247,0.10576766,0.009509123
2022,8226,794.9,792.9926737673288,Hybrid_XGB,0.49633998,0.10817833,0.24728139,0.13626564,0.011934649
2023,8226,720.3,808.8512974306659,Statistical_Trend,0.36889115,0.082541235,0.14632796,0.3894855,0.012754121
2024,8226,762.2,802.216559846657,Robust_Linear,0.32858998,0.16226676,0.41645557,0.08294545,0.009742211
2000,8236,594.7,578.0245591100463,Statistical_Trend,0.070950545,0.011556438,0.08072809,0.80694336,0.029821541
2001,8236,561.0,597.2500766459704,Robust_Linear,0.2823696,0.022459751,0.5145396,0.17086507,0.009765917
2002,8236,589.4,596.6761511255302,Robust_Linear,0.19900578,0.019937724,0.6676286,0.10577076,0.0076570786
2003,8236,480.4,586.9935736995371,Robust_Linear,0.34749335,0.022954399,0.50163376,0.11854016,0.009378327
2004,8236,564.4,567.4495779429653,Robust_Linear,0.20325816,0.017667586,0.69758046,0.07317704,0.008316783
2005,8236,558.2,570.0693969967115,Robust_Linear,0.12969795,0.15643166,0.6397119,0.06618056,0.007978003
2006,8236,585.5,574.8690558406281,Robust_Linear,0.17731696,0.14575373,0.53991115,0.12755863,0.009459556
2009,8236,566.2,576.0047794844822,Robust_Linear,0.16773428,0.1976961,0.43541288,0.18924764,0.009909114
2000,8315,643.6,604.2837345760558,Statistical_Trend,0.10518169,0.010892214,0.1235479,0.70173913,0.058639098
2001,8315,567.8,624.386999751472,Robust_Linear,0.1807758,0.022749634,0.618347,0.1704448,0.007682744
2002,8315,603.0,618.5815945674885,Hybrid_XGB,0.36212167,0.02931263,0.24173647,0.3578516,0.008977617
2003,8315,509.1,611.7712991002863,Robust_Linear,0.38432455,0.021299778,0.47096014,0.11561815,0.0077973134
2004,8315,638.9,584.797070941855,Robust_Linear,0.18917798,0.017856797,0.57116336,0.21419553,0.0076063834
2005,8315,611.8,594.1815716711376,Robust_Linear,0.17388594,0.05845011,0.6801387,0.079119414,0.008405775
2006,8315,606.8,611.9479284369244,Robust_Linear,0.2613442,0.1832651,0.49773306,0.050963048,0.006694617
2007,8315,654.8,616.1703504729173,Robust_Linear,0.20517604,0.07796243,0.510876,0.19841631,0.0075692036
2000,8316,651.9,611.1211292163824,Statistical_Trend,0.07618958,0.010714297,0.11349295,0.7572742,0.042328976
2001,8316,582.5,618.8758040243766,Statistical_Trend,0.3460686,0.029033365,0.24062306,0.37126237,0.013012586
2002,8316,690.3,625.9601268004863,Robust_Linear,0.22942491,0.022172106,0.5789004,0.15975656,0.0097459555
2003,8316,515.4,649.4978330050299,Hybrid_XGB,0.38518474,0.092340365,0.3329422,0.17975323,0.009779481
2004,8316,648.2,636.9703027180017,Robust_Linear,0.22485834,0.021286603,0.36770198,0.28323957,0.102913484
2004,8317,659.2,637.4700139742116,Robust_Linear,0.33384463,0.021997564,0.3402638,0.2921434,0.011750558
2006,8317,620.1,654.5290363047109,Hybrid_XGB,0.4293698,0.06364422,0.15392579,0.34427825,0.008781927
2002,8335,489.5,521.3260805849775,Robust_Linear,0.30192202,0.03327909,0.46300992,0.19416837,0.0076205763
2005,8335,537.1,508.58124886786464,Robust_Linear,0.30847093,0.17782111,0.40188944,0.103107475,0.008711117
2004,8337,649.6,541.2836160099129,Hybrid_XGB,0.40213943,0.036758512,0.16889064,0.38152397,0.010687446
2009,8416,716.0,685.0325169160323,Statistical_Trend,0.15882371,0.06565727,0.25754833,0.51022035,0.007750291
2024,8416,886.0,864.9853021498442,Statistical_Trend,0.31565976,0.19444096,0.11197216,0.3687604,0.009166702
2000,8425,625.6,595.7253014765118,Statistical_Trend,0.061072182,0.009828058,0.17662077,0.72688127,0.02559777
2001,8425,589.2,607.9993924225772,Robust_Linear,0.14263886,0.016294543,0.70226777,0.12875797,0.010040797
2002,8425,666.8,614.7070619859716,Statistical_Trend,0.24219085,0.024477344,0.14946453,0.57515293,0.00871435
2003,8425,531.9,639.3577275878926,Hybrid_XGB,0.5107936,0.020998523,0.1539668,0.20462747,0.1096136
2004,8425,638.0,605.794626402392,Statistical_Trend,0.17520823,0.025487352,0.209046,0.57082516,0.019433262
2005,8425,668.0,611.5247966439786,Statistical_Trend,0.17411147,0.06336319,0.20630349,0.54742426,0.008797552
2006,8425,564.8,641.5722837738251,Robust_Linear,0.2516684,0.03599218,0.35573307,0.3497177,0.0068887407
2007,8425,649.4,639.1036117211194,Robust_Linear,0.1628651,0.054270174,0.5678138,0.20764162,0.0074093044
2008,8425,678.7,620.4032845220211,Native_Ensemble,0.115422346,0.5979722,0.06466125,0.21357025,0.008373897
2009,8425,664.0,641.8548387554083,Statistical_Trend,0.16337475,0.06424705,0.25107628,0.513256,0.008045962
2010,8425,710.6,687.0615558216416,V31_Solar_Gated,0.19520369,0.09845745,0.10146897,0.044986427,0.5598834
2011,8425,753.0,732.5002343522692,V31_Solar_Gated,0.0349326,0.0548126,0.11866717,0.02436492,0.76722276
2012,8425,793.3,711.3114749013482,Robust_Linear,0.16690484,0.057968162,0.43364683,0.33264568,0.008834504
2016,8425,651.9,879.9074994121152,V31_Solar_Gated,0.20426595,0.18280855,0.0643631,0.09781262,0.45074975
2018,8425,654.6,724.1489796339926,Robust_Linear,0.36271268,0.1114636,0.3864458,0.12675865,0.012619287
2019,8425,741.5,715.7768120330072,Robust_Linear,0.1828508,0.061700232,0.55162925,0.19469568,0.009124035
2020,8425,804.6,697.4680698583404,Native_Ensemble,0.21503656,0.52174336,0.07510417,0.17922251,0.008893413
2021,8425,763.9,742.7404648486933,Robust_Linear,0.3347553,0.089916125,0.40039235,0.16118646,0.013749835
2000,8426,632.1,610.1509555081095,Statistical_Trend,0.07168176,0.010089856,0.13916405,0.74423164,0.03483275
2001,8426,622.1,620.9474652746167,Robust_Linear,0.19207536,0.01981277,0.45425838,0.32294077,0.010912649
2002,8426,632.7,632.3948790692571,Statistical_Trend,0.21743016,0.020661432,0.19079214,0.56241775,0.008698556
2003,8426,584.7,643.219991540516,Hybrid_XGB,0.4125176,0.017501684,0.2754947,0.2155574,0.07892868
2004,8426,649.6,615.8475525576305,Robust_Linear,0.20842066,0.018535458,0.5234516,0.23176697,0.017825244
2005,8426,658.0,632.0901023293603,Statistical_Trend,0.18471515,0.05295055,0.21036926,0.5443553,0.0076098056
2006,8426,628.4,653.851799266409,Native_Ensemble,0.3090622,0.3848511,0.2424921,0.057133194,0.0064613204
2007,8426,680.3,663.1579428434168,Robust_Linear,0.18055004,0.08898394,0.6665616,0.057016045,0.0068883174
2008,8426,680.2,656.0228439953256,Statistical_Trend,0.14290877,0.046979368,0.12598729,0.62872565,0.0553989
2009,8426,706.3,666.5416925742487,Statistical_Trend,0.19571018,0.07892632,0.27774405,0.43851417,0.00910525
2010,8426,729.1,720.8319180899744,V31_Solar_Gated,0.1512281,0.1845613,0.12632142,0.057715934,0.48017317
2000,8435,618.5,578.5879397019523,Robust_Linear,0.075431496,0.018067773,0.7280702,0.15845144,0.019979114
2001,8435,593.6,599.4536997389538,Statistical_Trend,0.1318107,0.016809147,0.19427255,0.6526261,0.0044815657
2002,8435,699.2,616.1944877769636,Robust_Linear,0.23139559,0.02200492,0.67756456,0.06327974,0.0057551805
2003,8435,583.0,631.9806245132532,Hybrid_XGB,0.5271339,0.038767997,0.184228,0.195435,0.054435104
2004,8435,635.5,632.7718234521578,Robust_Linear,0.16791715,0.05235349,0.4007015,0.358196,0.020831885
2005,8435,642.3,640.2676460171699,Native_Ensemble,0.19502233,0.4815021,0.15077864,0.16510162,0.0075953486
2006,8435,634.7,652.9104792810217,Robust_Linear,0.28707993,0.043700453,0.5014534,0.15995519,0.007811022
2007,8435,651.2,658.3888660140091,Robust_Linear,0.23111396,0.07996447,0.5718635,0.108863994,0.008194163
2000,9161,699.6,647.5435647403638,Statistical_Trend,0.08787775,0.011376815,0.16912745,0.6899318,0.04168618
2001,9161,676.9,662.0299169045911,Robust_Linear,0.22124286,0.018650206,0.41983092,0.1996166,0.1406594
2002,9161,730.9,669.4057383436788,Statistical_Trend,0.29910502,0.027451992,0.21692123,0.4462166,0.010305237
2003,9161,569.1,688.1943688876044,Hybrid_XGB,0.56625086,0.030892866,0.12675461,0.26577374,0.010327951
2004,9161,707.5,676.1911042191697,Statistical_Trend,0.34177473,0.022384262,0.2552328,0.37259266,0.008015618
2005,9161,744.4,666.5217138722556,Robust_Linear,0.29832822,0.09003243,0.49187353,0.10998432,0.009781518
2006,9161,655.0,701.0202877299783,Hybrid_XGB,0.40848416,0.3769906,0.10883935,0.09686495,0.008820879
2007,9161,719.1,717.7129188596992,Robust_Linear,0.31421933,0.15123218,0.47093242,0.056631457,0.006984689
2008,9161,675.0,688.6302048476302,Native_Ensemble,0.08189747,0.54548156,0.054564413,0.27499035,0.043066178
2009,9161,708.1,699.2425363403586,Native_Ensemble,0.30205625,0.3542419,0.22304802,0.11279381,0.007859966
2010,9161,747.4,679.2168461075471,Hybrid_XGB,0.42851466,0.0987681,0.3545037,0.10864477,0.009568724
2011,9161,834.3,761.9171076688444,V31_Solar_Gated,0.06202573,0.026441049,0.081811175,0.03441503,0.795307
2012,9161,717.0,766.8360838760177,Hybrid_XGB,0.45401356,0.16773586,0.32156843,0.04778263,0.00889958
2013,9161,706.8,774.2102358320856,Robust_Linear,0.27004558,0.04815044,0.39053762,0.28335872,0.00790767
2014,9161,724.4,786.3194345267432,Statistical_Trend,0.052890666,0.01908902,0.102786824,0.44256714,0.38266635
2015,9161,560.9,756.8646051982997,Robust_Linear,0.33309385,0.17398281,0.37122187,0.107768975,0.013932448
2016,9161,791.8,738.9462174683368,V31_Solar_Gated,0.103192836,0.07368402,0.3277783,0.05393256,0.44141224
2000,9162,661.3,633.289096040484,Statistical_Trend,0.13067561,0.015799666,0.21957122,0.5552148,0.07873866
2001,9162,592.1,644.1380825175634,Statistical_Trend,0.12743862,0.013501355,0.32447588,0.38941202,0.14517215
2002,9162,638.4,623.3010138696683,Statistical_Trend,0.19868915,0.018126199,0.15017544,0.6254958,0.007513423
2003,9162,637.7,632.9164233363822,Statistical_Trend,0.3315403,0.02222778,0.16192596,0.47273794,0.011568008
2004,9162,697.2,627.9242994644765,Statistical_Trend,0.17515786,0.02125013,0.19558343,0.596497,0.011511597
2005,9162,566.9,657.0030589979475,Robust_Linear,0.27441376,0.27171278,0.31783214,0.1234666,0.012574712
2006,9162,660.3,634.7596717954291,Robust_Linear,0.26737225,0.08211827,0.5834474,0.060309127,0.0067529217
2007,9162,579.4,652.4508045841909,Robust_Linear,0.28463808,0.0525497,0.58753145,0.06801045,0.0072702966
2008,9162,641.7,603.8438967596728,Statistical_Trend,0.082568854,0.278875,0.055088945,0.5774539,0.0060132956
2009,9162,605.5,625.4967734307139,Robust_Linear,0.3230962,0.060404472,0.54956627,0.059002057,0.007931041
2010,9162,576.1,624.2479291417513,Robust_Linear,0.36324888,0.04873865,0.50797325,0.065472946,0.01456625
2011,9162,661.1,621.7186897102448,Robust_Linear,0.16343786,0.107132,0.4517622,0.083805956,0.19386202
2012,9162,706.9,637.5737731642611,Robust_Linear,0.20215496,0.05189796,0.57193047,0.16506839,0.008948178
2013,9162,636.2,662.8755801027798,Statistical_Trend,0.20053782,0.03434639,0.17932557,0.5806431,0.0051470976
2014,9162,918.2,680.5289833797201,V31_Solar_Gated,0.14650689,0.054559857,0.14072777,0.069277145,0.58892834
2015,9162,571.1,717.2252200211437,Robust_Linear,0.13613373,0.094439924,0.66606265,0.08521905,0.018144662
2016,9162,801.0,767.2025724336304,Statistical_Trend,0.08324686,0.06286039,0.087728925,0.57440394,0.19175988
2000,9171,672.2,629.2551705666866,Statistical_Trend,0.15250058,0.014619537,0.10656605,0.718765,0.0075487583
2001,9171,605.3,637.4737578585928,Hybrid_XGB,0.36175823,0.020517115,0.20838174,0.30206743,0.10727546
2002,9171,672.5,633.8309031276885,Robust_Linear,0.2867137,0.019230796,0.48509908,0.19864613,0.010310169
2003,9171,569.2,643.2271340024239,Hybrid_XGB,0.46156296,0.023606513,0.33407792,0.16539855,0.015354024
2004,9171,657.1,626.9861580444573,Robust_Linear,0.24174748,0.020345666,0.565454,0.15724793,0.015204919
2005,9171,564.8,643.2127682039603,Robust_Linear,0.2627595,0.08531981,0.5132587,0.12862088,0.010041185
2006,9171,598.0,628.3258246804262,Robust_Linear,0.33757854,0.04951703,0.52413005,0.08023127,0.008543134
2007,9171,668.2,650.8709642482015,Robust_Linear,0.17136255,0.12576513,0.64146876,0.053854287,0.0075492645
2008,9171,647.8,631.3607237802657,Robust_Linear,0.09598966,0.075579606,0.6621081,0.094559245,0.0717634
2009,9171,595.2,655.3560193154244,Robust_Linear,0.30050886,0.060315352,0.34277102,0.28809774,0.008307011
2010,9171,707.0,643.5580587948191,Robust_Linear,0.28958818,0.05483101,0.57455724,0.06718515,0.013838342
2011,9171,629.8,671.2418158454519,Statistical_Trend,0.15154645,0.042121593,0.18292391,0.38557088,0.23783712
2012,9171,696.8,674.0382443969268,Robust_Linear,0.26027378,0.05896562,0.3567933,0.3141957,0.009771626
2013,9171,666.6,683.6201876809355,Statistical_Trend,0.19579354,0.041405767,0.2505127,0.5065932,0.005694792
2014,9171,918.6,695.6979028371952,Robust_Linear,0.37467074,0.15699938,0.3936912,0.063291185,0.011347526
2015,9171,622.0,762.6704083963122,Robust_Linear,0.15764838,0.08277401,0.4243016,0.09736454,0.23791152
2016,9171,801.0,801.0553119884612,Native_Ensemble,0.27674332,0.3312933,0.05995158,0.09249189,0.23951985
2000,9174,684.1,629.2495872103868,Statistical_Trend,0.17790052,0.013855742,0.17715786,0.62508637,0.0059994436
2001,9174,590.2,641.7935157901385,Robust_Linear,0.1792792,0.015888741,0.45091015,0.124474905,0.22944705
2002,9174,669.5,645.8995735595051,Statistical_Trend,0.26825115,0.019556766,0.26549798,0.43955442,0.007139703
2003,9174,590.3,650.8231943000333,Hybrid_XGB,0.42448425,0.02204771,0.36327156,0.16893764,0.021258838
2004,9174,656.7,629.9047490441751,Statistical_Trend,0.18893161,0.021352991,0.16390531,0.6118388,0.0139712775
2005,9174,616.9,636.3725481513901,Robust_Linear,0.23316552,0.072922654,0.54846704,0.13547839,0.009966384
2006,9174,621.7,652.0709868615562,Robust_Linear,0.255104,0.045093644,0.36565465,0.32613122,0.008016557
2007,9174,762.8,657.7422600364646,Robust_Linear,0.24772023,0.057503726,0.48657063,0.19667447,0.01153108
2008,9174,673.8,649.184203447803,Native_Ensemble,0.18953599,0.48238114,0.08091209,0.23832177,0.008848937
2009,9174,692.8,685.3218964459711,Statistical_Trend,0.19735052,0.118469566,0.25877118,0.41363207,0.011776602
2010,9174,610.9,689.592882048731,Statistical_Trend,0.35916293,0.060582068,0.15604107,0.40926412,0.014949803
2011,9174,784.2,724.0715120513025,V31_Solar_Gated,0.07064006,0.016831616,0.065254144,0.08052978,0.7667444
2012,9174,765.9,702.1873729439083,Robust_Linear,0.366253,0.066145994,0.48150086,0.07743343,0.008666767
2013,9174,660.7,734.6800129386627,Robust_Linear,0.22685304,0.125299,0.5365686,0.101203345,0.010076033
2014,9174,808.2,786.242506208579,V31_Solar_Gated,0.05531995,0.048312582,0.14180925,0.028032895,0.7265253
2015,9174,733.1,750.9624775704077,Robust_Linear,0.2731399,0.098796785,0.5236511,0.09134025,0.013072004
2016,9174,796.2,786.2524357192566,Robust_Linear,0.103038855,0.30188078,0.42531785,0.064896084,0.1048664
2018,9174,977.2,768.4292138381146,Statistical_Trend,0.27885187,0.10527288,0.19123355,0.4139786,0.010663093
2019,9174,810.9,832.1567302247526,Robust_Linear,0.20226753,0.26214343,0.43222243,0.09303589,0.010330741
2022,9174,950.6,893.2527087706436,Robust_Linear,0.1803262,0.2151866,0.43378723,0.15716206,0.0135379415
2000,9175,678.2,626.5752943306212,Statistical_Trend,0.07140608,0.010152103,0.16060317,0.72506297,0.03277571
2001,9175,602.1,639.15324771961,Robust_Linear,0.23071587,0.02189466,0.33019018,0.27114424,0.14605501
2002,9175,653.2,646.5465723214675,Statistical_Trend,0.24951231,0.024240956,0.28168023,0.43327188,0.011294571
2003,9175,591.5,679.4387934880879,V31_Solar_Gated,0.25206387,0.017295321,0.123233214,0.18547595,0.42193168
2004,9175,662.1,632.0971678339428,Statistical_Trend,0.20149179,0.023607345,0.19305457,0.56725943,0.0145868985
2005,9175,673.0,640.6543823236163,Native_Ensemble,0.2565888,0.43035266,0.17167485,0.12992941,0.011454316
2006,9175,650.7,664.5652504405045,Hybrid_XGB,0.3710295,0.042767692,0.340126,0.23911405,0.0069628367
2007,9175,765.1,676.5954915833337,Robust_Linear,0.2959831,0.11946902,0.5147219,0.062685005,0.0071410546
2008,9175,678.8,677.6344138184472,Statistical_Trend,0.17033267,0.085689045,0.32020387,0.36453718,0.059237268
2009,9175,675.7,691.1956897329704,Robust_Linear,0.16116995,0.063372664,0.6756432,0.0907814,0.009032809
2010,9175,624.1,710.9506881347654,Hybrid_XGB,0.36965796,0.04395996,0.12599458,0.17686066,0.2835269
2011,9175,800.6,711.5289941996025,V31_Solar_Gated,0.08990675,0.02765498,0.19707477,0.18290128,0.5024622
2012,9175,631.4,717.0506716705721,Statistical_Trend,0.24113983,0.031268835,0.2065654,0.51538014,0.0056457734
2013,9175,648.5,717.8731756484767,Hybrid_XGB,0.39324534,0.26595217,0.27192956,0.06107243,0.0078005143
2014,9175,612.1,711.4774018145232,Statistical_Trend,0.092384264,0.036378544,0.22211936,0.3420059,0.30711195
2015,9175,601.6,676.9034284461098,Statistical_Trend,0.14833961,0.0388378,0.3650031,0.43752426,0.010295228
2016,9175,600.0,648.2145509390272,Hybrid_XGB,0.36204058,0.1841585,0.34485486,0.088231534,0.020714479
2000,9176,760.2,639.6271828195155,Statistical_Trend,0.13098016,0.013726006,0.09976509,0.7483294,0.007199335
2001,9176,678.2,674.2530038280197,Robust_Linear,0.10825723,0.016872618,0.61771125,0.09169667,0.16546224
2002,9176,764.3,690.4415464174177,Statistical_Trend,0.259923,0.039247606,0.29952738,0.38836294,0.0129390005
2003,9176,621.9,712.0697056158622,Hybrid_XGB,0.637203,0.028174726,0.14326866,0.18136525,0.009988461
2004,9176,738.6,712.2105879082605,Statistical_Trend,0.23932347,0.07611548,0.2621515,0.41018015,0.012229446
2005,9176,708.9,702.320062140854,Statistical_Trend,0.23981129,0.0658991,0.15486418,0.53023726,0.0091882255
2006,9176,686.6,713.4867469325288,Statistical_Trend,0.3591971,0.056837324,0.17797521,0.39786592,0.008124413
2007,9176,777.3,731.6349498375051,Robust_Linear,0.32551196,0.110833175,0.50480986,0.052280445,0.006564535
2008,9176,747.3,721.769510633863,Statistical_Trend,0.10408075,0.30143762,0.050403334,0.5354463,0.008632015
2009,9176,814.2,745.6524289953651,Statistical_Trend,0.18210119,0.047887452,0.3050225,0.45767665,0.0073121833
2010,9176,747.3,758.5328300145186,Robust_Linear,0.28773266,0.2938476,0.29581413,0.10929398,0.013311654
2011,9176,857.6,839.0265077769255,V31_Solar_Gated,0.032100793,0.05003477,0.09159735,0.030321732,0.79594535
2012,9176,828.3,822.0982290184115,Robust_Linear,0.38631886,0.03824617,0.41652936,0.14842115,0.010484442
2013,9176,730.4,822.920488546323,Robust_Linear,0.18498802,0.07171092,0.6416963,0.09311503,0.008489785
2014,9176,944.9,879.498914657704,V31_Solar_Gated,0.0341621,0.021051535,0.17194504,0.02507246,0.7477689
2015,9176,650.1,842.5014071897057,Robust_Linear,0.33095506,0.084766515,0.49253395,0.07983951,0.011904988
2016,9176,855.7,859.3580869837648,Robust_Linear,0.050375387,0.038716845,0.70111865,0.03994412,0.16984497
2017,9176,909.2,827.0235176551737,Robust_Linear,0.34040195,0.06272452,0.3888733,0.1993522,0.008647954
2018,9176,813.3,810.250750798147,Hybrid_XGB,0.33548695,0.100793384,0.2986113,0.25215122,0.012957164
2019,9176,819.4,849.8080442235145,Hybrid_XGB,0.37726384,0.3181525,0.19676965,0.096326515,0.011487471
2020,9176,849.7,834.9986498289869,Statistical_Trend,0.27228007,0.19909629,0.07779191,0.44189033,0.008941411
2021,9176,863.3,835.4714205207376,Robust_Linear,0.20462947,0.11386578,0.3866769,0.1161955,0.17863245
2022,9176,834.7,855.2397896091182,Hybrid_XGB,0.413573,0.11836237,0.31882334,0.13769563,0.011545634
2023,9176,865.9,848.3041496924245,Hybrid_XGB,0.33869225,0.14183432,0.27221423,0.23521577,0.012043419
2024,9176,859.3,850.4227783898974,Native_Ensemble,0.33735067,0.3401985,0.109620616,0.2029487,0.009881512
2000,9177,711.7,646.4860117812985,Statistical_Trend,0.11653327,0.01388448,0.17407285,0.68740815,0.008101276
2001,9177,560.2,665.9224689548136,Robust_Linear,0.120121896,0.027196677,0.7374559,0.108148895,0.0070765927
2002,9177,701.7,635.6833005544083,Statistical_Trend,0.20880893,0.021535948,0.15921222,0.60232913,0.008113867
2003,9177,587.4,663.535676573582,Hybrid_XGB,0.51760244,0.01851117,0.3251293,0.12606591,0.012691224
2004,9177,645.1,637.0228737074466,Statistical_Trend,0.17431708,0.02105919,0.20316091,0.5859723,0.0154904965
2005,9177,674.9,639.034023538534,Robust_Linear,0.20248714,0.070851915,0.58931315,0.12733571,0.010012061
2006,9177,581.1,659.6822716010627,Robust_Linear,0.29617152,0.11680003,0.51230216,0.06743217,0.007294101
2007,9177,678.0,661.0921140923423,Robust_Linear,0.25343224,0.0599698,0.4827994,0.19370788,0.010090575
2008,9177,697.4,624.2218585099638,Native_Ensemble,0.13005687,0.54652494,0.07752803,0.23662725,0.00926294
2009,9177,714.4,659.9075330637825,Native_Ensemble,0.35530663,0.36680624,0.20880713,0.061812606,0.007267374
2010,9177,734.9,680.4033908081583,Native_Ensemble,0.31177106,0.42543176,0.16365753,0.08500175,0.014137815
2011,9177,806.7,747.4080918195444,V31_Solar_Gated,0.067045406,0.062243596,0.13344418,0.02797354,0.70929325
2012,9177,843.3,747.569445400803,Robust_Linear,0.20895629,0.080707,0.5898892,0.10957405,0.010873418
2013,9177,724.7,776.580898488693,Robust_Linear,0.13264395,0.1858103,0.60460186,0.06876619,0.008177697
2014,9177,925.6,779.9432049047948,Robust_Linear,0.20959207,0.05404727,0.6609149,0.06338061,0.012065142
2015,9177,736.5,794.5399466330488,Robust_Linear,0.054473706,0.051624294,0.80288935,0.06327418,0.027738556
2016,9177,880.4,884.2817894886748,Statistical_Trend,0.0839214,0.087777436,0.116840154,0.6536241,0.057836898
2020,9177,910.4,905.8787019541907,Statistical_Trend,0.16391797,0.35333836,0.055189665,0.41808012,0.0094738575
2021,9177,934.4,891.1565170841179,Statistical_Trend,0.139327,0.12324614,0.23217481,0.2749997,0.23025234
2000,9178,696.7,625.5622107086474,Statistical_Trend,0.08150969,0.011651316,0.14130594,0.7319001,0.03363295
2001,9178,555.3,643.0921420849822,Robust_Linear,0.1545929,0.015493852,0.44924563,0.1142443,0.26642334
2002,9178,718.8,632.6511289597391,Statistical_Trend,0.23806895,0.025938142,0.20234334,0.52574635,0.00790318
2003,9178,609.8,624.7122242544646,Hybrid_XGB,0.56093055,0.021841105,0.26067826,0.14192784,0.014622195
2004,9178,687.9,650.5878077045705,Statistical_Trend,0.14549284,0.029565295,0.23047084,0.57961714,0.014853846
2005,9178,672.8,653.4861582811416,Statistical_Trend,0.25012502,0.06306697,0.1555675,0.521888,0.009352462
2006,9178,697.2,683.2545406194102,Robust_Linear,0.36942357,0.10107073,0.4247848,0.0953962,0.009324781
2007,9178,696.6,705.950754804356,Robust_Linear,0.3909611,0.09766886,0.4156323,0.085978046,0.009759733
2008,9178,747.9,694.2824546897913,Statistical_Trend,0.13048701,0.17795232,0.06309469,0.6213052,0.007160692
2009,9178,709.8,708.8461663320875,Statistical_Trend,0.19770947,0.10796143,0.25470617,0.4283006,0.011322248
2010,9178,709.4,722.6878369053115,Native_Ensemble,0.2712076,0.32075122,0.30004543,0.09216609,0.015829615
2011,9178,780.1,778.9189907334767,V31_Solar_Gated,0.045694772,0.046207402,0.11998203,0.02866817,0.75944763
2012,9178,858.7,747.834625853407,Hybrid_XGB,0.32846335,0.3184275,0.24682687,0.09888423,0.0073980116
2013,9178,608.0,781.6540152829638,Robust_Linear,0.20521696,0.09608096,0.59348315,0.095585614,0.009633333
2014,9178,954.3,786.2657918395772,Statistical_Trend,0.18205225,0.09609356,0.33868024,0.35943872,0.02373531
2015,9178,646.8,768.5068230630079,Robust_Linear,0.37724414,0.0648226,0.4787309,0.06672165,0.012480725
2016,9178,767.9,862.6320630025883,Hybrid_XGB,0.35816723,0.18636306,0.106748536,0.11652557,0.23219562
2017,9178,853.4,787.8908894667372,Hybrid_XGB,0.40089536,0.061646797,0.23422605,0.29291174,0.010319953
2000,9179,700.3,596.6759053544906,Statistical_Trend,0.09368665,0.01210575,0.1483859,0.71230197,0.03351978
2001,9179,618.1,619.0479072010598,Hybrid_XGB,0.28306505,0.02161352,0.24709049,0.24427305,0.20395786
2002,9179,673.9,631.8606967490418,Statistical_Trend,0.31861913,0.026682565,0.3068333,0.3352485,0.012616571
2003,9179,597.1,655.8685240408346,Hybrid_XGB,0.5084321,0.024428919,0.16718657,0.28671175,0.0132406745
2004,9179,664.7,642.7820309448238,Statistical_Trend,0.13696025,0.025548209,0.19460541,0.62443674,0.018449435
2005,9179,619.2,647.1796651645667,Native_Ensemble,0.29923353,0.42270428,0.1641582,0.10378455,0.010119493
2006,9179,634.2,647.4118974058158,Hybrid_XGB,0.4312403,0.040910136,0.2365878,0.28469044,0.00657136
2007,9179,715.4,661.3247105771402,Robust_Linear,0.27348325,0.1625244,0.48733363,0.06911059,0.007548139
2008,9179,700.0,661.3512271602874,Statistical_Trend,0.11515377,0.22596459,0.059564717,0.59271044,0.0066065523
2009,9179,722.1,677.6320040277275,Statistical_Trend,0.22928444,0.090945,0.26065657,0.40994093,0.00917309
2010,9179,674.4,697.4895595820373,Hybrid_XGB,0.35157907,0.07520557,0.24187973,0.3185183,0.012817249
2011,9179,734.9,737.5317883187936,V31_Solar_Gated,0.07852543,0.1285594,0.20329393,0.044817906,0.5448033
2012,9179,594.3,720.2176636241237,Robust_Linear,0.24390475,0.28856468,0.38533634,0.07441719,0.0077770734
2013,9179,558.8,702.0341012992895,Statistical_Trend,0.2750631,0.042713225,0.26929933,0.4055921,0.0073322626
2014,9179,865.0,667.1477919329426,Robust_Linear,0.09464716,0.05057974,0.45747903,0.18792881,0.20936523
2015,9179,601.0,695.723031965543,Statistical_Trend,0.17868343,0.035048362,0.18309756,0.5974275,0.0057431357
2016,9179,688.0,709.8058087852453,Statistical_Trend,0.08847552,0.07737409,0.093281485,0.644618,0.096250884
2017,9179,884.2,704.479739523668,Hybrid_XGB,0.2883034,0.051612966,0.26301834,0.24189755,0.15516777
2000,9181,663.5,629.1809909996484,Statistical_Trend,0.06954941,0.009827489,0.18625003,0.7072877,0.027085379
2001,9181,594.5,635.9396020908471,Robust_Linear,0.18176763,0.016450267,0.5883931,0.20403592,0.009353119
2002,9181,659.3,632.211670524431,Robust_Linear,0.2480579,0.016034821,0.5219362,0.20597738,0.0079936655
2003,9181,648.0,665.3106308581722,V31_Solar_Gated,0.16867307,0.014658922,0.25802124,0.19800061,0.3606461
2004,9181,656.3,639.4450829688295,Statistical_Trend,0.20018356,0.021697171,0.18156917,0.5795586,0.01699146
2005,9181,637.3,643.1233719977737,Statistical_Trend,0.2763384,0.06185236,0.26511106,0.38781455,0.008883605
2006,9181,650.3,658.4972444145347,Statistical_Trend,0.30533487,0.08902323,0.16517474,0.433378,0.0070891916
2007,9181,741.5,667.328572619033,Robust_Linear,0.20525534,0.069350496,0.505893,0.21193951,0.007561672
2008,9181,647.2,658.3685064768313,Statistical_Trend,0.21584927,0.10123238,0.2576231,0.31840435,0.10689091
2009,9181,738.1,674.9190151555005,Statistical_Trend,0.201838,0.06418106,0.23093824,0.49358034,0.0094624255
2010,9181,698.2,699.9909105029745,Robust_Linear,0.21539368,0.18753888,0.5159341,0.07319259,0.007940714
2011,9181,813.3,756.492207810541,V31_Solar_Gated,0.060242213,0.08503182,0.08883657,0.03771975,0.7281697
2012,9181,782.1,743.7171833955449,Robust_Linear,0.24467988,0.08311534,0.5648163,0.098945394,0.00844309
2013,9181,575.4,758.6966885963283,Robust_Linear,0.18617219,0.09005764,0.634529,0.08125529,0.007985858
2014,9181,834.8,776.2971692635754,V31_Solar_Gated,0.052053,0.07918356,0.14645004,0.025811108,0.69650227
2015,9181,633.6,760.5673104548548,Robust_Linear,0.11077917,0.07329822,0.5380443,0.06411921,0.21375908
2016,9181,821.6,783.5902805537702,Robust_Linear,0.16294047,0.16994621,0.29567406,0.079375535,0.29206377
2017,9181,897.7,759.58198210689,V31_Solar_Gated,0.15901466,0.032766078,0.20690446,0.040493246,0.5608216
2018,9181,987.6,785.305710715349,Statistical_Trend,0.30491742,0.06946395,0.18085545,0.43566746,0.009095696
2019,9181,919.0,835.6677968931548,Robust_Linear,0.2446191,0.21892925,0.4243091,0.09957233,0.012570128
2020,9181,887.3,914.5509951973647,Statistical_Trend,0.21423493,0.27735123,0.09088353,0.40749234,0.010037909
2021,9181,776.8,886.8097299364928,Robust_Linear,0.25729904,0.14443973,0.4339621,0.1462846,0.018014498
2022,9181,873.5,863.5273750353236,Robust_Linear,0.093149565,0.037626434,0.7891662,0.07365596,0.006401815
2023,9181,801.3,882.1389306703245,Robust_Linear,0.14214812,0.07262843,0.5798154,0.19656868,0.0088394
2000,9183,703.1,646.7885951758237,Statistical_Trend,0.15914276,0.017481059,0.23906682,0.5740611,0.010248248
2001,9183,672.6,660.9876642418195,Hybrid_XGB,0.2953409,0.030253585,0.2570294,0.25141105,0.16596504
2002,9183,714.8,688.0482121598113,Statistical_Trend,0.15978764,0.03027674,0.28605902,0.51377296,0.010103617
2003,9183,687.0,718.739747049501,Statistical_Trend,0.12592039,0.03615221,0.24110925,0.5838601,0.012958097
2004,9183,686.0,700.8861791982522,Statistical_Trend,0.16331802,0.036919307,0.38431606,0.39905378,0.01639287
2005,9183,657.7,693.1997186661905,Hybrid_XGB,0.37453875,0.25311527,0.2250415,0.13631923,0.010985218
2006,9183,630.1,688.517792194842,Hybrid_XGB,0.5073632,0.053539857,0.34684485,0.08522266,0.0070294444
2007,9183,851.6,700.8710479761984,Robust_Linear,0.20053759,0.123999946,0.61003536,0.057924952,0.0075021028
2008,9183,707.0,743.5511646867391,Statistical_Trend,0.122846246,0.34004027,0.059818167,0.46927917,0.008016213
2009,9183,734.0,741.267656876497,Robust_Linear,0.23429449,0.24348606,0.44346458,0.07010676,0.008648132
2010,9183,709.5,739.6899622926267,Hybrid_XGB,0.41070408,0.31090495,0.17828767,0.08551106,0.014592292
2011,9183,867.8,770.0502293159986,V31_Solar_Gated,0.10571861,0.033279248,0.15382122,0.10990222,0.5972787
2012,9183,837.8,804.3663845423098,Hybrid_XGB,0.4279303,0.084336706,0.39618614,0.08234825,0.009198619
2013,9183,605.8,822.9829358273884,Robust_Linear,0.23809454,0.09154209,0.557818,0.1023573,0.010188109
2014,9183,957.5,789.3207731791539,Robust_Linear,0.31693482,0.05464771,0.4444494,0.17145097,0.012517072
2015,9183,630.7,813.9019256126895,Statistical_Trend,0.09108105,0.026932718,0.12265352,0.5468167,0.212516
2016,9183,786.9,830.1157375831849,Hybrid_XGB,0.41711754,0.22450392,0.06809692,0.07775304,0.21252857
2000,9184,653.0,635.5523906807821,Statistical_Trend,0.08669225,0.011930853,0.174071,0.6643593,0.06294662
2001,9184,587.1,637.192787670274,Statistical_Trend,0.15009555,0.017385304,0.17714772,0.49917006,0.15620138
2002,9184,649.1,619.6341138383616,Statistical_Trend,0.20459262,0.018345304,0.15066458,0.6187192,0.007678309
2003,9184,611.3,635.2442073501545,Statistical_Trend,0.34161943,0.021586943,0.16008832,0.46400756,0.012697818
2004,9184,672.3,620.0177573389203,Statistical_Trend,0.16668233,0.020918714,0.18073933,0.61850643,0.0131532485
2005,9184,616.2,639.3228086377317,Native_Ensemble,0.32859486,0.3527879,0.20718218,0.10205286,0.009382172
2006,9184,599.0,640.8178812214093,Hybrid_XGB,0.34259096,0.040621147,0.32459873,0.28563038,0.006558777
2007,9184,725.7,638.5873800946941,Robust_Linear,0.2018623,0.14101319,0.5599208,0.08972552,0.0074781766
2008,9184,669.2,659.9317602246346,Statistical_Trend,0.10256967,0.37169954,0.062298816,0.45616698,0.0072649596
2009,9184,636.3,660.2452724442578,Robust_Linear,0.1770948,0.07496119,0.52739495,0.21041355,0.01013545
2010,9184,591.5,668.4770557693746,Hybrid_XGB,0.41141635,0.037429027,0.18907723,0.1443957,0.21768169
2011,9184,653.1,659.5394987609264,V31_Solar_Gated,0.11786825,0.039533507,0.26546687,0.14148301,0.43564838
2012,9184,635.5,653.4145461868205,Robust_Linear,0.18837002,0.052702155,0.48893124,0.26315463,0.006841958
2013,9184,632.0,657.0410194490997,Robust_Linear,0.17542456,0.15681209,0.60094845,0.058856454,0.007958479
2014,9184,722.0,661.0632807370594,V31_Solar_Gated,0.104176365,0.03942136,0.25804657,0.2710961,0.32725957
2015,9184,570.2,671.7308497289772,Statistical_Trend,0.20431714,0.0597599,0.11764592,0.6113791,0.006898016
2016,9184,594.5,637.4514645066158,Hybrid_XGB,0.37732857,0.1248339,0.36155093,0.10926705,0.027019601
2000,9185,717.1,614.7852556302826,Robust_Linear,0.13898888,0.019307695,0.49477264,0.2992449,0.047685906
2001,9185,671.1,650.3881858414261,Robust_Linear,0.14184302,0.014971816,0.4687625,0.15101123,0.22341149
2002,9185,724.0,667.3537850064035,Statistical_Trend,0.27108467,0.026723117,0.32593355,0.36585048,0.010408231
2003,9185,578.5,677.5732036556113,Hybrid_XGB,0.59546757,0.028359322,0.1594708,0.20720485,0.009497471
2004,9185,655.3,668.868736535665,Statistical_Trend,0.320239,0.024928404,0.18599069,0.45904085,0.009801077
2005,9185,701.5,646.8576799249169,Robust_Linear,0.2720454,0.11551017,0.47771072,0.12385759,0.010876038
2006,9185,639.6,679.7080493402265,Statistical_Trend,0.20233493,0.03285527,0.18742645,0.57203734,0.0053460672
2007,9185,702.4,688.7751914731421,Robust_Linear,0.35634172,0.15895429,0.4132985,0.06381008,0.007595406
2008,9185,678.4,667.3318047939142,Statistical_Trend,0.13053474,0.24805968,0.09996095,0.46273223,0.058712475
2009,9185,726.5,687.7089454665411,Robust_Linear,0.3557028,0.10291034,0.433304,0.09861509,0.0094677815
2010,9185,757.4,682.271786604795,Statistical_Trend,0.31241328,0.05418289,0.1518975,0.47365424,0.007852118
2011,9185,818.5,773.2250988721922,V31_Solar_Gated,0.061011545,0.05285273,0.06487497,0.030515848,0.7907449
2012,9185,793.1,773.5557551710947,Robust_Linear,0.27968475,0.10657078,0.4950705,0.104902886,0.013771063
2013,9185,700.3,774.9186197179074,Robust_Linear,0.13367149,0.18469733,0.5964514,0.07687097,0.008308807
2014,9185,954.7,812.5421391283844,V31_Solar_Gated,0.061439063,0.061436202,0.31862885,0.04780865,0.51068723
2015,9185,638.4,803.6457721515056,Robust_Linear,0.18665247,0.2605289,0.4385871,0.09650363,0.01772789
2016,9185,811.5,809.3440414527619,Robust_Linear,0.0452109,0.09493864,0.79253095,0.040796813,0.026522687
2017,9185,894.5,788.3334125846776,Native_Ensemble,0.35677257,0.35912257,0.17206196,0.102641866,0.009401057
2018,9185,783.0,797.8538860087716,Statistical_Trend,0.34636408,0.0988813,0.16172002,0.38203087,0.011003798
2019,9185,878.5,826.8236554957678,Statistical_Trend,0.21533205,0.082925946,0.31814194,0.3737275,0.00987257
2020,9185,859.2,828.7001863042045,Statistical_Trend,0.1914173,0.19094184,0.054233562,0.55442214,0.008985112
2021,9185,810.5,843.1824817315241,Statistical_Trend,0.1467465,0.065235995,0.21425423,0.32481977,0.24894348
2022,9185,803.4,849.47281590641,Robust_Linear,0.1281929,0.1881473,0.34886342,0.0703388,0.2644576
2024,9185,844.4,854.850289236218,Statistical_Trend,0.26212254,0.18689363,0.091911055,0.4499436,0.009129155
2000,9186,760.4,652.6704937885321,Statistical_Trend,0.12555785,0.015209034,0.1497887,0.6138458,0.095598534
2001,9186,665.1,679.914072438979,Robust_Linear,0.09422752,0.013480514,0.6059091,0.06375323,0.22262964
2002,9186,804.3,705.7769930501402,Statistical_Trend,0.18421365,0.03766767,0.28389287,0.4832672,0.010958506
2003,9186,661.5,701.6278074773595,Hybrid_XGB,0.54778284,0.02946145,0.14669977,0.26606572,0.009990267
2004,9186,708.4,734.3010682006521,Robust_Linear,0.26438132,0.032499354,0.3713145,0.32056075,0.0112441685
2005,9186,718.8,714.0796566899143,Statistical_Trend,0.21988522,0.07167501,0.18988489,0.5094598,0.0090950765
2006,9186,674.9,725.2132517542396,Hybrid_XGB,0.3848213,0.28709978,0.23079884,0.088281244,0.008998885
2007,9186,818.1,733.0922788983033,Robust_Linear,0.27855098,0.111522295,0.5253366,0.078413285,0.0061768247
2008,9186,721.8,720.1232138291577,Native_Ensemble,0.121639855,0.42725727,0.056098368,0.327327,0.06767747
2009,9186,795.7,750.3650479918775,Robust_Linear,0.20049301,0.28861743,0.4099088,0.092229955,0.0087508205
2010,9186,690.9,736.0096841927832,Statistical_Trend,0.36437255,0.06779361,0.15471847,0.404532,0.008583381
2011,9186,869.8,812.519947585338,V31_Solar_Gated,0.055793248,0.021681959,0.06375536,0.07390217,0.7848673
2012,9186,798.2,792.126159058978,Hybrid_XGB,0.4554357,0.15097217,0.31890637,0.065529615,0.009156209
2013,9186,699.9,807.9162937939608,Robust_Linear,0.2696944,0.24957985,0.39996833,0.07208536,0.008672072
2014,9186,938.3,851.8217814752979,V31_Solar_Gated,0.068981156,0.040688146,0.15728179,0.025970623,0.7070782
2015,9186,714.6,792.4249898033112,Hybrid_XGB,0.51223886,0.05929564,0.32861203,0.087674454,0.0121789975
2016,9186,833.1,850.6182082545978,Robust_Linear,0.086013064,0.10692244,0.6602289,0.06508559,0.08175006
2017,9186,870.0,806.0781461419996,Robust_Linear,0.35167176,0.075023964,0.46267113,0.09968709,0.010946071
2018,9186,741.4,807.9079146287271,Hybrid_XGB,0.36536574,0.113158174,0.33329448,0.1764259,0.011755683
2019,9186,790.4,843.0831036675838,Hybrid_XGB,0.43287563,0.27697623,0.20864727,0.072960116,0.008540801
2021,9186,817.6,822.2456908714959,Robust_Linear,0.37068492,0.099949144,0.39429316,0.12473948,0.01033334
2022,9186,815.4,834.0990535733029,Robust_Linear,0.24301364,0.1815796,0.4503937,0.11457462,0.010438444
2010,9187,555.4,690.1697702198278,Robust_Linear,0.121219575,0.03994065,0.6728962,0.059789088,0.106154524
2011,9187,703.4,589.89477845684,Robust_Linear,0.14713927,0.04596304,0.55876046,0.13387871,0.11425851
2012,9187,708.3,650.7135653576667,Robust_Linear,0.28665325,0.14623433,0.4885418,0.068187006,0.01038356
2013,9187,596.2,678.8104322583238,Statistical_Trend,0.1997354,0.036193363,0.15680242,0.6019444,0.0053244317
2014,9187,765.2,669.0757395036431,Hybrid_XGB,0.42345354,0.03903951,0.3494203,0.17651759,0.011569042
2015,9187,611.8,697.2611917445174,Statistical_Trend,0.10590354,0.03424547,0.08149871,0.5638796,0.2144727
2000,9188,653.4,591.2508831835426,Robust_Linear,0.09943743,0.010082043,0.6398402,0.20526926,0.045371115
2001,9188,600.0,614.1948970413716,Robust_Linear,0.22526114,0.01750849,0.49082527,0.17694958,0.089455545
2002,9188,648.4,617.2467782451256,Robust_Linear,0.35372847,0.015512809,0.41381338,0.20854594,0.0083994
2003,9188,553.0,652.1313921712331,Hybrid_XGB,0.373202,0.014181085,0.16661137,0.1705707,0.2754348
2004,9188,660.7,611.6069121463117,Robust_Linear,0.24175137,0.018430255,0.5041219,0.21575479,0.01994165
2005,9188,663.2,630.1975714040751,Robust_Linear,0.267986,0.0662385,0.52729946,0.12899864,0.009477397
2006,9188,636.1,654.8511602650794,Hybrid_XGB,0.46170703,0.06755996,0.37978128,0.08270119,0.00825052
2007,9188,750.9,670.1766931167855,Robust_Linear,0.25120476,0.14572756,0.53498167,0.061051644,0.007034301
2008,9188,649.1,652.0949090460315,Robust_Linear,0.23157737,0.24494109,0.33852613,0.10208276,0.08287267
2009,9188,656.6,688.8680308876723,Robust_Linear,0.20442173,0.31137034,0.3710201,0.10385598,0.009331861
2010,9188,560.8,684.541172988178,Hybrid_XGB,0.5456917,0.040687367,0.124329075,0.14705187,0.14223999
2011,9188,690.7,678.9024833408353,V31_Solar_Gated,0.10623359,0.03923271,0.23309155,0.19870955,0.42273262
2012,9188,706.9,673.3850961994049,Robust_Linear,0.21447983,0.13600285,0.52027243,0.120773055,0.008471885
2013,9188,555.3,686.1214926153845,Statistical_Trend,0.17016187,0.042789485,0.36883602,0.41229048,0.0059221657
2014,9188,755.0,679.3685006749078,Robust_Linear,0.092147484,0.039988615,0.34501415,0.2847201,0.2381296
2015,9188,560.9,667.1315673009697,Statistical_Trend,0.11691456,0.029244782,0.24028476,0.6061355,0.007420459
2016,9188,630.0,661.4487386488569,Hybrid_XGB,0.38951382,0.35242075,0.15680392,0.08931983,0.011941725
2000,9189,628.6,549.0250116880102,Hybrid_XGB,0.4003233,0.021534573,0.25685778,0.31154776,0.009736534
2001,9189,662.0,576.1346372522258,Robust_Linear,0.21623576,0.019266378,0.48525876,0.14940606,0.12983312
2002,9189,696.2,614.5232576878279,Robust_Linear,0.23053472,0.02674123,0.40819103,0.3220459,0.012487149
2003,9189,565.9,681.8170863844845,Robust_Linear,0.1627187,0.03183613,0.3794944,0.16771257,0.2582383
2004,9189,669.7,621.0575706421577,Statistical_Trend,0.17273192,0.026848799,0.3370385,0.4401196,0.023261208
2005,9189,666.0,639.3869902407172,Robust_Linear,0.2804877,0.10087951,0.31121275,0.29402754,0.0133924605
2006,9189,639.9,652.9881661049217,Robust_Linear,0.29383516,0.08140307,0.35718402,0.25731403,0.010263655
2007,9189,725.5,670.04954450013,Robust_Linear,0.35714653,0.044212855,0.43237996,0.15761589,0.00864468
2008,9189,655.1,635.6075488213529,Robust_Linear,0.21141508,0.11122442,0.38648793,0.13959026,0.15128234
2009,9189,662.6,664.616929864251,Robust_Linear,0.17896257,0.05009162,0.6499083,0.1124755,0.008561992
2010,9189,502.8,675.4519968522749,Robust_Linear,0.2345133,0.30065185,0.39807647,0.056404676,0.010353736
2011,9189,795.2,636.793043934452,Robust_Linear,0.13822646,0.04733061,0.45003363,0.12903324,0.23537605
2012,9189,702.7,670.1985764173896,Statistical_Trend,0.30019933,0.04432114,0.27689368,0.372473,0.006112871
2013,9189,601.6,698.5496406528108,Robust_Linear,0.3029216,0.08631546,0.5205696,0.08183444,0.008358883
2014,9189,775.4,686.6331481522848,Hybrid_XGB,0.42752808,0.049254738,0.23818733,0.27363342,0.011396486
2015,9189,564.9,715.4507169463388,Robust_Linear,0.20491591,0.092353135,0.34068668,0.08914728,0.27289706
2016,9189,801.0,679.7323950576427,Robust_Linear,0.29794967,0.2307557,0.34473583,0.10676489,0.019793933
2000,9263,808.6,681.9119950452197,Statistical_Trend,0.13014501,0.019858971,0.13944304,0.6167251,0.09382793
2001,9263,681.8,716.8910932105418,Robust_Linear,0.042201392,0.007698591,0.91990155,0.026751012,0.0034474733
2002,9263,774.6,746.1433207944789,Statistical_Trend,0.20604135,0.038360193,0.28902498,0.4564604,0.010113105
2003,9263,633.2,742.1602816947503,Statistical_Trend,0.3106796,0.030588355,0.1325263,0.51573104,0.010474719
2004,9263,737.8,714.89759019743,Statistical_Trend,0.22899167,0.028948342,0.19602746,0.5372494,0.008783099
2005,9263,739.4,699.2072702710816,Robust_Linear,0.30338323,0.10637673,0.4428731,0.13764891,0.009717996
2006,9263,736.9,724.2234232745726,Hybrid_XGB,0.4547061,0.07643288,0.29677457,0.16282475,0.009261591
2007,9263,817.4,768.7102788443956,V31_Solar_Gated,0.14407656,0.021176554,0.13746111,0.13750422,0.55978155
2008,9263,791.3,770.6158529664618,Statistical_Trend,0.27113634,0.14726715,0.09095761,0.48364836,0.0069904807
2009,9263,840.2,775.825077904811,Statistical_Trend,0.24613634,0.07171066,0.27563447,0.39711958,0.009398932
2010,9263,775.1,792.8103393475745,Robust_Linear,0.2567508,0.21257733,0.4010951,0.11635133,0.013225395
2011,9263,914.2,865.8866826439034,V31_Solar_Gated,0.038262054,0.02178191,0.10388521,0.07695919,0.75911164
2012,9263,888.7,851.3207206851113,Robust_Linear,0.2617545,0.09451182,0.5331328,0.100266926,0.010333946
2013,9263,707.9,862.3929808093585,Robust_Linear,0.12432108,0.05155346,0.72651106,0.088800564,0.008813839
2014,9263,999.8,887.4251878480508,V31_Solar_Gated,0.0893154,0.061303396,0.16117509,0.030678688,0.6575275
2015,9263,775.0,896.0013595313105,Robust_Linear,0.14223886,0.053047378,0.40882164,0.05858261,0.33730954
2016,9263,875.9,888.4004178267767,Robust_Linear,0.14442348,0.13963854,0.39687347,0.16168499,0.15737951
2000,9271,782.5,679.0125093444941,Statistical_Trend,0.120856695,0.012546049,0.11408481,0.68537664,0.067135856
2001,9271,672.7,713.9327491011479,Robust_Linear,0.08018118,0.014033905,0.8298313,0.07056774,0.005385914
2002,9271,758.9,723.7929479153701,Statistical_Trend,0.21087009,0.038409885,0.1896954,0.5516947,0.00932994
2003,9271,656.1,724.1472362257878,Statistical_Trend,0.34797648,0.028375499,0.10298641,0.51049703,0.0101645095
2004,9271,751.6,710.2495559274067,Statistical_Trend,0.22563899,0.044036593,0.19324678,0.5281945,0.0088832155
2005,9271,720.9,719.8545716406624,Statistical_Trend,0.3056119,0.048777707,0.20318389,0.4336838,0.008742621
2006,9271,716.2,723.0840126123827,Hybrid_XGB,0.42066425,0.24761164,0.2208099,0.102188244,0.008725949
2007,9271,811.1,729.4179719498314,Robust_Linear,0.29925796,0.07400605,0.5133194,0.09834638,0.015070218
2008,9271,756.6,743.9246778706422,Statistical_Trend,0.18365045,0.34641847,0.083014086,0.37468037,0.012236613
2009,9271,846.7,755.8264569233579,Robust_Linear,0.17797652,0.3314803,0.3611015,0.10717716,0.022264618
2010,9271,797.6,790.410251939899,Robust_Linear,0.23564719,0.27385104,0.36484766,0.11440132,0.011252825
2011,9271,889.4,807.8044070832304,Robust_Linear,0.26573297,0.06768691,0.47772515,0.17550923,0.013345754
2012,9271,854.8,833.957880708635,Robust_Linear,0.16921443,0.057888135,0.67314273,0.08940002,0.010354663
2013,9271,728.0,846.1673582085652,Robust_Linear,0.12249904,0.15669078,0.6410957,0.07172177,0.007992699
2014,9271,956.1,841.3734745114614,Robust_Linear,0.3116596,0.08466668,0.5058677,0.08805883,0.009747185
2015,9271,786.0,870.7970942586462,Robust_Linear,0.16391602,0.21948375,0.5239367,0.07193811,0.020725487
2016,9271,850.2,918.8777233089284,V31_Solar_Gated,0.052042697,0.08342042,0.24645868,0.051834647,0.5662436
2017,9271,940.2,850.7458814224412,Native_Ensemble,0.32086524,0.3485367,0.2272719,0.088952646,0.014373585
2018,9271,873.7,853.1834982798304,Hybrid_XGB,0.3218098,0.28251138,0.24676473,0.1361479,0.012766086
2019,9271,933.5,881.2592546160431,Robust_Linear,0.20175809,0.29182777,0.37740442,0.11759177,0.011418065
2020,9271,942.4,899.6883916307345,Statistical_Trend,0.2235676,0.17399782,0.07533506,0.5190031,0.008096353
2021,9271,996.7,926.5210842551973,Robust_Linear,0.19748145,0.060940433,0.5065197,0.22618729,0.008871204
2022,9271,920.6,929.5277565458217,Robust_Linear,0.23287536,0.27230325,0.35503513,0.12936601,0.010420235
2023,9271,911.3,959.7089025309729,Statistical_Trend,0.17986335,0.077416375,0.352933,0.38137555,0.008411781
2024,9271,946.3,950.1129494792771,Native_Ensemble,0.25294098,0.31554887,0.29001445,0.12848511,0.013010627
2000,9273,704.7,628.516987224068,Robust_Linear,0.12484419,0.016079554,0.6799706,0.1404807,0.03862497
2001,9273,651.2,655.3632837307189,Robust_Linear,0.14807874,0.020673528,0.3767284,0.2970814,0.157438
2002,9273,740.2,642.586128705783,Hybrid_XGB,0.40699285,0.03037942,0.16031599,0.39210004,0.010211697
2003,9273,602.8,647.1872315379012,Hybrid_XGB,0.72598606,0.01724474,0.15646182,0.09250535,0.007801964
2004,9273,687.2,690.7076076983362,Robust_Linear,0.29382452,0.02315808,0.49164972,0.18194929,0.009418368
2005,9273,695.8,661.1486373044984,Hybrid_XGB,0.365124,0.1194768,0.35164937,0.15175942,0.011990455
2006,9273,685.5,693.9421354302425,Hybrid_XGB,0.42034882,0.07094344,0.41389558,0.08577115,0.009041074
2007,9273,775.1,713.3589188992453,Robust_Linear,0.3211605,0.1637873,0.4519712,0.056063782,0.0070171934
2008,9273,751.2,697.6386092099417,Native_Ensemble,0.19423509,0.40253174,0.07499337,0.1920683,0.1361715
2009,9273,818.6,745.2122912262206,Statistical_Trend,0.18910123,0.07882459,0.2805802,0.44273126,0.008762709
2010,9273,758.7,758.1775867964394,Robust_Linear,0.29263267,0.20767312,0.35870847,0.12728375,0.013701966
2011,9273,903.1,855.7344819435104,V31_Solar_Gated,0.026736826,0.026822232,0.08055599,0.054691244,0.81119376
2012,9273,886.1,825.1832184322924,Robust_Linear,0.2471172,0.06940473,0.5840054,0.09069824,0.008774413
2013,9273,714.2,833.9020016679966,Robust_Linear,0.0817601,0.029819,0.8123536,0.0704442,0.0056231357
2014,9273,929.8,925.9633632136915,V31_Solar_Gated,0.024388164,0.022775816,0.16316432,0.03848909,0.7511826
2015,9273,701.6,853.8171305413728,Robust_Linear,0.1565416,0.29047865,0.4657961,0.074858874,0.012324695
2016,9273,839.7,880.206286952408,Robust_Linear,0.061863966,0.058846083,0.6245257,0.052219186,0.20254508
2017,9273,968.5,831.4254691098787,Robust_Linear,0.389377,0.065653175,0.42634135,0.11000414,0.008624263
2018,9273,820.4,837.3677874493487,Hybrid_XGB,0.3399483,0.2477798,0.2705811,0.13034636,0.011344382
2019,9273,942.5,875.8417699277366,Statistical_Trend,0.24819191,0.06183813,0.22174452,0.45910126,0.009124204
2020,9273,960.3,871.8770107788753,Statistical_Trend,0.18743658,0.22057825,0.065360844,0.5157647,0.010859593
2021,9273,962.5,904.3960100406347,Statistical_Trend,0.18081489,0.078139514,0.20151418,0.34242702,0.19710441
2022,9273,902.0,945.5132260423762,Robust_Linear,0.16423921,0.06345706,0.46724546,0.2972311,0.007827138
2023,9273,802.2,946.8162903700189,Statistical_Trend,0.21101177,0.08908058,0.3279902,0.36236268,0.009554754
2024,9273,1039.0,932.3948859442239,Native_Ensemble,0.32377902,0.32530692,0.11480375,0.224863,0.011247273
2000,9274,666.1,619.1962052578385,Statistical_Trend,0.19859715,0.014907294,0.098836325,0.6809944,0.006664828
2001,9274,627.5,648.1350667329319,Robust_Linear,0.2388439,0.012907191,0.651422,0.08935169,0.0074751168
2002,9274,692.9,646.4589406996087,Statistical_Trend,0.290434,0.027935918,0.1478907,0.52333593,0.01040342
2003,9274,581.2,628.7280774870557,Hybrid_XGB,0.6672631,0.014875885,0.20112482,0.106461436,0.010274757
2004,9274,673.0,645.6540181864259,Statistical_Trend,0.23112907,0.023653107,0.19447571,0.541091,0.009651157
2005,9274,699.5,637.1340526198884,Robust_Linear,0.30581608,0.10482304,0.4131311,0.16507737,0.0111524435
2006,9274,643.3,675.6124294153317,Hybrid_XGB,0.41912162,0.04157018,0.20897803,0.32340184,0.0069283335
2007,9274,735.8,706.5211880564759,V31_Solar_Gated,0.1738659,0.021051383,0.098212756,0.28721097,0.419659
2008,9274,697.5,689.4101333201121,Native_Ensemble,0.27595595,0.38198265,0.07508132,0.25814235,0.008837729
2009,9274,757.7,692.4722892818951,Statistical_Trend,0.21035966,0.0728064,0.27476498,0.43320358,0.008865337
2010,9274,722.2,705.9755465069484,Native_Ensemble,0.28128147,0.3413791,0.24428158,0.1208448,0.0122130755
2011,9274,805.6,794.5320243367632,V31_Solar_Gated,0.02820437,0.01758927,0.071177185,0.06517459,0.8178545
2012,9274,801.4,773.7579928184967,Robust_Linear,0.3144609,0.09595047,0.47572234,0.10295995,0.01090639
2013,9274,678.2,789.1866151591739,Robust_Linear,0.19669294,0.1016984,0.56898546,0.12124379,0.01137942
2014,9274,907.3,819.1265451110937,V31_Solar_Gated,0.1187636,0.0379216,0.29867336,0.045800015,0.49884146
2015,9274,722.4,799.0139732252762,Robust_Linear,0.31710228,0.099911645,0.49259087,0.07698176,0.01341349
2016,9274,804.0,831.7397539887011,Robust_Linear,0.06130751,0.06512145,0.6578525,0.049085125,0.16663347
2017,9274,901.9,799.0032349714485,Statistical_Trend,0.29989606,0.0634572,0.17032994,0.4573,0.009016785
2018,9274,922.3,767.9183626037136,V31_Solar_Gated,0.23750871,0.05861666,0.24310087,0.14521232,0.31556147
2019,9274,838.9,849.7110173448434,Robust_Linear,0.21464105,0.2187212,0.4404727,0.11259965,0.01356543
2020,9274,936.1,892.2448423378023,Statistical_Trend,0.22401834,0.19870739,0.06874308,0.4997465,0.0087846955
2021,9274,1019.5,891.6880561665122,Robust_Linear,0.15059127,0.07126907,0.4487328,0.32129452,0.008112362
2022,9274,911.7,912.098168443196,Robust_Linear,0.1086208,0.13141137,0.68761444,0.065677136,0.006676184
2023,9274,811.5,947.4413071496865,Robust_Linear,0.14667498,0.09208813,0.50723124,0.2445331,0.00947259
2024,9274,1003.1,969.7277803055383,Hybrid_XGB,0.3344293,0.32212585,0.13549039,0.19991723,0.008037207
2000,9275,657.1,655.4999903915946,Statistical_Trend,0.11771503,0.013202246,0.12334988,0.6720806,0.07365227
2001,9275,634.7,661.9158329499528,Statistical_Trend,0.20907557,0.017644024,0.16108632,0.5110577,0.101136364
2002,9275,685.5,664.5983664193373,Robust_Linear,0.29777062,0.018057821,0.55133003,0.12371868,0.009122827
2003,9275,633.6,645.1667096868704,Hybrid_XGB,0.37306076,0.021566667,0.32669887,0.26306647,0.015607241
2004,9275,686.6,663.0060370894839,Statistical_Trend,0.2982755,0.022169363,0.25379658,0.41772598,0.008032505
2005,9275,637.7,669.797057467007,Hybrid_XGB,0.39313984,0.07333576,0.15182932,0.3747051,0.0069899224
2006,9275,634.8,678.1498370909705,Robust_Linear,0.33432138,0.15391545,0.43411127,0.06964712,0.008004801
2007,9275,720.7,664.7864884189744,Robust_Linear,0.2269507,0.090261355,0.554095,0.10301985,0.02567303
2008,9275,729.0,663.9537225958222,Native_Ensemble,0.13172977,0.6166075,0.06115024,0.18256547,0.007946959
2009,9275,764.2,696.6368906921481,Native_Ensemble,0.1893645,0.45170167,0.23601937,0.103686996,0.019227447
2010,9275,753.5,716.3384094177269,Statistical_Trend,0.2512583,0.088882096,0.29577813,0.35382238,0.010259071
2011,9275,836.9,749.9226198448627,Robust_Linear,0.29127643,0.091432236,0.5014212,0.10272942,0.013140715
2012,9275,772.4,777.3948196140882,Robust_Linear,0.16092013,0.06179262,0.5691262,0.19967523,0.008485829
2013,9275,723.6,787.4377387666657,Robust_Linear,0.17814392,0.2075636,0.5033399,0.10144551,0.009507046
2014,9275,914.3,775.6725322318727,Native_Ensemble,0.32138923,0.36809996,0.19677363,0.10249137,0.011245797
2015,9275,681.2,835.0026464146216,Robust_Linear,0.09707092,0.07095982,0.5085376,0.08883145,0.23460016
2016,9275,820.5,847.6493988097106,V31_Solar_Gated,0.08819383,0.09999419,0.19197851,0.19844748,0.42138597
2003,9276,546.2,594.0740781809885,Hybrid_XGB,0.44913328,0.023104008,0.29524428,0.2099215,0.022596883
2004,9276,651.4,567.7935839778767,Robust_Linear,0.24402845,0.01770687,0.4423829,0.28725836,0.008623376
2005,9276,615.9,611.1337757907587,Robust_Linear,0.2482538,0.047591846,0.41951442,0.2779415,0.006698472
2006,9276,598.9,636.2041314117791,Robust_Linear,0.28452194,0.07055413,0.5647964,0.07342374,0.0067038825
2000,9277,665.2,614.3758556038488,Robust_Linear,0.27145708,0.0152659975,0.464666,0.24020068,0.008410215
2001,9277,597.2,636.0299105585178,Robust_Linear,0.1934355,0.016675401,0.5204997,0.14372014,0.12566927
2002,9277,610.3,639.2540936713607,Hybrid_XGB,0.42929214,0.019570086,0.4218798,0.1197537,0.009504361
2003,9277,503.3,638.1556939969652,Hybrid_XGB,0.46812734,0.017694963,0.37824303,0.11757365,0.018360987
2004,9277,648.1,596.6787041935747,Robust_Linear,0.19366519,0.015339634,0.67078424,0.10308661,0.017124332
2005,9277,702.9,615.6769187412509,Robust_Linear,0.18012966,0.046080302,0.68736386,0.07783607,0.008590106
2006,9277,627.5,649.7915836960213,Hybrid_XGB,0.43720743,0.044202086,0.24650413,0.26491308,0.0071732607
2007,9277,680.2,664.172878372245,Statistical_Trend,0.3155153,0.050117426,0.29527268,0.33205697,0.0070376284
2008,9277,647.3,634.7647924243249,Statistical_Trend,0.2381305,0.07748543,0.2768379,0.29190767,0.11563853
2009,9277,669.8,666.6304328625706,Robust_Linear,0.3059407,0.11444701,0.46614534,0.10386555,0.0096014375
2010,9277,692.1,670.1603054114495,Statistical_Trend,0.35418367,0.043645192,0.19699287,0.3938475,0.011330819
2011,9277,695.5,688.3933277270087,Robust_Linear,0.364237,0.11216661,0.4177,0.09020906,0.015687276
2012,9277,728.5,708.8288234148483,Hybrid_XGB,0.4093532,0.08936554,0.40610853,0.08615928,0.009013445
2013,9277,592.9,713.6058216818683,Hybrid_XGB,0.3136459,0.30175397,0.27652684,0.09967326,0.00840011
2014,9277,727.2,700.5725172049968,Hybrid_XGB,0.43325585,0.059859294,0.2943027,0.20060676,0.011975304
2015,9277,592.9,702.3619027398846,Statistical_Trend,0.12407833,0.022940153,0.12698218,0.71742344,0.008575886
2016,9277,616.4,694.1584292310664,Statistical_Trend,0.10709517,0.07547541,0.19093747,0.46630818,0.1601837
2017,9277,804.6,675.015438983911,Robust_Linear,0.21047652,0.060990874,0.64968115,0.060010333,0.018841134
2018,9277,725.4,678.5306827141147,Robust_Linear,0.33725655,0.034185782,0.42003924,0.19324711,0.015271353
2019,9277,663.0,715.4222959450748,Hybrid_XGB,0.4543196,0.07857054,0.3710911,0.08308538,0.012933397
2020,9277,746.1,690.6122833827775,Hybrid_XGB,0.34986848,0.18317868,0.30359718,0.15082258,0.012533128
2021,9277,836.1,705.8405764962909,Robust_Linear,0.2702736,0.092929944,0.3837902,0.13130288,0.12170341
2000,9278,776.9,662.6123299344007,Statistical_Trend,0.13386695,0.013718115,0.103486024,0.69520307,0.053725827
2001,9278,661.0,712.7384754601518,Robust_Linear,0.08640996,0.025770122,0.8056115,0.07661045,0.005597964
2002,9278,749.3,712.4876038969459,Statistical_Trend,0.29001036,0.03866653,0.17724615,0.48384637,0.010230677
2003,9278,585.8,690.9337479946951,Hybrid_XGB,0.5609798,0.030457744,0.22198802,0.17440842,0.012166032
2004,9278,731.2,676.5839349483008,Statistical_Trend,0.25113946,0.02544379,0.16421813,0.54995286,0.009245707
2005,9278,702.7,680.7383213048404,Robust_Linear,0.27215737,0.10760303,0.4929094,0.117432654,0.0098975925
2006,9278,700.8,699.3327204999041,Robust_Linear,0.36552697,0.08359021,0.43206698,0.11010507,0.008710785
2007,9278,800.9,734.4767345150516,V31_Solar_Gated,0.14584805,0.023840912,0.1561919,0.09619623,0.5779229
2008,9278,782.7,736.6703478011223,Statistical_Trend,0.22371301,0.12599565,0.05433207,0.58930236,0.006656882
2009,9278,825.0,745.6601566736126,Statistical_Trend,0.26968902,0.09456395,0.2884233,0.33589825,0.011425474
2010,9278,777.8,769.0930303811942,Robust_Linear,0.24306814,0.20371512,0.43144965,0.10990073,0.011866523
2011,9278,902.4,856.4839955300652,V31_Solar_Gated,0.05085026,0.044610072,0.09521265,0.08468834,0.7246387
2012,9278,878.4,843.075695412927,Robust_Linear,0.18771055,0.1853363,0.52577746,0.08989152,0.011284171
2013,9278,686.6,848.6983772383519,Robust_Linear,0.10864972,0.060767215,0.73607826,0.086657986,0.007846826
2014,9278,982.9,879.0897644631832,V31_Solar_Gated,0.09087951,0.033747155,0.22463654,0.03737609,0.6133607
2015,9278,832.4,865.5993286243317,Robust_Linear,0.24970329,0.093707144,0.55713683,0.08323395,0.01621877
2016,9278,898.7,905.0361270668527,Robust_Linear,0.20048977,0.1055705,0.42677182,0.053367436,0.21380039
2017,9278,977.6,878.6363905829995,Statistical_Trend,0.21540529,0.07501584,0.30828077,0.39201826,0.009279933
2018,9278,827.7,845.7246997532334,Hybrid_XGB,0.33061373,0.116295196,0.19634646,0.07676477,0.27997985
2019,9278,963.3,915.516202526766,Statistical_Trend,0.18257712,0.08394345,0.36142555,0.3623797,0.009674184
2020,9278,978.0,914.8498904769931,Statistical_Trend,0.1319279,0.18736461,0.05781101,0.6147009,0.008195566
2021,9278,967.1,949.4159152948627,Statistical_Trend,0.16611136,0.076284416,0.28918296,0.4600977,0.008323486
2022,9278,874.6,962.6427416934317,Robust_Linear,0.1693075,0.21494718,0.51720077,0.09022739,0.008317157
2023,9278,899.3,964.1233728824121,Statistical_Trend,0.2032001,0.09271813,0.31150025,0.38277283,0.009808716
2024,9278,1012.9,946.0687469891603,Native_Ensemble,0.3223248,0.37816277,0.11640135,0.17351054,0.009600544
2000,9279,735.4,658.3282459333387,Statistical_Trend,0.1132207,0.013159624,0.115261674,0.6996014,0.058756616
2001,9279,629.7,688.3789272344414,Robust_Linear,0.10137114,0.030591168,0.78955764,0.07203571,0.006444317
2002,9279,751.0,680.6394913305862,Statistical_Trend,0.23068449,0.022929251,0.17854287,0.5582067,0.009636726
2003,9279,574.1,675.2043014591961,Hybrid_XGB,0.48197195,0.03285259,0.26628613,0.20471911,0.014170172
2004,9279,738.7,671.8186335217266,Statistical_Trend,0.22747727,0.02184717,0.18877998,0.5525906,0.009304943
2005,9279,694.4,671.1935949259039,Robust_Linear,0.24934928,0.11001128,0.50850314,0.12163868,0.010497619
2006,9279,675.5,693.0263055992677,Hybrid_XGB,0.465426,0.28198284,0.13078724,0.11435608,0.0074478406
2007,9279,768.8,728.6747244709754,V31_Solar_Gated,0.16125326,0.022124693,0.14959185,0.09957485,0.56745535
2008,9279,711.2,712.8877617095582,Statistical_Trend,0.22688918,0.2111209,0.056043006,0.499258,0.0066889133
2009,9279,788.9,718.2822910608519,Statistical_Trend,0.23566017,0.072920084,0.1812846,0.5004099,0.00972524
2010,9279,741.3,731.7734053598952,Native_Ensemble,0.29925287,0.3347575,0.24078974,0.11253766,0.012662245
2011,9279,852.6,755.222682308439,Robust_Linear,0.16970208,0.34720108,0.3511263,0.10809698,0.023873499
2012,9279,857.7,801.6514570377511,Robust_Linear,0.32477856,0.09640476,0.47047386,0.093016535,0.01532635
2013,9279,545.1,811.5544349159667,Robust_Linear,0.15068416,0.05806585,0.6929284,0.089380816,0.008940823
2014,9279,934.4,828.6511056813833,V31_Solar_Gated,0.08899041,0.057090607,0.231359,0.03131858,0.59124136
2015,9279,729.0,778.4719940887418,Statistical_Trend,0.19429664,0.06527049,0.28133228,0.4438414,0.01525918
2016,9279,833.0,831.2548151247361,Robust_Linear,0.13263066,0.26701418,0.44517118,0.06502082,0.09016317
2017,9279,925.0,788.0493886843993,Hybrid_XGB,0.40050548,0.07837057,0.37487566,0.13586167,0.010386602
2018,9279,794.6,809.8436610956209,Hybrid_XGB,0.42447916,0.09282764,0.3084743,0.16192585,0.012292993
2019,9279,844.8,843.4902566596908,Robust_Linear,0.20053925,0.20578405,0.46473867,0.11533388,0.013604239
2020,9279,907.3,840.3738337515451,Native_Ensemble,0.18528569,0.4003266,0.07227835,0.33119354,0.010915822
2021,9279,920.8,862.9340349978811,Statistical_Trend,0.2357385,0.06317186,0.17964219,0.51319957,0.008247894
2022,9279,905.2,889.7279284056225,Robust_Linear,0.1774119,0.30025402,0.41982347,0.09392633,0.008584214
2023,9279,877.6,902.8854448780769,Robust_Linear,0.176726,0.08781453,0.37734002,0.34821007,0.009909408
2024,9279,971.3,923.5490936268773,Statistical_Trend,0.24301215,0.18075229,0.092752814,0.47421047,0.009272184
2000,9371,643.0,618.8652047636208,Statistical_Trend,0.09023609,0.0082841385,0.07910077,0.7922199,0.03015908
2001,9371,531.2,655.9838291113504,Statistical_Trend,0.16036493,0.017987758,0.23698448,0.57521975,0.009443153
2002,9371,605.7,604.8497665335344,Robust_Linear,0.31828043,0.018555544,0.5088123,0.14245108,0.011900669
2003,9371,498.0,596.8282644731684,Hybrid_XGB,0.42581344,0.019474618,0.42252398,0.117428035,0.014759872
2004,9371,513.2,590.7805322097033,Robust_Linear,0.2536638,0.017733462,0.64242,0.077247865,0.0089348685
2005,9371,585.6,575.2197688597314,Robust_Linear,0.12750378,0.13758019,0.6661572,0.06082828,0.007930602
2006,9371,486.5,561.8355000214863,Robust_Linear,0.21264005,0.118891366,0.41733006,0.2413124,0.009826144
2007,9371,626.2,569.1104549044309,Robust_Linear,0.27005854,0.13453062,0.5078121,0.07626252,0.011336282
2008,9371,463.0,512.1803486878077,Statistical_Trend,0.16194506,0.15511008,0.06721877,0.6082981,0.007427968
2009,9371,512.2,555.5135017588328,Robust_Linear,0.17719097,0.16914494,0.5752627,0.068694964,0.009706387
2010,9371,502.5,535.6594156885008,Robust_Linear,0.23630905,0.11534036,0.56787694,0.07183313,0.008640565
2011,9371,539.3,527.8582130039376,V31_Solar_Gated,0.11692157,0.04624784,0.29667458,0.04637504,0.49378097
2012,9371,532.7,523.6094063816624,Robust_Linear,0.375416,0.17597727,0.37903947,0.05918038,0.01038688
2013,9371,418.4,542.7463117619981,Robust_Linear,0.24471784,0.19424994,0.48216698,0.06890194,0.009963323
2014,9371,489.7,519.6718300894204,V31_Solar_Gated,0.18994354,0.0890059,0.27286512,0.1101675,0.33801797
2015,9371,550.7,514.978500413176,Robust_Linear,0.10794029,0.19329722,0.61083204,0.06974045,0.018189987
2016,9371,801.0,511.7816229203388,Robust_Linear,0.12916848,0.04573126,0.30204135,0.23753169,0.28552726
2000,9372,622.0,614.540093678497,Robust_Linear,0.14269738,0.013512879,0.41716483,0.36952677,0.057098243
2001,9372,551.8,644.6775918109862,Statistical_Trend,0.12506767,0.01143887,0.14647868,0.7101324,0.006882409
2002,9372,587.0,620.3412413750433,Robust_Linear,0.22267088,0.013408508,0.6179934,0.13762069,0.00830651
2003,9372,528.4,635.6059020783937,Robust_Linear,0.22005534,0.01774627,0.44353947,0.30439192,0.014266982
2004,9372,554.5,597.7186784008052,Robust_Linear,0.19888255,0.015990997,0.5637967,0.21342282,0.007906882
2005,9372,606.7,600.3049893337857,Robust_Linear,0.1499563,0.094079874,0.6937971,0.054605775,0.007560911
2006,9372,655.4,608.0650125613348,Robust_Linear,0.21416089,0.08245128,0.62464917,0.07051481,0.008223855
2007,9372,688.9,641.7015890150946,V31_Solar_Gated,0.22010952,0.039016943,0.2671802,0.1726959,0.30099747
2008,9372,510.7,637.7094764269892,Native_Ensemble,0.29617822,0.41397443,0.07998482,0.19964728,0.010215221
2009,9372,509.2,606.5939145334571,Robust_Linear,0.37174764,0.046929963,0.50132656,0.07299247,0.007003293
2010,9372,535.0,584.3973740850054,Robust_Linear,0.31783,0.09818824,0.5282198,0.048142526,0.0076193963
2011,9372,518.5,581.7933325192523,Robust_Linear,0.19457826,0.089435846,0.43450505,0.055681515,0.22579934
2012,9372,540.9,577.1079543083711,Robust_Linear,0.20325603,0.11188511,0.4499264,0.2263691,0.0085633695
2013,9372,555.4,571.9346062251936,Robust_Linear,0.20118451,0.1314241,0.47551212,0.18284532,0.009034005
2014,9372,867.9,575.4449562851382,Robust_Linear,0.18986158,0.11884604,0.43804502,0.13146894,0.12177841
2015,9372,560.9,674.026878093795,Robust_Linear,0.12465946,0.08804209,0.67033523,0.098789655,0.01817351
2000,9373,541.1,578.1867093234777,Statistical_Trend,0.17269704,0.014520551,0.11102967,0.6949703,0.0067824298
2001,9373,520.5,576.5487339808697,Statistical_Trend,0.13502091,0.01615377,0.35694388,0.43213367,0.059747774
2002,9373,543.2,565.0335998375133,Robust_Linear,0.18830043,0.017504519,0.6057347,0.17967658,0.008783718
2003,9373,395.3,570.1543788470836,Robust_Linear,0.36570597,0.015176761,0.53859395,0.06732973,0.013193553
2004,9373,519.0,516.3654097314288,Robust_Linear,0.27570945,0.017179145,0.5148895,0.17872965,0.013492267
2005,9373,613.9,512.4763093330605,Robust_Linear,0.097030826,0.13155395,0.68709373,0.07308624,0.01123527
2006,9373,630.0,539.5943461788676,Hybrid_XGB,0.36083364,0.0921354,0.29816553,0.23883566,0.010029813
2007,9373,631.6,591.1355890986699,Hybrid_XGB,0.42729238,0.04012217,0.36782187,0.15652509,0.008238472
2008,9373,462.6,563.7636526641086,V31_Solar_Gated,0.12420271,0.19279987,0.17003855,0.18104705,0.33191183
2009,9373,501.5,557.9653775489637,Robust_Linear,0.26296002,0.039156277,0.4367845,0.2527679,0.008331338
2010,9373,514.3,539.9630030316889,Robust_Linear,0.28382942,0.05716784,0.41153154,0.2396084,0.007862798
2011,9373,574.9,548.4492019425751,V31_Solar_Gated,0.08086215,0.05701399,0.1409273,0.07917865,0.64201784
2012,9373,546.1,558.2686643586235,Hybrid_XGB,0.37166747,0.07528924,0.28642592,0.25222737,0.014389977
2013,9373,581.4,556.8412029835476,Hybrid_XGB,0.36983785,0.17054506,0.36594984,0.08439792,0.0092692515
2014,9373,864.0,592.1998946115584,V31_Solar_Gated,0.10652028,0.057161033,0.1356417,0.037658073,0.6630189
2015,9373,581.3,632.6040761266443,Robust_Linear,0.1085819,0.068611704,0.7211667,0.08796056,0.013679189
2016,9373,801.0,649.9896125051226,Robust_Linear,0.13657331,0.3141589,0.46084675,0.06740914,0.021011991
2000,9374,632.7,619.5484173548159,Statistical_Trend,0.1513496,0.014234609,0.11809997,0.70944846,0.00686734
2001,9374,576.5,630.0890397772638,Statistical_Trend,0.2833801,0.022946367,0.1892581,0.49235016,0.012065253
2002,9374,602.1,611.3390234339741,Robust_Linear,0.27839607,0.019798664,0.5300924,0.16145289,0.010259986
2016,9374,801.0,670.8118208254436,Robust_Linear,0.22657539,0.13832839,0.56037045,0.058451526,0.016274273
2000,9375,740.7,664.4452087704942,Statistical_Trend,0.13979977,0.015825022,0.12669039,0.6627768,0.054907996
2001,9375,697.4,696.4710178886111,Robust_Linear,0.1338995,0.038374837,0.71235234,0.10807704,0.0072962055
2002,9375,721.0,711.643323481661,Statistical_Trend,0.2397433,0.04458173,0.31593156,0.38915622,0.010587221
2003,9375,606.5,688.7023045008783,Hybrid_XGB,0.57883596,0.034366366,0.20310752,0.16980214,0.013888009
2004,9375,713.3,664.1908584075404,Robust_Linear,0.31583717,0.034405638,0.3970034,0.2407521,0.012001742
2005,9375,668.5,671.3533765295228,Robust_Linear,0.29427934,0.088999644,0.43674612,0.16940911,0.010565845
2006,9375,697.2,690.6191103001382,Robust_Linear,0.36000133,0.06263416,0.49527627,0.07460386,0.0074842987
2007,9375,794.9,718.7566873160604,V31_Solar_Gated,0.13884997,0.029115323,0.17270274,0.10821099,0.55112094
2008,9375,722.8,730.8832609663843,Statistical_Trend,0.3214649,0.112273164,0.09273592,0.46642032,0.0071056667
2009,9375,803.0,719.0875904165232,Statistical_Trend,0.24936707,0.07023316,0.23650578,0.43546465,0.008429365
2010,9375,758.3,745.1980966777153,Robust_Linear,0.2510111,0.29209915,0.34597147,0.10008782,0.010830535
2011,9375,884.3,823.0170286006089,V31_Solar_Gated,0.045908168,0.04503654,0.14788665,0.027970511,0.73319817
2012,9375,856.2,828.8018739589697,Robust_Linear,0.19100055,0.3306354,0.39600605,0.07132981,0.011028164
2013,9375,684.4,825.7110105853054,Robust_Linear,0.11359444,0.051335976,0.75851357,0.068843916,0.0077120825
2014,9375,864.8,858.026968578987,V31_Solar_Gated,0.09996764,0.049904197,0.19613445,0.065066755,0.58892703
2015,9375,755.1,859.9489478624622,V31_Solar_Gated,0.13405375,0.049126174,0.28690135,0.05236383,0.47755495
2016,9375,859.1,844.2131490668247,Native_Ensemble,0.103027314,0.49101108,0.31146795,0.039193973,0.055299733
2017,9375,886.7,826.4215229268922,Hybrid_XGB,0.40133694,0.2941338,0.22948813,0.0665156,0.008525537
2018,9375,851.6,839.1240821266891,Statistical_Trend,0.27225882,0.06466213,0.16568467,0.48746938,0.009924967
2019,9375,838.1,852.904183814691,Statistical_Trend,0.24139263,0.07154284,0.23294668,0.4440162,0.01010168
2020,9375,915.2,854.0383984080438,Statistical_Trend,0.142874,0.18636242,0.058018472,0.60376817,0.008976931
2021,9375,906.2,863.8046160190249,Native_Ensemble,0.21548428,0.28229696,0.20408104,0.096405074,0.20173265
2022,9375,838.5,898.3774858504113,Robust_Linear,0.201739,0.041625403,0.42128584,0.32799822,0.0073515917
2023,9375,881.7,884.3761394382432,Statistical_Trend,0.18568514,0.08305059,0.20097432,0.52034986,0.009940092
2024,9375,911.6,888.7515074173244,Statistical_Trend,0.23451817,0.18624073,0.10230665,0.46656752,0.010366923
2000,9376,591.8,578.9392849150544,Statistical_Trend,0.12742727,0.015517093,0.0666946,0.7523945,0.0379665
2001,9376,622.0,602.7228654818997,Statistical_Trend,0.21019529,0.012980056,0.19571114,0.5722126,0.008900886
2002,9376,679.6,603.9768698972019,Hybrid_XGB,0.4749769,0.019514233,0.351105,0.14488624,0.009517684
2003,9376,453.2,635.0384260109574,Hybrid_XGB,0.6944125,0.012514765,0.17829469,0.105927765,0.008850327
2004,9376,533.1,602.76189866552,Statistical_Trend,0.28366148,0.023303444,0.18397821,0.5000433,0.009013574
2005,9376,603.3,579.8292954776791,Robust_Linear,0.16961867,0.11577012,0.6476583,0.059345953,0.007607053
2006,9376,593.6,581.2650185734075,Robust_Linear,0.25341114,0.11631302,0.47729665,0.14489383,0.008085377
2007,9376,693.2,605.7489652905826,Robust_Linear,0.22699243,0.043414082,0.42042997,0.117943935,0.19121964
2008,9376,505.9,602.5184073584362,Native_Ensemble,0.22132346,0.4118613,0.08315488,0.274374,0.00928636
2009,9376,517.0,594.3708354003046,Hybrid_XGB,0.43858168,0.03870947,0.16354471,0.35221475,0.0069494825
2010,9376,540.4,571.817754917625,Robust_Linear,0.40009156,0.044763073,0.47775006,0.06963048,0.0077649094
2011,9376,516.7,568.6795301203761,Robust_Linear,0.23180754,0.14931743,0.38923812,0.058118705,0.17151824
2012,9376,556.2,573.5550050743783,Robust_Linear,0.33082345,0.12299714,0.4784483,0.05882913,0.008901989
2013,9376,606.1,568.7983567585713,Robust_Linear,0.22222997,0.08548766,0.52508307,0.15695561,0.01024373
2014,9376,857.3,577.174394116108,Robust_Linear,0.23565613,0.07835661,0.34983456,0.15944901,0.17670368
2015,9376,702.6,661.5838068232565,Robust_Linear,0.18291341,0.09865442,0.59922045,0.10233873,0.016873037
2016,9376,801.0,686.7100913548694,Robust_Linear,0.15597081,0.25736836,0.503039,0.06587442,0.017747477
2003,9377,490.8,641.3392201874474,Hybrid_XGB,0.38452256,0.020915052,0.19935831,0.21441966,0.18078436
2004,9377,531.8,553.475143967362,Robust_Linear,0.23094214,0.016556598,0.5007353,0.24410129,0.007664698
2005,9377,594.9,554.4611304158605,Robust_Linear,0.20962484,0.121328674,0.6083783,0.052578367,0.008089862
2006,9377,598.9,562.1949429835134,Robust_Linear,0.33687693,0.12631617,0.4202775,0.107488826,0.009040505
2007,9377,639.5,593.858742221095,Robust_Linear,0.28975716,0.05746477,0.38616702,0.25566867,0.01094232
2008,9377,493.6,585.4899708190122,Native_Ensemble,0.24853201,0.38408157,0.08805794,0.27034914,0.008979321
2009,9377,524.1,587.2697545793808,Robust_Linear,0.3673311,0.122651786,0.40409935,0.09630762,0.009610206
2010,9377,545.1,563.1495266476867,Robust_Linear,0.32848537,0.06307399,0.53619283,0.06343527,0.008812522
2011,9377,520.5,567.6526797580336,V31_Solar_Gated,0.08424511,0.024758644,0.21722867,0.31401917,0.35974842
2012,9377,551.3,565.5579522229397,Robust_Linear,0.26728275,0.068875425,0.45696914,0.19708188,0.009790905
2013,9377,604.5,564.2396226995451,Robust_Linear,0.28181168,0.077710405,0.4320343,0.19357255,0.014871056
2014,9377,836.9,573.7830369934272,Robust_Linear,0.26200876,0.05580531,0.42823473,0.2367796,0.017171593
2015,9377,601.6,642.9910352096705,Robust_Linear,0.09230933,0.04037983,0.7455631,0.06630954,0.055438254
2016,9377,801.0,691.0018202249814,V31_Solar_Gated,0.07736541,0.05713498,0.37322083,0.06384741,0.42843136
2000,9471,583.7,542.2743980876534,Robust_Linear,0.1059952,0.011902916,0.68306214,0.1562173,0.042822454
2001,9471,530.7,576.0883836568772,Statistical_Trend,0.2010565,0.012921156,0.21484886,0.56476706,0.0064064516
2002,9471,555.8,558.5301070685232,Hybrid_XGB,0.4513405,0.021557286,0.33786908,0.17891243,0.010320734
2003,9471,401.0,528.7561882473323,Hybrid_XGB,0.47871837,0.019198267,0.3331349,0.15609923,0.012849202
2004,9471,591.3,537.6428268806039,Robust_Linear,0.19971551,0.017445166,0.624469,0.14849947,0.009870847
2005,9471,544.7,544.1635558144417,Robust_Linear,0.12909347,0.12897536,0.6777136,0.056235466,0.007982142
2006,9471,526.2,545.1791625587955,Robust_Linear,0.261836,0.059585787,0.42784277,0.24103686,0.009698604
2007,9471,600.4,561.7987583264235,Robust_Linear,0.2769737,0.12002629,0.33577386,0.10950598,0.15772012
2008,9471,525.1,545.4169402964135,Native_Ensemble,0.29224852,0.32732585,0.16313083,0.20952332,0.007771503
2009,9471,576.9,570.4821731956075,Robust_Linear,0.3127923,0.18732606,0.3765249,0.11061468,0.012742049
2010,9471,609.3,544.1129873461572,Hybrid_XGB,0.4213858,0.07337888,0.3626808,0.13182761,0.010726889
2011,9471,765.9,608.0663529080146,V31_Solar_Gated,0.10660067,0.049228195,0.18695979,0.031331882,0.6258794
2012,9471,650.5,636.990469242099,Robust_Linear,0.18743424,0.09382502,0.609395,0.10104268,0.008302992
2013,9471,588.1,649.6276833456758,Robust_Linear,0.09970689,0.054357383,0.7794097,0.05750784,0.009018249
2014,9471,658.7,691.3512735358465,V31_Solar_Gated,0.07027424,0.04278211,0.37140092,0.059528667,0.45601404
2015,9471,518.1,663.5520121723224,Robust_Linear,0.20874916,0.3500264,0.3613672,0.07272302,0.007134208
2016,9471,540.0,651.5095269660602,Statistical_Trend,0.17061256,0.038863767,0.14912549,0.5405958,0.10080236
2017,9471,822.6,626.59948459975,Robust_Linear,0.32991987,0.0916589,0.40814665,0.15768306,0.012591559
2018,9471,433.8,595.9806848253702,V31_Solar_Gated,0.11119947,0.046078395,0.21293512,0.07393698,0.55584997
2020,9471,609.8,638.2373213024781,Hybrid_XGB,0.4312924,0.09893656,0.30646065,0.15198123,0.011329232
2021,9471,605.7,617.0627351963647,Robust_Linear,0.22785889,0.13881189,0.48622525,0.13716845,0.009935536
2022,9471,528.4,615.0623382970381,Robust_Linear,0.26408356,0.28511116,0.34367517,0.09540308,0.011727049
2000,9472,506.8,530.234143664694,Robust_Linear,0.13705772,0.012637528,0.65017223,0.15321049,0.04692205
2001,9472,443.9,548.9507885801665,Statistical_Trend,0.1715614,0.017792542,0.30471805,0.496277,0.009650965
2002,9472,471.9,525.2823066182019,Robust_Linear,0.1490338,0.014579852,0.5798132,0.24909553,0.0074776765
2003,9472,369.2,515.1930951447449,Robust_Linear,0.16079828,0.01652825,0.53342277,0.27882382,0.01042684
2004,9472,514.1,482.1572230767468,Robust_Linear,0.086680755,0.019027771,0.69610655,0.1879278,0.010257178
2005,9472,452.3,455.41172016242945,Native_Ensemble,0.058956318,0.46393,0.3493491,0.117870234,0.009894233
2006,9472,447.2,467.1389692337328,Native_Ensemble,0.0887072,0.44809735,0.34044576,0.11520472,0.007545042
2007,9472,521.0,490.3739623973491,Robust_Linear,0.10084567,0.15110947,0.61170053,0.11915444,0.017189851
2008,9472,618.8,453.8728807238217,Native_Ensemble,0.11886784,0.510409,0.095091164,0.2600998,0.015532206
2009,9472,650.0,530.4542389354003,Robust_Linear,0.29785642,0.13611338,0.45204586,0.1056723,0.008311967
2010,9472,697.7,583.533279603158,Native_Ensemble,0.23764245,0.32783556,0.31983617,0.10395398,0.010731804
2011,9472,729.3,702.1792823950311,V31_Solar_Gated,0.061515756,0.081017114,0.14865595,0.077415586,0.6313956
2012,9472,612.0,644.3292322501236,Robust_Linear,0.1248373,0.049470156,0.7312298,0.08062718,0.013835579
2013,9472,575.5,648.8965854738303,Robust_Linear,0.099953115,0.03944963,0.7112236,0.06738245,0.08199113
2014,9472,612.1,667.1976765563073,Robust_Linear,0.075214624,0.0444288,0.41287795,0.07670746,0.39077118
2015,9472,518.0,646.5102368082592,Robust_Linear,0.22061782,0.10539015,0.54328525,0.110273324,0.020433456
2016,9472,480.0,609.8269782916072,V31_Solar_Gated,0.2291034,0.038951296,0.29161143,0.07596783,0.36436602
2000,9474,605.6,522.0680175549425,Robust_Linear,0.13100599,0.013200563,0.6042365,0.21209931,0.039457664
2001,9474,534.5,571.5419131602224,Robust_Linear,0.10470713,0.010027421,0.8162132,0.061823685,0.0072286413
2002,9474,600.1,571.8891808065043,Statistical_Trend,0.24851538,0.02268039,0.35405758,0.36652607,0.008220552
2003,9474,399.3,560.8319093007135,Hybrid_XGB,0.667262,0.01413206,0.16077276,0.10225939,0.055573754
2004,9474,649.2,546.743130886369,Robust_Linear,0.23159103,0.03839738,0.49685878,0.22466011,0.00849265
2005,9474,450.6,556.2183419924096,Robust_Linear,0.22344375,0.06290968,0.4495228,0.25205752,0.012066199
2006,9474,531.6,559.2883853950179,Robust_Linear,0.266646,0.038555108,0.37506887,0.31279746,0.006932519
2007,9474,514.4,548.13460762429,Robust_Linear,0.25365883,0.10570521,0.3921449,0.1331586,0.11533251
2008,9474,555.6,500.94814595320116,Statistical_Trend,0.18052596,0.14404458,0.08950262,0.577178,0.008748849
2009,9474,628.1,542.8903519914606,Robust_Linear,0.25094146,0.060065366,0.46445858,0.2133061,0.011228447
2010,9474,562.9,549.0774143003853,Robust_Linear,0.36871475,0.06914923,0.4617667,0.09204573,0.008323535
2011,9474,669.7,620.8717878869468,V31_Solar_Gated,0.0704249,0.05618479,0.09486522,0.03425292,0.7442722
2012,9474,644.8,613.850143245617,Statistical_Trend,0.29809836,0.042425744,0.22684842,0.42252484,0.010102677
2013,9474,547.9,634.5289174639717,Robust_Linear,0.205123,0.09022006,0.58861804,0.10309532,0.012943601
2014,9474,714.9,664.6317389669751,V31_Solar_Gated,0.07721203,0.031823598,0.34697944,0.06219563,0.4817893
2015,9474,505.7,647.3543450927017,Robust_Linear,0.31128782,0.100541174,0.47257724,0.10200653,0.01358719
2016,9474,653.6,674.4490234972682,V31_Solar_Gated,0.18665227,0.08668432,0.31277215,0.06670435,0.34718692
2000,9475,735.9,587.8455212072365,Statistical_Trend,0.08968164,0.009869919,0.10091325,0.75759125,0.04194389
2001,9475,543.6,631.1359265493364,Robust_Linear,0.1274591,0.013512477,0.78558475,0.06769865,0.0057450766
2002,9475,608.0,648.0417808042831,Hybrid_XGB,0.3819905,0.025229074,0.29736492,0.28286046,0.012555021
2003,9475,478.9,628.6072814694038,Hybrid_XGB,0.47263655,0.015491444,0.2698475,0.15556207,0.086462416
2004,9475,575.2,589.0284037606793,Robust_Linear,0.16119815,0.018882167,0.49795875,0.31460825,0.0073526986
2005,9475,525.8,586.849015212337,Robust_Linear,0.1579902,0.2209907,0.5518744,0.06127921,0.0078655295
2006,9475,511.8,570.6107563208707,Robust_Linear,0.25412646,0.23890176,0.37348178,0.053560816,0.07992907
2007,9475,517.3,559.5588268209801,Robust_Linear,0.23854771,0.21633363,0.3206348,0.13464335,0.08984053
2008,9475,585.4,488.46451718197096,Native_Ensemble,0.19659291,0.477888,0.098845616,0.21768284,0.008990577
2009,9475,540.8,556.5547612138917,Robust_Linear,0.25327024,0.12824896,0.42586207,0.1837506,0.008868112
2010,9475,540.0,559.9324728739009,Robust_Linear,0.27397668,0.19493237,0.47910148,0.04342055,0.00856896
2011,9475,492.2,563.0254392273793,Robust_Linear,0.25650856,0.14277476,0.51818275,0.062042672,0.02049122
2012,9475,531.0,546.9027628626469,Native_Ensemble,0.21667694,0.33987376,0.29411805,0.14126936,0.0080619035
2013,9475,424.1,545.1849258086171,Robust_Linear,0.2034865,0.30432224,0.3377129,0.045768425,0.108709924
2014,9475,816.7,521.2079036089928,Robust_Linear,0.13938832,0.22502157,0.37375945,0.11373727,0.14809337
2015,9475,458.9,569.947570349445,Robust_Linear,0.21780689,0.09795548,0.3340108,0.3334953,0.016731506
2000,9476,501.0,581.747160009661,Statistical_Trend,0.12163895,0.014401856,0.19396012,0.66179216,0.008206874
2001,9476,485.4,580.3148833896837,Robust_Linear,0.29080546,0.017921897,0.451073,0.227054,0.0131456135
2002,9476,460.5,547.9497461053385,Robust_Linear,0.24984674,0.015245147,0.5857996,0.14045359,0.008654988
2003,9476,361.8,530.3317076160132,Robust_Linear,0.19742137,0.017444104,0.50573003,0.26823547,0.011169004
2004,9476,628.8,482.24489364218596,Robust_Linear,0.0715725,0.020208383,0.6937976,0.20390993,0.010511592
2005,9476,681.2,521.8732303604907,Robust_Linear,0.12236079,0.18082651,0.6261568,0.059628885,0.011026993
2006,9476,532.4,596.7770592781,Robust_Linear,0.21193814,0.070719145,0.48601544,0.10493078,0.12639652
2000,9477,674.0,539.7648065136084,Statistical_Trend,0.15366448,0.013556968,0.11871364,0.7068394,0.007225534
2001,9477,501.7,587.2075509615719,Robust_Linear,0.0597117,0.008021526,0.86998224,0.056264386,0.0060201418
2002,9477,545.7,593.3272310179601,Statistical_Trend,0.24674013,0.025792811,0.2425348,0.47530857,0.009623686
2003,9477,396.1,560.8664083121802,Hybrid_XGB,0.39102083,0.016361222,0.32471827,0.18800862,0.07989103
2004,9477,564.1,531.8468226577658,Robust_Linear,0.15649806,0.01580573,0.6125623,0.20738636,0.0077475426
2005,9477,655.6,539.3423235486273,Robust_Linear,0.14582181,0.09924117,0.59729743,0.14753854,0.01010106
2006,9477,573.9,575.4915104781493,Robust_Linear,0.33278173,0.16815843,0.3936645,0.097395994,0.007999372
2007,9477,545.1,600.5698180737182,Robust_Linear,0.31197482,0.04944972,0.36072412,0.060641054,0.21721028
2008,9477,577.1,566.8285966571116,Native_Ensemble,0.21293986,0.39520463,0.08661623,0.296275,0.008964295
2009,9477,614.0,582.8376750007151,Statistical_Trend,0.32957137,0.11506484,0.19437422,0.35329077,0.0076988777
2010,9477,571.6,591.736914287411,Hybrid_XGB,0.43702108,0.3179389,0.16240165,0.07518863,0.0074497405
2011,9477,691.3,639.0221082503994,V31_Solar_Gated,0.06440761,0.01864795,0.08342472,0.052187756,0.78133196
2012,9477,608.4,649.0028942375492,Robust_Linear,0.33615574,0.10081016,0.4590065,0.09080115,0.013226428
2013,9477,562.1,660.5548371343098,V31_Solar_Gated,0.2115211,0.04497455,0.29982182,0.062328845,0.38135368
2014,9477,663.5,653.7166470061452,V31_Solar_Gated,0.09606281,0.021241639,0.13024078,0.15464109,0.59781367
2015,9477,509.9,643.4671951510566,Statistical_Trend,0.18118976,0.035513178,0.19560163,0.5781946,0.009500819
2016,9477,801.0,642.7192138051905,V31_Solar_Gated,0.07987399,0.020542582,0.14269862,0.030568752,0.72631603
2000,9478,607.2,561.669251914468,Statistical_Trend,0.0757715,0.008656011,0.07829413,0.80782366,0.029454684
2001,9478,640.3,589.4468597556762,Robust_Linear,0.16504376,0.013044488,0.7173806,0.09372626,0.0108049
2002,9478,609.4,605.6358486919183,Statistical_Trend,0.2821041,0.025101049,0.31779274,0.36174476,0.013257348
2003,9478,481.0,633.9464939420031,Hybrid_XGB,0.43363982,0.022754636,0.17989536,0.2529218,0.11078837
2004,9478,629.3,579.8200964619824,Statistical_Trend,0.25078872,0.02630239,0.17362307,0.53936267,0.009923146
2005,9478,617.5,596.5342787134358,Robust_Linear,0.20292406,0.052896705,0.6675053,0.06902703,0.0076468927
2006,9478,554.7,596.5064124740034,Robust_Linear,0.38635448,0.08350149,0.39774218,0.12136918,0.011032666
2007,9478,552.9,601.5983705671765,Hybrid_XGB,0.3827499,0.07810371,0.35983187,0.0757059,0.10360862
2008,9478,618.3,561.3426550946133,Native_Ensemble,0.21491675,0.41151786,0.097415276,0.26618809,0.009962031
2009,9478,672.5,595.3259586093059,Robust_Linear,0.21823224,0.046449184,0.5740574,0.15457036,0.00669081
2010,9478,676.7,609.1339176709768,Native_Ensemble,0.30798137,0.43622932,0.1514322,0.09427074,0.010086395
2011,9478,843.0,705.5371518786424,V31_Solar_Gated,0.044220034,0.04429792,0.050775263,0.028834287,0.83187246
2012,9478,591.9,705.1626937367232,Robust_Linear,0.13694558,0.05115106,0.72648466,0.07733098,0.008087791
2013,9478,634.0,700.9503704283346,Robust_Linear,0.1491914,0.05323589,0.726039,0.05934577,0.012187947
2014,9478,775.4,735.1318602129638,V31_Solar_Gated,0.05542126,0.045740746,0.10400759,0.02120869,0.77362174
2015,9478,486.2,725.389957119482,Robust_Linear,0.28438696,0.08901514,0.5293722,0.08094757,0.016278163
2016,9478,609.5,698.7956116623864,V31_Solar_Gated,0.32468936,0.052237164,0.22219378,0.06710539,0.33377436
2003,9479,470.6,561.756185716024,Robust_Linear,0.32159236,0.017760161,0.38313675,0.14484121,0.13266954
2004,9479,562.6,490.9607167348219,Hybrid_XGB,0.36081412,0.019960653,0.2911369,0.31041935,0.017668946
2005,9479,641.8,539.2646399892704,Hybrid_XGB,0.33665204,0.05396136,0.26958925,0.32730496,0.0124924015
2006,9479,546.5,581.1621256817529,Robust_Linear,0.22525166,0.08349395,0.6094649,0.074631825,0.0071576894
2000,9562,565.8,518.1340753393596,Robust_Linear,0.14846171,0.013574451,0.66662335,0.13289514,0.038445327
2001,9562,511.7,545.171855181612,Robust_Linear,0.37218338,0.013297887,0.5095979,0.097573854,0.0073468713
2002,9562,525.7,531.1516785011014,Robust_Linear,0.37195182,0.020117415,0.41556633,0.18264881,0.009715699
2003,9562,435.0,508.3957078566697,Hybrid_XGB,0.6219983,0.016270792,0.24186407,0.10898274,0.010884018
2004,9562,554.5,513.9780781619155,Robust_Linear,0.17995092,0.016648002,0.65067804,0.14105895,0.0116641
2005,9562,557.9,522.4243814305576,Robust_Linear,0.20541951,0.08007176,0.39935723,0.3046704,0.0104811145
2006,9562,542.5,543.2604479129327,Robust_Linear,0.3129034,0.08116051,0.5077618,0.09116491,0.007009428
2007,9562,698.4,567.0231095660408,Hybrid_XGB,0.33157167,0.039670404,0.22628856,0.18233402,0.22013527
2008,9562,614.2,589.5648891899109,Statistical_Trend,0.25128248,0.27302858,0.090173565,0.37737098,0.008144486
2009,9562,699.6,608.5225615246982,Robust_Linear,0.14943142,0.051818695,0.47881418,0.31146315,0.008472539
2010,9562,613.2,624.5555765755681,Robust_Linear,0.24030152,0.08788734,0.44563186,0.21573564,0.01044361
2011,9562,774.8,687.5445583441008,V31_Solar_Gated,0.051861916,0.033748288,0.32715455,0.08212205,0.5051132
2012,9562,611.4,664.568778032612,Robust_Linear,0.0826712,0.03169277,0.7991887,0.0810694,0.005378014
2013,9562,608.3,682.0674560886371,Robust_Linear,0.104850255,0.094151266,0.7129905,0.07203538,0.015972529
2014,9562,724.6,688.5896856311973,Robust_Linear,0.22072111,0.079314336,0.5548868,0.08292185,0.062155847
2015,9562,469.1,685.0423812400751,Statistical_Trend,0.30082607,0.0740825,0.26898536,0.34775624,0.0083497865
2016,9562,801.0,690.7438337600101,V31_Solar_Gated,0.1374645,0.044649657,0.27008897,0.039143868,0.50865304
2000,9564,570.3,532.3566701400266,Statistical_Trend,0.09133236,0.00877748,0.098496385,0.76904744,0.032346375
2001,9564,535.0,549.2971739070886,Robust_Linear,0.15265,0.01226063,0.5740064,0.13655046,0.12453255
2002,9564,538.1,552.4322079559649,Statistical_Trend,0.272078,0.022589466,0.15559068,0.5412137,0.008528124
2003,9564,437.6,542.5274044453785,Hybrid_XGB,0.5230912,0.01399474,0.35364914,0.09891084,0.0103541985
2004,9564,544.6,520.9759689192061,Robust_Linear,0.2719654,0.015230235,0.6256938,0.07981541,0.0072952243
2005,9564,539.6,533.5274990100625,Robust_Linear,0.20371845,0.14671195,0.5751624,0.06495109,0.009456179
2006,9564,491.3,537.7309755687828,Robust_Linear,0.2772147,0.18181099,0.45856312,0.074522644,0.007888516
2007,9564,610.6,545.6269049427151,Robust_Linear,0.30103254,0.06750765,0.46984747,0.15136676,0.0102456575
2008,9564,604.2,537.758208335735,Statistical_Trend,0.1739908,0.17871264,0.19510986,0.40088746,0.051299255
2009,9564,621.7,569.5507640859183,Robust_Linear,0.22149257,0.052494947,0.50473225,0.21070753,0.010572642
2010,9564,660.4,586.6778095217118,Statistical_Trend,0.24505095,0.086599596,0.2731567,0.38433406,0.010858705
2011,9564,671.7,660.3341863180369,V31_Solar_Gated,0.093943685,0.057683893,0.14077319,0.180703,0.5268963
2012,9564,658.7,646.319587020645,Robust_Linear,0.18900324,0.089841574,0.6124463,0.097930424,0.010778463
2013,9564,616.3,650.009659029904,Robust_Linear,0.16345641,0.077169955,0.66041327,0.08993765,0.009022797
2014,9564,704.7,681.6929845356625,Robust_Linear,0.13867034,0.07146712,0.43961275,0.0893974,0.26085237
2015,9564,601.6,670.9400516284314,Robust_Linear,0.18069097,0.06581602,0.47825494,0.2572037,0.018034372
2016,9564,801.0,706.2030897782506,V31_Solar_Gated,0.09269896,0.054210275,0.32741088,0.05416719,0.47151265
2000,9565,622.3,577.8767854425109,Statistical_Trend,0.09221207,0.008599588,0.090050064,0.7808001,0.028338151
2001,9565,522.2,599.0732537149312,Robust_Linear,0.14341615,0.015048848,0.44826669,0.15011916,0.24314909
2002,9565,617.2,602.538550919772,Statistical_Trend,0.2684188,0.024981907,0.17862871,0.51706016,0.0109104775
2003,9565,452.7,585.2089830512376,Hybrid_XGB,0.5161847,0.0146255465,0.35921186,0.09965345,0.010324398
2004,9565,591.5,570.0360270301975,Robust_Linear,0.3318244,0.016653843,0.5211189,0.120663576,0.009739288
2005,9565,636.5,583.7790010857417,Robust_Linear,0.13345185,0.15106441,0.6512052,0.05710161,0.007176916
2006,9565,594.4,603.4040850101073,Robust_Linear,0.23670411,0.0556855,0.5337293,0.16470614,0.009174947
2007,9565,642.0,630.5543639052985,Robust_Linear,0.33219478,0.058211748,0.4508896,0.14833519,0.010368709
2008,9565,638.8,610.3297002733692,Native_Ensemble,0.12519003,0.41100115,0.14094186,0.23480716,0.088059746
2009,9565,645.9,639.6020340994401,Robust_Linear,0.29340088,0.044910386,0.3989184,0.25425723,0.008513193
2010,9565,603.1,624.5547433779412,Hybrid_XGB,0.40611696,0.27558747,0.21148784,0.097930335,0.008877383
2011,9565,635.7,673.3365963707365,V31_Solar_Gated,0.18929286,0.026448708,0.08864245,0.17755435,0.51806164
2012,9565,732.4,653.8466913598375,Robust_Linear,0.401138,0.067465514,0.4629767,0.059449684,0.008970061
2013,9565,687.3,678.270437433941,Robust_Linear,0.33031476,0.1324628,0.47006568,0.059576865,0.0075799376
2014,9565,704.3,735.3295011352185,V31_Solar_Gated,0.12227266,0.08110959,0.13954262,0.088897,0.5681781
2015,9565,550.7,706.7172544768096,Hybrid_XGB,0.54861903,0.035609692,0.17070547,0.23624367,0.008822161
2016,9565,801.0,728.0696938061836,V31_Solar_Gated,0.061221506,0.019570177,0.13725446,0.2018397,0.5801142
2000,9571,639.3,580.3825055466464,Statistical_Trend,0.076325275,0.010578948,0.19684096,0.6864707,0.02978407
2001,9571,536.9,613.661070440714,Robust_Linear,0.12598501,0.017474081,0.7556057,0.089922324,0.011012833
2002,9571,664.0,597.6747580151097,Robust_Linear,0.3611098,0.023302948,0.4684682,0.13675515,0.010363915
2003,9571,406.4,619.3344838047316,Hybrid_XGB,0.6037182,0.01945339,0.19252217,0.08801631,0.096289925
2004,9571,623.3,586.7713473393017,Robust_Linear,0.31726906,0.019114448,0.36915553,0.2833454,0.011115561
2005,9571,615.8,577.1772207688173,Robust_Linear,0.1253496,0.05967053,0.67503583,0.13218097,0.0077631
2006,9571,621.3,591.106896403391,Robust_Linear,0.2850925,0.048564766,0.59643626,0.06302669,0.0068797637
2007,9571,648.7,622.1971763509634,Robust_Linear,0.35472953,0.06120669,0.36045444,0.21181741,0.011791881
2008,9571,574.9,622.3359195118286,Statistical_Trend,0.24967532,0.11030989,0.061508935,0.57117283,0.0073329965
2009,9571,691.0,624.226404318941,Robust_Linear,0.20658375,0.33590883,0.3673381,0.082564265,0.0076050847
2010,9571,512.2,628.2466330764028,Native_Ensemble,0.35838875,0.3827052,0.15278195,0.09543287,0.010691285
2011,9571,729.2,670.709151423751,V31_Solar_Gated,0.054469362,0.06224682,0.11718696,0.026869696,0.7392272
2012,9571,669.5,637.4779621626805,Robust_Linear,0.2699766,0.057969064,0.40796927,0.25533068,0.00875436
2013,9571,648.8,666.5473029059801,Hybrid_XGB,0.33825287,0.32473853,0.26589367,0.06373427,0.0073806494
2014,9571,765.2,711.7415109408062,V31_Solar_Gated,0.09086059,0.037226595,0.22606811,0.032683898,0.6131608
2015,9571,528.8,691.7196469685116,Hybrid_XGB,0.3665497,0.30070373,0.27504995,0.04644371,0.011252869
2016,9571,661.7,710.871848659274,Robust_Linear,0.08068751,0.100292645,0.6239536,0.065460876,0.12960546
2017,9571,917.3,666.3855021361032,Robust_Linear,0.34332514,0.07811256,0.5149908,0.051846366,0.011725115
2018,9571,471.7,677.1409599831927,Hybrid_XGB,0.44617608,0.10353568,0.2960747,0.14178626,0.012427301
2019,9571,699.3,720.8370181839491,Robust_Linear,0.15427127,0.055175036,0.73217595,0.050290603,0.008087108
2020,9571,572.3,687.9399547719927,Robust_Linear,0.38472357,0.08022094,0.45539945,0.068456784,0.011199212
2021,9571,832.5,691.5574254292737,Robust_Linear,0.2243182,0.060145784,0.6632137,0.045938328,0.0063839904
2022,9571,606.9,668.9761848480233,Statistical_Trend,0.22261015,0.08997108,0.2968716,0.38100144,0.009545662
2023,9571,676.0,700.6847340557522,Hybrid_XGB,0.49577,0.09240478,0.29454148,0.107969776,0.0093140295
2024,9571,693.4,690.1084624095985,Robust_Linear,0.33832103,0.07820047,0.45806482,0.11247932,0.012934301
2000,9572,606.1,522.3205826412498,Statistical_Trend,0.09406573,0.009922205,0.14746676,0.72152644,0.02701877
2001,9572,504.8,555.6816834062905,Hybrid_XGB,0.46416798,0.02060815,0.2723447,0.23316348,0.009715711
2002,9572,548.6,557.1155539126263,Statistical_Trend,0.2563585,0.027470984,0.20121607,0.5056872,0.009267333
2003,9572,433.4,526.20982379221,Hybrid_XGB,0.5791255,0.015475576,0.287889,0.107121475,0.010388431
2004,9572,543.0,527.3218705102441,Robust_Linear,0.15252556,0.015397566,0.6979194,0.12738883,0.006768561
2005,9572,558.2,532.9888542454521,Robust_Linear,0.18154499,0.13906518,0.59943545,0.070332766,0.009621661
2006,9572,583.2,540.214712514394,Robust_Linear,0.25853723,0.17788017,0.49678668,0.05994958,0.006846339
2007,9572,687.0,580.8455057583583,Hybrid_XGB,0.3602444,0.13955621,0.18831195,0.07292711,0.23896033
2008,9572,618.2,603.6758430226668,Statistical_Trend,0.17712255,0.33929053,0.07592939,0.3999927,0.007664867
2009,9572,694.2,612.3481793436944,Robust_Linear,0.13721716,0.056991905,0.51006716,0.28712985,0.00859391
2010,9572,607.5,629.9244131639001,Robust_Linear,0.22469547,0.08205893,0.42585576,0.25714338,0.010246531
2011,9572,770.4,694.5302229515465,V31_Solar_Gated,0.043756347,0.030450216,0.25059715,0.075833514,0.5993628
2012,9572,601.3,670.0319742359976,Robust_Linear,0.11935681,0.040616844,0.72330815,0.109465584,0.007252521
2013,9572,628.1,679.1519151303476,Robust_Linear,0.11175118,0.08403294,0.7182961,0.06878862,0.01713118
2014,9572,714.7,715.4303984325561,V31_Solar_Gated,0.119237,0.02926378,0.23952663,0.07200022,0.53997236
2015,9572,463.5,686.0450474035327,Native_Ensemble,0.29787683,0.37609306,0.23830444,0.079921976,0.007803769
2016,9572,482.0,679.9390502443795,Robust_Linear,0.21547608,0.06023549,0.41452435,0.057809446,0.25195462
2000,9573,574.0,521.0484357975763,Robust_Linear,0.13946295,0.014078458,0.6476418,0.1624986,0.036318224
2001,9573,468.7,553.9844004879562,Statistical_Trend,0.1825673,0.011430047,0.1666285,0.6319322,0.0074419593
2002,9573,597.7,537.983217590965,Robust_Linear,0.17794655,0.01671559,0.6575364,0.14060262,0.00719883
2003,9573,344.3,525.4555608363006,Hybrid_XGB,0.652168,0.01620662,0.21491297,0.10811822,0.00859418
2004,9573,534.8,526.0407165247933,Robust_Linear,0.3540309,0.01836747,0.45460704,0.1622989,0.010695717
2005,9573,551.4,512.2308066908768,Robust_Linear,0.07565865,0.116203286,0.73639727,0.06243927,0.009301557
2006,9573,525.7,518.548053014306,Robust_Linear,0.2348433,0.112846754,0.56130785,0.079332486,0.011669618
2007,9573,594.1,542.9979252570831,Robust_Linear,0.3372762,0.06074358,0.3472371,0.24347138,0.011271749
2008,9573,522.1,533.7291379225101,Native_Ensemble,0.1818137,0.2836564,0.2206358,0.23029925,0.08359487
2009,9573,587.6,552.9465153677166,Robust_Linear,0.22296284,0.15393655,0.48486963,0.12890065,0.009330345
2010,9573,696.1,552.0318607907967,Statistical_Trend,0.3264959,0.0666148,0.17001489,0.42679688,0.010077582
2011,9573,715.3,633.3018062337126,V31_Solar_Gated,0.077353925,0.02585355,0.20827074,0.08107548,0.6074463
2012,9573,536.0,635.5494016185721,Robust_Linear,0.13152643,0.05958151,0.7299581,0.070957355,0.007976606
2013,9573,594.2,632.7209429152775,Robust_Linear,0.13753226,0.0493434,0.6922085,0.11273406,0.008181786
2014,9573,760.1,660.1670614713291,V31_Solar_Gated,0.08146642,0.046622343,0.3687141,0.08252856,0.4206685
2015,9573,458.8,655.962245937591,Robust_Linear,0.19269572,0.06432994,0.5050662,0.2228525,0.015055694
2016,9573,556.6,659.9809347539032,Robust_Linear,0.12850715,0.08434977,0.60987157,0.089030005,0.08824145
2017,9573,723.3,613.8796717610066,Robust_Linear,0.3123815,0.06325977,0.44186467,0.17033176,0.012162312
2018,9573,432.5,635.8935954988967,Robust_Linear,0.26613408,0.08290566,0.55111885,0.08914762,0.010693732
2019,9573,721.7,622.7023659717485,Robust_Linear,0.40723845,0.07399137,0.43331364,0.07906613,0.006390331
2020,9573,649.3,610.1933625408035,Robust_Linear,0.23119797,0.22889918,0.45627174,0.074581735,0.009049345
2021,9573,848.3,627.7939252989776,Robust_Linear,0.21006612,0.06785319,0.5108919,0.109660365,0.10152842
2022,9573,647.3,672.7710238021643,Statistical_Trend,0.229098,0.03850829,0.15727103,0.56930184,0.0058208224
2023,9573,708.2,693.7262599921532,Robust_Linear,0.2259274,0.20910537,0.22816496,0.10870164,0.2281006
2024,9573,722.6,705.5375489593702,Robust_Linear,0.23537333,0.061108347,0.3533397,0.3420374,0.00814122
2000,9574,570.1,533.1107879688244,Statistical_Trend,0.08499291,0.009760215,0.14268191,0.73242855,0.030136477
2001,9574,531.6,556.6068406450865,Robust_Linear,0.15448505,0.014239219,0.54461926,0.15556006,0.13109638
2002,9574,515.3,554.5740118236079,Hybrid_XGB,0.4285003,0.019096944,0.38305867,0.15969916,0.009644815
2003,9574,438.3,551.2693920760724,Hybrid_XGB,0.44514576,0.01349945,0.43951592,0.08835831,0.013480578
2004,9574,544.9,521.4868905438775,Robust_Linear,0.2325377,0.015560446,0.581358,0.16158342,0.00896045
2005,9574,507.9,528.9143327646129,Robust_Linear,0.17130637,0.1306275,0.5719362,0.11705649,0.009073484
2006,9574,505.5,528.2736175702438,Robust_Linear,0.3125142,0.13203046,0.42043558,0.12480659,0.010213208
2007,9574,597.9,540.0176192515939,Robust_Linear,0.26400644,0.11959533,0.48601577,0.12053468,0.009847734
2008,9574,598.6,523.2563782576759,Native_Ensemble,0.22698216,0.37328646,0.088776,0.30084786,0.010107572
2009,9574,595.2,570.6799829010647,Robust_Linear,0.29125273,0.090717115,0.48098135,0.12788422,0.009164608
2010,9574,657.8,583.4254773843875,Native_Ensemble,0.25835365,0.36651963,0.25063348,0.11195677,0.012536461
2011,9574,665.2,663.1305070627247,V31_Solar_Gated,0.04833094,0.05169932,0.15291852,0.042082973,0.7049682
2012,9574,656.4,641.2458352323378,Robust_Linear,0.21085541,0.073560365,0.60342324,0.10037735,0.011783655
2013,9574,636.1,647.2257036298753,Robust_Linear,0.16292135,0.07066617,0.65917194,0.09790577,0.009334738
2014,9574,663.1,680.5214423736044,Robust_Linear,0.07839944,0.056205746,0.46266416,0.08929381,0.31343678
2015,9574,611.8,663.5314054324606,Robust_Linear,0.15951903,0.0829239,0.6451777,0.09759544,0.014783871
2016,9574,620.0,665.1769638857185,Hybrid_XGB,0.35226345,0.24761389,0.33110812,0.05488287,0.014131683
2000,9575,730.3,605.7158788382388,Statistical_Trend,0.07322678,0.010117602,0.082352936,0.80402935,0.030273316
2001,9575,607.7,652.4263343735934,Robust_Linear,0.07313168,0.00946043,0.8459847,0.0663793,0.005043965
2002,9575,726.0,644.3673351260987,Statistical_Trend,0.23109572,0.028407563,0.30183592,0.42842427,0.010236515
2003,9575,505.9,676.0742631664971,Hybrid_XGB,0.59765124,0.019064767,0.11897092,0.08021458,0.1840985
2004,9575,670.7,646.3046494310973,Statistical_Trend,0.26058155,0.02283082,0.28705645,0.42133585,0.008195283
2005,9575,669.9,638.7761624717133,Robust_Linear,0.21792641,0.092370085,0.5544638,0.12572724,0.00951245
2006,9575,694.9,651.7247916114833,Robust_Linear,0.33106586,0.06252333,0.5157058,0.082599305,0.008105648
2007,9575,698.6,695.9558935393097,V31_Solar_Gated,0.23349434,0.023166312,0.15193428,0.22568448,0.3657206
2008,9575,662.8,673.160463890662,Native_Ensemble,0.22278656,0.36791956,0.0751257,0.32457355,0.009594579
2009,9575,786.1,689.0293196631045,Native_Ensemble,0.3049192,0.4034741,0.19665615,0.08665373,0.008296771
2010,9575,578.3,689.0304533646259,Hybrid_XGB,0.39455628,0.2943007,0.20494142,0.09491251,0.011289102
2011,9575,862.9,758.1790698891169,V31_Solar_Gated,0.04479898,0.05283593,0.067692645,0.029739207,0.80493325
2012,9575,701.5,719.7054828564349,Statistical_Trend,0.19979836,0.045452327,0.29611546,0.45286927,0.0057645617
2013,9575,785.2,764.9673641107848,Robust_Linear,0.10624685,0.2739902,0.5370894,0.06708678,0.015586721
2014,9575,920.5,801.0961210462258,V31_Solar_Gated,0.107806966,0.043033868,0.29142767,0.0468724,0.5108591
2015,9575,569.3,799.2556520765072,Robust_Linear,0.21776003,0.27378094,0.4233431,0.07680085,0.008315038
2016,9575,705.9,851.5971455749612,V31_Solar_Gated,0.035556443,0.04921863,0.393964,0.03557861,0.48568243
2017,9575,952.3,766.0948112421212,Robust_Linear,0.3870201,0.04574761,0.3873889,0.17202887,0.007814471
2018,9575,609.3,683.8471277932281,V31_Solar_Gated,0.122617655,0.030273333,0.10339274,0.05998969,0.68372655
2019,9575,791.6,804.9745888689658,Robust_Linear,0.21251176,0.32675612,0.34459853,0.1059836,0.010149963
2020,9575,702.0,733.1179792396442,Hybrid_XGB,0.5383164,0.087505944,0.25207147,0.10811078,0.01399532
2021,9575,910.7,779.7019941895293,Robust_Linear,0.27466527,0.06913292,0.5828643,0.06607091,0.007266679
2022,9575,604.9,765.465773910411,Hybrid_XGB,0.45739305,0.15604566,0.2747652,0.099243976,0.0125521235
2023,9575,649.9,797.6825174978379,Statistical_Trend,0.36546704,0.06539343,0.13897063,0.4215922,0.008576716
2024,9575,807.6,713.5070347415756,Native_Ensemble,0.35845932,0.36985785,0.10310543,0.15847155,0.010105889
2000,9576,625.8,550.526906157331,Statistical_Trend,0.08528505,0.009602993,0.07686892,0.8007812,0.027461851
2001,9576,517.1,575.8042607342336,Robust_Linear,0.15524913,0.0147066405,0.45502645,0.13149922,0.24351862
2002,9576,630.5,565.5392288112926,Statistical_Trend,0.27901357,0.026168264,0.1440192,0.54165936,0.009139613
2003,9576,452.7,559.8280918084935,Hybrid_XGB,0.650085,0.016540403,0.21487887,0.1081865,0.01030922
2004,9576,592.5,554.1738668222222,Robust_Linear,0.31733707,0.016799822,0.51164836,0.14491664,0.009298134
2005,9576,635.0,565.2363503288207,Robust_Linear,0.24186887,0.065638065,0.6015691,0.081814826,0.009109182
2006,9576,593.0,581.5901659142598,Hybrid_XGB,0.46773186,0.057151962,0.37977764,0.08771928,0.0076192655
2007,9576,638.3,621.2984121147595,Hybrid_XGB,0.37898043,0.046895362,0.24461797,0.31859124,0.010914997
2008,9576,638.0,606.3822195068781,Native_Ensemble,0.12867293,0.3464894,0.13208531,0.26849368,0.124258704
2009,9576,642.9,625.8812027033507,Robust_Linear,0.19686812,0.09659841,0.5555431,0.14007322,0.01091713
2010,9576,591.2,623.2609409332642,Robust_Linear,0.29649088,0.2547657,0.31401375,0.122829325,0.011900371
2011,9576,633.2,674.798961743057,V31_Solar_Gated,0.098280594,0.073688015,0.09848848,0.060669314,0.66887355
2012,9576,789.5,647.9516832644093,Statistical_Trend,0.31026566,0.035095133,0.1609974,0.48710537,0.0065363785
2013,9576,740.1,681.462832705097,Robust_Linear,0.29829344,0.308032,0.31997445,0.06628483,0.0074152225
2014,9576,719.9,721.4845979959995,Robust_Linear,0.08523124,0.07391444,0.6213491,0.10967895,0.109826244
2015,9576,548.7,724.2766669624688,Robust_Linear,0.14632244,0.21502928,0.5378788,0.08247494,0.018294523
2016,9576,715.6,723.3424245020399,Robust_Linear,0.19468507,0.13652214,0.46046108,0.07409553,0.13423619
2017,9576,762.2,700.1969237411715,Statistical_Trend,0.28469217,0.040986933,0.23528029,0.43225992,0.0067807315
2000,9577,632.6,591.2184632274488,Statistical_Trend,0.058781706,0.008707362,0.08862148,0.8208904,0.02299899
2001,9577,586.8,616.8555350212899,Robust_Linear,0.13520503,0.015148993,0.7249404,0.11257852,0.012127136
2002,9577,698.5,620.4613340184941,Statistical_Trend,0.21145786,0.024359744,0.16152784,0.5933945,0.009259953
2003,9577,447.8,637.3831702613601,Hybrid_XGB,0.63533366,0.019320449,0.11827096,0.16481858,0.06225639
2004,9577,604.2,612.9786262370924,Robust_Linear,0.24155162,0.018288398,0.5506936,0.18007514,0.009391326
2005,9577,668.9,591.7559431878373,Robust_Linear,0.20690976,0.045356262,0.6434573,0.09502216,0.009254508
2006,9577,598.4,613.880015475094,Robust_Linear,0.35115826,0.04603539,0.5351541,0.060861498,0.006790785
2007,9577,716.3,636.8837110177927,Robust_Linear,0.23438306,0.09439674,0.6144034,0.05035462,0.006462151
2008,9577,637.1,627.7706182649674,Statistical_Trend,0.1486533,0.27504084,0.17602874,0.28083837,0.119438745
2009,9577,701.8,661.259529109265,Native_Ensemble,0.17382838,0.38389343,0.30625552,0.12682436,0.009198282
2010,9577,783.0,672.5227107351715,Native_Ensemble,0.24299988,0.3874174,0.26075697,0.09826219,0.01056355
2011,9577,759.3,768.8463874060276,V31_Solar_Gated,0.036740463,0.05495943,0.099525966,0.03394563,0.7748285
2012,9577,770.6,735.0391440559275,Robust_Linear,0.18192942,0.06192808,0.6536121,0.09285982,0.0096706
2013,9577,693.6,753.1676227914134,Robust_Linear,0.15735652,0.052909512,0.6129815,0.1670196,0.009732831
2014,9577,884.3,823.4387318741001,V31_Solar_Gated,0.02684782,0.045342397,0.18958062,0.030320702,0.7079085
2015,9577,557.5,770.8116822924434,Robust_Linear,0.1101698,0.055518683,0.7555727,0.06515826,0.013580607
2016,9577,784.9,777.6025096835384,Robust_Linear,0.04882375,0.06842408,0.7875515,0.04473444,0.050466184
2018,9577,636.6,740.8254239502279,Robust_Linear,0.3484442,0.14421318,0.39566192,0.09832411,0.013356653
2019,9577,626.2,751.2972890488157,Robust_Linear,0.23123854,0.113914706,0.5401618,0.107874654,0.006810257
2000,9671,658.3,583.9252421971446,Statistical_Trend,0.15512198,0.016488772,0.33521193,0.4465964,0.046580825
2001,9671,611.4,615.0914293523342,Robust_Linear,0.11569691,0.010562776,0.8146342,0.05428121,0.004824914
2002,9671,661.8,619.0629213691452,Statistical_Trend,0.31491056,0.026161041,0.2070103,0.44136775,0.010550413
2003,9671,357.2,620.1591054411824,Hybrid_XGB,0.5548977,0.021624655,0.15915374,0.251402,0.012921958
2004,9671,667.4,584.1461931527977,Robust_Linear,0.17632805,0.01811123,0.65083456,0.14708991,0.0076363087
2005,9671,601.3,586.474873370045,Robust_Linear,0.10187881,0.11777843,0.71880835,0.054258607,0.0072757103
2006,9671,596.0,598.8480484173209,Robust_Linear,0.18657687,0.07081938,0.581294,0.15210797,0.009201837
2007,9671,656.9,612.0046635307857,Robust_Linear,0.23797934,0.17678833,0.51448244,0.061359968,0.009389981
2008,9671,610.7,596.1580665400007,Native_Ensemble,0.1944655,0.40910515,0.081971414,0.30557778,0.008880209
2009,9671,618.0,633.1916498906851,Robust_Linear,0.28735408,0.05291096,0.45800805,0.19250666,0.009220164
2010,9671,680.8,621.4794311423598,Hybrid_XGB,0.29516366,0.047654595,0.11250701,0.27299747,0.2716773
2011,9671,689.9,637.8379809139537,Statistical_Trend,0.3645832,0.05397526,0.16556227,0.4069124,0.008966897
2012,9671,787.8,681.3695277888289,Robust_Linear,0.30315602,0.12045889,0.46220374,0.10139776,0.012783576
2013,9671,685.6,702.2353522656911,Robust_Linear,0.16436516,0.2935864,0.45544592,0.073455244,0.013147274
2014,9671,799.1,798.9219110124792,V31_Solar_Gated,0.036587413,0.05781475,0.08886007,0.03517131,0.7815665
2015,9671,481.0,734.858191706361,Robust_Linear,0.14952482,0.062721945,0.6959179,0.083209485,0.008625839
2016,9671,780.0,729.0241633857825,Robust_Linear,0.23238602,0.27576685,0.38188928,0.08987603,0.0200818
2000,9672,635.8,588.6584910645083,Robust_Linear,0.2475461,0.016048815,0.42433062,0.30345428,0.008620216
2001,9672,564.6,615.2429649808564,Robust_Linear,0.1481401,0.014591223,0.7387467,0.08858432,0.00993753
2002,9672,628.6,605.160995063365,Statistical_Trend,0.22916041,0.028667394,0.18349113,0.5478907,0.010790352
2003,9672,425.5,608.7278545414324,Hybrid_XGB,0.42970952,0.022190819,0.38529548,0.14373043,0.019073792
2004,9672,633.5,580.7530361803531,Robust_Linear,0.1626447,0.016833648,0.67120117,0.14064693,0.008673559
2005,9672,592.4,587.4537004022554,Robust_Linear,0.10759869,0.097553894,0.72703016,0.06065911,0.007158143
2006,9672,616.7,599.6258908743097,Robust_Linear,0.17658624,0.057193525,0.59908205,0.15803887,0.009099366
2007,9672,602.9,617.4066387479339,Robust_Linear,0.24827605,0.07688639,0.5193238,0.14454897,0.010964772
2008,9672,541.1,612.4318028865748,Statistical_Trend,0.16469768,0.044958133,0.31826383,0.465266,0.006814367
2009,9672,707.1,606.2737242860824,Robust_Linear,0.1698305,0.13486855,0.6089847,0.07933407,0.006982143
2010,9672,712.3,615.5501249810552,V31_Solar_Gated,0.27673516,0.059295062,0.27416325,0.09042944,0.29937708
2011,9672,709.7,657.3927853186686,Hybrid_XGB,0.37551433,0.07268453,0.18435334,0.35684624,0.010601541
2012,9672,673.3,692.8563196272994,Robust_Linear,0.19333865,0.085228115,0.60134035,0.11011003,0.009982842
2013,9672,679.7,704.1719561191061,Robust_Linear,0.11388585,0.14463589,0.65119106,0.07577226,0.014514987
2014,9672,831.3,765.7928836657943,V31_Solar_Gated,0.024223143,0.037286725,0.1255395,0.0225196,0.790431
2015,9672,564.6,731.2035297369551,Robust_Linear,0.16031194,0.07333138,0.6575074,0.098954566,0.009894661
2016,9672,640.6,733.2722333423385,Robust_Linear,0.17690983,0.21965915,0.52582115,0.06162258,0.015987271
2017,9672,810.2,703.935028650221,Hybrid_XGB,0.35885504,0.055913907,0.27449208,0.29574597,0.014992969
2018,9672,473.7,621.779584651798,V31_Solar_Gated,0.1360226,0.037135288,0.11704144,0.057321925,0.6524788
2019,9672,623.9,716.4023757432029,Robust_Linear,0.3481357,0.08043907,0.4998664,0.06358204,0.007976716
2020,9672,631.1,681.4337646479904,Robust_Linear,0.120263785,0.12854706,0.5978261,0.14482191,0.008541172
2021,9672,859.8,674.8986445833618,Robust_Linear,0.116714574,0.11624657,0.6306237,0.12776445,0.008650773
2022,9672,680.4,684.2942451290543,Robust_Linear,0.36168697,0.10069101,0.42553174,0.09891291,0.013177299
2023,9672,741.9,715.1606803080118,Robust_Linear,0.26261967,0.06900167,0.53005606,0.1298267,0.0084959045
2024,9672,701.8,698.5011114019655,Hybrid_XGB,0.4161415,0.09972016,0.35444742,0.11766275,0.012028149
2000,9673,650.7,572.6979137932026,Statistical_Trend,0.08460999,0.010691568,0.12398454,0.74987,0.030843874
2001,9673,555.5,613.1242399389437,Robust_Linear,0.086109415,0.007852535,0.84978575,0.049708057,0.006544197
2002,9673,584.9,602.8396791938235,Statistical_Trend,0.22819498,0.023499427,0.16268715,0.5764346,0.009183833
2003,9673,422.4,604.5149113414644,Hybrid_XGB,0.40065852,0.014610452,0.29668215,0.08879865,0.19925018
2004,9673,619.1,562.926105562166,Robust_Linear,0.13620429,0.014111972,0.63931066,0.20273575,0.0076373294
2005,9673,558.8,573.6409165340265,Robust_Linear,0.11480397,0.13411616,0.6787993,0.064741425,0.007539139
2006,9673,592.6,578.6508301542751,Robust_Linear,0.16870472,0.13413073,0.62008095,0.06913735,0.0079462975
2007,9673,588.3,598.1137521168143,Robust_Linear,0.20533764,0.11866103,0.31128722,0.066252634,0.2984615
2008,9673,520.7,566.1703840572121,Statistical_Trend,0.1718559,0.13950223,0.08470647,0.59536237,0.008573045
2009,9673,645.6,583.2311078880547,Robust_Linear,0.18549936,0.061895452,0.56518567,0.17951265,0.007906935
2010,9673,644.5,578.8084658107075,Robust_Linear,0.301111,0.10443211,0.45122814,0.12987193,0.013356735
2011,9673,674.3,642.0118526655936,V31_Solar_Gated,0.105491504,0.08304594,0.20222697,0.06822863,0.541007
2012,9673,688.6,653.7995067920534,Robust_Linear,0.25469476,0.1050931,0.52450526,0.103249475,0.012457385
2013,9673,583.1,677.1334424347137,Robust_Linear,0.104787916,0.048984397,0.5724702,0.064233415,0.20952411
2014,9673,740.5,712.8496147091868,V31_Solar_Gated,0.03926278,0.04466502,0.057139747,0.023365969,0.8355665
2015,9673,567.7,684.9774577518306,Robust_Linear,0.28156304,0.09569403,0.5363413,0.077521905,0.008879718
2016,9673,605.2,690.9173543667134,Robust_Linear,0.16334106,0.06696606,0.58015037,0.06968884,0.11985361
2017,9673,869.8,655.39364483977,Statistical_Trend,0.25877392,0.04694272,0.27697688,0.40975085,0.0075555807
2018,9673,600.5,617.2839922709638,V31_Solar_Gated,0.1567644,0.03897535,0.124010965,0.082750626,0.59749866
2019,9673,604.4,712.6936615740635,Robust_Linear,0.15796559,0.26008344,0.49431527,0.07802112,0.009614593
2020,9673,689.3,680.6108932490796,Robust_Linear,0.36597306,0.08699589,0.40294728,0.13398862,0.010095169
2021,9673,754.8,685.205711108805,Robust_Linear,0.26857418,0.05467651,0.5989216,0.069738016,0.008089641
2022,9673,672.9,698.309840211932,Hybrid_XGB,0.45705125,0.071697734,0.37496978,0.087138526,0.009142615
2023,9673,805.0,699.8808344065379,Robust_Linear,0.3759055,0.07684189,0.38351604,0.15354484,0.01019178
2024,9673,768.7,700.7299609130132,Hybrid_XGB,0.4562049,0.073057614,0.31493178,0.14425565,0.01155001
2000,9674,660.0,561.0109976543405,Robust_Linear,0.13603488,0.0147472,0.5692835,0.23358972,0.04634472
2001,9674,520.1,613.9074803167658,Robust_Linear,0.07873615,0.0071782386,0.86488956,0.045384053,0.003811985
2002,9674,617.4,578.8737591920119,Robust_Linear,0.33439547,0.021726537,0.4219933,0.20980445,0.012080243
2003,9674,432.0,593.7216481351483,Hybrid_XGB,0.4571212,0.013860928,0.2500943,0.09441835,0.18450528
2004,9674,662.4,574.7295742613978,Robust_Linear,0.1696744,0.016253764,0.6599902,0.14526688,0.008814841
2005,9674,621.2,583.5519594543277,Robust_Linear,0.152638,0.09228424,0.6553035,0.09018933,0.009584957
2006,9674,518.0,592.7910537804732,Robust_Linear,0.3701108,0.088582784,0.39097378,0.13744675,0.01288581
2007,9674,567.6,610.7770946002819,Robust_Linear,0.2678691,0.050072245,0.3522543,0.1500801,0.1797243
2008,9674,495.5,559.1189333147157,Native_Ensemble,0.22604902,0.44142196,0.10849044,0.21234322,0.011695407
2009,9674,653.3,577.722694801395,Robust_Linear,0.17550056,0.05029618,0.6019292,0.16304167,0.009232419
2010,9674,632.7,573.7263785132361,Robust_Linear,0.26265684,0.070942774,0.5648642,0.09039116,0.011144924
2011,9674,748.4,623.008757618207,V31_Solar_Gated,0.13630153,0.031156406,0.2638951,0.051586106,0.5170609
2012,9674,670.5,658.6789866520779,Robust_Linear,0.35472423,0.07427197,0.4803024,0.08284398,0.007857424
2013,9674,570.6,675.6301326093704,Robust_Linear,0.13768372,0.08457655,0.68031436,0.08181886,0.015606542
2014,9674,769.6,700.7749047714284,V31_Solar_Gated,0.09063338,0.034173492,0.32580507,0.045798954,0.50358915
2015,9674,552.1,694.5826056402681,Robust_Linear,0.34682575,0.090071514,0.46841207,0.08620589,0.008484718
2016,9674,663.0,706.064758345321,Robust_Linear,0.15088136,0.10288427,0.5377675,0.06662488,0.14184193
2017,9674,888.9,674.2358066259669,Statistical_Trend,0.30658025,0.043395404,0.1884633,0.45551127,0.0060498365
2018,9674,646.5,646.9727206717059,V31_Solar_Gated,0.13204263,0.11104132,0.1006357,0.06509349,0.5911869
2019,9674,595.5,725.5877397066853,Robust_Linear,0.13058995,0.053429376,0.73227006,0.0756556,0.008054978
2020,9674,681.8,701.0871255813589,Hybrid_XGB,0.44985905,0.32037753,0.12282059,0.09698772,0.009955033
2021,9674,763.3,701.8804952945555,Robust_Linear,0.28984,0.05757792,0.5736094,0.07078775,0.008184877
2022,9674,594.7,709.7613206774204,Hybrid_XGB,0.5601357,0.0650738,0.28539488,0.08064237,0.008753252
2023,9674,709.7,696.5044953625248,Hybrid_XGB,0.39892146,0.09530099,0.27359498,0.22169288,0.010489722
2024,9674,636.4,689.6849196420098,Robust_Linear,0.34691098,0.11809861,0.39089644,0.12868288,0.015411046
2000,9675,665.6,578.1684718212529,Robust_Linear,0.12578352,0.013818843,0.71170765,0.11975148,0.02893848
2001,9675,561.9,617.7742468119922,Robust_Linear,0.097340904,0.007910866,0.84106404,0.049480345,0.0042038625
2002,9675,707.3,599.4170709513162,Statistical_Trend,0.3057722,0.029633831,0.12846744,0.52524894,0.010877588
2003,9675,382.6,604.7354139453644,Hybrid_XGB,0.6904033,0.0148735065,0.19882822,0.086261414,0.009633467
2004,9675,670.6,590.3746628321301,Robust_Linear,0.1902766,0.015876723,0.6030957,0.18328404,0.0074669183
2005,9675,583.9,593.0868326573458,Robust_Linear,0.14168265,0.12119774,0.672813,0.056366656,0.007940006
2006,9675,566.9,595.7232523555897,Robust_Linear,0.3151509,0.06560179,0.5291482,0.08196506,0.008134031
2007,9675,653.2,611.787249650941,Robust_Linear,0.22426268,0.10667711,0.39462996,0.04670855,0.22772172
2008,9675,592.3,593.6659236042241,Native_Ensemble,0.18699409,0.35170338,0.20799105,0.24622707,0.007084392
2009,9675,782.1,615.52526092426,Hybrid_XGB,0.32532743,0.20486052,0.3170232,0.14338303,0.009405852
2010,9675,636.8,630.125266122265,Native_Ensemble,0.34195468,0.37364984,0.17268524,0.10199359,0.009716726
2011,9675,830.2,723.1909109174637,V31_Solar_Gated,0.049518757,0.067581765,0.20961322,0.049220696,0.6240656
2012,9675,695.7,699.8226688853562,Robust_Linear,0.1312904,0.044109125,0.7215348,0.09561216,0.007453551
2013,9675,728.3,716.6422002561166,Robust_Linear,0.07909687,0.050528,0.80826646,0.050014492,0.012094259
2014,9675,913.5,795.0989772040953,V31_Solar_Gated,0.028404241,0.033851203,0.3001492,0.031298444,0.6062969
2015,9675,547.3,765.6524011248367,Robust_Linear,0.14931987,0.16822268,0.62237906,0.053149547,0.006928878
2016,9675,704.9,760.8821801571634,Robust_Linear,0.054631893,0.03300554,0.821607,0.055295568,0.03546001
2017,9675,928.9,750.9656214789129,Robust_Linear,0.34733275,0.0859897,0.4788902,0.07852911,0.009258216
2018,9675,518.5,750.1762630332755,Hybrid_XGB,0.46752748,0.094383515,0.26927698,0.15695657,0.011855433
2019,9675,713.7,777.168677850913,Robust_Linear,0.22209765,0.08064258,0.4174711,0.2682846,0.01150402
2020,9675,630.6,704.0622483353889,Hybrid_XGB,0.46939537,0.1080364,0.3046002,0.104426645,0.013541473
2021,9675,848.0,727.4195811065473,Robust_Linear,0.21015193,0.04934764,0.6671128,0.064883076,0.008504576
2022,9675,504.7,712.7429634268867,Robust_Linear,0.29033157,0.30918327,0.31034657,0.07888646,0.011252061
2023,9675,576.3,717.2620490316739,Hybrid_XGB,0.40992,0.08587368,0.31318876,0.17792006,0.013097503
2024,9675,747.8,629.4050213361027,Statistical_Trend,0.22125983,0.110542335,0.20255531,0.45772207,0.007920366
2000,9676,680.2,598.4322715184765,Robust_Linear,0.18837854,0.021046419,0.59882295,0.15527068,0.036481474
2001,9676,593.6,638.1934026697896,Robust_Linear,0.11093563,0.009672371,0.82469225,0.050236676,0.00446307
2002,9676,646.4,620.9159081659122,Hybrid_XGB,0.38908628,0.021627583,0.37761727,0.20059368,0.011075236
2003,9676,538.8,624.684942748556,Hybrid_XGB,0.558358,0.018039027,0.2867672,0.12333699,0.013498807
2004,9676,665.2,626.5279385304631,Robust_Linear,0.24661478,0.022362316,0.5753649,0.14725856,0.0083994465
2005,9676,665.1,630.6790031307708,Robust_Linear,0.20399171,0.0976742,0.5518338,0.1375801,0.008920154
2006,9676,618.7,653.2649997585926,Robust_Linear,0.28847003,0.17077976,0.4576713,0.07475647,0.008322375
2007,9676,577.1,658.7532997932473,Robust_Linear,0.22317848,0.18565309,0.40522096,0.17868033,0.0072671687
2008,9676,625.2,621.5823430253167,Native_Ensemble,0.23155816,0.45457605,0.1699175,0.13631697,0.0076313643
2009,9676,677.5,638.223792065375,Robust_Linear,0.17170575,0.20226195,0.5530459,0.06374375,0.009242609
2010,9676,661.6,636.8950200508347,Hybrid_XGB,0.3208739,0.076164044,0.25591826,0.0838139,0.26322988
2011,9676,764.9,654.5440425947396,Robust_Linear,0.35046163,0.072641656,0.4728872,0.095311664,0.008697874
2012,9676,742.3,707.1526271015518,Robust_Linear,0.3736782,0.1035183,0.4203029,0.093745574,0.008754973
2013,9676,684.9,725.6023176376874,Robust_Linear,0.17542793,0.32998374,0.39471442,0.08577718,0.014096788
2014,9676,793.8,791.7859279796506,V31_Solar_Gated,0.025894236,0.022657553,0.036963027,0.051267304,0.8632179
2015,9676,641.5,752.7941012044549,Robust_Linear,0.178665,0.23165697,0.5018646,0.08000042,0.007812967
2016,9676,756.3,741.356590471907,Native_Ensemble,0.33602628,0.42435274,0.15277037,0.072940774,0.013909857
2017,9676,893.4,761.9885406434917,Robust_Linear,0.39226618,0.10200248,0.40807098,0.0738516,0.023808727
2018,9676,712.0,716.2347714588971,V31_Solar_Gated,0.2827531,0.058858413,0.1293032,0.16350044,0.36558482
2019,9676,808.1,778.5274288796,V31_Solar_Gated,0.18438214,0.094589286,0.1803663,0.23746045,0.30320185
2020,9676,728.9,769.506830962575,Hybrid_XGB,0.40787098,0.09149183,0.15035675,0.34001663,0.010263815
2000,9677,657.5,582.0307131973626,Statistical_Trend,0.25519848,0.02005705,0.34472066,0.37129366,0.008730194
2001,9677,607.5,613.8859374627069,Robust_Linear,0.105260484,0.009071416,0.8304125,0.050849132,0.0044063353
2002,9677,655.5,614.7297016203947,Statistical_Trend,0.29805976,0.0259845,0.21389326,0.45103806,0.011024355
2003,9677,495.1,619.2318609223048,Hybrid_XGB,0.5620488,0.020379815,0.14943877,0.25556466,0.012567908
2004,9677,668.6,614.8685064645566,Robust_Linear,0.29963613,0.043743003,0.46772888,0.18002467,0.008867399
2005,9677,598.5,614.8456047234905,Robust_Linear,0.19998811,0.10505589,0.5474108,0.13913132,0.008413832
2006,9677,609.9,628.5372469327364,Statistical_Trend,0.2013042,0.04729224,0.3322412,0.4119111,0.0072512524
2007,9677,626.3,636.4626677576871,Robust_Linear,0.2813557,0.10933203,0.42431104,0.17631145,0.008689748
2008,9677,597.4,620.0236904379161,Native_Ensemble,0.23702472,0.45391485,0.14613813,0.15571404,0.007208191
2009,9677,742.0,628.2913436870724,Robust_Linear,0.23740311,0.090764046,0.59069365,0.07307054,0.008068694
2010,9677,752.8,622.8894450992067,Hybrid_XGB,0.4611435,0.080045596,0.3124561,0.13253999,0.013814857
2011,9677,790.7,693.0858974176833,Native_Ensemble,0.23638335,0.42074355,0.24611813,0.08733664,0.009418264
2012,9677,678.7,724.7341289003051,Robust_Linear,0.12089638,0.04316712,0.75950193,0.06985158,0.0065829935
2013,9677,671.1,731.6354925128924,Robust_Linear,0.09974444,0.061159022,0.7546685,0.07330765,0.011120345
2014,9677,837.9,796.360329807515,V31_Solar_Gated,0.034084156,0.044077653,0.061228324,0.032593302,0.8280166
2015,9677,471.9,755.8280340597174,Robust_Linear,0.18247046,0.10855779,0.60635203,0.09378549,0.008834291
2016,9677,750.7,741.7158684343715,Native_Ensemble,0.22857182,0.34836486,0.31074744,0.097294524,0.01502127
2017,9677,901.6,707.8512017386205,Robust_Linear,0.2414694,0.06623355,0.48600394,0.18960062,0.016692514
2018,9677,689.7,652.2518603811883,V31_Solar_Gated,0.15911327,0.036371063,0.112209946,0.056041162,0.63626456
2019,9677,696.6,750.2012246028966,V31_Solar_Gated,0.16020308,0.1772498,0.246776,0.05337316,0.362398
2020,9677,765.6,754.571052298783,Hybrid_XGB,0.41370007,0.086719885,0.4017707,0.09009142,0.007717909
2021,9677,877.5,760.8867358833196,Robust_Linear,0.29449993,0.06485672,0.564855,0.06804167,0.0077467603
2022,9677,575.6,754.020632040983,Hybrid_XGB,0.5892746,0.06779602,0.2032256,0.12862507,0.01107871
2023,9677,818.9,767.2177763904501,Statistical_Trend,0.34285632,0.07577555,0.12417124,0.4470874,0.010109478
2024,9677,897.2,738.4574537983445,Hybrid_XGB,0.41710225,0.11247331,0.34359604,0.1136171,0.013211257
2000,9678,704.5,557.5127821505496,Robust_Linear,0.114565104,0.013078976,0.6718687,0.15838613,0.042101115
2001,9678,545.4,612.0572033871931,Robust_Linear,0.050671913,0.00662774,0.8969282,0.04123888,0.00453314
2002,9678,650.0,602.0944118393395,Statistical_Trend,0.28087762,0.028145064,0.2286098,0.45068407,0.0116833905
2003,9678,373.1,589.462644278417,Hybrid_XGB,0.64812064,0.015439946,0.22214454,0.10319269,0.011102178
2004,9678,678.4,574.3023041783008,Robust_Linear,0.17556162,0.016072214,0.66165876,0.13950764,0.007199787
2005,9678,574.1,583.7256630202212,Robust_Linear,0.12869243,0.096216425,0.7081269,0.057910267,0.009053941
2006,9678,540.2,591.2568051938663,Robust_Linear,0.31112093,0.058855753,0.5518765,0.07023156,0.007915337
2007,9678,656.6,602.6094341017856,Robust_Linear,0.20352428,0.0925189,0.43998393,0.040223077,0.22374976
2008,9678,579.8,580.7635888468477,Statistical_Trend,0.18505096,0.12920974,0.15612872,0.5229612,0.006649406
2009,9678,729.2,607.3041270382874,Statistical_Trend,0.22103351,0.055721562,0.2906747,0.42541748,0.0071527422
2010,9678,705.2,619.571940441497,Native_Ensemble,0.28830883,0.45842254,0.14970478,0.09423143,0.009332389
2011,9678,780.4,700.9703544981226,V31_Solar_Gated,0.059439715,0.07303292,0.32322043,0.05034922,0.49395776
2012,9678,670.5,693.1177615617081,Robust_Linear,0.09462453,0.04090317,0.7971567,0.061196323,0.0061192764
2013,9678,636.7,705.397426376714,Robust_Linear,0.08403616,0.053647485,0.803676,0.049396556,0.009243825
2014,9678,795.9,782.5656347658495,V31_Solar_Gated,0.018753069,0.018160963,0.08384964,0.03951792,0.8397184
2015,9678,515.3,728.7543460601722,Robust_Linear,0.21532217,0.0822934,0.61542326,0.07861135,0.008349888
2016,9678,650.3,729.9985210845083,Robust_Linear,0.11546978,0.049259152,0.5622637,0.064745024,0.20826231
2017,9678,860.0,690.4918956796322,Robust_Linear,0.3635147,0.065860294,0.41551512,0.14336297,0.011747025
2018,9678,591.2,623.5378390195704,V31_Solar_Gated,0.11162265,0.043147985,0.1209542,0.062230762,0.66204435
2019,9678,574.4,723.1868522464799,Hybrid_XGB,0.362689,0.295592,0.26864368,0.06511374,0.007961502
2020,9678,615.4,671.5412909977197,Hybrid_XGB,0.45784327,0.11111435,0.30889538,0.108092524,0.014054457
2021,9678,811.8,680.0555945880634,Robust_Linear,0.1266237,0.074839145,0.6512576,0.13888246,0.008397107
2022,9678,431.3,672.4718620426211,Statistical_Trend,0.19041863,0.18619071,0.2501586,0.3626988,0.010533232
2023,9678,691.7,680.2337849843069,Robust_Linear,0.28285915,0.059522953,0.50176847,0.14467944,0.011169934
2024,9678,710.4,584.5339699135659,Statistical_Trend,0.25154525,0.11717737,0.15407304,0.46855575,0.008648495
2000,9679,720.5,617.4617684184446,Statistical_Trend,0.16881186,0.017875582,0.10051896,0.70577115,0.007022436
2001,9679,616.4,648.2466215781586,Robust_Linear,0.07601059,0.009834232,0.8534292,0.05627792,0.004448158
2002,9679,727.6,646.4229366942942,Statistical_Trend,0.2564815,0.030626405,0.2758648,0.42431074,0.0127166025
2003,9679,510.0,661.6119366070342,Hybrid_XGB,0.55033886,0.045662817,0.18874235,0.2032032,0.012052784
2004,9679,705.7,646.9804040940693,Statistical_Trend,0.23071317,0.023980979,0.2884095,0.44915223,0.0077440524
2005,9679,655.6,642.4341699203561,Robust_Linear,0.2257896,0.077561766,0.54065716,0.14493363,0.011057835
2006,9679,701.2,670.507063561192,Robust_Linear,0.36105025,0.13910754,0.43467554,0.05798012,0.0071865623
2007,9679,729.9,687.0573337723001,Statistical_Trend,0.33870098,0.038255107,0.2589893,0.35784233,0.006212336
2008,9679,693.1,702.4765065586092,Hybrid_XGB,0.41253638,0.30221865,0.10106262,0.17694761,0.007234831
2009,9679,805.0,708.3968098388683,Statistical_Trend,0.20776507,0.11915772,0.17755522,0.4856428,0.009879271
2010,9679,684.7,712.5780294219695,Hybrid_XGB,0.35795125,0.116597064,0.2853953,0.22268952,0.017366784
2011,9679,862.6,744.600019449328,Robust_Linear,0.26174444,0.2984817,0.3241506,0.09944383,0.016179448
2012,9679,756.0,771.425515729382,Robust_Linear,0.2270124,0.089893185,0.58509815,0.08914298,0.008853257
2013,9679,745.8,781.5915487818207,Robust_Linear,0.1363615,0.05921828,0.73497677,0.049983714,0.019459805
2014,9679,921.4,863.9654739441685,V31_Solar_Gated,0.02641941,0.023574717,0.075925715,0.053175714,0.8209045
2015,9679,616.8,816.3471393129317,Robust_Linear,0.2104876,0.263852,0.45589697,0.061750893,0.008012579
2016,9679,826.1,824.7908655445351,Robust_Linear,0.191776,0.2005185,0.54632056,0.047390062,0.013994828
2017,9679,954.7,802.3901838418823,Hybrid_XGB,0.44406867,0.0626575,0.26929632,0.21123108,0.012746461
2018,9679,601.8,719.2461792685966,V31_Solar_Gated,0.1920835,0.033953242,0.11200703,0.042815197,0.61914104
2019,9679,792.9,824.3178836714823,V31_Solar_Gated,0.16165057,0.07570761,0.24046534,0.18401046,0.33816603
2020,9679,724.6,780.6527709846109,Hybrid_XGB,0.5026049,0.081064194,0.3194104,0.08403891,0.012881496
2021,9679,894.7,803.4183866196753,Robust_Linear,0.22728801,0.04810581,0.5792951,0.1368133,0.008497794
2022,9679,618.7,761.3445410330303,Hybrid_XGB,0.5022779,0.11765399,0.24729095,0.117997244,0.014779981
2023,9679,622.5,787.4272121733603,Hybrid_XGB,0.48082525,0.10003777,0.26719576,0.13878135,0.013159856
2024,9679,796.5,706.7401484566161,Statistical_Trend,0.3369738,0.1511609,0.09730537,0.4056819,0.008877965
2000,9761,736.6,649.2644450077544,Statistical_Trend,0.119018376,0.013698535,0.14961319,0.6687002,0.048969664
2001,9761,647.2,689.6492587380461,Robust_Linear,0.08734671,0.019085811,0.83348405,0.054006726,0.0060766633
2002,9761,751.3,689.830429376511,Statistical_Trend,0.16039734,0.029430896,0.16559003,0.6352539,0.009327841
2003,9761,648.4,701.4418534502516,Hybrid_XGB,0.45301527,0.037282877,0.1692363,0.32450438,0.015961206
2004,9761,740.6,705.9611861833508,Statistical_Trend,0.14475127,0.03690115,0.2925702,0.5125734,0.013203973
2005,9761,682.9,706.1884927846966,Statistical_Trend,0.19418097,0.071591936,0.22942945,0.49637163,0.008426086
2006,9761,685.8,719.8187581398058,Statistical_Trend,0.38695055,0.035273585,0.14728408,0.4233277,0.0071640513
2007,9761,765.6,723.9670336634045,Robust_Linear,0.24066289,0.066983365,0.6177019,0.067469545,0.0071822973
2008,9761,730.4,707.8493702322208,Statistical_Trend,0.14232062,0.22166678,0.058033153,0.5703272,0.0076522785
2009,9761,749.5,731.9901759772079,Statistical_Trend,0.23697893,0.07421554,0.16778262,0.5121305,0.008892422
2010,9761,700.8,759.965788297092,Hybrid_XGB,0.36719224,0.14346679,0.2278808,0.25169247,0.0097677335
2011,9761,866.1,791.0300113095115,V31_Solar_Gated,0.05749832,0.05359197,0.09573214,0.07723076,0.71594685
2012,9761,782.6,781.5930847613323,Robust_Linear,0.35784218,0.18113203,0.38762915,0.066239044,0.007157543
2013,9761,681.5,803.5371012949155,Robust_Linear,0.2788172,0.26654047,0.38287404,0.06353263,0.008235686
2014,9761,908.0,837.7566770012411,V31_Solar_Gated,0.07671793,0.04346906,0.18642716,0.034689732,0.6586961
2015,9761,739.3,794.5623343221822,Statistical_Trend,0.14915861,0.03231821,0.15801147,0.6511542,0.009357494
2016,9761,801.0,846.5468609636966,Robust_Linear,0.13080026,0.07742117,0.5860661,0.068763845,0.13694859
2000,9771,733.2,631.5251679542927,Robust_Linear,0.10323487,0.01249192,0.60201573,0.24100636,0.041251067
2001,9771,638.6,667.4998765107207,Robust_Linear,0.15165631,0.013373067,0.59757334,0.107470036,0.12992714
2002,9771,681.9,665.6387328972787,Hybrid_XGB,0.37202156,0.027579533,0.23576988,0.35360113,0.0110279145
2003,9771,641.0,675.0266055926005,Hybrid_XGB,0.6360253,0.017892687,0.20819832,0.1237335,0.014150082
2004,9771,705.1,663.0787368319764,Statistical_Trend,0.228805,0.028223505,0.18658993,0.53989834,0.016483221
2005,9771,716.9,675.2401486951131,Statistical_Trend,0.23653343,0.093246855,0.11837709,0.5432664,0.008576201
2006,9771,677.1,695.4023850313847,Statistical_Trend,0.35704958,0.06588609,0.1829118,0.3848621,0.009290416
2007,9771,761.6,710.5288921554886,Robust_Linear,0.37020677,0.06397849,0.45950904,0.097537,0.00876855
2008,9771,754.4,724.9983896589895,Statistical_Trend,0.32186022,0.13995329,0.14675781,0.38316706,0.008261624
2009,9771,769.2,737.0733593172796,Statistical_Trend,0.19887784,0.10772805,0.25981146,0.42216706,0.011415577
2010,9771,768.9,751.5710663350666,Statistical_Trend,0.2935729,0.10350787,0.26904148,0.32086825,0.013009542
2011,9771,848.1,830.023977283032,V31_Solar_Gated,0.038452495,0.025952222,0.07869763,0.08124098,0.7756567
2012,9771,824.6,803.2743091133913,Robust_Linear,0.2157525,0.064076595,0.53175044,0.17968673,0.008733664
2013,9771,741.9,812.7854773298533,Robust_Linear,0.13343383,0.13178879,0.67054296,0.056569148,0.007665315
2014,9771,973.7,880.0840704875307,V31_Solar_Gated,0.03902737,0.05796087,0.118617974,0.032731242,0.75166255
2015,9771,762.2,835.145105204269,Robust_Linear,0.18521407,0.06728977,0.46792394,0.2655,0.014072212
2016,9771,870.2,877.772940645422,Robust_Linear,0.051503703,0.041054364,0.693148,0.04498018,0.16931374
2017,9771,950.9,902.5001964272624,V31_Solar_Gated,0.053434048,0.04672278,0.17901772,0.024322214,0.6965033
2018,9771,954.2,858.5098551188287,Native_Ensemble,0.23729257,0.34839532,0.19614144,0.20085083,0.017319843
2019,9771,948.9,909.8539813228531,Robust_Linear,0.2053666,0.22620639,0.46043858,0.0967568,0.011231592
2020,9771,995.4,949.3237691618485,Statistical_Trend,0.22646555,0.19347978,0.07524239,0.49605924,0.008752985
2021,9771,897.5,943.8444644598798,Statistical_Trend,0.22454482,0.10906764,0.32323313,0.32725188,0.015902495
2022,9771,932.7,968.6869369463165,Robust_Linear,0.16161567,0.20933074,0.5217119,0.09700922,0.010332459
2023,9771,974.0,966.5210440853073,Robust_Linear,0.22068426,0.24365133,0.34815603,0.17728187,0.010226447
2024,9771,969.5,970.027835450886,Native_Ensemble,0.29515332,0.36085162,0.115885876,0.21739066,0.010718525
2000,9772,722.1,633.2260009739514,Statistical_Trend,0.06826934,0.008956835,0.099656686,0.80035514,0.02276202
2001,9772,619.5,669.7669926770548,Robust_Linear,0.08015257,0.008001071,0.8515009,0.054225437,0.0061200047
2002,9772,683.8,671.1959289238948,Statistical_Trend,0.28899258,0.026533123,0.16130088,0.51478773,0.008385666
2003,9772,644.1,665.9066906949863,Hybrid_XGB,0.4139619,0.025096782,0.33005267,0.20425995,0.026628748
2004,9772,698.8,655.6581532454337,Statistical_Trend,0.28493452,0.02609106,0.19301936,0.48080534,0.0151497945
2005,9772,665.2,680.4480786409499,Statistical_Trend,0.2639787,0.060636457,0.15323909,0.5126582,0.009487595
2006,9772,662.2,692.8279750445444,Robust_Linear,0.34229347,0.11893818,0.44915637,0.08122267,0.0083893705
2007,9772,761.9,696.0226268835536,Robust_Linear,0.2311259,0.06423573,0.6420614,0.055289507,0.007287403
2008,9772,699.6,698.4433010092943,Statistical_Trend,0.115592204,0.32343444,0.06312579,0.45865268,0.03919491
2009,9772,748.4,716.7355741159553,Statistical_Trend,0.2261341,0.07177163,0.17607501,0.5183384,0.007680837
2010,9772,722.7,735.0723068011181,Robust_Linear,0.2801037,0.04962056,0.44730264,0.21502525,0.007947891
2011,9772,864.8,783.7723599948929,V31_Solar_Gated,0.096867226,0.070801295,0.09951474,0.044559963,0.68825674
2012,9772,856.8,778.5833165179159,Robust_Linear,0.3525167,0.054312624,0.4188211,0.16614291,0.00820668
2013,9772,743.1,804.4334464976291,Robust_Linear,0.16398728,0.061529398,0.68237275,0.08340781,0.00870272
2014,9772,973.2,834.6803896855487,Robust_Linear,0.052528974,0.061183743,0.5455544,0.04562311,0.29510975
2015,9772,715.9,834.423878758494,Robust_Linear,0.15439956,0.19960056,0.5494066,0.08035513,0.016238192
2016,9772,829.2,845.4749503415028,Robust_Linear,0.036815148,0.034741435,0.8515668,0.045247983,0.03162861
2017,9772,948.9,844.291148843626,Robust_Linear,0.17061664,0.29018873,0.4551159,0.06930208,0.014776619
2018,9772,817.3,843.5827761845538,Native_Ensemble,0.24021453,0.3260673,0.22158678,0.19182278,0.020308603
2019,9772,941.0,873.9678212547659,Statistical_Trend,0.20286334,0.088469185,0.34129795,0.3573043,0.010065187
2020,9772,946.9,886.9554216691905,Statistical_Trend,0.16692004,0.23231606,0.07279438,0.52006125,0.007908245
2021,9772,818.1,891.3480731570472,Statistical_Trend,0.25239626,0.08739826,0.30837294,0.33714938,0.014683213
2022,9772,903.3,923.7851892435502,Robust_Linear,0.15449266,0.06868122,0.4551522,0.3127216,0.008952282
2023,9772,952.4,918.1651421784209,Statistical_Trend,0.27923244,0.05696385,0.2624806,0.3928681,0.008455026
2024,9772,932.0,916.6352663273201,Statistical_Trend,0.20826235,0.23983638,0.0899422,0.45278454,0.009174572
2000,9773,707.5,629.3214168327044,Robust_Linear,0.11229647,0.016633924,0.70615077,0.12883332,0.03608559
2001,9773,647.1,670.3382771762382,Robust_Linear,0.09858209,0.0077341343,0.8378759,0.050114743,0.0056931255
2002,9773,700.8,660.0701855100323,Statistical_Trend,0.30578774,0.026382035,0.19982335,0.4573674,0.0106394915
2003,9773,569.5,677.1409437480247,Hybrid_XGB,0.5794615,0.030003851,0.19282,0.11383175,0.083882876
2004,9773,677.8,659.3669816547848,Robust_Linear,0.27540308,0.02184857,0.48413813,0.21034056,0.008269655
2005,9773,684.2,656.1615277356905,Robust_Linear,0.24292974,0.0891273,0.54462546,0.11282097,0.010496531
2006,9773,691.9,662.3210141555061,Robust_Linear,0.37948877,0.090808354,0.38360032,0.13481778,0.011284711
2007,9773,727.5,696.9170351542647,Statistical_Trend,0.30005452,0.0399568,0.27275756,0.3804476,0.00678348
2008,9773,713.0,676.9233543952693,Statistical_Trend,0.2203958,0.2701894,0.076623,0.31671104,0.116080776
2009,9773,754.6,714.5805570092575,Native_Ensemble,0.26022935,0.39377877,0.20503049,0.1302084,0.010752945
2010,9773,766.4,723.9359772814089,Statistical_Trend,0.21875818,0.062396377,0.30281729,0.40657094,0.009457162
2011,9773,848.3,814.0453547603909,V31_Solar_Gated,0.020890055,0.023173906,0.062771365,0.05734001,0.83582467
2012,9773,856.0,796.0774479485226,Robust_Linear,0.21769099,0.07974119,0.5783179,0.110619366,0.01363066
2013,9773,694.4,807.6037320918736,Robust_Linear,0.11349666,0.15242815,0.6652991,0.060810357,0.007965822
2014,9773,894.5,855.5312963023323,V31_Solar_Gated,0.03154044,0.035814095,0.2524868,0.040423773,0.63973486
2015,9773,664.7,815.6808152792274,Robust_Linear,0.15754,0.24793361,0.48781022,0.089583986,0.017132087
2016,9773,810.0,849.3051122736874,Robust_Linear,0.058886953,0.084212326,0.49731913,0.059928186,0.29965344
2017,9773,967.2,802.3671375608707,Hybrid_XGB,0.3550501,0.1506309,0.32776532,0.15398332,0.012570312
2018,9773,747.6,813.0663623758976,Hybrid_XGB,0.3271377,0.094376,0.3053845,0.2612235,0.011878265
2019,9773,923.9,842.5833814869883,Robust_Linear,0.22979465,0.29790547,0.35701942,0.10482479,0.010455649
2020,9773,972.9,836.1571770511359,Native_Ensemble,0.23452589,0.44933605,0.107804015,0.19865581,0.009678281
2021,9773,857.1,868.105487547527,Robust_Linear,0.19086903,0.19915912,0.31062928,0.105821475,0.19352113
2022,9773,817.9,904.0739698498343,Robust_Linear,0.13914177,0.20826277,0.55889726,0.08540412,0.008294042
2023,9773,975.2,890.7374605907687,Statistical_Trend,0.14462173,0.072855435,0.18609446,0.40766406,0.18876436
2024,9773,1037.0,901.0234903462296,Native_Ensemble,0.2765768,0.36705732,0.11910808,0.2264086,0.010849232
2000,9774,716.8,634.8496145222621,Robust_Linear,0.09656745,0.013977449,0.6092198,0.24464974,0.035585545
2001,9774,640.6,676.010980988026,Robust_Linear,0.09471626,0.0074218987,0.84385294,0.04983811,0.0041707787
2002,9774,701.5,670.0753844888602,Statistical_Trend,0.2966212,0.030888906,0.19338913,0.46812263,0.010978133
2003,9774,607.8,662.1920922445748,Hybrid_XGB,0.5190593,0.035485663,0.25187138,0.17823291,0.015350734
2004,9774,701.2,651.1565232509283,Statistical_Trend,0.26545772,0.030737823,0.16059716,0.52608466,0.017122643
2005,9774,668.1,676.0446387085007,Robust_Linear,0.35112944,0.08199798,0.42748696,0.12938826,0.009997311
2006,9774,687.9,686.1354145113229,Robust_Linear,0.30223557,0.120175615,0.49326363,0.076227404,0.008097755
2007,9774,752.3,697.6345436214157,Robust_Linear,0.28540966,0.11013903,0.5136671,0.082688585,0.008095585
2008,9774,682.1,697.5670455721806,Native_Ensemble,0.2096547,0.32261658,0.18158385,0.1690819,0.11706298
2009,9774,733.9,712.8301959036902,Statistical_Trend,0.21191014,0.058881897,0.1644367,0.5563928,0.008378532
2010,9774,736.6,725.0457104279793,Hybrid_XGB,0.36850926,0.042146694,0.24936554,0.33248737,0.007491051
2011,9774,873.7,784.7841542342749,V31_Solar_Gated,0.054063763,0.05292516,0.055798925,0.031496912,0.8057152
2012,9774,788.9,769.3295606850838,Robust_Linear,0.24971148,0.06876203,0.44801855,0.22423297,0.009274943
2013,9774,644.2,797.5896787567278,Robust_Linear,0.16679901,0.20156242,0.56319374,0.06024847,0.008196327
2014,9774,896.6,830.6837626769661,V31_Solar_Gated,0.046616845,0.055255115,0.047022235,0.027160006,0.8239458
2015,9774,770.4,787.5787886955306,Hybrid_XGB,0.51148903,0.044971,0.20964213,0.22154354,0.0123543
2016,9774,807.3,837.0622822897909,Statistical_Trend,0.06899828,0.04563855,0.087899216,0.73086435,0.066599645
2017,9774,1027.4,820.9711806034124,Robust_Linear,0.33297482,0.096230425,0.4807557,0.074461974,0.0155771775
2018,9774,874.7,834.9833913361572,Native_Ensemble,0.27638662,0.30571845,0.19222002,0.21012959,0.015545285
2019,9774,981.6,883.2030793370409,Robust_Linear,0.217199,0.11271505,0.35425174,0.30387026,0.011963939
2020,9774,979.6,930.1199302977802,Statistical_Trend,0.16029194,0.2043507,0.086597174,0.53675133,0.012008843
2021,9774,886.3,925.0773914830099,Robust_Linear,0.22289161,0.10421271,0.4128108,0.24027428,0.019810485
2022,9774,1020.0,949.4436088925393,Robust_Linear,0.14186712,0.20362437,0.388408,0.10084273,0.16525775
2023,9774,930.0,960.1733561211361,Robust_Linear,0.12690322,0.16591685,0.6224038,0.07638992,0.008386164
2000,9775,677.9,645.2956628877344,Robust_Linear,0.09752775,0.0124446405,0.6377841,0.2205552,0.031688277
2001,9775,639.4,661.600944947284,Robust_Linear,0.21760508,0.012204193,0.6865684,0.076758415,0.0068639223
2002,9775,704.9,646.0578103081652,Hybrid_XGB,0.42379117,0.021525996,0.37950033,0.16377552,0.0114069665
2003,9775,665.3,707.4182319590195,V31_Solar_Gated,0.1981031,0.015055147,0.13845308,0.14232327,0.50606537
2004,9775,649.8,664.7046081666152,Statistical_Trend,0.31952837,0.030812336,0.1961422,0.4371188,0.01639824
2005,9775,674.1,661.964672525969,Robust_Linear,0.29187948,0.13975242,0.39612168,0.16037129,0.011875141
2006,9775,637.4,684.0537757240356,Robust_Linear,0.36218795,0.062304668,0.493559,0.07406008,0.007888318
2007,9775,695.1,689.1484697356947,Robust_Linear,0.23252937,0.060195062,0.6162226,0.08083731,0.010215653
2008,9775,678.4,673.1344561772153,Native_Ensemble,0.24461684,0.48465475,0.13438718,0.12915334,0.007187822
2009,9775,709.5,677.0973469148411,Robust_Linear,0.35298157,0.08025526,0.43740687,0.11952023,0.009836
2010,9775,711.4,699.8895358699634,Statistical_Trend,0.18727048,0.036416475,0.32099143,0.44930375,0.0060178298
2011,9775,788.1,742.8316612823338,V31_Solar_Gated,0.104943395,0.035558477,0.12369792,0.06658732,0.66921294
2012,9775,703.9,726.6900395678325,Hybrid_XGB,0.38516536,0.05992931,0.19294773,0.35285327,0.00910429
2013,9775,577.2,750.564528864496,Robust_Linear,0.3647001,0.100490406,0.446035,0.079359375,0.009415092
2014,9775,741.7,727.1558353875167,V31_Solar_Gated,0.05087545,0.04778581,0.14303459,0.040915795,0.7173884
2015,9775,574.7,708.8417911673572,Statistical_Trend,0.1261697,0.04456673,0.19862744,0.6224152,0.008220974
2016,9775,696.9,690.6232063961697,Native_Ensemble,0.14755192,0.34102672,0.12910964,0.069834486,0.31247732
2017,9775,839.0,694.2884148276157,Robust_Linear,0.15859742,0.09989527,0.5149551,0.20873569,0.017816516
2018,9775,780.2,719.806376786365,Robust_Linear,0.32826513,0.09341389,0.40546063,0.15863948,0.014220804
2019,9775,785.0,744.9142801235515,Hybrid_XGB,0.3970374,0.39079782,0.12282958,0.08058247,0.008752824
2020,9775,835.2,760.1276552581182,Statistical_Trend,0.2572181,0.160072,0.08632595,0.4875427,0.008841316
2021,9775,740.5,785.3263294580687,Hybrid_XGB,0.3180745,0.22556889,0.31121677,0.13364398,0.01149577
2000,9777,673.7,566.412551577156,Robust_Linear,0.09263323,0.021790978,0.7304213,0.13223585,0.022918664
2001,9777,572.9,604.4059537678725,Robust_Linear,0.084562026,0.016828666,0.85206544,0.04124604,0.0052979505
2002,9777,597.3,584.6327913409093,Hybrid_XGB,0.47845063,0.04555299,0.23097032,0.23599741,0.009028691
2003,9777,553.4,613.0049129929153,Hybrid_XGB,0.39875492,0.022638557,0.24720721,0.09779342,0.2336059
2004,9777,635.7,579.0258945829673,Robust_Linear,0.3140471,0.029840296,0.4218189,0.22005934,0.014234406
2005,9777,718.9,598.7328960893957,Robust_Linear,0.33020604,0.08112339,0.465354,0.115221106,0.00809546
2006,9777,696.0,646.3320932383112,Robust_Linear,0.14778306,0.31676835,0.47554252,0.054408528,0.0054976507
2007,9777,748.0,672.9976485354051,Robust_Linear,0.30470017,0.18748955,0.30716464,0.19000076,0.010644876
2008,9777,786.3,707.6247576695968,Statistical_Trend,0.27415565,0.24976353,0.11843871,0.34603018,0.011611928
2009,9777,749.2,730.9734901798578,Robust_Linear,0.29218754,0.07423302,0.38349885,0.23284332,0.017237186
2010,9777,754.3,747.2309084027053,Robust_Linear,0.25346884,0.1800968,0.48697156,0.0705366,0.008926282
2011,9777,629.8,767.6915729873953,Robust_Linear,0.07311659,0.08023483,0.56655306,0.06970348,0.21039201
2012,9777,696.8,733.8660418035299,Robust_Linear,0.21013182,0.2377663,0.48808736,0.057049073,0.0069655096
2013,9777,626.0,715.9082611507863,Hybrid_XGB,0.482093,0.31487662,0.12562536,0.06935705,0.008047974
2014,9777,999.8,728.1755887833735,V31_Solar_Gated,0.07910002,0.043093417,0.215318,0.041995246,0.6204933
2015,9777,632.2,763.4197932228922,Robust_Linear,0.28291002,0.28704298,0.32582048,0.084558815,0.019667763
2016,9777,720.0,814.2248212880855,V31_Solar_Gated,0.072893836,0.1173738,0.32733566,0.037955463,0.44444114
2000,9778,646.9,620.9493310693573,Statistical_Trend,0.07636142,0.010629548,0.10899275,0.7733644,0.030651877
2001,9778,588.1,634.8252420580693,Robust_Linear,0.17104273,0.01993425,0.63960296,0.1595799,0.00984019
2002,9778,645.2,623.4718694271297,Statistical_Trend,0.25568458,0.024177216,0.14727974,0.56428933,0.008569082
2003,9778,645.9,662.7789073839076,V31_Solar_Gated,0.12312982,0.013207242,0.23867692,0.18574943,0.43923664
2004,9778,687.3,640.2611549991398,Statistical_Trend,0.17901903,0.027730707,0.21233353,0.56135815,0.019558562
2005,9778,676.3,657.3611105849258,Statistical_Trend,0.16369183,0.10861422,0.30569062,0.4113723,0.0106311
2006,9778,634.7,676.1936061294184,Robust_Linear,0.20813768,0.06077247,0.38706395,0.3358042,0.008221665
2007,9778,733.0,678.8956591929696,Hybrid_XGB,0.41011187,0.16140851,0.32500586,0.09262542,0.010848399
2008,9778,659.9,669.0625152422323,Robust_Linear,0.1794175,0.25289038,0.32053778,0.15819672,0.08895764
2009,9778,658.7,683.1152024201966,Statistical_Trend,0.16392238,0.06972965,0.367683,0.38894606,0.0097189
2010,9778,705.4,685.3322865390729,Robust_Linear,0.4006918,0.10149054,0.4152469,0.074166976,0.00840373
2011,9778,701.9,722.5374291762708,V31_Solar_Gated,0.10163358,0.08117453,0.2905879,0.0470142,0.47958988
2012,9778,730.5,704.6794512620797,Hybrid_XGB,0.32708886,0.2910867,0.31979513,0.054248318,0.0077809845
2013,9778,787.5,719.3511528507074,Hybrid_XGB,0.4168699,0.11329872,0.38900393,0.072391994,0.008435533
2014,9778,867.2,797.4498364694427,V31_Solar_Gated,0.03557996,0.080165364,0.12855043,0.030276414,0.7254278
2015,9778,671.9,769.2298345777,Robust_Linear,0.104263954,0.06944707,0.753165,0.06127515,0.0118488
2016,9778,850.0,824.1355553294343,V31_Solar_Gated,0.0729449,0.11053059,0.1896798,0.06366302,0.5631817
2000,9779,717.9,634.1800041791095,Statistical_Trend,0.07421207,0.009036533,0.120617315,0.77226704,0.02386701
2001,9779,625.8,671.0171359884343,Robust_Linear,0.070809886,0.00653038,0.87583506,0.042008843,0.004815825
2002,9779,726.1,664.4751517750894,Statistical_Trend,0.22015682,0.02338159,0.15050158,0.59644306,0.009517026
2003,9779,627.9,671.9601615036337,Hybrid_XGB,0.66870576,0.019811662,0.148714,0.095091395,0.06767723
2004,9779,709.9,683.1758223118061,Statistical_Trend,0.2747906,0.029536286,0.1990296,0.48696792,0.009675609
2005,9779,710.5,679.8946680780219,Statistical_Trend,0.21836819,0.065741025,0.15756336,0.5490611,0.009266251
2006,9779,664.3,693.7956351166048,Statistical_Trend,0.25836015,0.049186535,0.17348349,0.5101345,0.008835294
2007,9779,790.3,714.0573228889115,Hybrid_XGB,0.4296137,0.06597076,0.22962973,0.26633152,0.008454189
2008,9779,743.0,720.0392223898879,Statistical_Trend,0.2574526,0.19520637,0.08126723,0.4560655,0.010008293
2009,9779,793.0,740.9839674837865,Statistical_Trend,0.184934,0.08452812,0.31843665,0.39913583,0.012965442
2010,9779,712.3,746.4990854006093,Robust_Linear,0.29234588,0.20055665,0.37653336,0.11504954,0.015514591
2011,9779,871.9,824.1307364807587,V31_Solar_Gated,0.04015203,0.051171068,0.12028464,0.039913893,0.74847835
2012,9779,817.7,793.534954340647,Robust_Linear,0.408571,0.030828282,0.4121786,0.14134033,0.0070817806
2013,9779,700.2,803.8070346186802,Robust_Linear,0.12525114,0.048441567,0.7446483,0.07364394,0.008015107
2014,9779,927.8,863.1890768581272,V31_Solar_Gated,0.026627041,0.022148442,0.23674197,0.031487443,0.682995
2015,9779,731.3,803.0060350753797,Hybrid_XGB,0.47131,0.2921645,0.1539337,0.0693424,0.013249395
2016,9779,829.5,844.5640848833859,Robust_Linear,0.0576789,0.06398691,0.71605706,0.05548273,0.10679434
2017,9779,896.3,831.2697978743973,Hybrid_XGB,0.47820097,0.076273814,0.3754885,0.056827277,0.0132095525
2018,9779,895.6,813.6810150057953,Robust_Linear,0.29103598,0.0977169,0.3489357,0.24677366,0.015537778
2019,9779,940.7,849.2405995757005,Robust_Linear,0.27052033,0.3051875,0.3154775,0.0966442,0.012170476
2020,9779,915.6,880.9104306281064,Native_Ensemble,0.27766144,0.41313705,0.08883647,0.20933193,0.011033083
2021,9779,835.2,897.2870710784673,Robust_Linear,0.25596127,0.2014071,0.4101402,0.118140675,0.014350691
2022,9779,790.7,915.3569031820383,Robust_Linear,0.15263803,0.059502933,0.49001625,0.28912216,0.008720555
2023,9779,893.2,886.7465122023737,Statistical_Trend,0.2582331,0.07533358,0.20681357,0.44876575,0.010854007
2024,9779,974.0,869.2340274423536,Native_Ensemble,0.30258217,0.4022407,0.12208943,0.16121283,0.011874809
2009,9780,693.5,728.3602070318719,Robust_Linear,0.19711974,0.18519226,0.53491503,0.074051395,0.008721557
2000,12060,523.2,515.8004710390817,Statistical_Trend,0.06289381,0.01012264,0.06718492,0.80947924,0.05031946
2001,12060,504.6,518.8809765216971,Robust_Linear,0.28049225,0.014117906,0.32409555,0.31462613,0.066668205
2002,12060,521.0,511.600697765777,Statistical_Trend,0.14587855,0.014094708,0.361364,0.46773836,0.010924365
2013,12060,437.3,639.9445744369326,Statistical_Trend,0.18421036,0.051443793,0.3743613,0.37715495,0.012829559
2000,12061,362.0,448.76914409012903,Statistical_Trend,0.16233627,0.012673194,0.11578665,0.69905144,0.010152463
2001,12061,468.7,454.14303640073837,Robust_Linear,0.03935306,0.005200239,0.8840701,0.04590546,0.025471138
2002,12061,532.5,462.13963042597567,Robust_Linear,0.06951064,0.0082573285,0.849159,0.06475398,0.008319127
2003,12061,334.6,429.2376227004091,Hybrid_XGB,0.7618162,0.011847737,0.117288984,0.098649204,0.010397897
2004,12061,541.3,451.2674284064578,Robust_Linear,0.1944219,0.009881002,0.6998676,0.08643781,0.009391736
2000,12062,486.1,522.7753100227121,Statistical_Trend,0.09903997,0.009391216,0.2279835,0.65586555,0.007719778
2001,12062,574.9,515.4184207514978,Robust_Linear,0.13504499,0.012353614,0.6763321,0.13358025,0.042689018
2002,12062,523.4,532.3892608830099,Robust_Linear,0.36650154,0.019014847,0.41275588,0.19039457,0.011333182
2003,12062,318.9,519.3112265268185,Hybrid_XGB,0.40740657,0.015606575,0.26217178,0.182033,0.13278207
2004,12062,552.4,486.93484229879414,Robust_Linear,0.27506396,0.01121876,0.613542,0.09169987,0.008475318
2005,12062,580.5,525.1651136187162,Robust_Linear,0.06531227,0.13413166,0.73295635,0.060057897,0.0075418963
2006,12062,470.9,513.7403243890137,Hybrid_XGB,0.41387245,0.06749894,0.38273513,0.12563434,0.010259112
2007,12062,640.3,554.4376188823379,Robust_Linear,0.14126112,0.11713913,0.5862983,0.046913434,0.108387955
2008,12062,520.8,528.3919165251017,Statistical_Trend,0.10498848,0.38686517,0.06363696,0.43468302,0.009826247
2009,12062,622.6,557.3402440783707,Statistical_Trend,0.18969162,0.05429647,0.13299279,0.6116101,0.011409018
2010,12062,645.6,558.6537310485743,Hybrid_XGB,0.32099596,0.07916625,0.280055,0.30644163,0.013341219
2011,12062,665.2,651.3308538160369,V31_Solar_Gated,0.11254199,0.032401368,0.06881377,0.17287341,0.61336946
2012,12062,652.5,648.6486514414657,Statistical_Trend,0.30348566,0.055706922,0.26400575,0.36655954,0.010242097
2013,12062,480.7,677.435328776402,Robust_Linear,0.19850945,0.3348261,0.34576803,0.10716912,0.0137272235
2014,12062,775.8,644.8747658846758,Robust_Linear,0.28358847,0.080707386,0.5118076,0.10795395,0.015942538
2015,12062,622.8,665.4432063617226,Statistical_Trend,0.083227195,0.028980598,0.18094178,0.63941914,0.06743136
2016,12062,755.6,663.5974155953504,Robust_Linear,0.35661757,0.12254312,0.3842839,0.12118764,0.0153677855
2017,12062,730.1,691.1353770153729,Hybrid_XGB,0.44197226,0.075760774,0.35114056,0.122322805,0.008803589
2018,12062,698.7,733.9652093987748,Hybrid_XGB,0.43700835,0.06681424,0.19561084,0.29220906,0.008357508
2019,12062,671.2,653.4648535843195,V31_Solar_Gated,0.12297118,0.056406368,0.09069434,0.15842272,0.5715054
2000,12063,487.3,449.8339507588798,Robust_Linear,0.041002646,0.0062607117,0.87626046,0.07094208,0.0055341315
2001,12063,428.4,461.017759364842,Statistical_Trend,0.12690885,0.013171431,0.20484145,0.6429723,0.012105951
2002,12063,413.6,460.6630402546131,Robust_Linear,0.3816037,0.017727176,0.3884892,0.19756792,0.014611997
2003,12063,347.9,462.26431293195316,Hybrid_XGB,0.44885403,0.018160922,0.4006888,0.11795221,0.014344122
2004,12063,551.0,454.1230676190726,Robust_Linear,0.0778239,0.008726614,0.8538424,0.049955815,0.009651211
2005,12063,485.0,479.84168646878163,Robust_Linear,0.11335014,0.062906735,0.730432,0.08181218,0.011498943
2006,12063,389.9,433.7456848496841,Hybrid_XGB,0.67261225,0.06546009,0.13563262,0.11630368,0.00999135
2007,12063,466.2,490.51261771972975,Robust_Linear,0.09396369,0.10570431,0.33252326,0.16710645,0.30070227
2009,12063,584.4,475.53651704229196,Robust_Linear,0.1773279,0.055802193,0.4749589,0.101371676,0.19053936
2010,12063,427.8,493.6821367647628,Hybrid_XGB,0.59265304,0.046883307,0.10954459,0.24217238,0.008746732
2011,12063,623.8,555.6071827834576,V31_Solar_Gated,0.07446429,0.01768095,0.06226251,0.045966424,0.7996258
2012,12063,583.5,547.654832740188,Robust_Linear,0.23310716,0.064562224,0.43816018,0.25508413,0.009086321
2013,12063,675.7,620.6401045561165,V31_Solar_Gated,0.08910387,0.041882057,0.046731126,0.044192202,0.7780908
2014,12063,913.6,613.9649447876459,Native_Ensemble,0.25337124,0.3728522,0.2055817,0.14492491,0.02326989
2015,12063,800.9,775.9663827378239,V31_Solar_Gated,0.06664426,0.031501967,0.05201922,0.057143886,0.7926907
2016,12063,769.8,757.6373035113952,Hybrid_XGB,0.35114196,0.10760413,0.23857258,0.281678,0.02100332
2017,12063,822.8,791.256393277,Hybrid_XGB,0.30348924,0.14930768,0.24627659,0.27785686,0.023069637
2018,12063,431.8,811.1592609518617,Hybrid_XGB,0.3544896,0.09749911,0.24998978,0.27541968,0.022601815
2019,12063,618.2,708.6529423369498,Hybrid_XGB,0.35647947,0.22463512,0.20350318,0.20046249,0.014919748
2020,12063,781.3,673.428188821247,Statistical_Trend,0.22331862,0.23453125,0.07149209,0.46140024,0.009257812
2021,12063,688.6,717.9308824010282,Hybrid_XGB,0.4356272,0.14837432,0.22489908,0.17946708,0.011632339
2022,12063,545.2,700.467329057638,Hybrid_XGB,0.45349136,0.14786159,0.28067484,0.10477386,0.013198325
2023,12063,634.3,680.6128727171891,Robust_Linear,0.24981582,0.17774343,0.39553565,0.15803233,0.018872803
2024,12063,738.2,699.167485427679,Robust_Linear,0.23036905,0.10399099,0.58452976,0.07040677,0.010703424
2000,12064,490.2,472.1309377493508,Statistical_Trend,0.0673362,0.016498385,0.11413037,0.7723019,0.02973309
2001,12064,483.0,478.2597925578136,Robust_Linear,0.16272007,0.01363961,0.4184402,0.35981637,0.04538378
2002,12064,533.7,491.2997074679758,Robust_Linear,0.24248645,0.0189372,0.42249936,0.3056446,0.0104323905
2003,12064,436.6,481.94670078845945,Hybrid_XGB,0.56082773,0.019313505,0.25290516,0.15408617,0.012867441
2004,12064,527.9,480.4276717390073,Robust_Linear,0.2894475,0.019690335,0.40740246,0.2715931,0.011866674
2005,12064,556.6,523.3094013806061,Robust_Linear,0.21606746,0.07036529,0.6432881,0.060374435,0.009904693
2006,12064,392.1,499.90094100116613,Hybrid_XGB,0.32752052,0.1510334,0.31588805,0.19221014,0.013347859
2007,12064,566.8,536.4949875646419,Robust_Linear,0.20394823,0.068105325,0.6631107,0.055511583,0.009324153
2008,12064,404.3,474.39807938496233,Native_Ensemble,0.224528,0.36171934,0.11602425,0.28340417,0.014324179
2009,12064,628.9,543.4977824936544,V31_Solar_Gated,0.06933093,0.024261558,0.16684301,0.035801604,0.70376295
2010,12064,533.7,503.1469348938233,Robust_Linear,0.2600879,0.1443052,0.4997253,0.07896934,0.016912235
2011,12064,605.9,576.6485570568468,V31_Solar_Gated,0.078992546,0.019698136,0.12826276,0.14518881,0.62785774
2012,12064,642.9,555.2132938300052,Hybrid_XGB,0.35674694,0.08838944,0.35542914,0.18619524,0.013239305
2013,12064,580.5,606.8577454636888,Robust_Linear,0.2785521,0.28822774,0.36416638,0.059202585,0.00985125
2014,12064,680.3,651.6424786302132,V31_Solar_Gated,0.14383258,0.05708268,0.22235014,0.062686324,0.5140482
2015,12064,500.5,648.3156217875753,Statistical_Trend,0.1622825,0.046675432,0.13232346,0.6528632,0.005855418
2016,12064,633.5,641.3710181925663,Statistical_Trend,0.23608336,0.083353594,0.26196462,0.40751016,0.011088234
2017,12064,677.9,618.0716469497893,Robust_Linear,0.31620508,0.09811722,0.42682844,0.14764062,0.011208675
2018,12064,618.0,646.354621305887,Robust_Linear,0.30069903,0.10588437,0.41862676,0.16358013,0.011209642
2019,12064,568.3,637.8645975165051,Hybrid_XGB,0.35773483,0.09470624,0.33340928,0.20283973,0.011309845
2020,12064,428.6,638.3427210728331,Native_Ensemble,0.24762765,0.41020095,0.08731406,0.24504289,0.009814441
2022,12064,346.4,628.6239714158474,Robust_Linear,0.20311616,0.10746824,0.57088625,0.10622758,0.012301738
2023,12064,613.2,621.9132752797839,Robust_Linear,0.04817779,0.04380306,0.8601431,0.041860834,0.006015164
2024,12064,686.7,458.6026747280468,Statistical_Trend,0.18679641,0.110757485,0.17328179,0.514796,0.014368287
2000,12065,473.9,490.3067016228011,Robust_Linear,0.118040934,0.017806113,0.58579284,0.2595418,0.018818287
2000,12068,525.7,469.06981258632214,Robust_Linear,0.06240643,0.008638351,0.8007544,0.11896028,0.009240459
2001,12068,478.4,486.3290181961871,Hybrid_XGB,0.4386652,0.015182713,0.2656154,0.26946,0.011076717
2002,12068,427.8,480.24244709091005,Hybrid_XGB,0.42791554,0.021446628,0.16139671,0.37900156,0.010239677
2003,12068,278.5,465.3794262805118,Hybrid_XGB,0.55752575,0.01285415,0.30924937,0.10783688,0.012533898
2004,12068,551.1,461.3613266130126,Robust_Linear,0.07050968,0.010339408,0.83576006,0.07031022,0.013080637
2005,12068,533.5,490.14232867285165,Robust_Linear,0.052847654,0.07715374,0.8162288,0.04411907,0.009650725
2006,12068,423.5,448.98675347348563,Hybrid_XGB,0.59007317,0.09598657,0.1962681,0.10369254,0.01397955
2007,12068,557.0,503.86903922699605,Robust_Linear,0.16031425,0.09101745,0.4045952,0.07428316,0.26978993
2018,12068,609.5,605.8012037073809,Hybrid_XGB,0.3490911,0.10497095,0.27692762,0.25542355,0.013586792
2000,12069,450.7,440.84111845206877,Robust_Linear,0.03217243,0.0060852976,0.9049342,0.051707283,0.0051007657
2001,12069,528.6,444.9780257597517,Robust_Linear,0.071559444,0.012054423,0.59992117,0.307671,0.008793898
2002,12069,523.3,465.8709729726433,Hybrid_XGB,0.3856808,0.013683237,0.25271064,0.18347605,0.16444933
2003,12069,279.3,464.2621512243788,Hybrid_XGB,0.7394473,0.012196594,0.12889957,0.110937856,0.008518756
2004,12069,493.5,464.71837509605837,Robust_Linear,0.09747502,0.012780572,0.7790459,0.10061206,0.010086429
2005,12069,514.1,476.2820540096144,Robust_Linear,0.10335025,0.08835642,0.5686786,0.22711697,0.012497755
2006,12069,371.0,451.6996072833975,Hybrid_XGB,0.6990366,0.042045843,0.16341758,0.08588706,0.009612991
2007,12069,557.1,486.7552155610579,Robust_Linear,0.1141585,0.10620478,0.59434664,0.1702807,0.015009432
2018,12069,373.5,595.426471948967,Robust_Linear,0.20061377,0.082666084,0.3732762,0.33326563,0.01017827
2019,12069,500.2,531.1497513382237,Robust_Linear,0.053804416,0.05266247,0.76697665,0.1118972,0.014659278
2000,12070,515.7,467.05056236582743,Robust_Linear,0.13331145,0.021141762,0.44754338,0.37667108,0.021332286
2001,12070,535.3,512.4292903500982,Robust_Linear,0.32684293,0.021024741,0.4410532,0.2003594,0.010719775
2002,12070,453.7,494.52973879466987,Hybrid_XGB,0.510469,0.022646407,0.16203165,0.29456437,0.010288551
2003,12070,412.3,495.22159835756275,Hybrid_XGB,0.5081514,0.015588375,0.28602374,0.18018758,0.010048881
2004,12070,528.3,496.1997558486944,Robust_Linear,0.14750195,0.010925488,0.70994276,0.11990058,0.011729209
2005,12070,545.6,499.33306707697295,Robust_Linear,0.11991037,0.07973788,0.4832146,0.30087438,0.016262738
2006,12070,413.1,511.0215833955457,Hybrid_XGB,0.5231213,0.074292526,0.26876158,0.12250026,0.011324318
2007,12070,496.9,512.6147740737626,Robust_Linear,0.22919236,0.20328143,0.46914136,0.082054265,0.016330462
2008,12070,460.3,466.24446393034555,Statistical_Trend,0.101834595,0.29254162,0.08967239,0.5007007,0.015250687
2009,12070,527.7,517.1819593319491,Robust_Linear,0.120857894,0.0760898,0.73155975,0.05923441,0.012258139
2010,12070,456.2,471.3662539812002,Hybrid_XGB,0.5801573,0.074684724,0.24557585,0.08186986,0.017712384
2011,12070,570.2,527.6814394442722,Robust_Linear,0.12841631,0.06671564,0.49316934,0.058774676,0.2529241
2012,12070,550.8,535.6191251903538,Hybrid_XGB,0.37577307,0.22632252,0.3202929,0.067345314,0.010266145
2013,12070,571.8,557.1126778352809,V31_Solar_Gated,0.24933885,0.038483452,0.15884651,0.05221358,0.5011176
2014,12070,683.5,589.836208195218,V31_Solar_Gated,0.10285333,0.02038076,0.111361615,0.03220445,0.7331999
2015,12070,654.8,633.8868010829067,Hybrid_XGB,0.32762766,0.06166662,0.21990593,0.30588135,0.08491843
2016,12070,714.3,648.7187874007748,Native_Ensemble,0.25158322,0.42661402,0.14741966,0.16501592,0.00936717
2017,12070,754.9,681.485141449264,Robust_Linear,0.33144546,0.109946996,0.41123572,0.13687588,0.010495924
2018,12070,519.9,616.9358789530413,V31_Solar_Gated,0.08605567,0.032339837,0.038375944,0.040559396,0.80266917
2019,12070,732.3,690.3916302838019,Native_Ensemble,0.32730484,0.34632346,0.18436368,0.13139297,0.010614995
2020,12070,740.4,671.7717293633843,Statistical_Trend,0.24256057,0.09714287,0.12703072,0.51573163,0.017534222
2021,12070,817.7,731.1190624983662,Native_Ensemble,0.28626227,0.31317717,0.27294895,0.11841097,0.009200629
2022,12070,632.4,737.57738725205,Hybrid_XGB,0.35478863,0.21023881,0.21611537,0.20250952,0.016347684
2023,12070,718.7,734.6731171888421,Hybrid_XGB,0.3365357,0.11137228,0.23081556,0.31079438,0.0104821045
2024,12070,863.1,732.5219194365415,Statistical_Trend,0.35958192,0.05940775,0.13143995,0.439407,0.01016334
2000,12071,532.1,473.51349765447685,Statistical_Trend,0.073411934,0.013968531,0.10086444,0.7645216,0.047233447
2001,12071,532.5,492.32117258161173,Statistical_Trend,0.23509039,0.015266474,0.23373422,0.39618883,0.119720034
2002,12071,530.0,521.4328630692197,Hybrid_XGB,0.35978034,0.028421415,0.29832545,0.30013186,0.013340894
2000,12072,425.8,405.887445327334,Robust_Linear,0.05472904,0.006179261,0.86826825,0.06550934,0.0053141047
2001,12072,467.8,414.04063020856654,Robust_Linear,0.09688882,0.008887881,0.7409507,0.08372367,0.06954896
2002,12072,505.7,440.53987312143806,Robust_Linear,0.18487288,0.010590139,0.7157809,0.07961269,0.009143472
2003,12072,371.7,420.4947281548253,Hybrid_XGB,0.7989463,0.009281605,0.098775275,0.08413816,0.00885865
2004,12072,545.3,435.538219419236,Hybrid_XGB,0.40200275,0.020309849,0.17585336,0.38720137,0.014632703
2005,12072,534.9,494.2965828188093,Hybrid_XGB,0.50146484,0.09660437,0.26260477,0.12260316,0.016722804
2006,12072,437.9,509.4543621256758,Hybrid_XGB,0.42910925,0.21788487,0.20493859,0.13803424,0.010033092
2007,12072,567.5,503.1181091439272,V31_Solar_Gated,0.22562668,0.055362195,0.106119916,0.29736045,0.31553075
2000,12073,475.4,468.5867842146889,Statistical_Trend,0.064980686,0.01009804,0.1006777,0.78644973,0.03779378
2001,12073,514.2,476.5468658532412,Robust_Linear,0.15229931,0.012686805,0.5544019,0.22654831,0.054063655
2002,12073,491.7,489.84803980325233,Statistical_Trend,0.34600568,0.01775365,0.27237976,0.35389292,0.009967898
2003,12073,469.3,486.5207450541887,Hybrid_XGB,0.56151825,0.014733471,0.1632158,0.1846154,0.07591701
2004,12073,521.7,502.5557795094437,Hybrid_XGB,0.37928522,0.015304652,0.3261056,0.18432972,0.09497476
2005,12073,482.1,509.8171361606556,Robust_Linear,0.26607043,0.11660577,0.4224342,0.18078876,0.014100875
2006,12073,474.8,507.09653224300854,Hybrid_XGB,0.40868306,0.10305568,0.35383824,0.12386497,0.0105580725
2007,12073,571.2,526.3095384062347,Robust_Linear,0.22221951,0.07354448,0.48116547,0.076234564,0.146836
2008,12073,460.1,504.8257358524634,Statistical_Trend,0.097664006,0.25797462,0.057302665,0.57872355,0.008335156
2009,12073,632.1,560.6482377157334,V31_Solar_Gated,0.07085827,0.025881974,0.13251007,0.03967523,0.7310745
2010,12073,600.0,517.4767532336778,Hybrid_XGB,0.47886923,0.08213587,0.2751554,0.14850064,0.015338847
2011,12073,633.7,634.3957169223862,V31_Solar_Gated,0.06102911,0.017176751,0.11262315,0.041288357,0.76788265
2012,12073,616.6,619.2387153811529,Hybrid_XGB,0.41498682,0.076110855,0.3463807,0.15326063,0.009261016
2013,12073,642.9,656.0579154210352,Robust_Linear,0.19368245,0.07241767,0.43522096,0.212653,0.08602592
2014,12073,839.2,652.3086529126368,Native_Ensemble,0.33113125,0.42926854,0.12737633,0.099578224,0.0126456
2015,12073,664.9,702.9551805446589,Hybrid_XGB,0.43948543,0.2942393,0.13851339,0.11625948,0.011502355
2016,12073,661.7,722.4076216517003,Hybrid_XGB,0.32986876,0.1901945,0.29880312,0.1667946,0.014339022
2017,12073,705.5,736.2960461744865,Robust_Linear,0.24053006,0.28118795,0.34578338,0.1216526,0.010846032
2018,12073,478.8,727.5562293373208,Hybrid_XGB,0.3721285,0.3021732,0.15329304,0.16212057,0.010284732
2019,12073,653.1,696.9773736001758,Robust_Linear,0.26387018,0.09414605,0.5079757,0.12357346,0.010434615
2020,12073,670.5,674.2159638008894,Robust_Linear,0.20243056,0.1870151,0.39430806,0.19942729,0.016819064
2021,12073,709.4,691.6319457415899,Robust_Linear,0.19108208,0.15482408,0.5508629,0.092265524,0.010965341
2022,12073,651.6,685.6023930121208,Robust_Linear,0.28454885,0.18990034,0.40166268,0.10971703,0.014171119
2023,12073,694.2,709.307304484221,Robust_Linear,0.21416566,0.22626491,0.48391235,0.06563835,0.010018735
2024,12073,765.5,709.0280614434155,Robust_Linear,0.30435345,0.101667404,0.46306884,0.118024066,0.01288613
2000,13071,439.1,451.8272890704967,Robust_Linear,0.08756204,0.01647974,0.5430644,0.22867107,0.124222696
2001,13071,469.2,468.989507391698,Statistical_Trend,0.10474282,0.013233759,0.2714682,0.5978615,0.01269367
2002,13071,472.0,477.1809578439359,Robust_Linear,0.21361533,0.021804843,0.4570956,0.28632978,0.021154465
2003,13071,460.0,498.861509629163,Robust_Linear,0.35760352,0.017331462,0.4326373,0.17810455,0.014323092
2004,13071,525.2,488.859165138199,Robust_Linear,0.2197495,0.016332386,0.5935019,0.1453943,0.025021845
2005,13071,443.9,516.1591621981718,Robust_Linear,0.33783183,0.09415791,0.45477083,0.10174618,0.011493295
2006,13071,477.6,500.55885580995096,Robust_Linear,0.35645434,0.08386483,0.40227047,0.14462471,0.0127855595
2007,13071,508.9,513.1088793146466,V31_Solar_Gated,0.17986074,0.08483372,0.27319148,0.06410142,0.39801255
2008,13071,409.8,471.1103082262524,Statistical_Trend,0.21245617,0.2400884,0.060712747,0.47799546,0.008747214
2009,13071,497.4,501.1398519254071,Robust_Linear,0.15472813,0.13256311,0.6235845,0.07441834,0.014705921
2010,13071,518.0,496.1425528209609,Robust_Linear,0.16582908,0.07561183,0.6000412,0.14755541,0.010962535
2011,13071,611.1,518.5894381999949,V31_Solar_Gated,0.14561443,0.054365616,0.30552515,0.083533615,0.41096115
2012,13071,657.2,562.2904973520052,Robust_Linear,0.25182188,0.0834413,0.56115156,0.09156811,0.012017153
2013,13071,608.5,623.8190882577103,Robust_Linear,0.22589831,0.0722922,0.39753467,0.20152754,0.10274728
2014,13071,775.8,654.2672000286333,V31_Solar_Gated,0.13509624,0.08346552,0.17240468,0.08015413,0.5288794
2015,13071,640.6,682.3044000687424,Robust_Linear,0.0730973,0.05519729,0.685604,0.11623153,0.06986988
2016,13071,742.4,699.595320713534,Robust_Linear,0.25505814,0.22524092,0.38562977,0.12397608,0.01009506
2017,13071,731.1,724.1324416929716,Robust_Linear,0.2822296,0.21207526,0.37914944,0.11669015,0.009855484
2018,13071,565.6,738.184953687908,Hybrid_XGB,0.4200805,0.07756936,0.31109986,0.17672335,0.014526852
2019,13071,679.6,729.7215814767865,Hybrid_XGB,0.39593908,0.11044859,0.38928896,0.0943745,0.009948835
2020,13071,733.5,692.769413837562,Native_Ensemble,0.26795632,0.4073235,0.08733808,0.22712623,0.010255746
2021,13071,708.2,731.908458823487,Hybrid_XGB,0.38823456,0.3076296,0.21871278,0.07755362,0.007869494
2022,13071,712.1,721.3507633417186,Hybrid_XGB,0.36822852,0.095367126,0.36665905,0.15851663,0.011228629
2023,13071,678.3,724.5686744920504,Hybrid_XGB,0.38836387,0.09732314,0.36154935,0.14128047,0.011483206
2024,13071,774.0,708.9539386357359,Hybrid_XGB,0.37200612,0.11457678,0.35898235,0.13996828,0.01446647
2000,13072,505.7,469.8700385180732,Robust_Linear,0.06984586,0.008980312,0.62730545,0.26484972,0.029018648
2001,13072,462.4,505.0575846292393,Statistical_Trend,0.1551314,0.010207971,0.18636276,0.6433266,0.0049713035
2002,13072,477.7,500.2964485691505,Statistical_Trend,0.3918798,0.024331497,0.17427695,0.40110618,0.00840561
2003,13072,511.1,504.26513810274594,Robust_Linear,0.2192493,0.014609188,0.4036909,0.35347953,0.0089709805
2004,13072,533.0,508.9325711441365,Robust_Linear,0.19848609,0.018453771,0.47893277,0.2820869,0.02204053
2005,13072,498.3,532.2660863514718,Robust_Linear,0.3916028,0.05708672,0.43656248,0.106415436,0.008332523
2006,13072,515.7,523.7642568499504,Hybrid_XGB,0.38957664,0.08415666,0.29420266,0.22350414,0.008559899
2007,13072,539.4,551.6030386077899,V31_Solar_Gated,0.15167376,0.15266101,0.26112938,0.08641234,0.34812355
2008,13072,469.6,520.9027332917474,Statistical_Trend,0.14674316,0.22527415,0.046202116,0.57467926,0.0071013374
2009,13072,509.7,535.4244240461652,Robust_Linear,0.24118328,0.08222236,0.5004809,0.16336064,0.012752867
2010,13072,512.2,513.0938379957823,Robust_Linear,0.29671073,0.07866409,0.3479179,0.2659466,0.0107607385
2011,13072,620.2,544.8877742151592,Robust_Linear,0.16631623,0.05964603,0.5359875,0.22305705,0.014993169
2012,13072,584.0,566.9830095899089,Robust_Linear,0.27680495,0.07864407,0.51686543,0.1161058,0.011579694
2013,13072,624.4,604.2855051239862,V31_Solar_Gated,0.10391429,0.045370873,0.1616847,0.14923197,0.53979814
2014,13072,747.9,632.123245668686,V31_Solar_Gated,0.13091002,0.027015736,0.11013156,0.064681634,0.667261
2015,13072,739.4,693.5041341637614,Robust_Linear,0.29532647,0.13167667,0.35252118,0.13178425,0.08869138
2016,13072,734.3,707.7391168976096,Robust_Linear,0.28632075,0.22144733,0.3217677,0.16107035,0.009393844
2017,13072,748.8,734.2622951704179,Robust_Linear,0.34964654,0.058702968,0.40059644,0.18046522,0.01058877
2018,13072,684.4,616.5827502546504,V31_Solar_Gated,0.2959957,0.046113115,0.08559868,0.037400063,0.53489244
2019,13072,777.8,765.8341485210573,Robust_Linear,0.27658233,0.08630628,0.45100418,0.1757579,0.01034934
2020,13072,807.8,769.7633235165267,Statistical_Trend,0.2477352,0.15382391,0.069986336,0.5187437,0.00971092
2021,13072,745.7,799.5259084556659,Robust_Linear,0.28893298,0.23186265,0.31639585,0.15278427,0.010024288
2022,13072,792.2,801.7582743072769,Native_Ensemble,0.30778888,0.32591712,0.21124342,0.14486316,0.010187503
2023,13072,625.2,787.0997015596838,V31_Solar_Gated,0.16435501,0.045756962,0.116194755,0.2646662,0.40902704
2024,13072,846.1,757.7031967674147,Robust_Linear,0.37181348,0.10961906,0.3962243,0.11103006,0.011312985
2000,13073,515.6,503.94774284381043,Statistical_Trend,0.09054897,0.0131191285,0.35155308,0.50247115,0.04230769
2001,13073,466.6,539.0887230341965,Statistical_Trend,0.19980034,0.015985763,0.2702565,0.5073823,0.0065751746
2002,13073,533.6,530.4817675164727,Robust_Linear,0.22716412,0.015327775,0.60407865,0.14642467,0.007004766
2003,13073,563.3,537.2770401232452,Robust_Linear,0.35026166,0.020805517,0.42906013,0.1908054,0.009067304
2004,13073,545.3,542.3752433789191,Statistical_Trend,0.20314808,0.018164078,0.3642559,0.39338788,0.021044074
2005,13073,477.3,568.6364456191278,Robust_Linear,0.32018685,0.07903283,0.47453254,0.117785394,0.008462354
2006,13073,524.4,541.6200807922296,Hybrid_XGB,0.43269947,0.07012234,0.32980916,0.1574272,0.009941823
2007,13073,535.9,556.9626620925845,Native_Ensemble,0.12223182,0.34749293,0.32244602,0.04395288,0.16387638
2008,13073,498.3,516.2063471582004,Statistical_Trend,0.101348534,0.19822353,0.05073272,0.6432303,0.0064649126
2009,13073,597.8,543.307790256006,Robust_Linear,0.3111358,0.08627688,0.47372565,0.11780459,0.01105708
2010,13073,577.0,534.735987198147,Robust_Linear,0.2970862,0.07969178,0.35183445,0.26126254,0.010125027
2011,13073,632.7,575.6006967159545,Robust_Linear,0.26792124,0.09233405,0.4118112,0.19461168,0.033321876
2012,13073,626.8,613.9049858940623,Robust_Linear,0.27898696,0.10252201,0.5096396,0.096744746,0.012106697
2013,13073,698.6,647.5410201766362,Statistical_Trend,0.27379742,0.044673655,0.26684913,0.313425,0.10125483
2014,13073,832.5,690.7416613489786,V31_Solar_Gated,0.13281888,0.020530958,0.13915834,0.04011652,0.6673753
2015,13073,738.8,736.7853759054017,Robust_Linear,0.14544925,0.059008047,0.44657558,0.27679557,0.072171584
2016,13073,790.6,749.316615344097,Hybrid_XGB,0.32634723,0.1505786,0.25681698,0.25605386,0.010203315
2017,13073,792.6,779.3071036747746,Hybrid_XGB,0.29731905,0.15109557,0.266053,0.27490652,0.010625813
2018,13073,699.0,687.2844655080333,Hybrid_XGB,0.41939533,0.034183856,0.09968745,0.043196723,0.40353668
2019,13073,811.9,803.6963430395766,Robust_Linear,0.29144913,0.06879301,0.38464782,0.24624485,0.0088652
2020,13073,826.2,809.4429194747622,Statistical_Trend,0.22622001,0.24721885,0.07390163,0.44338527,0.009274266
2021,13073,903.7,817.1406222424548,Hybrid_XGB,0.34703422,0.21933132,0.2826752,0.14140819,0.0095511
2022,13073,816.1,862.2562380138907,Robust_Linear,0.29916564,0.22976042,0.30299652,0.15834591,0.009731559
2023,13073,775.0,846.4598462291399,V31_Solar_Gated,0.19460677,0.054468516,0.17897002,0.16697058,0.40498412
2024,13073,865.0,838.8886781266806,Hybrid_XGB,0.35729495,0.2768395,0.20645468,0.14791255,0.011498412
2000,13074,525.6,478.0837898759624,Robust_Linear,0.09063839,0.016131714,0.60599273,0.24952343,0.03771372
2001,13074,482.2,511.2511884372667,Hybrid_XGB,0.37652534,0.018626848,0.30919325,0.28372225,0.011932275
2002,13074,486.1,510.38246393550656,Hybrid_XGB,0.37806,0.028224435,0.21810012,0.36466682,0.010948585
2003,13074,560.0,509.50393261791567,Hybrid_XGB,0.3585406,0.0147031555,0.35818312,0.25966325,0.008909855
2004,13074,558.0,524.7511514193951,Robust_Linear,0.21749453,0.021190012,0.39629027,0.34695774,0.018067498
2005,13074,569.1,565.1708771522925,Robust_Linear,0.3530785,0.06138645,0.47176525,0.10473934,0.009030408
2006,13074,528.1,566.7145324285492,Hybrid_XGB,0.3574557,0.07621296,0.30569217,0.24957354,0.011065659
2007,13074,575.4,582.7583537327827,Robust_Linear,0.31464735,0.09448247,0.42211217,0.15912141,0.00963664
2008,13074,519.3,576.6768455276415,Statistical_Trend,0.0832244,0.08307547,0.034463,0.58103234,0.2182048
2009,13074,610.8,568.7187116655268,Robust_Linear,0.24946351,0.08431551,0.49733365,0.1572548,0.01163259
2010,13074,552.9,560.9706421681534,Statistical_Trend,0.20363997,0.053421255,0.2191235,0.5160231,0.007792214
2011,13074,620.6,597.0622348773232,Robust_Linear,0.2797631,0.09368874,0.48905256,0.11606541,0.021430232
2012,13074,635.0,619.3871862245624,Robust_Linear,0.18057841,0.061207533,0.47590512,0.26412955,0.018179428
2013,13074,624.7,636.7752120556663,Robust_Linear,0.2580172,0.09456219,0.5293655,0.10708604,0.0109690055
2014,13074,807.4,675.5424521677849,V31_Solar_Gated,0.05508123,0.020248536,0.06443203,0.068834096,0.79140407
2015,13074,719.6,705.7439296469896,Statistical_Trend,0.19496511,0.05438316,0.27474517,0.41764966,0.058256887
2016,13074,735.2,732.3431522342394,Native_Ensemble,0.24582346,0.32998988,0.24332875,0.17263813,0.00821977
2017,13074,729.8,748.6875708941157,Native_Ensemble,0.23495544,0.30864966,0.2958572,0.14986306,0.010674696
2018,13074,564.8,617.5396058403642,V31_Solar_Gated,0.19862208,0.065531656,0.12504616,0.038274653,0.57252544
2019,13074,782.2,741.6242584121309,Robust_Linear,0.2670158,0.20657167,0.42467895,0.09399954,0.0077341297
2020,13074,790.1,714.437894508086,Statistical_Trend,0.19495614,0.14484276,0.06474747,0.5879939,0.0074597076
2021,13074,634.1,758.3494173098294,Hybrid_XGB,0.41727832,0.075007774,0.35241342,0.14616844,0.009132045
2022,13074,748.3,774.6622532708745,Robust_Linear,0.21859618,0.24585587,0.4457083,0.08087265,0.008967022
2023,13074,696.8,754.103286085966,Robust_Linear,0.3483513,0.10054212,0.40324697,0.13604477,0.011814851
2024,13074,843.0,744.5526604786894,Robust_Linear,0.35670325,0.10458145,0.40860814,0.11687376,0.0132334465
2000,13075,481.4,460.9373044293341,Statistical_Trend,0.12538639,0.016356368,0.33641765,0.39467186,0.12716773
2001,13075,497.7,499.08747445762236,Statistical_Trend,0.14912729,0.011941292,0.21205634,0.619266,0.0076090745
2002,13075,490.0,497.3721442117682,Statistical_Trend,0.24095874,0.017009666,0.31603223,0.41589278,0.01010664
2003,13075,490.7,503.218769670339,Hybrid_XGB,0.38215917,0.014110532,0.25937688,0.33567026,0.008683125
2004,13075,542.1,503.51779087465655,Robust_Linear,0.28044435,0.01975126,0.5055428,0.179129,0.015132567
2005,13075,476.9,540.6814631243199,Robust_Linear,0.2790512,0.07590941,0.5280929,0.10509327,0.011853136
2006,13075,496.0,533.1000234945418,Robust_Linear,0.3368503,0.075893596,0.4619538,0.117112964,0.008189337
2007,13075,571.0,538.8256083188018,Robust_Linear,0.18851556,0.063827336,0.47212625,0.09120277,0.18432808
2008,13075,460.4,510.6634305062248,Statistical_Trend,0.13933478,0.24001469,0.05628005,0.55644715,0.007923274
2009,13075,598.4,535.7719426943866,Robust_Linear,0.2510698,0.066869214,0.5239773,0.14851375,0.009569925
2010,13075,530.4,517.5866510831845,Statistical_Trend,0.29881757,0.08683925,0.28464544,0.32045966,0.0092380745
2011,13075,643.7,583.0190386095107,V31_Solar_Gated,0.08543861,0.032344013,0.13686754,0.11351504,0.6318348
2012,13075,623.8,595.4532640697477,Robust_Linear,0.2746025,0.070284784,0.55466723,0.089718446,0.010727053
2013,13075,639.8,633.6543213155908,Statistical_Trend,0.24321923,0.03693281,0.22372758,0.39638373,0.099736564
2014,13075,828.5,677.0253496732049,V31_Solar_Gated,0.06768727,0.036414485,0.06559821,0.06963677,0.7606633
2015,13075,677.8,707.9790776754389,Robust_Linear,0.13839036,0.12976101,0.54692304,0.11237619,0.07254943
2016,13075,708.1,730.6126840997558,Robust_Linear,0.23340964,0.20913403,0.44121835,0.106454425,0.009783476
2017,13075,735.4,739.5506483017039,Robust_Linear,0.29489204,0.06537818,0.44476426,0.18468845,0.01027704
2018,13075,571.7,615.337515768934,V31_Solar_Gated,0.19379067,0.027678149,0.09147108,0.06592569,0.6211344
2019,13075,701.5,753.5754502320938,Robust_Linear,0.3242101,0.105248705,0.44560042,0.11425505,0.010685643
2020,13075,708.7,700.9098469630808,Statistical_Trend,0.18798497,0.2575476,0.07172491,0.4746074,0.008135236
2021,13075,717.6,731.7471888845882,Statistical_Trend,0.20304619,0.05096783,0.3111162,0.42870653,0.006163235
2022,13075,740.2,741.9922886794099,Robust_Linear,0.28351203,0.102419145,0.46587077,0.13674021,0.011457867
2023,13075,629.5,727.5108284384061,Robust_Linear,0.34861603,0.123450845,0.35071874,0.16559687,0.01161756
2024,13075,791.4,730.3123028208821,Robust_Linear,0.32761022,0.09346751,0.46076527,0.104371555,0.0137853725
2000,13076,481.2,464.94478588676293,Robust_Linear,0.0499975,0.009534591,0.7799039,0.15210056,0.008463476
2001,13076,486.7,486.7722197725292,Statistical_Trend,0.14471763,0.012310764,0.18523099,0.64626294,0.011477646
2002,13076,460.9,466.08054602175383,Hybrid_XGB,0.46804017,0.025821088,0.13762486,0.35565335,0.0128606055
2003,13076,472.0,485.67106970187604,Robust_Linear,0.3295483,0.020033339,0.34546438,0.28633967,0.018614335
2004,13076,541.2,486.8013685552762,Robust_Linear,0.2725148,0.019179258,0.43298852,0.24529631,0.03002108
2005,13076,505.9,504.91012493644524,Statistical_Trend,0.18324754,0.07255141,0.22230987,0.5104737,0.011417477
2006,13076,450.4,521.0882972633765,Hybrid_XGB,0.47727868,0.054404393,0.35189617,0.10786751,0.008553341
2007,13076,542.1,530.5539972305108,Robust_Linear,0.19428909,0.08994541,0.64223754,0.06301985,0.0105081275
2008,13076,434.5,507.30532694572383,Statistical_Trend,0.085592315,0.2679506,0.04864723,0.589827,0.007982908
2009,13076,535.5,508.1283271188674,Robust_Linear,0.26866302,0.06442417,0.5414381,0.105469316,0.020005452
2010,13076,496.2,487.84534756691255,Hybrid_XGB,0.45567587,0.12485748,0.28780097,0.115768835,0.015896834
2011,13076,563.8,542.8666227159479,V31_Solar_Gated,0.0965772,0.036236446,0.18548927,0.07003933,0.61165774
2012,13076,570.9,552.7579501007369,Robust_Linear,0.2449399,0.061761647,0.41896772,0.26400352,0.010327291
2013,13076,604.5,579.8925367088887,V31_Solar_Gated,0.10108998,0.039179526,0.14914514,0.1506119,0.5599735
2014,13076,658.7,616.1281357429511,V31_Solar_Gated,0.08687931,0.015815806,0.11370901,0.08586586,0.69773
2015,13076,635.1,642.7638932123562,Statistical_Trend,0.1528674,0.046711214,0.20790549,0.5069086,0.08560728
2016,13076,721.1,645.2208722646238,Native_Ensemble,0.23136298,0.42805752,0.15929599,0.17170273,0.009580745
2017,13076,729.2,679.6815491671181,Robust_Linear,0.24966422,0.13777924,0.45273846,0.1479661,0.011851994
2018,13076,612.6,610.0718783198811,V31_Solar_Gated,0.08219968,0.033043772,0.03983259,0.033990372,0.81093365
2019,13076,706.4,707.1292611601825,Robust_Linear,0.26947856,0.23628348,0.37875968,0.106476106,0.009002147
2020,13076,772.2,687.7105811662913,Statistical_Trend,0.23954257,0.109575,0.12852734,0.50609267,0.01626243
2021,13076,503.6,743.1917600976334,Hybrid_XGB,0.29319444,0.27639246,0.2913099,0.12798999,0.011113133
2022,13076,537.6,690.9011664978237,Hybrid_XGB,0.40303656,0.11794844,0.3228877,0.14349559,0.01263172
2023,13076,802.1,682.1316977861594,Robust_Linear,0.15223026,0.07209824,0.6967236,0.06882561,0.010122284
2024,13076,777.0,702.7044580054848,Robust_Linear,0.30583325,0.070113175,0.48846838,0.123055,0.0125301685
2001,14521,480.2,493.3499619706791,Statistical_Trend,0.16461107,0.013166628,0.17667864,0.48422286,0.16132079
2000,14522,549.5,514.6291766764451,Robust_Linear,0.12218515,0.011099477,0.5636038,0.2949255,0.008186029
2001,14522,503.6,551.9804893572102,Statistical_Trend,0.12718278,0.008713479,0.23538755,0.6238168,0.0048993505
2002,14522,563.4,541.4321264289313,Robust_Linear,0.28927174,0.01636153,0.45272467,0.23117724,0.010464831
2003,14522,532.2,540.9298666047833,Hybrid_XGB,0.5207376,0.0139835505,0.2219543,0.23386964,0.009454921
2004,14522,595.3,540.0092472587753,Robust_Linear,0.29741916,0.020423649,0.46113464,0.20952319,0.011499346
2005,14522,598.8,591.0816356907523,Robust_Linear,0.24106216,0.05132621,0.62939996,0.07024629,0.007965388
2006,14522,526.6,578.6192850806897,Hybrid_XGB,0.60703653,0.06884418,0.19855641,0.11658553,0.008977349
2007,14522,679.8,602.0363405491548,Robust_Linear,0.24266933,0.053509247,0.33173,0.081717215,0.29037422
2008,14522,629.2,595.7052715935924,Native_Ensemble,0.11005444,0.5360582,0.06084562,0.28295478,0.010086942
2009,14522,712.3,620.397496278458,Statistical_Trend,0.27597114,0.06868367,0.15694977,0.48698834,0.011407059
2010,14522,643.7,661.6424014015263,Native_Ensemble,0.24514578,0.3361618,0.27796748,0.12224098,0.018483968
2011,14522,701.5,723.2020695824133,V31_Solar_Gated,0.09695243,0.1351894,0.1680671,0.09700104,0.50279003
2012,14522,727.5,707.555722912589,Hybrid_XGB,0.33572602,0.2753472,0.32159978,0.060541376,0.0067856256
2013,14522,569.3,728.0714568820864,Robust_Linear,0.30402765,0.20355223,0.41239592,0.069028646,0.010995572
2014,14522,835.2,704.4228301245605,Robust_Linear,0.3719723,0.08139692,0.41739777,0.11605617,0.013176954
2015,14522,761.1,728.3281064542707,Statistical_Trend,0.12680723,0.043230772,0.31984904,0.49883798,0.011274979
2016,14522,804.5,749.4719652210481,Native_Ensemble,0.33018184,0.3861508,0.16504061,0.09820702,0.020419696
2017,14522,855.3,780.7586725055596,Native_Ensemble,0.3365975,0.33732417,0.20058449,0.11564413,0.00984974
2018,14522,695.4,778.6105203333874,Hybrid_XGB,0.421008,0.21665527,0.1912717,0.15456605,0.01649893
2019,14522,811.5,796.1022707751846,Robust_Linear,0.2637856,0.23209478,0.30661035,0.18055609,0.016953208
2020,14522,785.8,790.129321280781,Native_Ensemble,0.16906415,0.4294592,0.06120485,0.32966956,0.010602217
2021,14522,840.1,802.534124478174,Hybrid_XGB,0.36339226,0.10403517,0.33017567,0.19136037,0.011036479
2022,14522,785.5,797.3578790920302,Hybrid_XGB,0.3239674,0.13521942,0.28927332,0.23640934,0.015130522
2023,14522,843.9,826.2092175465962,Robust_Linear,0.32354712,0.23500374,0.3330898,0.09858946,0.009769938
2024,14522,906.3,812.0709260435589,Native_Ensemble,0.29564455,0.3203941,0.08279937,0.29117933,0.009982627
2000,14524,517.4,500.179289275484,Statistical_Trend,0.28429598,0.01611768,0.31404948,0.3750229,0.010514043
2001,14524,498.3,531.4433928316657,Robust_Linear,0.28511667,0.021316268,0.45182976,0.22604409,0.015693149
2002,14524,567.4,532.3203220217877,Robust_Linear,0.25225568,0.016382977,0.48118097,0.2387492,0.011431209
2003,14524,419.5,542.7829958550606,Hybrid_XGB,0.5625593,0.01653054,0.22591409,0.18462563,0.010370353
2004,14524,524.4,508.64632739541383,Robust_Linear,0.18996923,0.021002889,0.6122724,0.16206941,0.014686116
2005,14524,573.1,550.459084643045,Robust_Linear,0.12592335,0.056726415,0.71357816,0.096412316,0.0073597576
2006,14524,507.2,528.5764357731986,Hybrid_XGB,0.43096712,0.08645637,0.3538217,0.11794166,0.0108131515
2007,14524,658.3,568.9532437760395,Robust_Linear,0.16584273,0.068981655,0.60135424,0.15519561,0.008625822
2011,14524,700.9,689.0713066987169,V31_Solar_Gated,0.050374392,0.058002092,0.14344202,0.04153779,0.70664364
2013,14524,498.1,708.3109651337054,Robust_Linear,0.19239056,0.29006514,0.3889463,0.107962355,0.020635638
2014,14524,805.6,642.6778752208093,Robust_Linear,0.18568133,0.07907291,0.60169315,0.11888584,0.014666797
2015,14524,693.1,697.8803612535432,Statistical_Trend,0.14866301,0.18729891,0.30461138,0.346818,0.012608617
2016,14524,511.2,692.1782796280459,Hybrid_XGB,0.4044823,0.34603104,0.12611951,0.104364,0.019003091
2017,14524,779.7,683.4657997035265,Robust_Linear,0.23533522,0.06370874,0.43670943,0.2560796,0.00816705
2018,14524,520.7,663.7442788462121,Hybrid_XGB,0.41985077,0.10837948,0.31198528,0.14441667,0.015367786
2019,14524,573.2,659.4127200497519,V31_Solar_Gated,0.12167002,0.043861315,0.2880761,0.050225087,0.49616745
2020,14524,720.9,608.2747831908761,Statistical_Trend,0.15460947,0.20493285,0.05514951,0.5774815,0.007826621
2021,14524,722.1,669.1931476409744,Robust_Linear,0.23858528,0.094562165,0.5426748,0.11087952,0.013298268
2022,14524,699.2,668.9023508631203,Hybrid_XGB,0.35535365,0.2472761,0.24641055,0.13741803,0.013541629
2023,14524,739.7,701.9766650942043,Robust_Linear,0.3036792,0.12621479,0.44077575,0.11674735,0.012582934
2024,14524,741.5,687.9127304195623,Native_Ensemble,0.31261435,0.40555382,0.08922911,0.18267228,0.0099304225
2000,14612,463.9,528.5271267694475,Statistical_Trend,0.099623464,0.016588574,0.2282903,0.6428931,0.012604529
2001,14612,504.1,515.5841453765399,Statistical_Trend,0.28341734,0.014334313,0.2595111,0.43336064,0.009376598
2002,14612,445.0,519.1543262173598,Hybrid_XGB,0.37312585,0.01838121,0.23743165,0.3622553,0.008806029
2004,14612,542.9,488.1237751165507,Statistical_Trend,0.23192279,0.019095125,0.17107166,0.5699518,0.007958601
2005,14612,612.8,533.3261114991815,Statistical_Trend,0.24816298,0.041959286,0.17464352,0.52648133,0.0087528955
2000,14625,503.6,488.2907210453235,Statistical_Trend,0.11471591,0.012261327,0.13273697,0.73316914,0.007116684
2001,14625,536.3,508.9071574744289,Robust_Linear,0.18147534,0.014960674,0.48527172,0.31108332,0.0072090654
2002,14625,547.1,532.6295368644779,Statistical_Trend,0.2765582,0.023384035,0.19637534,0.42120016,0.082482286
2003,14625,382.5,522.91512162681,Hybrid_XGB,0.6429789,0.015261567,0.18711975,0.14462045,0.01001931
2004,14625,519.8,499.28540541405783,Robust_Linear,0.2814999,0.015312501,0.56118315,0.13196626,0.01003818
2005,14625,590.8,505.3832662624309,Robust_Linear,0.17625928,0.08648119,0.60981166,0.10702595,0.020421878
2006,14625,453.8,525.5924157887072,Hybrid_XGB,0.51084906,0.06362741,0.29913425,0.11787658,0.0085127335
2007,14625,617.9,547.2211182993842,Robust_Linear,0.1889396,0.06206119,0.685253,0.05570304,0.0080431355
2008,14625,593.2,541.7446897141319,Statistical_Trend,0.15371454,0.1320245,0.075645484,0.6307662,0.007849278
2009,14625,661.6,572.9900409944759,Native_Ensemble,0.1460716,0.4563922,0.17232126,0.21057114,0.01464391
2010,14625,637.8,605.9831442606021,Native_Ensemble,0.11456672,0.3346287,0.2707795,0.26544678,0.014578282
2011,14625,682.6,682.824072502024,V31_Solar_Gated,0.08904019,0.10953575,0.10825747,0.06167753,0.63148904
2012,14625,679.4,660.3544653675543,Statistical_Trend,0.26393723,0.12739496,0.28998366,0.3052384,0.0134458495
2013,14625,566.7,687.3835090342154,Robust_Linear,0.19020385,0.07714455,0.63550156,0.08802711,0.009122859
2014,14625,776.1,688.1056883574498,Robust_Linear,0.34388167,0.09248634,0.46958908,0.085291706,0.0087512
2015,14625,659.3,737.6613704207513,V31_Solar_Gated,0.14694834,0.031597458,0.13243069,0.055930346,0.63309324
2016,14625,685.6,726.3114267227949,Robust_Linear,0.120660566,0.061429802,0.6456667,0.078164965,0.09407792
2017,14625,763.7,704.4670762442222,Native_Ensemble,0.31739414,0.38570255,0.17943463,0.10698725,0.010481428
2018,14625,526.5,725.2207519311545,Robust_Linear,0.34940916,0.06284894,0.45333496,0.12431994,0.010086967
2019,14625,634.9,639.8792153204954,V31_Solar_Gated,0.14261465,0.036563054,0.1684702,0.08130485,0.5710473
2020,14625,738.9,644.8687083487671,Statistical_Trend,0.16044708,0.2640833,0.0607919,0.50594604,0.008731706
2021,14625,739.5,691.3167923823313,Robust_Linear,0.27396324,0.15616196,0.4649303,0.09232531,0.012619188
2022,14625,720.7,691.0866113163389,Native_Ensemble,0.23925552,0.36354887,0.2372618,0.14516051,0.014773322
2023,14625,713.0,720.7170655104211,Robust_Linear,0.33902395,0.16584139,0.34676528,0.13283634,0.015533012
2024,14625,880.8,699.5710779709951,Hybrid_XGB,0.3552641,0.35419682,0.08966416,0.19066322,0.010211737
2000,14626,524.9,475.54840937544975,Statistical_Trend,0.13515987,0.0126605,0.11618015,0.72559893,0.010400562
2001,14626,544.5,514.1462016122098,Robust_Linear,0.29222375,0.014125008,0.549708,0.13577631,0.008166894
2002,14626,565.4,531.7246097073581,Hybrid_XGB,0.34760177,0.023571854,0.22111095,0.33064017,0.077075295
2003,14626,428.9,548.4671084238333,Hybrid_XGB,0.6463533,0.00969621,0.10641054,0.13751958,0.10002033
2004,14626,532.8,515.2201614235544,Statistical_Trend,0.19659638,0.020088173,0.17212619,0.6031063,0.008082863
2005,14626,586.4,524.3234045018626,Robust_Linear,0.24996388,0.07816064,0.5252825,0.12950166,0.017091319
2006,14626,502.3,532.2976479994356,Hybrid_XGB,0.44767147,0.24313886,0.20203558,0.09831515,0.008838876
2007,14626,606.0,561.2651543795082,Robust_Linear,0.24841651,0.04361831,0.62079436,0.08034093,0.006829845
2008,14626,586.4,554.1955239679417,Native_Ensemble,0.09608247,0.5396399,0.059340127,0.29635057,0.008586983
2009,14626,600.8,577.2758158824746,Native_Ensemble,0.14056306,0.5113887,0.19187327,0.14076589,0.015409097
2010,14626,601.3,580.3401985476722,Native_Ensemble,0.20472221,0.32762468,0.16596065,0.28865272,0.0130396355
2011,14626,678.0,647.2813609339155,V31_Solar_Gated,0.09543904,0.08181037,0.063963585,0.049635228,0.70915174
2012,14626,652.7,632.1681919758573,Statistical_Trend,0.29636785,0.073182344,0.17316532,0.4470906,0.010193844
2013,14626,514.5,666.0434031517524,Robust_Linear,0.2724599,0.041608494,0.5183788,0.15981765,0.00773511
2014,14626,734.9,650.2991288675466,Robust_Linear,0.29794508,0.04909796,0.40223134,0.24274354,0.007982116
2015,14626,572.1,658.6539500159123,Statistical_Trend,0.106765054,0.03775724,0.2223294,0.6251125,0.008035825
2016,14626,640.2,659.4434855585266,Hybrid_XGB,0.41906878,0.16930668,0.27613553,0.12182277,0.013666248
2017,14626,714.2,658.9665482308945,Robust_Linear,0.21099517,0.08728703,0.60362643,0.08946555,0.008625834
2018,14626,479.1,615.3373161991052,V31_Solar_Gated,0.111099675,0.047732092,0.315984,0.06017447,0.46500978
2019,14626,610.6,620.9989842761615,V31_Solar_Gated,0.1912644,0.12268208,0.29369068,0.08060378,0.31175902
2020,14626,704.9,593.2373936008346,Statistical_Trend,0.11224824,0.18348038,0.062462598,0.6351156,0.0066931085
2021,14626,731.3,650.4216681436058,Robust_Linear,0.20316438,0.1440797,0.52828753,0.10976249,0.01470587
2022,14626,724.9,670.0256283058566,Robust_Linear,0.18113542,0.2713152,0.44629365,0.09085845,0.0103973765
2023,14626,730.2,700.5339060227128,Robust_Linear,0.2840169,0.11673207,0.44459817,0.14476255,0.009890347
2024,14626,827.9,695.5819697277582,Hybrid_XGB,0.34978873,0.3157376,0.08626638,0.23845647,0.009750845
2000,14627,553.1,545.3980600429434,Statistical_Trend,0.115579806,0.009782095,0.14862607,0.7200357,0.005976374
2001,14627,569.9,568.3252757951867,Statistical_Trend,0.25094643,0.014996008,0.26451728,0.46244404,0.007096203
2002,14627,551.3,573.4815480004725,Statistical_Trend,0.2709218,0.02513068,0.17585273,0.5185609,0.009533889
2003,14627,427.3,573.4028204790519,Hybrid_XGB,0.5114938,0.014530498,0.3357737,0.12825799,0.009944051
2004,14627,642.3,507.018868803402,Robust_Linear,0.32508978,0.018486565,0.4895235,0.15520102,0.011699134
2005,14627,622.0,580.1732316869525,Robust_Linear,0.22398603,0.13240495,0.5723956,0.06375081,0.00746251
2006,14627,549.3,592.7458854199793,Hybrid_XGB,0.5365783,0.0592391,0.29364258,0.10225342,0.008286525
2007,14627,667.4,613.6147263778773,V31_Solar_Gated,0.23173535,0.04247383,0.24212107,0.062045235,0.42162454
2008,14627,652.6,614.3319676871205,Native_Ensemble,0.19440737,0.43392155,0.08844308,0.27381203,0.009415982
2009,14627,736.7,639.1606609199802,Statistical_Trend,0.14140207,0.087235495,0.17713472,0.5815707,0.012657051
2010,14627,707.9,673.9675633429284,Robust_Linear,0.16623943,0.24251364,0.32589427,0.24984178,0.01551085
2011,14627,761.9,748.7799277010347,V31_Solar_Gated,0.08454318,0.046485312,0.25462702,0.18330139,0.43104306
2012,14627,749.4,742.3835664251809,Robust_Linear,0.20962904,0.057916105,0.5198025,0.20456623,0.008086066
2013,14627,632.4,756.7994065076326,Robust_Linear,0.1577407,0.065916866,0.6608288,0.10463097,0.010882608
2014,14627,908.3,738.7846450510732,Native_Ensemble,0.3404173,0.37425497,0.1781928,0.09129181,0.01584309
2015,14627,763.8,809.1220020666196,Hybrid_XGB,0.33981907,0.09448084,0.26013497,0.062339526,0.24322556
2016,14627,810.0,857.6721309575446,V31_Solar_Gated,0.0916243,0.080807246,0.24061227,0.07859492,0.5083612
2017,14627,866.1,809.6234273533883,Statistical_Trend,0.20148262,0.078241825,0.27249545,0.4381101,0.0096699875
2018,14627,653.1,821.055886718695,Hybrid_XGB,0.44084525,0.21284221,0.23381443,0.09958222,0.012915936
2019,14627,765.3,803.7981371115523,Statistical_Trend,0.23594528,0.08283393,0.17890032,0.48712748,0.015193036
2020,14627,748.1,743.2685488841523,Native_Ensemble,0.12463426,0.53305185,0.056009915,0.14643571,0.13986827
2021,14627,879.7,801.0860298256874,Robust_Linear,0.29006308,0.10396299,0.5030388,0.0902322,0.012702871
2022,14627,777.5,785.6034814774214,Native_Ensemble,0.31087872,0.38091075,0.1908629,0.10354463,0.01380294
2023,14627,877.6,821.7852655856321,Robust_Linear,0.32795727,0.16447656,0.38895124,0.104750395,0.013864482
2024,14627,886.6,821.3825103672959,Robust_Linear,0.2947106,0.19500504,0.37945357,0.11670652,0.014124269
2000,14628,557.4,519.029534808222,Statistical_Trend,0.083189994,0.00960838,0.13088,0.7689725,0.0073491423
2001,14628,535.8,545.5357042874331,Robust_Linear,0.31069314,0.022183988,0.35042718,0.30198145,0.0147142615
2002,14628,592.1,557.8857461009455,Statistical_Trend,0.31179565,0.02649231,0.18282054,0.46800894,0.010882521
2003,14628,407.7,570.3013504162205,Hybrid_XGB,0.58563614,0.01610553,0.17788698,0.2120417,0.008329607
2004,14628,548.1,526.1026250813894,Robust_Linear,0.21256535,0.014568976,0.5324226,0.23037586,0.010067271
2005,14628,622.8,543.767172597004,Robust_Linear,0.16089292,0.051004987,0.6067557,0.17347054,0.007875862
2006,14628,565.4,543.5997075610243,Hybrid_XGB,0.45367983,0.2567674,0.17468163,0.10553045,0.009340617
2007,14628,547.3,589.9098469695799,Robust_Linear,0.28634906,0.04935211,0.29255214,0.09936428,0.27238244
2012,14628,730.7,621.7469400445401,Robust_Linear,0.17571181,0.055788696,0.57872933,0.18248715,0.00728296
2013,14628,606.4,693.4287666685506,Robust_Linear,0.13671945,0.050370697,0.6015655,0.078629255,0.13271509
2014,14628,843.0,691.5701870798944,Robust_Linear,0.2411576,0.051211584,0.36793786,0.058068465,0.2816245
2015,14628,663.2,730.7622733742421,Robust_Linear,0.21075335,0.28002375,0.41206798,0.08208511,0.015069852
2016,14628,723.3,742.369149594516,Robust_Linear,0.28605166,0.24830782,0.32371068,0.10932636,0.03260361
2017,14628,754.0,742.7712601198308,Native_Ensemble,0.22680846,0.33356687,0.26830375,0.16262412,0.008696792
2018,14628,546.4,739.658163418063,Statistical_Trend,0.34249878,0.05967544,0.1691943,0.4185454,0.010086092
2019,14628,686.9,714.7561668307201,Statistical_Trend,0.31548944,0.05881952,0.16458343,0.45159176,0.009515937
2000,14729,542.3,513.4643079026546,Statistical_Trend,0.16077004,0.012028412,0.111023806,0.709305,0.006872734
2001,14729,541.5,532.5924179144936,Hybrid_XGB,0.39554575,0.030039864,0.25213528,0.3084696,0.013809495
2002,14729,560.4,539.9068444382638,Hybrid_XGB,0.40360633,0.020432074,0.35214138,0.21185277,0.011967542
2003,14729,455.8,562.8553740055853,Hybrid_XGB,0.48470685,0.018673815,0.3179406,0.16688646,0.011792262
2004,14729,585.9,526.0081490480434,Robust_Linear,0.19151202,0.020221904,0.5424539,0.23216155,0.013650609
2005,14729,593.2,573.4504630670277,Robust_Linear,0.17014304,0.118163496,0.6343912,0.06914416,0.008158119
2006,14729,511.5,576.4776429371595,Hybrid_XGB,0.4810467,0.057231307,0.25890055,0.102924556,0.09989687
2007,14729,670.6,579.8468700409045,Robust_Linear,0.27728713,0.12798353,0.48808566,0.09495809,0.011685577
2008,14729,609.2,596.6893410652968,Statistical_Trend,0.263872,0.10723945,0.1838537,0.43661106,0.008423851
2009,14729,696.5,611.2426830153865,Statistical_Trend,0.3247114,0.059880074,0.14638011,0.4608679,0.008160447
2010,14729,666.8,638.5930705003676,Native_Ensemble,0.31139264,0.3831609,0.20278956,0.09068208,0.011974903
2011,14729,771.4,672.8447691721785,Statistical_Trend,0.26619938,0.08793805,0.19301203,0.42957246,0.02327806
2012,14729,664.8,719.7293322152611,Robust_Linear,0.22311643,0.042592123,0.50582653,0.22143538,0.0070295506
2013,14729,598.8,734.7191677337249,Statistical_Trend,0.2415936,0.08481639,0.31106687,0.3468709,0.015652245
2014,14729,868.3,717.641630264399,Robust_Linear,0.19999309,0.046843663,0.45873117,0.2832415,0.011190558
2015,14729,775.9,767.1484556450756,Statistical_Trend,0.15596057,0.090147085,0.28426477,0.39754635,0.07208116
2016,14729,717.4,827.4251602586062,V31_Solar_Gated,0.16347723,0.069261365,0.093033455,0.0505437,0.6236842
2017,14729,829.0,775.5030446283191,Native_Ensemble,0.29896736,0.3632016,0.19353147,0.13407984,0.010219739
2018,14729,497.4,781.9498037553326,Hybrid_XGB,0.48960832,0.07816932,0.26597926,0.15438996,0.011853163
2019,14729,618.5,751.5512206981816,Robust_Linear,0.25118124,0.091671206,0.34074885,0.06777226,0.24862646
2020,14729,545.5,644.8297066946305,Statistical_Trend,0.19385743,0.35112593,0.055686243,0.39006335,0.009267026
2021,14729,824.9,718.4542314655572,Robust_Linear,0.14506894,0.067442335,0.6610194,0.114838764,0.011630536
2022,14729,636.2,681.3620565214433,Robust_Linear,0.24569725,0.22860056,0.26217806,0.24349953,0.02002463
2023,14729,725.8,706.9920004995594,Robust_Linear,0.23111434,0.10550495,0.39838147,0.25084192,0.014157244
2024,14729,773.3,736.2101151635738,Robust_Linear,0.19286512,0.13305709,0.5664788,0.0947963,0.012802726
2000,14730,507.3,507.52374966411173,Statistical_Trend,0.16251923,0.0141423335,0.12091747,0.69373155,0.008689488
2001,14730,536.1,518.23350112822,Robust_Linear,0.3029752,0.020902751,0.44452357,0.21735737,0.014241052
2002,14730,497.2,531.3700021245068,Hybrid_XGB,0.38551512,0.02038792,0.37244254,0.20961006,0.012044297
2003,14730,386.4,547.0297529809635,Robust_Linear,0.35577345,0.01653458,0.4721183,0.1448876,0.010686023
2004,14730,594.4,504.2261021264746,Robust_Linear,0.09575891,0.01365219,0.75261724,0.12779778,0.010173834
2005,14730,610.4,540.2670693380273,Robust_Linear,0.15421966,0.04236721,0.6541572,0.1415071,0.007748863
2006,14730,464.4,562.2156665865593,Hybrid_XGB,0.55148983,0.048797958,0.21342404,0.092397586,0.09389061
2007,14730,660.8,565.6771498042035,Robust_Linear,0.222915,0.0526278,0.6302827,0.085221305,0.008953216
2008,14730,585.7,574.1758213874201,Statistical_Trend,0.27468738,0.12475011,0.08281398,0.50829387,0.009454656
2009,14730,679.4,593.1648731626835,Statistical_Trend,0.30346966,0.05528089,0.17452855,0.4586121,0.008108742
2010,14730,658.8,626.3794799676027,Native_Ensemble,0.13126597,0.39548856,0.33692306,0.12537932,0.010943065
2011,14730,717.7,661.3806907589462,Native_Ensemble,0.16298506,0.4659042,0.249938,0.10602528,0.015147452
2012,14730,641.2,695.8408244470924,Robust_Linear,0.1925033,0.05410544,0.59802157,0.14773624,0.007633418
2013,14730,594.3,703.5114613593328,Robust_Linear,0.14747693,0.23928204,0.53435737,0.06709061,0.011793063
2014,14730,854.9,690.5037035430425,Robust_Linear,0.35852283,0.07492208,0.4473402,0.102639094,0.016575808
2015,14730,676.1,704.9089383974427,Hybrid_XGB,0.49341068,0.055356,0.16099368,0.10177177,0.18846789
2016,14730,639.9,778.3830739197081,Robust_Linear,0.092834234,0.039032917,0.44219854,0.06310046,0.3628339
2017,14730,773.7,720.5170208065801,Statistical_Trend,0.29862392,0.06716824,0.15454507,0.47040167,0.009261139
2018,14730,424.9,723.7701546927528,Hybrid_XGB,0.4201658,0.097486034,0.3396045,0.13102303,0.011720568
2019,14730,555.5,703.9144603211149,Robust_Linear,0.3484879,0.098693505,0.4410978,0.10246085,0.0092599355
2020,14730,535.5,583.6124824209743,Statistical_Trend,0.14989494,0.20693669,0.058181938,0.5768803,0.008106226
2021,14730,828.4,665.3096853589016,Robust_Linear,0.13837892,0.07179914,0.6775207,0.10266525,0.009636023
2022,14730,607.6,641.8177163498204,Robust_Linear,0.2451858,0.1584317,0.3020103,0.27382985,0.020542374
2023,14730,709.5,708.238189446805,Robust_Linear,0.12946536,0.056926727,0.6692938,0.13521232,0.009101717
2024,14730,777.7,725.9211467314037,Robust_Linear,0.11821495,0.07583339,0.7389588,0.05919984,0.0077930815
2000,15001,512.0,475.90828802437306,Statistical_Trend,0.08229819,0.013777937,0.120879434,0.7754245,0.0076199584
2001,15001,501.2,507.5233866547818,Robust_Linear,0.24863458,0.016898206,0.45020878,0.27542928,0.008829213
2002,15001,388.1,520.354221944369,Statistical_Trend,0.32798475,0.024745582,0.18963708,0.3358856,0.12174696
2003,15001,362.1,519.9399939639512,Robust_Linear,0.23136467,0.011180746,0.6840496,0.06545205,0.007952941
2004,15001,506.7,474.33907533928146,Robust_Linear,0.066310555,0.0092834905,0.85225284,0.06531838,0.0068346746
2005,15001,556.4,495.4833425801896,Robust_Linear,0.049462218,0.049537487,0.81528807,0.07910034,0.006611962
2006,15001,418.9,469.94106838904764,Hybrid_XGB,0.51078993,0.09799968,0.2787307,0.102757126,0.009722549
2008,15001,488.9,458.9093887108723,Statistical_Trend,0.09785947,0.17100452,0.07844429,0.6423801,0.010311653
2009,15001,533.7,500.41850379970424,Robust_Linear,0.3164147,0.049054362,0.5467633,0.07656868,0.0111989025
2011,15001,582.1,548.5930794447895,V31_Solar_Gated,0.093027666,0.05245876,0.11173792,0.06697957,0.6757961
2012,15001,551.1,564.8258469419237,Hybrid_XGB,0.43583247,0.04965084,0.41069713,0.0968168,0.0070027057
2013,15001,455.4,568.1129494991735,Hybrid_XGB,0.41961166,0.07209626,0.37011853,0.12285312,0.015320386
2014,15001,659.7,543.9397265691198,Robust_Linear,0.20497338,0.09650535,0.36965254,0.080968246,0.24790052
2015,15001,556.5,596.7615777507406,Robust_Linear,0.3098762,0.076510884,0.4944297,0.09634286,0.022840425
2016,15001,536.3,581.478715264519,Robust_Linear,0.3703234,0.09852836,0.39707395,0.12335147,0.01072291
2019,15001,429.8,567.3438463110466,Robust_Linear,0.20412196,0.19472969,0.28017637,0.13865098,0.18232097
2000,15003,540.2,499.26553147536475,Robust_Linear,0.124144554,0.012738013,0.71099937,0.14043187,0.011686232
2001,15003,464.9,532.0383936479406,Statistical_Trend,0.17295294,0.015316451,0.32644466,0.47657037,0.008715569
2002,15003,535.5,501.2868163157633,Robust_Linear,0.3214684,0.018213376,0.4108456,0.13579036,0.1136822
2003,15003,480.5,527.0308721308724,Hybrid_XGB,0.4713605,0.025297811,0.31999233,0.16656634,0.01678302
2005,15003,557.9,525.6686377931272,Robust_Linear,0.22722103,0.12173762,0.4784053,0.15766889,0.014967141
2006,15003,465.1,524.0484955942482,Hybrid_XGB,0.43585983,0.12664208,0.29544845,0.1298998,0.012149863
2007,15003,644.1,552.2636635078337,Robust_Linear,0.16426973,0.07538393,0.5618403,0.18999757,0.0085084345
2008,15003,590.0,553.650781234694,Statistical_Trend,0.12775978,0.3927693,0.074527115,0.3941577,0.010786044
2009,15003,624.2,561.2888366762945,Hybrid_XGB,0.48124325,0.08768553,0.27704144,0.14500926,0.009020586
2010,15003,477.2,570.89336763411,Statistical_Trend,0.32187593,0.13460429,0.11277781,0.4175308,0.013211084
2012,15003,566.6,608.8142053391726,Robust_Linear,0.2232172,0.23260601,0.48267603,0.0528943,0.008606493
2013,15003,648.3,616.6747635282646,Robust_Linear,0.20900108,0.07557179,0.62980443,0.06559205,0.020030549
2015,15003,792.7,655.538805481997,Robust_Linear,0.18519016,0.07420241,0.42091146,0.30698964,0.012706273
2016,15003,710.1,698.6393340823886,Native_Ensemble,0.28380156,0.30165392,0.28168616,0.12093071,0.011927693
2017,15003,642.6,712.7871574892696,Statistical_Trend,0.2814917,0.08025724,0.28775048,0.34005654,0.010444057
2018,15003,463.0,706.6885440273944,Hybrid_XGB,0.42485008,0.09429345,0.30938584,0.15935712,0.012113525
2019,15003,569.2,631.9071780855126,Robust_Linear,0.12683909,0.06280978,0.41920218,0.07814638,0.31300262
2020,15003,521.6,573.0536423118137,Statistical_Trend,0.17180002,0.19941992,0.055983704,0.56449276,0.008303616
2021,15003,741.3,673.4173427367516,Robust_Linear,0.07902095,0.030237729,0.84330386,0.041303214,0.006134274
2000,15081,475.1,480.93032031972456,Robust_Linear,0.040298685,0.0068015386,0.8767998,0.06813594,0.007963962
2001,15081,492.0,489.5467065715481,Statistical_Trend,0.21416129,0.017307175,0.35482398,0.39983973,0.013867868
2002,15081,480.1,475.52112072039733,Hybrid_XGB,0.3864273,0.018641476,0.29971132,0.27620205,0.019017894
2003,15081,387.9,455.41160929443765,Hybrid_XGB,0.66967213,0.015878439,0.18934782,0.11382968,0.011271904
2004,15081,534.0,503.0120503388132,Robust_Linear,0.07709717,0.010860818,0.8262771,0.076481834,0.009283157
2005,15081,562.7,507.4450326003883,Robust_Linear,0.18027958,0.059917737,0.6481529,0.1005081,0.0111416895
2006,15081,454.0,503.61620479464483,Hybrid_XGB,0.6029288,0.058712967,0.20536327,0.12248726,0.010507751
2007,15081,595.3,539.6163298442228,Robust_Linear,0.25237623,0.063410945,0.59123963,0.08247571,0.010497512
2008,15081,539.4,516.5641895404002,Statistical_Trend,0.13136551,0.35158423,0.06326648,0.4445714,0.009212405
2009,15081,589.7,540.2523790793138,Hybrid_XGB,0.5019792,0.06913932,0.27595323,0.1429767,0.009951546
2010,15081,505.7,532.9812021790339,Hybrid_XGB,0.49683395,0.13675946,0.19172288,0.16400698,0.010676733
2011,15081,672.4,627.6889565889066,V31_Solar_Gated,0.048187237,0.023328997,0.05390307,0.0440584,0.8305223
2012,15081,650.5,623.2408539292825,Robust_Linear,0.31524828,0.05924381,0.3747594,0.2395659,0.011182621
2013,15081,572.8,656.3676151668849,Hybrid_XGB,0.3122037,0.1013526,0.25135753,0.07383594,0.2612502
2014,15081,814.1,683.422408250841,V31_Solar_Gated,0.079674385,0.0502392,0.038399246,0.044189192,0.787498
2015,15081,701.4,693.7572025640234,Statistical_Trend,0.22056116,0.042409696,0.30555907,0.42336673,0.008103331
2016,15081,677.4,713.1433419691115,Hybrid_XGB,0.3685883,0.1736911,0.29422218,0.15126573,0.012232773
2017,15081,713.9,731.4311947206679,Robust_Linear,0.25150645,0.23777941,0.34936526,0.14787948,0.013469405
2018,15081,442.9,639.6038872485822,V31_Solar_Gated,0.105921835,0.059209917,0.05575541,0.048186976,0.73092586
2019,15081,551.7,698.8312916349357,Robust_Linear,0.29977047,0.09547777,0.47760275,0.1153706,0.011778476
2020,15081,590.9,598.0417862125961,Statistical_Trend,0.12371056,0.24517426,0.07611306,0.5468837,0.008118459
2021,15081,674.5,694.3104152527314,Robust_Linear,0.080901496,0.04064241,0.8385304,0.033805475,0.006120187
2022,15081,516.2,666.4117594461799,Robust_Linear,0.21801452,0.11022029,0.52247316,0.13287364,0.016418355
2023,15081,715.9,661.4150840096987,Robust_Linear,0.15582874,0.08014481,0.65238565,0.1007589,0.010881926
2024,15081,729.7,670.1128279903213,Robust_Linear,0.19468667,0.10299852,0.5809157,0.10656727,0.014831872
2000,15082,489.2,458.69777102962263,Robust_Linear,0.114955686,0.01212859,0.68332,0.18122913,0.00836662
2001,15082,488.7,483.7279543405447,Robust_Linear,0.20669691,0.0110336235,0.68129677,0.09181644,0.009156333
2002,15082,476.8,466.02771012043655,Hybrid_XGB,0.49563134,0.015900875,0.22318418,0.17918478,0.08609883
2003,15082,347.1,501.64661578363393,Hybrid_XGB,0.44838312,0.02107565,0.33408913,0.18352997,0.012922051
2004,15082,516.6,483.01541809085677,Robust_Linear,0.065119445,0.008990763,0.8523327,0.06693611,0.0066210483
2005,15082,526.0,498.90676438440465,Robust_Linear,0.07256806,0.06622382,0.70506364,0.14496596,0.011178522
2006,15082,451.9,511.73959367366245,Robust_Linear,0.34750867,0.11368841,0.46181855,0.06859702,0.008387349
2007,15082,613.6,517.860103516391,Robust_Linear,0.21370746,0.07173843,0.63445306,0.06578818,0.014312905
2008,15082,552.3,521.0181583354081,Statistical_Trend,0.11414236,0.28346252,0.06492284,0.52755165,0.009920686
2009,15082,563.7,533.3025778030053,Hybrid_XGB,0.3808988,0.049767986,0.22762612,0.33393463,0.0077724284
2010,15082,586.2,556.0717354778652,Statistical_Trend,0.23832366,0.061065108,0.14383988,0.54461473,0.01215661
2011,15082,688.8,623.806599597434,V31_Solar_Gated,0.15253945,0.07754466,0.10992758,0.06693278,0.59305555
2012,15082,624.6,636.9949851894646,Robust_Linear,0.27018055,0.041593514,0.45995083,0.22140063,0.0068745604
2013,15082,541.3,657.2058326156583,Robust_Linear,0.13966373,0.27228603,0.51626116,0.061214026,0.010575054
2014,15082,767.1,621.5381255396583,Robust_Linear,0.346645,0.10416804,0.347284,0.18391165,0.017991336
2015,15082,660.4,686.2112646689969,Statistical_Trend,0.1650034,0.026017984,0.13457537,0.6682214,0.0061818208
2016,15082,558.6,679.9492521287268,Hybrid_XGB,0.35021332,0.31001857,0.22709191,0.10237583,0.01030037
2017,15082,752.5,670.8787321235329,Robust_Linear,0.3734314,0.07592806,0.3914205,0.14891087,0.010309157
2018,15082,270.9,695.1648953130031,Robust_Linear,0.35873774,0.09130815,0.38613313,0.15336451,0.0104564885
2019,15082,387.5,620.1943766355867,Robust_Linear,0.20224026,0.1789365,0.2745607,0.10164814,0.2426144
2020,15082,466.6,467.4835239985433,Statistical_Trend,0.11401176,0.24967213,0.06875974,0.55758554,0.009970798
2021,15082,694.4,623.4874950639633,Robust_Linear,0.03399605,0.049856357,0.86215645,0.048020873,0.0059703398
2022,15082,481.6,541.2813156246749,Robust_Linear,0.23882744,0.24272089,0.32683927,0.17299014,0.018622173
2023,15082,687.2,574.8115761426707,Robust_Linear,0.18699668,0.10679844,0.5304176,0.16075948,0.01502779
2024,15082,637.2,525.3641872607773,Native_Ensemble,0.27874467,0.38362646,0.11541505,0.2115736,0.010640118
2000,15083,548.0,520.309838822407,Robust_Linear,0.10484289,0.012791768,0.65864784,0.15231979,0.071397714
2001,15083,511.8,551.9925790964819,Statistical_Trend,0.15257783,0.0120256785,0.24163646,0.5867615,0.0069985827
2002,15083,525.9,533.251496101086,Hybrid_XGB,0.28973266,0.017819678,0.26069295,0.2555488,0.17620589
2003,15083,470.4,524.4750192683696,Hybrid_XGB,0.5167181,0.01695596,0.25160998,0.20268324,0.012032636
2004,15083,545.8,539.8891379041598,Robust_Linear,0.20162706,0.017385561,0.65941304,0.110256724,0.011317633
2005,15083,518.5,537.4321671997758,Robust_Linear,0.26297805,0.10693277,0.42676994,0.19038565,0.01293368
2006,15083,471.3,523.5610343285617,Hybrid_XGB,0.4454908,0.09705985,0.32264385,0.123284526,0.011521002
2007,15083,631.5,556.9941914259341,Robust_Linear,0.13928664,0.06992254,0.66597134,0.1168354,0.007984091
2008,15083,587.2,547.028099528895,Native_Ensemble,0.100099586,0.58756536,0.055421975,0.24875875,0.0081542935
2009,15083,600.4,570.3645800157533,Hybrid_XGB,0.5210786,0.06884812,0.26633683,0.13410045,0.009635964
2010,15083,577.7,571.479537815075,Hybrid_XGB,0.46472403,0.06732159,0.26118624,0.19302067,0.013747504
2011,15083,691.1,643.0365309372472,V31_Solar_Gated,0.07301271,0.019615008,0.13466187,0.04176096,0.7309494
2012,15083,667.3,665.3360122551819,Robust_Linear,0.3848803,0.04422493,0.4371361,0.12599675,0.0077619012
2013,15083,638.1,684.3526841958235,Robust_Linear,0.24480826,0.10280592,0.54204774,0.09486967,0.01546835
2014,15083,789.4,704.7812059570109,V31_Solar_Gated,0.11391263,0.039060194,0.11134551,0.07381174,0.6618699
2015,15083,709.4,730.2445699002997,Robust_Linear,0.22014435,0.30135068,0.34952658,0.10919667,0.01978173
2016,15083,724.2,723.6897930054087,Robust_Linear,0.2628571,0.26798716,0.343849,0.114200674,0.011106096
2017,15083,743.3,731.1847454534804,Robust_Linear,0.2570889,0.27655745,0.35367182,0.101712435,0.010969469
2018,15083,495.9,755.353023950979,Hybrid_XGB,0.37878525,0.28883305,0.19199058,0.1302745,0.010116547
2019,15083,536.4,708.7635553374103,Robust_Linear,0.26997274,0.07334943,0.58239615,0.06415149,0.010130207
2020,15083,666.6,588.0973475055549,Statistical_Trend,0.12286335,0.2241777,0.071256466,0.5737742,0.007928268
2021,15083,741.9,702.0868201050383,Robust_Linear,0.16182034,0.05688,0.6943218,0.07751693,0.009460984
2022,15083,554.3,668.8851576532413,Hybrid_XGB,0.3959749,0.24215779,0.24034469,0.10658362,0.014938998
2023,15083,756.0,684.3208183524737,Robust_Linear,0.1773071,0.085232824,0.6147832,0.110468134,0.012208734
2024,15083,768.1,692.1802931095065,Robust_Linear,0.33731848,0.1427524,0.3948244,0.10898201,0.01612272
2000,15084,554.0,557.0407086588441,Statistical_Trend,0.1353681,0.012681273,0.215631,0.6286109,0.007708757
2001,15084,543.1,571.5679201224186,Statistical_Trend,0.21506682,0.015087368,0.21722847,0.5454443,0.007173053
2002,15084,574.8,553.2703255848156,Robust_Linear,0.30603704,0.018280396,0.30837876,0.2914554,0.07584838
2003,15084,501.0,583.3147096317742,Robust_Linear,0.31015623,0.01747067,0.42732954,0.23311657,0.011926936
2004,15084,569.9,572.9974371198139,Robust_Linear,0.13622563,0.013270156,0.7674485,0.07531216,0.007743592
2005,15084,584.9,585.3930006169213,Robust_Linear,0.1587128,0.049525175,0.6209251,0.16184323,0.008993733
2006,15084,568.8,573.1654567926829,Hybrid_XGB,0.43992293,0.074764386,0.37251556,0.10076269,0.012034539
2007,15084,635.3,611.3712814015478,Robust_Linear,0.17017032,0.042754345,0.64088315,0.13796908,0.008223156
2008,15084,637.3,605.1043141551568,Native_Ensemble,0.24254973,0.41307446,0.071321495,0.26466075,0.008393541
2009,15084,709.8,630.1277119175649,Statistical_Trend,0.31448683,0.04393341,0.25356197,0.38094002,0.0070777675
2010,15084,665.2,660.5238848513341,Native_Ensemble,0.19525942,0.41087267,0.2464349,0.1334499,0.013983129
2011,15084,737.9,676.922114319384,Native_Ensemble,0.2654419,0.43293843,0.18873999,0.09066277,0.022216951
2012,15084,666.5,729.4024146480479,Robust_Linear,0.2556213,0.08937128,0.568994,0.07856122,0.0074523026
2013,15084,627.6,699.9889808887023,Hybrid_XGB,0.4508875,0.15678988,0.22159526,0.15014513,0.020582302
2014,15084,827.8,728.3939574716326,V31_Solar_Gated,0.05281723,0.06465397,0.17175598,0.028344098,0.6824288
2015,15084,775.4,757.1582427866325,Hybrid_XGB,0.3886834,0.36309007,0.14409338,0.087495856,0.016637223
2016,15084,737.7,801.0483135536374,Robust_Linear,0.19991082,0.03898501,0.4091868,0.043184318,0.308733
2017,15084,836.7,771.4719996620447,Statistical_Trend,0.2831015,0.07216374,0.15765844,0.47877187,0.008304517
2018,15084,538.1,727.8945955852341,V31_Solar_Gated,0.18028861,0.03493862,0.08088889,0.12879781,0.57508606
2019,15084,563.3,711.4643372529272,V31_Solar_Gated,0.15357736,0.058305033,0.22845505,0.044382922,0.5152797
2020,15084,619.9,619.1996826116753,Statistical_Trend,0.08356014,0.36943552,0.04331452,0.3967873,0.10690256
2021,15084,831.9,716.7769633622839,Robust_Linear,0.15521179,0.104119524,0.62151057,0.10579421,0.013363965
2022,15084,680.9,705.9993926503748,Hybrid_XGB,0.34575754,0.29978487,0.2193374,0.12030213,0.014818039
2023,15084,771.2,727.2340527762632,Robust_Linear,0.2235513,0.12276109,0.42786843,0.20809841,0.017720744
2024,15084,862.8,706.591232100335,Statistical_Trend,0.3058393,0.15608773,0.090479724,0.43819866,0.009394534
2000,15085,556.7,514.808133633596,Robust_Linear,0.117548734,0.012627196,0.68167645,0.15110223,0.037045363
2001,15085,519.2,559.7271055469538,Statistical_Trend,0.13007967,0.011198809,0.15914865,0.6926717,0.0069011273
2002,15085,529.1,528.9551573780163,Hybrid_XGB,0.36265957,0.017249713,0.24129131,0.27040485,0.10839458
2003,15085,515.9,550.2870580987358,Hybrid_XGB,0.52501607,0.016599264,0.28222948,0.16556679,0.01058832
2004,15085,544.1,543.3630821548936,Robust_Linear,0.24974413,0.017187284,0.4392032,0.2817379,0.012127433
2005,15085,529.5,554.8414316576975,Robust_Linear,0.2181994,0.13228165,0.4545397,0.18051335,0.014465992
2006,15085,470.0,567.9688271124161,Robust_Linear,0.3158695,0.054038834,0.551583,0.06962907,0.00887951
2007,15085,619.4,583.8133973824465,Robust_Linear,0.09164913,0.04266695,0.8320924,0.027777074,0.0058145444
2008,15085,606.3,547.7900931177587,Native_Ensemble,0.087669566,0.54339737,0.05265816,0.3083607,0.007914193
2009,15085,616.8,585.6796448488742,Hybrid_XGB,0.3624751,0.09686532,0.36076796,0.16713531,0.012756275
2010,15085,598.1,598.5684393340903,Hybrid_XGB,0.48581165,0.07630851,0.26617825,0.15664525,0.015056265
2011,15085,655.8,658.7255550600356,V31_Solar_Gated,0.061655276,0.020467676,0.071410075,0.045781378,0.8006855
2012,15085,611.7,662.0941228745169,Robust_Linear,0.25981835,0.30074683,0.32164693,0.108911514,0.0088764345
2013,15085,591.6,651.8172327610766,Statistical_Trend,0.07771059,0.02776845,0.16703679,0.68515116,0.042332966
2014,15085,778.7,670.9539242064188,V31_Solar_Gated,0.05342606,0.02902946,0.087067835,0.054449324,0.7760273
2015,15085,738.8,706.795989400223,Hybrid_XGB,0.30356985,0.29778326,0.21406707,0.16253828,0.022041548
2016,15085,720.7,724.5788893848438,Statistical_Trend,0.30650023,0.0961527,0.21629646,0.3705315,0.0105190715
2017,15085,808.9,735.7380325491237,Native_Ensemble,0.3220624,0.35152376,0.21701898,0.099547334,0.009847498
2018,15085,411.2,665.9404846836458,V31_Solar_Gated,0.15519112,0.06307509,0.0868999,0.040962115,0.6538718
2019,15085,518.9,703.6966311597029,Robust_Linear,0.18025343,0.27074596,0.47757307,0.06271343,0.008714163
2020,15085,529.6,572.6941381936609,Native_Ensemble,0.22852951,0.3851684,0.105898604,0.26952493,0.010878507
2021,15085,695.8,688.7164433790148,Robust_Linear,0.10817711,0.049134117,0.7990491,0.03642434,0.00721542
2022,15085,410.5,714.9382231103218,Robust_Linear,0.08795895,0.060580324,0.7590128,0.08522326,0.0072246417
2023,15085,785.1,683.2201662230643,Robust_Linear,0.06926633,0.0533277,0.8377734,0.033983618,0.005648941
2024,15085,818.1,580.6153743304163,Native_Ensemble,0.25381026,0.42094696,0.12120476,0.19287474,0.011163361
2000,15086,519.9,463.4564910620442,Statistical_Trend,0.09119528,0.011494288,0.11749284,0.7707759,0.009041653
2001,15086,481.0,495.2588834733286,Hybrid_XGB,0.38376343,0.023419911,0.22700526,0.35583657,0.009974814
2002,15086,422.6,503.61822694933903,Hybrid_XGB,0.33882985,0.022795808,0.18139926,0.33642322,0.12055185
2003,15086,356.6,516.0698841710125,Robust_Linear,0.34418935,0.015440283,0.53802425,0.09118147,0.011164674
2004,15086,501.4,485.72945410440127,Robust_Linear,0.0645694,0.009491797,0.8601554,0.059004795,0.0067785988
2005,15086,509.0,504.0767956230505,Robust_Linear,0.052487474,0.05908945,0.8441094,0.037518978,0.0067946217
2006,15086,398.9,465.6585306999143,Hybrid_XGB,0.41742596,0.07493535,0.41382945,0.08377978,0.010029426
2007,15086,506.5,514.9333763942534,Robust_Linear,0.066394985,0.058326878,0.79181397,0.07495084,0.00851331
2008,15086,465.3,453.36356060391006,Statistical_Trend,0.060829524,0.23540968,0.06955124,0.623981,0.01022854
2009,15086,522.1,506.4075157479928,Robust_Linear,0.18664223,0.062905036,0.67815983,0.06265045,0.009642465
2010,15086,484.9,477.2701476728672,Hybrid_XGB,0.38944533,0.083505,0.30504298,0.2038832,0.018123502
2011,15086,589.6,525.052359287115,V31_Solar_Gated,0.14865647,0.034001347,0.18176678,0.08432686,0.55124855
2012,15086,667.4,548.2567528109743,Robust_Linear,0.37403154,0.048941635,0.4620315,0.10639219,0.008603147
2013,15086,538.5,598.9079823377564,Hybrid_XGB,0.40009832,0.046480443,0.32148504,0.21752118,0.014414986
2014,15086,812.0,593.5780473932131,Native_Ensemble,0.27655745,0.3651927,0.18855356,0.15294176,0.016754488
2015,15086,698.1,666.5674071422628,Robust_Linear,0.2034489,0.11267461,0.55496234,0.11738256,0.011531576
2016,15086,635.8,688.1181377626172,Hybrid_XGB,0.3426678,0.17954113,0.32909486,0.13591443,0.012781695
2017,15086,735.6,710.8575907551284,Robust_Linear,0.24488564,0.2279915,0.34304327,0.17333001,0.010749618
2018,15086,443.2,733.9220067965757,Robust_Linear,0.26804605,0.22663397,0.30319843,0.19227448,0.009847112
2019,15086,458.0,644.5967436816094,Native_Ensemble,0.294467,0.3010885,0.18052888,0.20974399,0.014171689
2020,15086,542.8,564.9957203410844,Statistical_Trend,0.11576808,0.23478399,0.06650476,0.5748283,0.008114825
2021,15086,690.4,655.1997040954727,Robust_Linear,0.06700174,0.030387584,0.839219,0.05785878,0.005532845
2022,15086,389.8,613.3972265358108,Robust_Linear,0.25423098,0.25138766,0.32944363,0.14997543,0.014962288
2023,15086,543.1,583.6218838859576,Robust_Linear,0.15288572,0.09837087,0.44834664,0.2868199,0.013576868
2024,15086,640.4,495.7125551823002,Native_Ensemble,0.24306034,0.40058866,0.13790229,0.2080408,0.010407846
2000,15087,532.9,511.63476975669926,Statistical_Trend,0.087694764,0.010061088,0.12180442,0.7723158,0.008123936
2001,15087,484.7,539.6640669108162,Robust_Linear,0.20920712,0.015117851,0.6186933,0.14846332,0.00851841
2002,15087,520.3,518.6083564007033,Robust_Linear,0.3015759,0.015792059,0.31256592,0.2283033,0.14176285
2003,15087,470.3,536.814606572767,Hybrid_XGB,0.41206852,0.014051254,0.38435197,0.18051855,0.009009708
2004,15087,537.2,525.2318161149284,Robust_Linear,0.1781963,0.013653548,0.6672157,0.13251297,0.008421552
2005,15087,545.5,532.0094124143644,Robust_Linear,0.19948626,0.10528143,0.5273071,0.15557401,0.012351301
2006,15087,492.4,555.9499745723884,Robust_Linear,0.280803,0.049956426,0.6018405,0.059014976,0.0083851265
2007,15087,639.0,564.9296207942699,Robust_Linear,0.15799487,0.055350002,0.65616834,0.122572996,0.00791384
2008,15087,599.6,569.3116690802399,Native_Ensemble,0.09653227,0.47743243,0.05728387,0.36065328,0.008098226
2009,15087,658.5,591.9380932848312,Hybrid_XGB,0.40025407,0.35381573,0.14748305,0.08870866,0.009738502
2010,15087,635.3,631.4529448101356,Native_Ensemble,0.2282556,0.36313936,0.28280747,0.108092114,0.01770543
2011,15087,691.4,700.4973461726964,V31_Solar_Gated,0.05203026,0.022619618,0.06451185,0.10145933,0.75937897
2012,15087,691.7,689.2742380853674,Robust_Linear,0.2749554,0.07840999,0.54928195,0.08902093,0.008331749
2013,15087,648.8,704.7961070380437,Robust_Linear,0.17304824,0.08126518,0.65817785,0.07741102,0.010097687
2014,15087,796.0,739.775355252202,V31_Solar_Gated,0.06293889,0.016365029,0.118693836,0.040979613,0.7610226
2015,15087,700.8,752.8203049671417,Robust_Linear,0.1734949,0.24890088,0.49066615,0.074810036,0.012128032
2016,15087,745.2,729.5887025233956,Hybrid_XGB,0.34193623,0.30551943,0.23717597,0.10304545,0.01232294
2017,15087,774.6,749.8868010317535,Native_Ensemble,0.3225514,0.32738417,0.24214491,0.09629775,0.011621727
2018,15087,475.5,770.3953837702849,Hybrid_XGB,0.40589333,0.3074812,0.14129134,0.13410568,0.011228449
2019,15087,598.8,722.4135103210382,Robust_Linear,0.2776441,0.07507871,0.54156405,0.093924694,0.011788375
2020,15087,568.5,622.3307257079047,Statistical_Trend,0.16325334,0.21989086,0.053502567,0.5554501,0.007903106
2021,15087,790.4,725.7529390402714,Robust_Linear,0.09097628,0.032949515,0.8194699,0.049560573,0.007043751
2022,15087,602.9,668.246850387405,Hybrid_XGB,0.33273897,0.2706797,0.24695998,0.1328397,0.016781652
2023,15087,774.2,748.1095225194623,Robust_Linear,0.098797366,0.037546825,0.8099564,0.046804667,0.0068947165
2024,15087,816.3,732.8861736827502,Robust_Linear,0.22814426,0.15007241,0.53191817,0.077591784,0.012273429
2000,15088,558.6,520.7709933185946,Statistical_Trend,0.114779755,0.011892972,0.20225494,0.66373694,0.007335366
2001,15088,541.5,547.9292175671701,Statistical_Trend,0.27277216,0.022359654,0.30280265,0.38964072,0.012424797
2002,15088,549.6,546.9661025456045,Statistical_Trend,0.26408643,0.022268942,0.20487802,0.44197515,0.06679146
2003,15088,494.7,571.4252946273629,Robust_Linear,0.35037383,0.019322176,0.4681879,0.14969549,0.012420607
2004,15088,558.7,553.2617305512744,Robust_Linear,0.17268743,0.015056341,0.6945244,0.11032229,0.007409556
2005,15088,559.6,573.9806530726697,Robust_Linear,0.16908866,0.06090012,0.70141643,0.0595298,0.009064978
2006,15088,486.1,578.6256827955822,Robust_Linear,0.2188053,0.18812342,0.50853455,0.0766118,0.007924859
2007,15088,631.2,578.5637105222576,Robust_Linear,0.15966684,0.06462837,0.7261518,0.041721225,0.007831781
2008,15088,621.0,568.6370583579499,Statistical_Trend,0.20173232,0.13039012,0.09203298,0.56676656,0.009078024
2009,15088,688.7,591.6031761087906,Robust_Linear,0.3669522,0.09575179,0.3850513,0.14162141,0.010623324
2010,15088,655.3,635.7329705994284,Statistical_Trend,0.19749849,0.118074074,0.26505995,0.40451595,0.014851571
2011,15088,731.5,662.7717825658359,Native_Ensemble,0.26128212,0.452505,0.1651386,0.105749,0.015325326
2012,15088,662.0,707.1228689494577,Robust_Linear,0.17090234,0.06668352,0.59608334,0.15887474,0.0074560526
2013,15088,613.5,703.0834713920563,Hybrid_XGB,0.40042806,0.37476856,0.12805362,0.0817634,0.014986344
2014,15088,819.3,718.8554494955467,V31_Solar_Gated,0.06596324,0.031140268,0.08183818,0.02833809,0.7927202
2015,15088,700.1,750.2229206636778,Hybrid_XGB,0.39942738,0.27649513,0.23208836,0.07886545,0.013123607
2016,15088,673.5,771.8353481626001,V31_Solar_Gated,0.19397202,0.032700237,0.14446495,0.055725228,0.5731375
2017,15088,782.9,720.4410522993072,Robust_Linear,0.37544185,0.098183766,0.38739127,0.12804365,0.010939358
2018,15088,362.6,672.3882070040002,V31_Solar_Gated,0.12803528,0.034053154,0.11652145,0.055620436,0.6657697
2019,15088,436.8,653.0163783581547,V31_Solar_Gated,0.11243652,0.069684654,0.27758583,0.083063796,0.45722926
2020,15088,533.2,498.4327848316923,Statistical_Trend,0.08217715,0.15201268,0.061680797,0.61058766,0.09354174
2021,15088,765.0,643.0262349299446,Robust_Linear,0.13299231,0.098570585,0.6673328,0.09056233,0.01054194
2022,15088,530.1,622.176732024908,Hybrid_XGB,0.29814142,0.19553928,0.28066847,0.20671473,0.018936075
2023,15088,656.7,636.4462681464579,Robust_Linear,0.14849317,0.102498986,0.5086521,0.22369945,0.016656345
2024,15088,786.7,571.6487989452211,Statistical_Trend,0.18568446,0.15930763,0.10746232,0.53845525,0.009090359
2000,15089,463.9,463.6934433561393,Robust_Linear,0.044878446,0.006897912,0.8673698,0.07421731,0.006636536
2001,15089,477.8,479.87381079373864,Robust_Linear,0.13037086,0.018564034,0.4661773,0.36891687,0.015970966
2002,15089,483.6,475.2248577020202,Hybrid_XGB,0.33535454,0.017866693,0.2971525,0.15685299,0.19277327
2003,15089,397.8,487.3113622688256,Hybrid_XGB,0.4374857,0.02438986,0.34937245,0.17144643,0.017305544
2004,15089,495.0,487.53370808913826,Robust_Linear,0.06912695,0.013111267,0.7792002,0.12879996,0.009761645
2005,15089,521.5,498.85262648061524,Robust_Linear,0.097072415,0.07371718,0.69956475,0.11752831,0.012117437
2006,15089,440.9,492.25123217602265,Hybrid_XGB,0.40135843,0.12197611,0.3220209,0.14223649,0.012408093
2007,15089,579.8,511.0230443626396,Robust_Linear,0.15991585,0.054534156,0.55113065,0.2229377,0.011481616
2008,15089,557.8,513.3401132282373,Statistical_Trend,0.104232706,0.3501607,0.06027773,0.47635046,0.008978448
2009,15089,556.5,545.0190510602849,Statistical_Trend,0.35746375,0.0766276,0.16051061,0.39530274,0.01009535
2010,15089,580.9,544.487195179617,Statistical_Trend,0.20388223,0.057862494,0.15707448,0.56729037,0.013890465
2011,15089,678.0,628.2300189436066,V31_Solar_Gated,0.07384296,0.05608347,0.06260665,0.042845294,0.7646217
2012,15089,661.8,631.9428256054085,Robust_Linear,0.20504768,0.05881964,0.5778334,0.14888838,0.009410893
2013,15089,528.2,651.472672190589,Robust_Linear,0.12947492,0.16220926,0.6303643,0.064076506,0.0138749555
2014,15089,804.2,660.8717859181681,V31_Solar_Gated,0.07242949,0.02433732,0.10129018,0.03257623,0.76936674
2015,15089,714.8,700.5985405208453,Robust_Linear,0.17701057,0.24740715,0.48824674,0.07701769,0.010317877
2016,15089,635.6,710.6162895339814,Robust_Linear,0.28014034,0.20801443,0.37475318,0.122193955,0.0148981465
2017,15089,696.0,704.7518491167217,Robust_Linear,0.24271838,0.3057388,0.34162945,0.09922148,0.01069191
2018,15089,364.9,706.7653188011134,Hybrid_XGB,0.4096663,0.27264363,0.18404396,0.122741126,0.010905018
2019,15089,440.7,618.1411145792654,V31_Solar_Gated,0.101307884,0.054527078,0.37575182,0.05489059,0.41352272
2020,15089,476.4,495.7796258218439,Statistical_Trend,0.11910145,0.30022335,0.053397328,0.5191914,0.008086465
2021,15089,627.6,645.7787035753759,Robust_Linear,0.05509224,0.03790128,0.86968774,0.030987624,0.0063310903
2022,15089,426.3,502.2346779410224,V31_Solar_Gated,0.09939602,0.07338085,0.1514377,0.08046962,0.5953158
2023,15089,677.5,632.6067797439971,Robust_Linear,0.043389574,0.05064098,0.8362033,0.061849058,0.007917179
2024,15089,671.2,519.6699539281585,Native_Ensemble,0.25277266,0.40724632,0.11831279,0.21092318,0.010744989
2000,15090,523.7,465.8246989128885,Robust_Linear,0.040823072,0.0071108965,0.86826843,0.07729172,0.006505802
2001,15090,502.4,498.73030915947845,Statistical_Trend,0.22716476,0.013409776,0.26207638,0.4905863,0.0067628436
2002,15090,439.0,492.03542014388165,Hybrid_XGB,0.44521686,0.023276554,0.20988469,0.31125054,0.010371352
2003,15090,369.6,467.49733165632847,Hybrid_XGB,0.570007,0.017212221,0.2737508,0.12750113,0.011528809
2004,15090,528.6,496.3302778284566,Robust_Linear,0.060430735,0.009054156,0.88239276,0.041488443,0.0066339136
2005,15090,528.6,506.31225510367017,Robust_Linear,0.07293403,0.07537795,0.7681793,0.07304194,0.010466804
2006,15090,436.3,479.9685162738316,Hybrid_XGB,0.5391085,0.08051932,0.26318237,0.10692102,0.010268872
2007,15090,543.5,520.87181838154,Robust_Linear,0.19729733,0.07599697,0.64533776,0.06938693,0.01198105
2008,15090,482.8,489.5691299713495,Statistical_Trend,0.09517276,0.28453666,0.05771582,0.5537911,0.00878372
2009,15090,503.6,514.3892999835936,Robust_Linear,0.31915894,0.08284713,0.43604934,0.14654538,0.015399166
2010,15090,497.0,485.5749647672043,Hybrid_XGB,0.46851277,0.11933166,0.28716505,0.110689215,0.01430132
2011,15090,653.3,546.691561320155,V31_Solar_Gated,0.08328825,0.025950702,0.12783654,0.07901277,0.68391174
2012,15090,661.8,580.5987099326172,Robust_Linear,0.2577161,0.056267053,0.44203654,0.23356731,0.01041305
2013,15090,513.6,637.0428758505703,V31_Solar_Gated,0.24532884,0.08464066,0.14064813,0.07435718,0.45502517
2014,15090,794.1,647.3856772609453,V31_Solar_Gated,0.08644892,0.017750015,0.058225106,0.032878086,0.8046978
2015,15090,658.3,677.9712558072237,Statistical_Trend,0.12239633,0.04048047,0.09930568,0.5398038,0.19801371
2016,15090,670.5,685.0368055131783,Hybrid_XGB,0.32417476,0.18681622,0.3082777,0.1668675,0.01386381
2017,15090,686.4,695.7880635604338,Robust_Linear,0.294761,0.20714734,0.33485028,0.1492717,0.01396967
2018,15090,446.4,615.1464676766094,V31_Solar_Gated,0.08372623,0.040782705,0.073096745,0.044585112,0.7578092
2019,15090,487.8,647.5891796063266,Robust_Linear,0.33875555,0.1749948,0.3582639,0.11644855,0.011537128
2020,15090,666.7,568.1659917799086,Statistical_Trend,0.11116563,0.17518248,0.06961419,0.6367783,0.0072594243
2021,15090,706.8,655.8318441927175,Robust_Linear,0.12757641,0.17747957,0.6396582,0.04740505,0.0078808
2022,15090,503.4,650.8480353307314,Robust_Linear,0.2792362,0.16545637,0.3627465,0.17614588,0.016415002
2023,15090,735.6,637.1328261880517,Robust_Linear,0.19906259,0.117797256,0.49889624,0.17076087,0.013483024
2024,15090,734.0,652.641300438295,Robust_Linear,0.28567284,0.15532361,0.39806992,0.14418852,0.016745051
2000,15091,500.2,496.07575835154626,Statistical_Trend,0.12806165,0.011975083,0.13563262,0.7174683,0.006862364
2001,15091,526.0,509.57613635985433,Robust_Linear,0.15540713,0.010904843,0.7233274,0.103800856,0.0065598194
2002,15091,256.8,504.7771039136662,Hybrid_XGB,0.42204347,0.019077854,0.2411246,0.17004061,0.14771345
2003,15091,389.2,508.5482040963443,Robust_Linear,0.099699415,0.013275845,0.6709016,0.20751606,0.008607123
2004,15091,519.0,463.7223761165314,Robust_Linear,0.035876274,0.006684281,0.8725736,0.08022535,0.0046403464
2005,15091,621.3,479.3044599315008,Robust_Linear,0.047467258,0.05522433,0.77693033,0.11299391,0.0073841354
2006,15091,465.9,477.12439380618304,Hybrid_XGB,0.5721505,0.098799944,0.19928594,0.120502084,0.009261562
2007,15091,592.9,531.826519971304,Robust_Linear,0.22354385,0.040225573,0.3831433,0.056464992,0.29662225
2008,15091,522.3,549.3298077814267,Native_Ensemble,0.27155295,0.35763472,0.09228333,0.26871592,0.009813062
2009,15091,574.4,539.4088240603555,Statistical_Trend,0.27271166,0.058185585,0.18640552,0.4738819,0.008815341
2010,15091,630.2,560.3586782659761,Statistical_Trend,0.12164913,0.076589115,0.19635491,0.58801335,0.01739353
2011,15091,675.1,651.5979939467059,V31_Solar_Gated,0.05255544,0.040613934,0.1236788,0.049289387,0.73386246
2012,15091,540.9,631.8676379320058,Robust_Linear,0.17285824,0.050856125,0.6545993,0.11368271,0.008003608
2013,15091,489.8,631.7090502952506,Robust_Linear,0.15467207,0.09194576,0.6190645,0.12334249,0.010975216
2014,15091,715.4,587.0144187368306,Robust_Linear,0.30659765,0.1145574,0.44457403,0.11660146,0.017669415
2015,15091,535.8,639.1781717421959,Statistical_Trend,0.14436957,0.02888253,0.19117191,0.62752044,0.008055546
2016,15091,472.8,607.7115490150277,Robust_Linear,0.35921174,0.07414076,0.4004543,0.15424658,0.011946546
2017,15091,571.3,601.8593443795495,Robust_Linear,0.17320694,0.11393908,0.6333567,0.07145141,0.008045851
2018,15091,308.6,601.6474057430713,Robust_Linear,0.21710087,0.06543749,0.5592331,0.14606906,0.012159469
2019,15091,489.0,528.4186380862095,Robust_Linear,0.10441209,0.13027364,0.44118372,0.30128044,0.022850191
2020,15091,597.1,436.6550716364134,Statistical_Trend,0.066971995,0.13973154,0.080061704,0.7034581,0.009776657
2021,15091,672.1,566.157619275003,Robust_Linear,0.07193433,0.06477685,0.7076969,0.14755237,0.008039533
2022,15091,452.6,493.5811922659847,V31_Solar_Gated,0.0859882,0.07098612,0.12206536,0.14918745,0.5717729
2023,15091,558.3,531.8828105952998,Statistical_Trend,0.16509062,0.14229205,0.27731204,0.4022085,0.013096726
2024,15091,659.0,512.7794638694146,Statistical_Trend,0.1925361,0.1320839,0.096653275,0.57023364,0.008493054
2000,16052,622.7,502.167676924747,Statistical_Trend,0.14722253,0.013540943,0.12407855,0.7078156,0.0073423036
2001,16052,576.3,565.6028930116892,Robust_Linear,0.17460053,0.016912526,0.5870647,0.21083257,0.010589676
2002,16052,599.6,592.2703412071472,Robust_Linear,0.30115306,0.032395467,0.3813608,0.2711825,0.013908136
2003,16052,555.4,598.0909109680445,Hybrid_XGB,0.57937866,0.014946533,0.18828093,0.20872484,0.00866909
2004,16052,588.6,596.602245771567,Statistical_Trend,0.23079793,0.024339015,0.18851234,0.54729456,0.009056208
2005,16052,655.9,616.7636929988182,Robust_Linear,0.25971198,0.19135119,0.43881413,0.10199436,0.008128301
2006,16052,517.9,620.3786272855663,Hybrid_XGB,0.4191138,0.2787113,0.1906777,0.101728626,0.0097686
2007,16052,757.0,632.2266468122518,Robust_Linear,0.16385749,0.041576207,0.67664295,0.110129416,0.0077939336
2008,16052,615.1,663.2896892128845,Hybrid_XGB,0.3602765,0.30006796,0.1728451,0.15907668,0.007733762
2009,16052,726.2,659.2536256667205,Hybrid_XGB,0.41636148,0.05469251,0.15421224,0.36723137,0.007502444
2010,16052,648.2,666.1204419671786,Robust_Linear,0.28960308,0.2547005,0.30591926,0.13740768,0.012369401
2011,16052,748.0,751.9718271997065,V31_Solar_Gated,0.071251854,0.0358453,0.052714165,0.107486024,0.7327027
2012,16052,736.4,732.5134157756495,Hybrid_XGB,0.34269106,0.18751115,0.3072704,0.15453343,0.007993978
2013,16052,573.4,756.1100449560795,Statistical_Trend,0.0935909,0.028275484,0.15123957,0.68518686,0.041707158
2014,16052,867.9,731.4146704308515,Robust_Linear,0.26433325,0.05134592,0.59253234,0.07401927,0.01776918
2015,16052,695.7,749.746143651419,Statistical_Trend,0.15700175,0.04566409,0.3017187,0.48044658,0.015168836
2016,16052,776.8,749.3523885868163,Robust_Linear,0.35628545,0.11722859,0.36318088,0.14310826,0.020196779
2017,16052,825.5,764.2671814246157,Robust_Linear,0.376073,0.09354874,0.3900926,0.12872863,0.011557051
2018,16052,625.9,766.4954530934317,Hybrid_XGB,0.43745598,0.16431485,0.268581,0.11698947,0.012658561
2019,16052,864.7,775.9754165331543,Robust_Linear,0.36848038,0.12353512,0.38858423,0.109146975,0.010253244
2020,16052,797.9,727.2015099368656,Statistical_Trend,0.19777718,0.35675758,0.05370848,0.3812308,0.010525948
2021,16052,878.1,789.6498480850223,Hybrid_XGB,0.40994424,0.10293523,0.35380659,0.12142631,0.011887726
2022,16052,770.1,799.8482910631601,Native_Ensemble,0.29789385,0.3732812,0.18270019,0.13181122,0.014313625
2023,16052,880.8,834.289839161613,Robust_Linear,0.25589383,0.25852212,0.35704353,0.11919017,0.009350325
2024,16052,856.2,818.7211665128248,Native_Ensemble,0.25738633,0.3821031,0.09122757,0.25842118,0.010861834
2000,16055,612.0,587.8323681791773,Statistical_Trend,0.071980044,0.01338616,0.121699534,0.6307731,0.16216117
2001,16055,578.9,610.9084679416464,Statistical_Trend,0.15170808,0.018434353,0.3731606,0.44710124,0.009595637
2002,16055,558.0,601.5852868666723,Hybrid_XGB,0.43556306,0.017931739,0.1874655,0.22271998,0.13631976
2003,16055,526.0,602.3115209412391,Robust_Linear,0.31333098,0.018124595,0.41337794,0.24349056,0.011675905
2004,16055,544.6,569.188677666665,Robust_Linear,0.20630236,0.018251833,0.4759307,0.28948933,0.010025783
2005,16055,625.7,589.8865266446995,Robust_Linear,0.15338805,0.04283137,0.6358298,0.15979424,0.008156484
2006,16055,529.7,604.5482808933917,Robust_Linear,0.39193493,0.056650642,0.47115138,0.073138095,0.0071249045
2007,16055,506.5,614.4837705355217,Robust_Linear,0.15615188,0.06103796,0.73169374,0.043338668,0.007777861
2012,16055,637.0,626.689983161248,Robust_Linear,0.12454003,0.05898303,0.69624674,0.11053696,0.009693236
2001,16061,568.4,497.0236460425407,Robust_Linear,0.16240032,0.015001439,0.47851896,0.33382705,0.010252167
2002,16061,375.1,533.5439918896129,Hybrid_XGB,0.49431205,0.01889922,0.2396835,0.17770903,0.06939614
2003,16061,544.4,519.6032050303496,Robust_Linear,0.14330292,0.016656645,0.678462,0.1534878,0.008090645
2004,16061,540.9,522.3376646589021,Robust_Linear,0.22325434,0.014032113,0.5945482,0.16077149,0.007393893
2005,16061,526.9,546.0087547043677,Statistical_Trend,0.17244364,0.032247826,0.28419843,0.50500673,0.0061033717
2006,16061,616.1,545.604248623761,Robust_Linear,0.36136413,0.05093536,0.4905659,0.08901398,0.008120607
2008,16061,609.3,606.856899851683,Statistical_Trend,0.09265893,0.29799354,0.0578426,0.54219687,0.009308089
2009,16061,735.3,611.6124317831411,Native_Ensemble,0.23161948,0.3477061,0.30518848,0.102954045,0.012531827
2010,16061,611.4,683.1282517765186,Robust_Linear,0.30831552,0.10493526,0.3678664,0.09740972,0.12147303
2011,16061,657.3,667.6805821064104,Native_Ensemble,0.18046616,0.3552337,0.35321844,0.08685751,0.024224244
2012,16061,747.1,690.0045597449613,Robust_Linear,0.3077306,0.08140091,0.5156945,0.086838186,0.008335803
2013,16061,660.1,714.7318097766727,Robust_Linear,0.05257736,0.04961968,0.7915142,0.063219145,0.04306958
2018,16061,549.3,662.1005377523691,V31_Solar_Gated,0.12318106,0.051257037,0.06960984,0.035602648,0.72034943
2019,16061,693.5,717.8315346797137,Robust_Linear,0.095415846,0.05554649,0.74505067,0.09652161,0.0074653644
2020,16061,700.9,637.410791834907,Native_Ensemble,0.19434218,0.4382437,0.09944871,0.25682488,0.01114056
2021,16061,753.2,720.7218161907955,Robust_Linear,0.2097147,0.11906252,0.4979242,0.16347009,0.009828436
2022,16061,612.2,716.4467643191904,Hybrid_XGB,0.37892434,0.1431264,0.3402541,0.123186894,0.01450823
2023,16061,831.2,739.1415522443683,Robust_Linear,0.16562822,0.07897147,0.68980277,0.056365024,0.009232553
2024,16061,811.0,704.0682101065046,Hybrid_XGB,0.35061598,0.3200676,0.10237955,0.21595894,0.010977913
2000,16062,527.8,474.9725149065864,Statistical_Trend,0.073453285,0.010338382,0.12163894,0.7504833,0.044086058
2001,16062,516.0,511.5512885882091,Robust_Linear,0.15028979,0.01513068,0.6911565,0.13269936,0.010723673
2002,16062,524.1,523.7928985240844,Statistical_Trend,0.30480486,0.027874812,0.3230427,0.33169073,0.012586883
2003,16062,500.2,532.5294223286805,Hybrid_XGB,0.47299367,0.014825031,0.25963235,0.24402367,0.0085251955
2004,16062,538.8,526.6790521512373,Statistical_Trend,0.24460605,0.021770075,0.18637167,0.5372543,0.009997925
2005,16062,551.7,540.4166160712119,Statistical_Trend,0.17405796,0.11757529,0.12819181,0.5710558,0.009119081
2006,16062,449.4,560.3723493870008,Hybrid_XGB,0.35156187,0.27052712,0.2555511,0.113593,0.008766871
2007,16062,574.9,545.9677850183457,Robust_Linear,0.17296723,0.071168475,0.68984807,0.057462715,0.008553539
2008,16062,513.7,530.8090309021817,Statistical_Trend,0.09328995,0.38332748,0.061223112,0.45314008,0.009019379
2009,16062,671.3,547.4505094693877,Robust_Linear,0.24425372,0.047874153,0.60161513,0.09753834,0.008718628
2010,16062,622.2,589.0647843744182,Hybrid_XGB,0.36711684,0.33296907,0.18914893,0.09713303,0.013632163
2011,16062,616.6,666.1920968072724,V31_Solar_Gated,0.04342427,0.017064089,0.054636348,0.10578271,0.77909255
2012,16062,624.5,642.6814549943681,Statistical_Trend,0.12636884,0.049189754,0.10762695,0.7121511,0.0046634106
2013,16062,644.2,654.9059297099949,Statistical_Trend,0.052947093,0.015022579,0.08807023,0.7177306,0.12622957
2014,16062,751.1,705.0614038157792,V31_Solar_Gated,0.05374105,0.01639745,0.06673397,0.04585261,0.8172749
2015,16062,463.8,695.2024753828651,Native_Ensemble,0.31258497,0.31541687,0.23509838,0.11118984,0.025709964
2016,16062,606.6,665.478941790855,Robust_Linear,0.16099061,0.1755088,0.59262836,0.062970504,0.007901673
2017,16062,753.6,657.976066045243,Robust_Linear,0.16107383,0.04718865,0.63092405,0.1522212,0.008592235
2018,16062,433.7,566.7504604420744,V31_Solar_Gated,0.101177074,0.07069926,0.1297517,0.04900492,0.64936703
2019,16062,715.3,672.5029383238913,Robust_Linear,0.13214979,0.09966092,0.7104948,0.04993388,0.0077605937
2020,16062,698.0,596.9228515435237,Statistical_Trend,0.14546534,0.22528717,0.08083491,0.5404598,0.007952757
2021,16062,660.1,684.9512589026381,Robust_Linear,0.18956009,0.078110375,0.5022126,0.22007653,0.010040495
2022,16062,545.0,702.5597092092154,Robust_Linear,0.24807365,0.10426154,0.54481214,0.092312865,0.010539868
2023,16062,703.7,696.4668061159445,Robust_Linear,0.16573611,0.079660565,0.68795264,0.057219744,0.009430921
2024,16062,766.8,628.3761521388379,Native_Ensemble,0.23662938,0.4004931,0.1470717,0.20454393,0.01126191
2017,16063,812.8,814.3548044021243,Robust_Linear,0.25176892,0.1988664,0.404947,0.12595822,0.018459443
2018,16063,665.7,766.8543070646863,V31_Solar_Gated,0.24366029,0.09061934,0.13477176,0.06669692,0.4642518
2019,16063,772.8,754.5149383943711,Robust_Linear,0.24123135,0.05082206,0.64229465,0.05776374,0.007888223
2020,16063,774.2,739.5864630411306,Native_Ensemble,0.3034157,0.3304261,0.08908513,0.26608786,0.010985173
2021,16063,791.6,794.736361134621,Robust_Linear,0.20869048,0.05086649,0.68455863,0.04974481,0.0061396332
2022,16063,712.2,790.1108039614514,Robust_Linear,0.37472767,0.07739964,0.43137708,0.10669795,0.009797623
2000,16064,580.7,511.580333010354,Statistical_Trend,0.06687526,0.008592804,0.09156132,0.79147375,0.041496783
2001,16064,522.4,546.0570348347727,Robust_Linear,0.1193818,0.011497352,0.78980565,0.071789406,0.007525741
2002,16064,570.7,536.3679976999404,Statistical_Trend,0.30316037,0.020829182,0.20011783,0.41000605,0.0658866
2003,16064,523.6,566.0861538971665,Hybrid_XGB,0.5004824,0.013431599,0.19964904,0.21745923,0.06897772
2004,16064,545.6,552.2949986085764,Robust_Linear,0.2527273,0.017679997,0.40980613,0.3080012,0.0117852865
2005,16064,561.3,562.4657402373233,Robust_Linear,0.20960125,0.07618104,0.5218576,0.18075086,0.011609201
2006,16064,573.3,573.5537471042505,Robust_Linear,0.31062335,0.056568954,0.537604,0.087900855,0.007302945
2007,16064,581.8,585.586559434074,Robust_Linear,0.2806971,0.06585423,0.49250165,0.14857149,0.012375538
2008,16064,562.1,570.2054765124889,Statistical_Trend,0.09366783,0.2753256,0.0644334,0.55745465,0.009118609
2009,16064,654.3,575.8902970403321,Robust_Linear,0.35029578,0.07231801,0.46266755,0.10238268,0.01233605
2010,16064,604.4,614.040262787416,Hybrid_XGB,0.39614463,0.07697512,0.25955433,0.081650965,0.1856749
2011,16064,658.8,656.3710970036238,V31_Solar_Gated,0.0722599,0.018960122,0.15137646,0.047518063,0.7098854
2012,16064,612.2,659.1123661931595,Statistical_Trend,0.13590252,0.026447175,0.17441651,0.6582162,0.005017603
2013,16064,590.2,651.428501454164,Statistical_Trend,0.09752333,0.039495237,0.21141389,0.6431782,0.008389397
2014,16064,768.0,664.168596068662,V31_Solar_Gated,0.09969693,0.036235478,0.3420339,0.06486369,0.45716995
2015,16064,564.6,707.8686803119583,Statistical_Trend,0.1986779,0.04273073,0.17158015,0.58129835,0.005712872
2016,16064,615.3,680.9986027971164,Robust_Linear,0.25155118,0.07042914,0.58868974,0.0694088,0.01992117
2017,16064,722.7,669.3689467116027,Robust_Linear,0.20273952,0.06469354,0.6498172,0.07236998,0.010379717
2018,16064,514.4,549.2989284394921,V31_Solar_Gated,0.057502113,0.018417273,0.06320263,0.031152131,0.82972586
2019,16064,660.3,681.8763636714756,Robust_Linear,0.13854687,0.06231311,0.63760084,0.15273543,0.0088037755
2020,16064,662.8,616.2471364984953,Statistical_Trend,0.09989479,0.19905214,0.059590608,0.63344556,0.008016851
2021,16064,733.2,689.1030323742438,Robust_Linear,0.1799316,0.06249211,0.6724849,0.0748693,0.010222104
2022,16064,672.6,688.7217681157791,Robust_Linear,0.31824365,0.15210909,0.3876656,0.12806354,0.013918202
2023,16064,757.4,709.0555529889862,Robust_Linear,0.25681686,0.07611315,0.5571239,0.09945643,0.010489695
2024,16064,892.6,694.2617925485329,Hybrid_XGB,0.3504535,0.31981868,0.10413432,0.21458212,0.011011325
2000,16065,547.9,507.99863963654127,Statistical_Trend,0.081905715,0.0099436985,0.124050304,0.73135525,0.05274501
2001,16065,507.3,536.2555724783338,Robust_Linear,0.14383392,0.012968007,0.74327564,0.09090509,0.009017395
2002,16065,514.9,524.8271575381328,Statistical_Trend,0.31522596,0.019866318,0.21564665,0.36629575,0.08296528
2003,16065,495.7,530.4036878411744,Hybrid_XGB,0.49087873,0.012360374,0.2548119,0.17200692,0.069942065
2004,16065,512.7,534.3131949918557,Robust_Linear,0.19213198,0.014909897,0.65906084,0.12451987,0.009377457
2005,16065,521.1,535.9785244130763,Robust_Linear,0.22340041,0.06367728,0.526782,0.17377235,0.012367971
2006,16065,502.0,548.8153674108421,Robust_Linear,0.279893,0.051644027,0.6064821,0.053290218,0.008690661
2007,16065,584.8,558.0306902526096,Robust_Linear,0.16141038,0.12481356,0.5900053,0.114884734,0.008886018
2008,16065,533.2,546.3003106014083,Statistical_Trend,0.23718208,0.31851193,0.1094732,0.32377926,0.01105346
2009,16065,641.4,558.7342598120254,Robust_Linear,0.2951749,0.05519224,0.5698634,0.07015157,0.009617939
2010,16065,567.9,581.1884714273596,Hybrid_XGB,0.46954224,0.23316152,0.19841082,0.08770494,0.011180454
2011,16065,651.6,629.5835000618375,V31_Solar_Gated,0.06350641,0.021916369,0.086428806,0.038140457,0.79000795
2012,16065,617.1,642.423564702666,Statistical_Trend,0.15323916,0.027329434,0.15233397,0.66211706,0.004980417
2013,16065,558.6,645.3227546899636,Statistical_Trend,0.09152711,0.024014661,0.12741372,0.7501051,0.006939461
2014,16065,755.8,654.0542487701282,V31_Solar_Gated,0.063268125,0.021651404,0.11882539,0.05166749,0.7445876
2015,16065,608.1,693.4224641462272,Statistical_Trend,0.2249775,0.034616407,0.18052068,0.55396503,0.0059203543
2016,16065,582.3,679.9008078491347,Statistical_Trend,0.17348726,0.043814614,0.38579875,0.3863932,0.010506201
2017,16065,705.0,662.6095568634048,Robust_Linear,0.2002936,0.18960907,0.49844554,0.102154344,0.009497517
2018,16065,503.5,552.2794860488824,V31_Solar_Gated,0.07176278,0.022611052,0.072149366,0.038475312,0.7950015
2019,16065,494.5,670.7678578721975,Robust_Linear,0.13096848,0.19296628,0.61667496,0.051063668,0.008326644
2020,16065,646.1,549.6548727120125,Statistical_Trend,0.10465506,0.19478771,0.06177202,0.63135284,0.0074322787
2021,16065,767.7,672.2250195763456,Robust_Linear,0.10443331,0.049279537,0.8067946,0.032182537,0.0073100682
2022,16065,631.7,674.0422750263504,Hybrid_XGB,0.37083712,0.11634215,0.35757467,0.14245671,0.012789332
2023,16065,758.2,688.1738307702676,Robust_Linear,0.22523038,0.08494918,0.58655965,0.09181023,0.011450601
2024,16065,780.0,685.5646093911619,Native_Ensemble,0.29747853,0.35786742,0.124225415,0.20939799,0.011030711
2000,16066,498.6,489.0642987231429,Robust_Linear,0.13354062,0.02173059,0.4171912,0.41426235,0.013275243
2001,16066,497.5,517.8711605954674,Robust_Linear,0.2102694,0.013464274,0.5830156,0.1858728,0.0073778667
2002,16066,558.1,503.0915790333763,Hybrid_XGB,0.35911462,0.015915865,0.30873248,0.20254453,0.11369248
2003,16066,418.2,529.2457682844646,Hybrid_XGB,0.51598144,0.014550648,0.1974871,0.19763176,0.07434906
2004,16066,555.9,511.268230044071,Robust_Linear,0.20498908,0.01778636,0.50956124,0.2550835,0.012579789
2005,16066,529.9,520.4913533079382,Robust_Linear,0.21868914,0.079874136,0.5337943,0.1525146,0.015127819
2006,16066,562.4,544.9471467801903,Robust_Linear,0.2190028,0.059420753,0.62931204,0.08204002,0.0102243805
2007,16066,515.5,550.5206283057348,Robust_Linear,0.34327018,0.10515232,0.38846052,0.14593492,0.01718208
2008,16066,534.8,532.848727694449,Statistical_Trend,0.08067833,0.32312095,0.0520404,0.5364063,0.007754045
2009,16066,604.1,551.4733552879744,Robust_Linear,0.3339106,0.076215036,0.50197136,0.08079721,0.007105732
2010,16066,638.5,580.397742682866,V31_Solar_Gated,0.29395235,0.035291217,0.26434666,0.062536865,0.3438729
2011,16066,654.1,640.6337988514523,V31_Solar_Gated,0.06837709,0.04251117,0.067642055,0.037060183,0.78440946
2012,16066,644.4,643.5465106093438,Robust_Linear,0.2378929,0.079019554,0.5408604,0.13332161,0.008905476
2013,16066,525.2,693.337073003117,V31_Solar_Gated,0.063345835,0.08545565,0.28554353,0.0554908,0.51016414
2014,16066,726.9,677.7428535584842,V31_Solar_Gated,0.04698875,0.01623675,0.08402256,0.04931252,0.8034394
2015,16066,662.8,662.0289812493086,Statistical_Trend,0.23017983,0.03081858,0.24567644,0.4873439,0.0059812297
2016,16066,675.0,684.7249841397843,Robust_Linear,0.27940837,0.07928347,0.5647082,0.06256391,0.014036102
2017,16066,619.2,685.8566741007251,Robust_Linear,0.1998104,0.07679141,0.64452446,0.07133007,0.0075437054
2018,16066,582.8,574.8511104643459,V31_Solar_Gated,0.11476115,0.025760438,0.11139783,0.058463223,0.6896174
2019,16066,698.1,677.1840299091112,Robust_Linear,0.22258191,0.20220067,0.47391242,0.09328912,0.008015968
2000,16067,569.8,522.3791173446826,Statistical_Trend,0.05840563,0.010517651,0.08877235,0.7906993,0.051605
2001,16067,515.1,555.0633807487397,Robust_Linear,0.294143,0.02512787,0.36788043,0.29764262,0.015206092
2002,16067,547.6,535.4320812654844,Hybrid_XGB,0.3994153,0.016520951,0.2496418,0.24510776,0.08931416
2003,16067,482.5,566.5525004062515,Hybrid_XGB,0.443708,0.014564883,0.28601578,0.1594376,0.09627371
2004,16067,514.7,547.5642361997891,Robust_Linear,0.14591807,0.01184984,0.68698925,0.14769042,0.007552422
2005,16067,556.1,555.5982193099844,Robust_Linear,0.15154609,0.05250136,0.71886235,0.06848541,0.008604742
2006,16067,569.0,564.8665239430102,Robust_Linear,0.25396302,0.04670892,0.63209045,0.059437815,0.007799794
2007,16067,604.2,591.6284341836556,Robust_Linear,0.17979228,0.04889305,0.59569937,0.16610128,0.0095139975
2008,16067,550.7,579.46631738615,Statistical_Trend,0.088505425,0.25182763,0.056980666,0.59428835,0.008397859
2009,16067,615.5,572.963295962828,Robust_Linear,0.37665084,0.08162134,0.41656998,0.113732256,0.011425577
2010,16067,571.2,603.6835236721422,Hybrid_XGB,0.45982638,0.031590413,0.21654503,0.094251834,0.19778636
2011,16067,665.9,628.1508518816485,V31_Solar_Gated,0.07140048,0.018593121,0.1128727,0.041177537,0.7559562
2012,16067,603.2,650.327294107148,Statistical_Trend,0.13740093,0.02580604,0.20592506,0.6259336,0.004934456
2013,16067,581.3,647.1285567785652,Statistical_Trend,0.062422015,0.022834308,0.1681155,0.56966525,0.17696294
2014,16067,851.9,652.2045471689705,V31_Solar_Gated,0.102690406,0.04672442,0.21734464,0.07552404,0.5577165
2015,16067,542.8,723.0831748512894,Robust_Linear,0.18524598,0.19408447,0.54526335,0.067951076,0.00745512
2016,16067,653.6,694.9204769847842,Statistical_Trend,0.17660625,0.032510567,0.3756006,0.40470338,0.010579178
2017,16067,793.6,690.6339704005314,Robust_Linear,0.2500284,0.051322848,0.6185721,0.07248808,0.007588552
2018,16067,568.7,598.9333582740035,V31_Solar_Gated,0.14208026,0.032218456,0.09201675,0.050451633,0.6832329
2019,16067,638.0,712.4433950366182,Statistical_Trend,0.15371749,0.04181581,0.3974057,0.40108114,0.0059798704
2020,16067,589.8,648.3717662056124,Native_Ensemble,0.26189438,0.40722275,0.08954285,0.23051259,0.010827461
2021,16067,721.5,705.3476470964351,Robust_Linear,0.1398165,0.05288501,0.74474704,0.05398334,0.008568148
2022,16067,601.2,690.9693263776497,Robust_Linear,0.3154352,0.12921892,0.4344095,0.107554086,0.013382206
2023,16067,763.4,715.6619831801672,Robust_Linear,0.15054412,0.059027255,0.7059135,0.074845105,0.00967005
2024,16067,828.2,662.340467598213,Native_Ensemble,0.3029965,0.39088228,0.0969391,0.19881009,0.010372086
2000,16068,530.9,520.5576853160492,Statistical_Trend,0.12753163,0.012891317,0.21923344,0.6321855,0.008158064
2001,16068,474.0,536.5145456167827,Robust_Linear,0.13456711,0.012772918,0.49294108,0.352143,0.007575876
2002,16068,512.9,509.1239688022018,Robust_Linear,0.27196428,0.016300343,0.43378416,0.26693624,0.011015022
2003,16068,465.9,531.1081167887398,Robust_Linear,0.31071767,0.019170234,0.49081227,0.16681609,0.012483788
2004,16068,522.8,522.6818725226518,Robust_Linear,0.11802549,0.014357062,0.723116,0.13691327,0.007588206
2005,16068,541.1,536.1774763181705,Robust_Linear,0.17216086,0.051580567,0.70006,0.067236565,0.0089619635
2006,16068,508.0,530.7252675683541,Hybrid_XGB,0.45764259,0.059800975,0.3750448,0.09671063,0.010801088
2007,16068,543.4,558.6067476536718,Robust_Linear,0.17620717,0.051275063,0.6134246,0.15055962,0.008533498
2008,16068,506.7,519.32698654231,Statistical_Trend,0.17733057,0.2373323,0.10940055,0.23946497,0.2364716
2009,16068,637.0,545.6667061382684,Robust_Linear,0.22666311,0.14495341,0.5566258,0.06403429,0.0077234595
2010,16068,564.0,570.2453089367854,Hybrid_XGB,0.36012292,0.2637739,0.2606736,0.100808606,0.014621124
2011,16068,655.9,571.5164556713873,Hybrid_XGB,0.36982554,0.09227588,0.36441398,0.14964558,0.023838937
2012,16068,611.7,641.93886773328,Robust_Linear,0.36343396,0.08090884,0.46515918,0.08193179,0.00856621
2013,16068,581.9,619.1911047985823,Hybrid_XGB,0.40609717,0.107960746,0.2859875,0.1783998,0.021554813
2014,16068,721.9,658.2279134198932,V31_Solar_Gated,0.060924318,0.019349335,0.12294123,0.030357301,0.7664279
2015,16068,586.1,684.539126296274,Robust_Linear,0.26549053,0.197121,0.46861717,0.05495377,0.013817615
2016,16068,619.3,670.6822379908634,Statistical_Trend,0.18684907,0.040188015,0.24035032,0.315745,0.21686755
2017,16068,734.9,660.0780799497686,Robust_Linear,0.29115224,0.07107808,0.5362214,0.09333864,0.0082096215
2018,16068,443.0,604.0548997499413,V31_Solar_Gated,0.09399118,0.0243957,0.097104155,0.051561877,0.7329471
2019,16068,461.1,634.025808316848,Robust_Linear,0.10193715,0.051720712,0.48114124,0.05413963,0.3110613
2020,16068,596.0,520.2222353599416,Statistical_Trend,0.110598356,0.22753346,0.05097098,0.6026743,0.0082228435
2021,16068,802.4,628.6329693759354,Robust_Linear,0.17702752,0.0674577,0.64094543,0.102833346,0.011736011
2022,16068,535.2,646.5142830160472,Hybrid_XGB,0.4197928,0.19035327,0.2469201,0.1274844,0.015449431
2023,16068,621.7,626.9864281768564,Statistical_Trend,0.22524251,0.09482274,0.32601523,0.33839768,0.015521827
2024,16068,777.3,602.2262241287852,Native_Ensemble,0.25886872,0.4211401,0.117873944,0.19030397,0.011813287
2000,16069,582.5,447.2362934885912,Statistical_Trend,0.037705574,0.008870173,0.115528196,0.80969876,0.028197229
2001,16069,404.8,503.8692620730649,Robust_Linear,0.08130228,0.008686651,0.806514,0.097647496,0.0058496245
2002,16069,517.4,483.50683468256665,Statistical_Trend,0.20021448,0.018856512,0.17436372,0.5978297,0.008735601
2003,16069,364.3,494.8261408877723,Hybrid_XGB,0.43635863,0.017519785,0.23879004,0.16811243,0.13921908
2004,16069,541.9,473.72780972933026,Robust_Linear,0.09808352,0.012696086,0.68906605,0.18988624,0.010268091
2005,16069,500.6,488.2673010242135,Robust_Linear,0.2105947,0.11696658,0.48737568,0.16714522,0.017917793
2006,16069,491.6,487.4815176601534,Robust_Linear,0.38376954,0.06607124,0.38676503,0.1534501,0.009944068
2007,16069,527.4,517.810288276938,V31_Solar_Gated,0.24156766,0.05728897,0.27910522,0.08405087,0.33798727
2008,16069,488.5,505.0178230648003,Native_Ensemble,0.07306538,0.48089564,0.05088453,0.38812083,0.007033626
2009,16069,743.5,529.8784964608675,Robust_Linear,0.19249482,0.055144683,0.6886157,0.056534667,0.007210187
2011,16069,602.3,655.8533623218359,V31_Solar_Gated,0.08154883,0.04805879,0.1128747,0.05302269,0.704495
2012,16069,616.9,635.1725884000468,Robust_Linear,0.17088675,0.059321985,0.6681268,0.09144976,0.010214641
2013,16069,567.9,663.3458755471634,V31_Solar_Gated,0.10224976,0.069275424,0.36860767,0.04977565,0.41009146
2014,16069,576.7,669.9083019000257,V31_Solar_Gated,0.05598102,0.021993387,0.23542604,0.034449037,0.6521505
2015,16069,361.0,636.131081224263,Robust_Linear,0.25145763,0.05513363,0.5272879,0.15860549,0.0075153597
2016,16069,572.2,577.7884014693759,Robust_Linear,0.13409232,0.060983177,0.45804235,0.0489886,0.29789358
2000,16070,506.2,543.0165658271478,Statistical_Trend,0.08029817,0.012922384,0.1620857,0.7354735,0.009220277
2001,16070,458.3,552.9152147805362,Robust_Linear,0.25284272,0.016617134,0.5529497,0.16936725,0.008223109
2002,16070,469.9,504.4295684982927,Hybrid_XGB,0.41710818,0.01675398,0.30339366,0.18839051,0.074353665
2003,16070,389.2,536.6293031346758,Robust_Linear,0.3713975,0.011938175,0.5111071,0.094566815,0.010990373
2004,16070,501.2,510.25206219721093,Robust_Linear,0.06621222,0.011476124,0.79297364,0.12125751,0.008080501
2005,16070,493.2,504.99263057043976,Robust_Linear,0.17489056,0.1303416,0.52188873,0.15858372,0.014295377
2006,16070,520.8,515.6171990282669,Robust_Linear,0.17079061,0.090207696,0.59099865,0.13840726,0.0095958365
2007,16070,519.5,540.1638490689808,Robust_Linear,0.23927327,0.06500379,0.5447083,0.14143227,0.009582379
2008,16070,565.1,496.49593910363785,Statistical_Trend,0.08502326,0.38753414,0.058792125,0.4602479,0.008402585
2009,16070,635.1,551.278014531448,Robust_Linear,0.3617947,0.04131564,0.52265203,0.06723683,0.007000843
2010,16070,460.8,600.0788055053985,Robust_Linear,0.31024298,0.08832742,0.37592974,0.060638357,0.16486156
2011,16070,630.5,568.8695174187596,V31_Solar_Gated,0.13296948,0.03189557,0.21705453,0.061585758,0.5564947
2012,16070,617.9,609.4127559692996,Statistical_Trend,0.26870283,0.040540095,0.31767642,0.3655053,0.0075753424
2013,16070,538.8,625.5659200426846,Statistical_Trend,0.06822901,0.020941326,0.11706963,0.7506776,0.043082464
2014,16070,650.3,637.122833494302,V31_Solar_Gated,0.06831759,0.018317683,0.08933922,0.04158431,0.78244114
2015,16070,435.0,642.1804888022298,Statistical_Trend,0.2494835,0.037123114,0.3016631,0.40473965,0.0069906465
2017,16070,853.9,607.5764204846167,Robust_Linear,0.22679923,0.069002405,0.5335271,0.16017696,0.01049435
2018,16070,630.3,578.5558747953044,V31_Solar_Gated,0.15026014,0.091213785,0.054169584,0.04143868,0.6629178
2021,16070,696.9,722.9755553514309,Statistical_Trend,0.26298705,0.07868037,0.30998018,0.3380949,0.010257514
2022,16070,535.7,722.6833017145193,Hybrid_XGB,0.3895876,0.2056645,0.2937511,0.10356709,0.007429773
2023,16070,523.4,692.2183980088997,Robust_Linear,0.24125378,0.05776956,0.63231283,0.059822444,0.008841422
2024,16070,833.2,598.4666263543741,Native_Ensemble,0.2528113,0.40670592,0.12845333,0.20019104,0.011838463
2000,16071,564.7,548.7394863001689,Statistical_Trend,0.13233487,0.013062503,0.21697171,0.62936985,0.008261143
2001,16071,548.6,567.7431248979693,Robust_Linear,0.12320081,0.012942487,0.54861534,0.30778962,0.0074518193
2002,16071,547.1,560.6941750131516,Hybrid_XGB,0.38481322,0.02238157,0.1991461,0.304802,0.08885707
2003,16071,517.0,581.8508688387681,Robust_Linear,0.35239297,0.015943052,0.39409468,0.22668223,0.010887063
2004,16071,561.5,566.2297921417064,Robust_Linear,0.14511128,0.012986786,0.68403256,0.14990772,0.00796159
2005,16071,606.2,579.9400009063546,Robust_Linear,0.20287608,0.04556588,0.6604155,0.08293728,0.008205242
2006,16071,569.6,583.4557494808876,Hybrid_XGB,0.47551766,0.07061984,0.3252069,0.118481874,0.010173635
2007,16071,641.4,615.0152269676481,Robust_Linear,0.17897424,0.038825363,0.70519537,0.06919468,0.0078102723
2008,16071,620.2,622.3492288731923,Native_Ensemble,0.25804585,0.33474305,0.09758571,0.2999977,0.00962777
2009,16071,676.3,622.6153544453498,Hybrid_XGB,0.497497,0.06449329,0.3190352,0.110877156,0.008097336
2010,16071,646.0,641.0547015762959,Hybrid_XGB,0.31450707,0.282572,0.31065053,0.078019306,0.014251102
2011,16071,776.9,713.3774658387863,V31_Solar_Gated,0.061890658,0.019518696,0.09917757,0.053581014,0.7658321
2012,16071,658.4,730.715461811804,Robust_Linear,0.18808839,0.056193024,0.67380816,0.07456107,0.007349326
2013,16071,611.0,714.5905942944938,Hybrid_XGB,0.4393742,0.065839946,0.40452042,0.07813885,0.012126513
2014,16071,768.2,712.4463009053378,Robust_Linear,0.14450766,0.04262234,0.5313793,0.204137,0.077353746
2015,16071,637.1,721.7214789911558,Hybrid_XGB,0.42963743,0.08672857,0.34977284,0.11141912,0.02244205
2016,16071,731.1,737.1270777213745,Robust_Linear,0.20418866,0.05246036,0.68500584,0.04238887,0.015956275
2017,16071,819.4,735.3625318579442,Robust_Linear,0.27925602,0.06556247,0.5577015,0.08916104,0.0083189495
2018,16071,589.1,671.3545325833337,V31_Solar_Gated,0.14176627,0.02974833,0.102545395,0.054853726,0.67108625
2019,16071,586.5,727.7803095792244,Robust_Linear,0.37365124,0.101414815,0.42510474,0.08620813,0.013621123
2020,16071,623.4,621.2238704260247,Statistical_Trend,0.1046177,0.31294262,0.0523717,0.3759184,0.15414965
2021,16071,807.7,712.6514086088622,Robust_Linear,0.1587268,0.100736834,0.6073705,0.11825023,0.014915544
2022,16071,677.1,706.2177438790909,Hybrid_XGB,0.3477559,0.2363401,0.2694873,0.12909871,0.017317938
2023,16071,740.3,682.3524540451538,V31_Solar_Gated,0.15246055,0.07832211,0.22365141,0.101584,0.44398195
2024,16071,846.3,690.5704988623445,Hybrid_XGB,0.3850176,0.32524756,0.107736014,0.17104124,0.010957619
2000,16074,540.7,513.2861073984449,Statistical_Trend,0.13707016,0.013408201,0.22708352,0.61391175,0.008526336
2001,16074,549.4,533.4413209388998,Statistical_Trend,0.20948789,0.018512102,0.2971421,0.46242604,0.012431947
2002,16074,519.2,553.1964786203117,Statistical_Trend,0.30652505,0.023524648,0.25460127,0.3304864,0.08486264
2003,16074,490.4,553.8019355967499,Hybrid_XGB,0.4507596,0.01366237,0.30854547,0.21875878,0.008273782
2004,16074,533.5,531.9874568399931,Statistical_Trend,0.20304427,0.023610543,0.21980855,0.54409355,0.009443114
2005,16074,558.3,550.9092099332996,Robust_Linear,0.1475278,0.0515724,0.6288952,0.16482803,0.0071765464
2006,16074,529.7,544.9937696239055,Hybrid_XGB,0.4535257,0.07483283,0.3458436,0.115615256,0.010182591
2007,16074,581.7,577.2891277744822,Robust_Linear,0.17510408,0.0441722,0.63391834,0.1386171,0.008188162
2008,16074,564.8,560.7869791564784,Native_Ensemble,0.3048993,0.33597705,0.09733284,0.25200242,0.009788349
2009,16074,627.3,574.3557221091548,Robust_Linear,0.3570986,0.042591076,0.5137996,0.07997487,0.0065358086
2010,16074,657.2,580.8831294346999,Hybrid_XGB,0.38556808,0.13994803,0.32120806,0.13911615,0.014159604
2011,16074,745.2,684.7057582503529,V31_Solar_Gated,0.06031875,0.047570303,0.07381641,0.043749493,0.7745451
2012,16074,672.1,684.9738958064629,Robust_Linear,0.18730488,0.04284227,0.64279896,0.119135745,0.007918054
2013,16074,538.1,699.0648433495932,Robust_Linear,0.16695505,0.22743739,0.5255359,0.06884835,0.0112232445
2014,16074,813.9,686.2754806955026,V31_Solar_Gated,0.063070506,0.020563427,0.17949377,0.10997617,0.62689614
2015,16074,605.6,715.3523807379369,Hybrid_XGB,0.40708825,0.26833308,0.23580946,0.07366453,0.0151046645
2016,16074,658.2,699.5729711650031,Robust_Linear,0.38820305,0.07913204,0.41132674,0.1033391,0.01799911
2017,16074,802.9,709.5826480693344,Robust_Linear,0.1997823,0.05251157,0.5392849,0.20136651,0.0070546945
2018,16074,615.9,646.2139359049147,V31_Solar_Gated,0.14325285,0.07266571,0.12299364,0.05230175,0.6087861
2019,16074,677.5,697.3100927662987,V31_Solar_Gated,0.20337154,0.044689693,0.2423229,0.05506151,0.45455426
2020,16074,689.6,673.9169957543203,Statistical_Trend,0.19016086,0.33973664,0.056486234,0.4034855,0.010130722
2021,16074,797.2,715.3771933921224,Robust_Linear,0.28341845,0.12758277,0.47485894,0.101304054,0.012835742
2022,16074,626.3,699.8277124812005,Hybrid_XGB,0.38802183,0.23129815,0.22318514,0.14203675,0.015458163
2023,16074,735.7,732.9093160998547,Robust_Linear,0.30628824,0.102772154,0.41032156,0.16803806,0.012580037
2024,16074,807.6,691.6592817019063,Native_Ensemble,0.35495657,0.35647842,0.11212637,0.16556685,0.01087179
2000,16075,556.5,521.402375182029,Statistical_Trend,0.07142284,0.012222997,0.12338844,0.68107694,0.111888826
2001,16075,525.6,538.6469743016561,Robust_Linear,0.25069577,0.021485062,0.37312126,0.34208766,0.012610335
2002,16075,516.7,546.3229542683995,Hybrid_XGB,0.392041,0.021337062,0.20659643,0.29976907,0.08025637
2003,16075,548.9,544.4502040404185,Hybrid_XGB,0.45530963,0.016512835,0.3034072,0.2149788,0.009791601
2004,16075,575.9,557.6179166724148,Statistical_Trend,0.20796919,0.02264767,0.21996972,0.5402624,0.009151017
2005,16075,582.3,584.9472241454511,Robust_Linear,0.24614142,0.25324067,0.42278734,0.06960944,0.00822121
2006,16075,517.6,591.889317030669,Hybrid_XGB,0.38330925,0.03858352,0.27567157,0.29579294,0.0066427095
2007,16075,550.5,594.4947059705057,Robust_Linear,0.16047326,0.051723983,0.5996871,0.1798171,0.008298601
2008,16075,531.3,547.1474372054133,Statistical_Trend,0.08925831,0.2774973,0.065282226,0.55963725,0.008324883
2009,16075,702.7,575.8412847693619,Robust_Linear,0.2070945,0.0456764,0.64336896,0.095728174,0.008131925
2010,16075,519.6,652.8749522022217,V31_Solar_Gated,0.21991767,0.07844175,0.16305879,0.07008849,0.46849337
2011,16075,668.6,623.1335568361573,V31_Solar_Gated,0.10353476,0.030809445,0.17939734,0.056197748,0.6300607
2012,16075,558.1,650.8218101951844,Robust_Linear,0.22883786,0.18101645,0.51244426,0.068690486,0.009010987
2013,16075,461.7,636.9727271678013,Statistical_Trend,0.070753396,0.0294057,0.28350717,0.425422,0.19091175
2014,16075,662.4,616.9771353358854,Robust_Linear,0.09812396,0.03878079,0.56660527,0.09888994,0.19759998
2015,16075,630.0,647.7576858313946,Robust_Linear,0.12727094,0.061676048,0.75108105,0.042063273,0.01790869
2016,16075,786.2,654.1009782519759,Robust_Linear,0.15147561,0.05125311,0.51052487,0.11508227,0.17166413
2017,16075,836.8,690.6536064556028,Statistical_Trend,0.17349657,0.031927366,0.34608084,0.44269094,0.005804241
2018,16075,548.8,668.7868767084237,V31_Solar_Gated,0.09668075,0.05597491,0.09697085,0.03625192,0.7141215
2019,16075,543.0,711.1211384461777,Robust_Linear,0.3948074,0.051626205,0.4648087,0.08100319,0.0077545694
2020,16075,717.8,629.1853398975326,Statistical_Trend,0.14023297,0.19596884,0.0706804,0.5851626,0.007955247
2021,16075,775.3,687.5308416720164,Robust_Linear,0.32316178,0.08683417,0.44890976,0.1275476,0.013546748
2022,16075,417.7,693.0546226859148,Hybrid_XGB,0.36514974,0.10059813,0.3065923,0.21418269,0.013477201
2023,16075,830.3,674.894946422696,Robust_Linear,0.08064147,0.046633508,0.5792878,0.047178484,0.24625866
2024,16075,792.5,656.9387016816517,Native_Ensemble,0.3160909,0.4099814,0.10902547,0.15429498,0.010607211
2000,16076,617.8,525.7091777155028,Statistical_Trend,0.09058683,0.01656447,0.09913385,0.7855973,0.0081175435
2001,16076,581.9,566.9418306428649,Robust_Linear,0.1866179,0.020100778,0.49385324,0.2846841,0.014744028
2002,16076,600.5,594.5027772353673,Hybrid_XGB,0.41785908,0.029583177,0.25079215,0.2909525,0.010813148
2003,16076,453.5,609.1365626411049,Hybrid_XGB,0.54740363,0.016190551,0.20072128,0.22539774,0.0102868015
2004,16076,593.1,563.0354126076866,Robust_Linear,0.23697297,0.016694928,0.5211762,0.21445496,0.010700935
2005,16076,631.7,604.2624341730649,Robust_Linear,0.17300333,0.05768933,0.70488,0.05598738,0.00843999
2006,16076,548.0,592.1280348560916,Hybrid_XGB,0.45562607,0.0788151,0.36388588,0.092962146,0.008710831
2007,16076,650.3,628.4430289510609,Robust_Linear,0.1965097,0.06384547,0.67498565,0.05567232,0.008986964
2008,16076,557.6,606.3562393220574,Statistical_Trend,0.08981127,0.29323113,0.055979636,0.5537019,0.0072760526
2009,16076,707.2,630.6409887520795,Robust_Linear,0.20208287,0.04695118,0.6710233,0.07113594,0.008806726
2010,16076,651.2,676.4157018248254,V31_Solar_Gated,0.11217546,0.04518293,0.13898835,0.097676516,0.60597676
2011,16076,726.2,718.3400618749944,V31_Solar_Gated,0.054490604,0.021649417,0.08995216,0.04543607,0.78847176
2012,16076,683.4,709.4489214888802,Statistical_Trend,0.20037457,0.05249431,0.29685307,0.44429487,0.005983095
2013,16076,520.7,734.6906966673438,Statistical_Trend,0.07722798,0.019306798,0.12420515,0.4809682,0.29829183
2014,16076,794.8,701.7098444259348,Robust_Linear,0.17908351,0.07874191,0.6797289,0.04695952,0.015486116
2015,16076,667.4,711.2740437906139,Statistical_Trend,0.12442507,0.06297444,0.34347022,0.45360023,0.015529981
2016,16076,744.7,720.4820825746642,Robust_Linear,0.3396535,0.102543086,0.4129158,0.11331758,0.031569988
2017,16076,777.2,731.0248131652419,Robust_Linear,0.3421341,0.07332977,0.43041313,0.14149879,0.012624204
2018,16076,633.0,716.5371960345448,Hybrid_XGB,0.45289916,0.08571972,0.27339306,0.17161562,0.016372528
2019,16076,725.4,744.6687853442608,Hybrid_XGB,0.39279473,0.076890334,0.3720206,0.14470969,0.013584726
2020,16076,632.8,696.6627077094729,Statistical_Trend,0.22372767,0.26501662,0.06740704,0.4331531,0.010695692
2021,16076,853.7,732.1469417622052,Robust_Linear,0.31871474,0.12462906,0.44688937,0.09661161,0.013155168
2022,16076,760.9,724.5456709792188,Hybrid_XGB,0.42481527,0.14780156,0.28054184,0.13224117,0.014600164
2023,16076,715.4,765.8230945050583,Hybrid_XGB,0.3727645,0.16044158,0.34312585,0.11020855,0.013459493
2024,16076,821.6,755.4511312000398,Statistical_Trend,0.30529073,0.14694352,0.09602161,0.44169208,0.010052004
2000,16077,575.3,557.968763461411,Statistical_Trend,0.15430366,0.01399598,0.14587833,0.6783804,0.007441557
2001,16077,575.7,565.8202317519698,Statistical_Trend,0.25761595,0.021584557,0.2187949,0.49097583,0.011028806
2002,16077,595.9,591.0250142071982,Robust_Linear,0.3204996,0.017948335,0.3851248,0.2645969,0.01183042
2003,16077,548.0,602.992065972471,Hybrid_XGB,0.4807179,0.01819755,0.33533025,0.1545326,0.011221804
2004,16077,599.8,588.8151849140119,Robust_Linear,0.26877892,0.018348979,0.521938,0.1804017,0.010532399
2005,16077,600.9,616.1514153718712,Robust_Linear,0.20391807,0.061773416,0.6666881,0.060304537,0.0073159165
2006,16077,578.0,612.0059258959716,Robust_Linear,0.415203,0.05245172,0.4443338,0.08105453,0.0069570453
2007,16077,665.0,637.5107852425431,Robust_Linear,0.1587837,0.054827034,0.72137,0.057032023,0.007987312
2008,16077,610.7,623.330908319206,Hybrid_XGB,0.3432415,0.3424003,0.08483818,0.21995395,0.009565995
2009,16077,725.0,627.59410036881,Hybrid_XGB,0.42359188,0.08702781,0.35866898,0.12230473,0.008406612
2010,16077,699.8,643.0276188003681,Hybrid_XGB,0.40345252,0.17975606,0.23883079,0.16359259,0.014368041
2011,16077,752.5,680.5801107119221,Native_Ensemble,0.28573593,0.38133174,0.21708748,0.097934,0.017910872
2012,16077,721.4,739.8662668750769,Robust_Linear,0.37079373,0.067708395,0.47339064,0.08031909,0.0077881697
2013,16077,583.1,749.6391870018484,Robust_Linear,0.31323546,0.21674666,0.3954108,0.063064806,0.01154222
2014,16077,829.3,728.803520027462,Robust_Linear,0.23414153,0.06255328,0.5212122,0.16333798,0.018755026
2015,16077,747.0,753.5683970236887,Statistical_Trend,0.16874829,0.07398632,0.3031036,0.44265687,0.011504899
2016,16077,770.8,813.2396881129315,V31_Solar_Gated,0.071053214,0.019452184,0.15553688,0.04891664,0.7050411
2017,16077,838.5,770.4289047533802,Hybrid_XGB,0.37715608,0.15156436,0.289596,0.16908373,0.012599841
2018,16077,634.8,794.0407938993748,Hybrid_XGB,0.49024948,0.06946786,0.29580075,0.13250092,0.011981072
2019,16077,743.7,766.1485138614289,Hybrid_XGB,0.36594445,0.16461593,0.3222619,0.13600498,0.011172713
2020,16077,699.2,729.4773973282231,Native_Ensemble,0.16042115,0.50149953,0.058378596,0.269495,0.010205677
2021,16077,859.0,760.751356955386,Robust_Linear,0.2956032,0.13246901,0.46345562,0.094961576,0.013510635
2022,16077,737.0,751.3286467266071,Native_Ensemble,0.34029248,0.38941613,0.17430024,0.084365495,0.011625681
2023,16077,766.3,771.9636733087796,Hybrid_XGB,0.31375518,0.2593104,0.23344742,0.18041411,0.013072848
2024,16077,890.6,752.4540454741809,Native_Ensemble,0.2548221,0.49765512,0.0847424,0.15368114,0.009099321
