district_no,year,kreisYield,name,predicted_yield_lower,predicted_yield_median,predicted_yield_upper,error,abs_error,is_outside_interval,outlier_magnitude
07338,2017,392.1,Rhein-Pfalz-Kreis,740.1748590087891,876.4725846862793,988.700219116211,484.3725846862793,484.3725846862793,True,-348.0748590087891
15082,2018,270.9,Anhalt-Bitterfeld,555.851841430664,685.1022324371337,816.1399121093749,414.2022324371337,414.2022324371337,True,-284.951841430664
12063,2018,431.8,Havelland,696.0977807617187,827.0128427124023,956.719912109375,395.2128427124023,395.2128427124023,True,-264.2977807617187
05170,2018,433.7,Wesel,700.7710290527344,818.0830674743653,956.7199121093751,384.3830674743653,384.3830674743653,True,-267.07102905273445
15088,2018,362.6,Saalekreis,622.0710290527344,745.6518224334717,878.019912109375,383.05182243347167,383.05182243347167,True,-259.47102905273437
08111,2024,410.3,Stuttgart,615.1013735961914,784.415864868164,908.8283404541015,374.115864868164,374.115864868164,True,-204.80137359619135
05958,2014,820.0,Hochsauerlandkreis,332.36315490722654,461.27796127319334,562.7274584960937,-358.72203872680666,358.72203872680666,True,257.27254150390627
05558,2012,930.0,Coesfeld,458.7671560668945,573.662297668457,685.629224243164,-356.337702331543,356.337702331543,True,244.370775756836
08225,2022,424.7,Neckar-Odenwald-Kreis,612.3305593872071,778.1700674438478,889.362869873047,353.47006744384777,353.47006744384777,True,-187.63055938720714
05558,2014,1060.0,Coesfeld,586.4031549072266,712.6278367614747,816.7674584960938,-347.37216323852533,347.37216323852533,True,243.2325415039062
05116,2008,350.0,Mönchengladbach,574.0657485961914,694.5616096496582,791.2914794921875,344.5616096496582,344.5616096496582,True,-224.06574859619138
15089,2018,364.9,Salzlandkreis,579.9710290527344,708.7608392333984,835.919912109375,343.86083923339845,343.86083923339845,True,-215.0710290527344
15085,2018,411.2,Harz,627.6118414306641,753.6156904602051,887.899912109375,342.4156904602051,342.4156904602051,True,-216.41184143066408
08118,2024,424.7,Ludwigsburg,601.1013735961914,767.0892008972168,894.8283404541015,342.38920089721677,342.38920089721677,True,-176.40137359619138
03103,2018,446.3,Wolfsburg,637.8718414306641,772.6627655029297,898.159912109375,326.3627655029297,326.3627655029297,True,-191.57184143066405
05515,2011,975.0,Münster,537.6003451538086,657.310828704834,759.1076007080078,-317.68917129516603,317.68917129516603,True,215.8923992919922
05562,2007,280.0,Recklinghausen,490.47373229980474,597.2685225677491,709.7049182128907,317.2685225677491,317.2685225677491,True,-210.47373229980474
14730,2018,424.9,Nordsachsen,611.9910290527343,739.1412022399902,867.939912109375,314.24120223999023,314.24120223999023,True,-187.09102905273437
08225,2018,462.8,Neckar-Odenwald-Kreis,660.0766854858398,772.8380872583389,934.719912109375,310.03808725833886,310.03808725833886,True,-197.27668548583978
03357,2018,505.2,Rotenburg (Wümme),682.5110290527343,814.4533622741699,938.459912109375,309.2533622741699,309.2533622741699,True,-177.31102905273434
16063,2017,812.8,Wartburgkreis,354.05485900878904,503.65423568725583,602.5802191162109,-309.1457643127441,309.1457643127441,True,210.2197808837891
16075,2022,417.7,Saale-Orla-Kreis,569.530559387207,726.785514678955,846.5628698730468,309.085514678955,309.085514678955,True,-151.83055938720696
09677,2015,471.9,Main-Spessart,659.148576965332,777.0882456207275,897.6618444824219,305.18824562072757,305.18824562072757,True,-187.24857696533206
09678,2022,431.3,Schweinfurt,575.7505593872071,734.6050325012208,852.7828698730469,303.30503250122075,303.30503250122075,True,-144.45055938720708
07131,2017,874.7,Ahrweiler,446.23485900878904,576.3253207397461,694.7602191162109,-298.37467926025397,298.37467926025397,True,179.93978088378913
16069,2015,361.0,Hildburghausen,534.3685769653321,658.1004724121094,772.8818444824219,297.1004724121094,297.1004724121094,True,-173.36857696533207
09279,2013,545.1,Dingolfing-Landau,704.9594458007812,836.5687216186523,932.6762274169921,291.46872161865224,291.46872161865224,True,-159.85944580078115
03453,2022,570.0,Cloppenburg,699.7612448120117,861.4511518859863,975.7628698730468,291.4511518859863,291.4511518859863,True,-129.76124481201168
15081,2018,442.9,Altmarkkreis Salzwedel,595.9576815795897,731.9716242980955,856.0799121093748,289.07162429809557,289.07162429809557,True,-153.0576815795897
12063,2014,913.6,Havelland,490.8831549072265,625.6546621704101,721.2474584960937,-287.9453378295899,287.9453378295899,True,192.3525415039063
14729,2018,497.4,Leipzig,662.0910290527343,785.1655072021483,918.0399121093749,287.76550720214834,287.76550720214834,True,-164.69102905273428
15087,2018,475.5,Mansfeld-Südharz,637.2910290527343,762.2475128936767,893.2399121093749,286.7475128936767,286.7475128936767,True,-161.7910290527343
03251,2018,536.3,Diepholz,688.0510290527343,821.789794769287,943.9999121093749,285.4897947692871,285.4897947692871,True,-151.75102905273434
05366,2018,506.6,Euskirchen,688.0310290527344,789.5876062583924,943.979912109375,282.98760625839236,282.98760625839236,True,-181.4310290527344
05554,2023,991.2,Borken,564.3379586791992,708.7111352539063,864.0457604980469,-282.4888647460938,282.4888647460938,True,127.15423950195316
09372,2014,867.9,Cham,443.6431549072265,587.13491897583,674.0074584960937,-280.76508102416994,280.76508102416994,True,193.89254150390627
12064,2022,346.4,Märkisch-Oderland,471.4812448120117,626.9252565002441,747.4828698730469,280.52525650024415,280.52525650024415,True,-125.08124481201173
06636,2018,455.6,Werra-Meißner-Kreis,625.6110290527345,733.725315475464,881.5599121093751,278.12531547546394,278.12531547546394,True,-170.01102905273444
09671,2015,481.0,Aschaffenburg,641.548576965332,758.4276453399658,880.0618444824219,277.4276453399658,277.4276453399658,True,-160.54857696533202
05382,2018,464.3,Rhein-Sieg-Kreis,631.4310290527344,741.3879544448853,887.379912109375,277.08795444488527,277.08795444488527,True,-167.1310290527344
15091,2018,308.6,Wittenberg,456.89184143066404,584.9427066040039,717.179912109375,276.34270660400387,276.34270660400387,True,-148.29184143066402
15086,2018,443.2,Jerichower Land,583.8718414306641,718.9110450744629,844.159912109375,275.7110450744629,275.7110450744629,True,-140.67184143066407
08416,2024,886.0,Tübingen,462.50137359619134,612.5713217926025,746.663276977539,-273.4286782073975,273.4286782073975,True,139.336723022461
09671,2003,357.2,Aschaffenburg,548.1927291870117,628.5642296791076,756.5924865722656,271.3642296791076,271.3642296791076,True,-190.99272918701166
05958,2024,833.7,Hochsauerlandkreis,404.00137359619134,562.5727275085449,688.163276977539,-271.1272724914552,271.1272724914552,True,145.53672302246105
09675,2022,504.7,Kitzingen,613.130559387207,772.2122358703613,890.1628698730468,267.5122358703613,267.5122358703613,True,-108.43055938720698
09373,2014,864.0,Neumarkt in der Oberpfalz,455.48315490722655,596.4946638488769,685.8474584960937,-267.50533615112306,267.50533615112306,True,178.15254150390626
05566,2023,800.0,Steinfurt,388.77795867919923,532.8396423339843,671.8167999267578,-267.16035766601567,267.16035766601567,True,128.18320007324223
05358,2018,572.5,Düren,728.7910290527343,837.7483254241943,984.7399121093749,265.24832542419426,265.24832542419426,True,-156.2910290527343
15088,2019,436.8,Saalekreis,562.9089505004883,699.8870579528809,830.4183117675782,263.0870579528809,263.0870579528809,True,-126.10895050048833
15083,2018,495.9,Börde,625.0910290527344,757.2383526611328,881.039912109375,261.33835266113283,261.33835266113283,True,-129.1910290527344
09478,2015,486.2,Lichtenfels,617.1085769653321,747.0169670104981,855.6218444824219,260.8169670104981,260.8169670104981,True,-130.9085769653321
09475,2014,816.7,Hof,417.46315490722657,556.8375636291504,647.8274584960938,-259.86243637084965,259.86243637084965,True,168.8725415039063
09675,2015,547.3,Kitzingen,673.808576965332,805.7822135925293,912.3218444824219,258.4822135925293,258.4822135925293,True,-126.50857696533205
09677,2022,575.6,Main-Spessart,671.3905593872071,833.9016334533692,948.4228698730469,258.30163345336916,258.30163345336916,True,-95.79055938720705
09777,2014,999.8,Ostallgäu,603.0631549072266,744.6214968872071,833.4274584960938,-255.1785031127929,255.1785031127929,True,166.37254150390618
09376,2014,857.3,Schwandorf,459.12315490722654,602.61491897583,689.4874584960937,-254.6850810241699,254.6850810241699,True,167.81254150390623
15090,2018,446.4,Stendal,564.6176815795899,700.0807095336914,824.739912109375,253.68070953369147,253.68070953369147,True,-118.21768157958991
12073,2018,478.8,Uckermark,602.3777807617187,730.7773683929443,862.9999121093749,251.97736839294424,251.97736839294424,True,-123.57778076171866
15091,2002,256.8,Wittenberg,410.69717620849605,507.3234293365478,622.2435400390625,250.5234293365478,250.5234293365478,True,-153.89717620849603
03452,2012,745.2,Aurich,390.60715606689456,496.27631690979007,617.469224243164,-248.92368309020998,248.92368309020998,True,127.73077575683601
15084,2018,538.1,Burgenlandkreis,665.2510290527345,786.5320310974122,921.1999121093751,248.43203109741216,248.43203109741216,True,-127.15102905273443
07339,2015,525.4,Mainz-Bingen,658.4285769653321,773.5234465789796,896.941844482422,248.1234465789796,248.1234465789796,True,-133.02857696533215
09675,2018,518.5,Kitzingen,664.451841430664,766.115371184349,924.7399121093749,247.615371184349,247.615371184349,True,-145.951841430664
15082,2019,387.5,Anhalt-Bitterfeld,497.12895050048826,633.7934936523437,764.6383117675781,246.29349365234373,246.29349365234373,True,-109.62895050048826
15003,2018,463.0,Magdeburg,576.2710290527344,709.2736421203614,832.2199121093751,246.2736421203614,246.2736421203614,True,-113.27102905273443
09572,2015,463.5,Erlangen-Höchstadt,577.308576965332,709.2822135925293,815.8218444824219,245.78221359252927,245.78221359252927,True,-113.80857696533201
09575,2015,569.3,Neustadt an der Aisch-Bad Windsheim,679.1588436889649,814.5622135925294,921.1018444824219,245.2622135925294,245.2622135925294,True,-109.85884368896495
05382,2021,904.5,Rhein-Sieg-Kreis,507.4388259887695,660.233137512207,782.1732696533203,-244.266862487793,244.266862487793,True,122.32673034667971
08119,2020,590.7,Rems-Murr-Kreis,690.397200012207,834.9410346984863,961.34921875,244.24103469848626,244.24103469848626,True,-99.69720001220696
13076,2021,503.6,Ludwigslust-Parchim,593.8388259887696,747.7957237243653,868.5732696533204,244.19572372436528,244.19572372436528,True,-90.23882598876958
09678,2003,373.1,Schweinfurt,531.4127291870118,616.0889643859864,739.8124865722657,242.98896438598638,242.98896438598638,True,-158.31272918701177
09675,2003,382.6,Kitzingen,540.8127291870117,625.0006106567382,749.2124865722656,242.4006106567382,242.4006106567382,True,-158.21272918701163
09577,2015,557.5,Weißenburg-Gunzenhausen,687.6388436889649,799.8158990478516,929.581844482422,242.31589904785164,242.31589904785164,True,-130.13884368896493
09562,2015,469.1,Erlangen,579.368576965332,711.3422135925292,817.8818444824218,242.2422135925292,242.2422135925292,True,-110.26857696533193
05774,2012,693.8,Paderborn,323.32715606689453,451.97185134887695,550.1892242431641,-241.828148651123,241.828148651123,True,143.6107757568359
09371,2016,801.0,Amberg-Sulzbach,408.9655877685547,559.7401124572755,658.2699395751954,-241.25988754272453,241.25988754272453,True,142.7300604248046
15086,2019,458.0,Jerichower Land,560.1689505004882,697.4075979614257,827.6783117675781,239.40759796142572,239.40759796142572,True,-102.16895050048822
07340,2003,301.7,Südwestpfalz,456.5327291870117,540.5868091964721,664.9324865722656,238.88680919647214,238.88680919647214,True,-154.8327291870117
03356,2011,736.0,Osterholz,378.50034515380855,497.7708605957031,600.0076007080078,-238.22913940429692,238.22913940429692,True,135.99239929199223
05958,2007,651.6,Hochsauerlandkreis,303.6889144897461,415.41714973449706,523.0849182128907,-236.18285026550296,236.18285026550296,True,128.51508178710935
15086,2022,389.8,Jerichower Land,460.2212448120116,625.4625892639159,736.2228698730468,235.6625892639159,235.6625892639159,True,-70.4212448120116
09678,2015,515.3,Schweinfurt,630.648576965332,750.7448141479492,869.1618444824219,235.44481414794927,235.44481414794927,True,-115.34857696533209
09571,2018,471.7,Ansbach,604.2492059326172,706.0394248819351,864.519912109375,234.33942488193514,234.33942488193514,True,-132.5492059326172
09162,2014,918.2,München,549.0031549072266,684.3565637207032,779.3674584960938,-233.84343627929684,233.84343627929684,True,138.8325415039062
05762,2018,637.5,Höxter,749.7918414306641,871.055259628296,1010.0799121093751,233.55525962829597,233.55525962829597,True,-112.29184143066414
09377,2014,836.9,Tirschenreuth,460.9431549072266,603.352872467041,691.3074584960938,-233.54712753295894,233.54712753295894,True,145.5925415039062
03454,2018,611.7,Emsland,717.3510290527344,845.1359030151367,973.299912109375,233.43590301513666,233.43590301513666,True,-105.65102905273432
09575,2022,604.9,Neustadt an der Aisch-Bad Windsheim,678.3705593872071,838.1034199523926,955.4028698730469,233.20341995239266,233.20341995239266,True,-73.47055938720712
09573,2015,458.8,Fürth,573.248576965332,691.669885482788,811.7618444824218,232.869885482788,232.869885482788,True,-114.44857696533194
15085,2022,410.5,Harz,479.1012448120117,643.3028401184082,755.1028698730469,232.8028401184082,232.8028401184082,True,-68.60124481201171
09672,2018,473.7,Bad Kissingen,605.9730389404297,706.4669226694107,865.439912109375,232.7669226694107,232.7669226694107,True,-132.27303894042967
15089,2019,440.7,Salzlandkreis,538.3289505004883,673.2736927032471,805.8383117675781,232.5736927032471,232.5736927032471,True,-97.62895050048832
16062,2018,433.7,Nordhausen,543.7318414306641,665.7957032775879,804.019912109375,232.09570327758792,232.09570327758792,True,-110.03184143066409
16070,2017,853.9,Ilm-Kreis,477.71485900878895,622.0736351013182,726.2402191162108,-231.82636489868173,231.82636489868173,True,127.65978088378915
16068,2018,443.0,Sömmerda,553.0310290527343,674.312031097412,808.9799121093749,231.31203109741205,231.31203109741205,True,-110.03102905273431
06432,2018,570.0,Darmstadt-Dieburg,696.9310290527344,799.1580860328675,952.879912109375,229.15808603286746,229.15808603286746,True,-126.9310290527344
14524,2016,511.2,Zwickau,576.2707931518555,738.8345520019532,823.3099395751954,227.63455200195318,227.63455200195318,True,-65.07079315185553
09679,2022,618.7,Würzburg,678.930559387207,841.7022917175293,955.9628698730469,223.00229171752926,223.00229171752926,True,-60.230559387206995
09183,2015,630.7,Mühldorf am Inn,705.1588436889648,853.3124272155761,947.1018444824218,222.61242721557608,222.61242721557608,True,-74.45884368896475
05554,2021,879.2,Borken,506.51882598876955,656.8948254394531,781.2532696533203,-222.3051745605469,222.3051745605469,True,97.94673034667971
08128,2015,574.8,Main-Tauber-Kreis,669.4285769653321,796.0734095764161,907.941844482422,221.27340957641616,221.27340957641616,True,-94.62857696533217
08125,2018,612.6,Heilbronn,733.8291311645507,833.6113325738906,992.699912109375,221.01133257389063,221.01133257389063,True,-121.22913116455072
07339,2020,534.8,Mainz-Bingen,612.417200012207,755.6176833343505,883.36921875,220.8176833343506,220.8176833343506,True,-77.61720001220704
05116,2000,770.7,Mönchengladbach,446.09570861816405,550.4950215911865,655.3867700195312,-220.20497840881353,220.20497840881353,True,115.3132299804688
09174,2018,977.2,Dachau,657.0310290527343,757.5764043998718,912.9799121093749,-219.62359560012828,219.62359560012828,True,64.22008789062511
15085,2023,785.1,Harz,392.17795867919926,566.5072319030762,691.8857604980469,-218.5927680969238,218.5927680969238,True,93.2142395019531
16069,2009,743.5,Hildburghausen,410.3155288696289,524.986946105957,642.9059753417969,-218.51305389404297,218.51305389404297,True,100.59402465820312
09571,2017,917.3,Ansbach,558.014859008789,699.2769477844238,806.5402191162109,-218.02305221557617,218.02305221557617,True,110.75978088378906
16062,2015,463.8,Nordhausen,564.6285769653321,681.658419342041,803.1418444824219,217.85841934204103,217.85841934204103,True,-100.82857696533205
15082,2023,687.2,Anhalt-Bitterfeld,339.1779586791992,470.1898672103882,629.4962188720704,-217.01013278961187,217.01013278961187,True,57.70378112792969
09679,2015,616.8,Würzburg,707.008576965332,833.653409576416,945.5218444824219,216.85340957641608,216.85340957641608,True,-90.2085769653321
12062,2003,318.9,Elbe-Elster,446.7727291870117,534.6692736434936,655.1724865722656,215.76927364349365,215.76927364349365,True,-127.87272918701171
09774,2017,1027.4,Günzburg,684.694859008789,811.651308517456,933.2202191162108,-215.74869148254413,215.74869148254413,True,94.17978088378925
03454,2019,606.8,Emsland,678.3489505004883,822.2554370117188,945.8583117675781,215.4554370117188,215.4554370117188,True,-71.54895050048833
09572,2016,482.0,Erlangen-Höchstadt,540.6707931518555,696.7036415100098,787.7099395751953,214.7036415100098,214.7036415100098,True,-58.67079315185549
14625,2018,526.5,Bautzen,594.4910290527343,740.3695957946777,850.439912109375,213.8695957946777,213.8695957946777,True,-67.99102905273435
09679,2018,601.8,Würzburg,712.2677163696289,814.9457648611069,973.119912109375,213.14576486110695,213.14576486110695,True,-110.46771636962899
05382,2016,554.4,Rhein-Sieg-Kreis,622.6307931518555,766.6307664489747,869.6699395751954,212.2307664489747,212.2307664489747,True,-68.23079315185555
15084,2019,563.3,Burgenlandkreis,638.3689505004883,775.3470579528808,905.8783117675781,212.0470579528809,212.0470579528809,True,-75.06895050048831
09183,2013,605.8,Mühldorf am Inn,685.8394458007813,817.5267131042481,913.5562274169922,211.72671310424812,211.72671310424812,True,-80.03944580078132
05554,2018,481.0,Borken,568.2510290527343,691.4548197174072,824.199912109375,210.4548197174072,210.4548197174072,True,-87.25102905273434
05558,2015,1030.0,Coesfeld,699.4685769653321,819.68601852417,937.9818444824219,-210.31398147583002,210.31398147583002,True,92.01815551757807
03452,2014,853.5,Aurich,514.5031549072266,643.8674089050294,744.8674584960938,-209.63259109497062,209.63259109497062,True,108.63254150390617
12068,2003,278.5,Ostprignitz-Ruppin,399.3927291870117,488.0948432922363,607.7924865722656,209.5948432922363,209.5948432922363,True,-120.8927291870117
15085,2019,518.9,Harz,586.8889505004884,727.8554383850098,854.3983117675782,208.95543838500987,208.95543838500987,True,-67.98895050048839
09161,2015,560.9,Ingolstadt,655.4588436889649,769.3585209655762,897.4018444824219,208.4585209655762,208.4585209655762,True,-94.55884368896488
03456,2011,728.4,Grafschaft Bentheim,400.9403451538086,520.2108605957031,622.4476007080078,-208.18913940429684,208.18913940429684,True,105.95239929199215
09181,2013,575.4,Landsberg am Lech,650.3994458007812,783.5584194946289,878.1162274169922,208.1584194946289,208.1584194946289,True,-74.99944580078125
09171,2014,918.6,Altötting,570.9231549072266,710.5290394592286,801.2874584960938,-208.07096054077147,208.07096054077147,True,117.31254150390623
09181,2018,987.6,Landsberg am Lech,656.8310290527344,780.0656977844238,912.779912109375,-207.5343022155762,207.5343022155762,True,74.82008789062502
14626,2018,479.1,Görlitz,539.3910290527344,685.557498626709,795.3399121093751,206.45749862670903,206.45749862670903,True,-60.291029052734416
07339,2022,560.7,Mainz-Bingen,612.3505593872071,767.1322595214845,889.382869873047,206.4322595214844,206.4322595214844,True,-51.65055938720707
03454,2023,910.9,Emsland,552.7979586791993,705.0281394195557,843.1162188720704,-205.87186058044426,205.87186058044426,True,67.78378112792961
09573,2003,344.3,Fürth,464.2527291870117,548.583091506958,672.6524865722656,204.283091506958,204.283091506958,True,-119.9527291870117
12064,2020,428.6,Märkisch-Oderland,487.637200012207,632.7039915466308,758.58921875,204.10399154663082,204.10399154663082,True,-59.037200012206995
09571,2003,406.4,Ansbach,525.8727291870116,610.3707655715941,734.2724865722655,203.97076557159414,203.97076557159414,True,-119.47272918701162
08118,2018,574.4,Ludwigsburg,678.2091311645507,778.3439209890365,937.079912109375,203.94392098903654,203.94392098903654,True,-103.80913116455076
15086,2014,812.0,Jerichower Land,472.34315490722656,608.1180953979492,702.7074584960938,-203.88190460205078,203.88190460205078,True,109.29254150390625
07333,2022,611.4,Donnersbergkreis,654.0505593872069,812.4279244995116,931.0828698730468,201.02792449951164,201.02792449951164,True,-42.650559387206954
01055,2014,894.2,Ostholstein,560.1031549072266,693.675641784668,790.4674584960937,-200.5243582153321,200.5243582153321,True,103.7325415039063
06631,2003,363.9,Fulda,477.5127291870117,564.230186958313,685.9124865722656,200.330186958313,200.330186958313,True,-113.61272918701172
12069,2003,279.3,Potsdam-Mittelmark,392.3327291870117,479.5817116165161,600.7324865722655,200.28171161651608,200.28171161651608,True,-113.03272918701168
09674,2017,888.9,Haßberge,548.3748590087891,688.6845780944825,796.900219116211,-200.21542190551747,200.21542190551747,True,91.99978088378896
05554,2016,518.3,Borken,569.9707931518554,717.733065032959,817.0099395751953,199.433065032959,199.433065032959,True,-51.67079315185549
08125,2023,563.2,Heilbronn,602.1979586791992,762.4586207580567,901.9057604980469,199.25862075805662,199.25862075805662,True,-38.9979586791992
14730,2021,828.4,Nordsachsen,471.4388259887695,631.2679466247558,746.1732696533203,-197.13205337524414,197.13205337524414,True,82.22673034667969
12062,2013,480.7,Elbe-Elster,535.9594458007812,677.1233595275878,763.6762274169921,196.42335952758782,196.42335952758782,True,-55.25944580078118
15089,2023,677.5,Salzlandkreis,346.1579586791992,481.3907858657837,645.8657604980469,-196.1092141342163,196.1092141342163,True,31.63423950195306
15090,2019,487.8,Stendal,546.3689505004883,683.8584143066406,813.8783117675781,196.0584143066406,196.0584143066406,True,-58.568950500488256
09176,2015,650.1,Eichstätt,731.1788436889649,845.5484153747559,973.1218444824219,195.44841537475588,195.44841537475588,True,-81.07884368896487
16075,2023,830.3,Saale-Orla-Kreis,479.4979586791992,634.8979067993164,779.2057604980469,-195.40209320068357,195.40209320068357,True,51.0942395019531
03356,2010,612.6,Osterholz,322.0414660644532,417.8680470657349,542.1423571777344,-194.7319529342651,194.7319529342651,True,70.4576428222656
09189,2010,502.8,Traunstein,584.5414660644531,696.6554606628417,804.6423571777343,193.85546066284172,193.85546066284172,True,-81.74146606445305
05116,2023,657.5,Mönchengladbach,669.8979586791993,851.285333557129,969.605760498047,193.78533355712898,193.78533355712898,True,-12.397958679199292
09471,2018,433.8,Bamberg,525.9533309936523,627.5723328590393,785.659912109375,193.7723328590393,193.7723328590393,True,-92.15333099365233
09178,2013,608.0,Freising,675.7994458007812,801.6247746276855,903.5162274169921,193.6247746276855,193.6247746276855,True,-67.7994458007812
09478,2011,843.0,Lichtenfels,528.6003451538086,649.867728729248,750.1076007080078,-193.13227127075197,193.13227127075197,True,92.8923992919922
09573,2021,848.3,Fürth,502.2188259887696,655.2261578369141,776.9532696533204,-193.07384216308583,193.07384216308583,True,71.34673034667958
09278,2013,686.6,Straubing-Bogen,747.8794458007812,879.627374420166,975.5962274169922,193.02737442016598,193.02737442016598,True,-61.27944580078122
16067,2014,851.9,Gotha,519.2631549072265,658.941728515625,749.6274584960937,-192.95827148437502,192.95827148437502,True,102.27254150390627
03352,2011,736.0,Cuxhaven,427.78034515380864,543.1502601623536,649.2876007080079,-192.84973983764644,192.84973983764644,True,86.71239929199214
01054,2019,991.8,Nordfriesland,637.9081591796876,799.3014735412598,921.6583117675782,-192.49852645874012,192.49852645874012,True,70.14168823242176
07133,2003,406.1,Bad Kreuznach,519.2927291870117,598.4404690742492,727.6924865722656,192.3404690742492,192.3404690742492,True,-113.19272918701165
16068,2019,461.1,Sömmerda,516.2689505004882,653.2470579528808,783.7783117675781,192.1470579528808,192.1470579528808,True,-55.16895050048822
12070,2018,519.9,Prignitz,575.8976815795897,711.6080087280272,836.0199121093749,191.70800872802727,191.70800872802727,True,-55.997681579589766
07334,2018,548.8,Germersheim,642.3910290527344,740.1692710447312,898.3399121093751,191.36927104473125,191.36927104473125,True,-93.59102905273448
09775,2013,577.2,Neu-Ulm,632.8794458007812,768.3565919494629,860.5962274169922,191.15659194946284,191.15659194946284,True,-55.679445800781195
05554,2019,476.2,Borken,527.8089505004883,666.4931965637207,795.3183117675782,190.29319656372076,190.29319656372076,True,-51.60895050048833
16076,2013,520.7,Greiz,579.7394458007813,710.9765979003906,807.4562274169922,190.27659790039058,190.27659790039058,True,-59.03944580078121
14628,2018,546.4,Sächsische Schweiz-Osterzgebirge,622.1910290527343,736.5443558502196,878.1399121093749,190.14435585021965,190.14435585021965,True,-75.7910290527343
01054,2014,935.6,Nordfriesland,610.2431549072265,745.9779724121094,840.6074584960937,-189.62202758789067,189.62202758789067,True,94.9925415039063
16068,2021,802.4,Sömmerda,456.39882598876954,612.8829415893555,731.1332696533203,-189.5170584106445,189.5170584106445,True,71.26673034667965
01060,2018,571.2,Segeberg,616.4425210571289,760.5163125610352,888.619912109375,189.31631256103515,189.31631256103515,True,-45.2425210571289
01057,2023,887.9,Plön,568.2779586791992,698.7351177215576,851.3167999267578,-189.1648822784424,189.1648822784424,True,36.58320007324221
09673,2017,869.8,Rhön-Grabfeld,540.234859008789,680.8330340576172,788.7602191162109,-188.96696594238279,188.96696594238279,True,81.03978088378904
05116,2018,644.0,Mönchengladbach,719.6110290527344,832.5490135192871,975.559912109375,188.5490135192871,188.5490135192871,True,-75.61102905273435
09185,2015,638.4,Neuburg-Schrobenhausen,714.2788436889648,826.897053527832,956.2218444824218,188.497053527832,188.497053527832,True,-75.87884368896482
09471,2017,822.6,Bamberg,494.2948590087891,634.1449375915528,742.820219116211,-188.45506240844725,188.45506240844725,True,79.77978088378904
07333,2000,739.2,Donnersbergkreis,445.09570861816405,551.1994187927246,654.3867700195312,-188.00058120727545,188.00058120727545,True,84.8132299804688
08118,2003,469.5,Ludwigsburg,578.6527291870118,657.3069759941102,787.0524865722657,187.8069759941102,187.8069759941102,True,-109.1527291870118
08125,2020,630.6,Heilbronn,673.737200012207,818.2810346984863,944.68921875,187.68103469848631,187.68103469848631,True,-43.13720001220702
09672,2015,564.6,Bad Kissingen,634.168576965332,752.1082456207275,872.6818444824219,187.5082456207275,187.5082456207275,True,-69.568576965332
07333,2018,607.3,Donnersbergkreis,696.5110290527343,794.7532516002655,952.459912109375,187.4532516002655,187.4532516002655,True,-89.21102905273438
13074,2018,564.8,Nordwestmecklenburg,622.8135565185547,752.13052734375,883.499912109375,187.33052734375008,187.33052734375008,True,-58.013556518554765
09573,2018,432.5,Fürth,519.2930389404297,619.7424604654312,778.759912109375,187.24246046543124,187.24246046543124,True,-86.79303894042971
09672,2021,859.8,Bad Kissingen,521.4388259887695,673.1079582214355,796.1732696533203,-186.69204177856443,186.69204177856443,True,63.626730346679665
15083,2019,536.4,Börde,587.6689505004882,722.9561113739013,855.1783117675781,186.55611137390133,186.55611137390133,True,-51.268950500488245
07333,2003,414.9,Donnersbergkreis,522.1927291870118,601.3404690742493,730.5924865722657,186.44046907424934,186.44046907424934,True,-107.29272918701179
03102,2018,652.3,Salzgitter,705.7518414306641,838.2811192321777,966.039912109375,185.98111923217778,185.98111923217778,True,-53.4518414306641
16070,2015,435.0,Ilm-Kreis,492.568576965332,620.9040681457519,731.0818444824218,185.90406814575192,185.90406814575192,True,-57.568576965332
09179,2017,884.2,Fürstenfeldbruck,564.634859008789,698.5093478393554,813.1602191162109,-185.69065216064462,185.69065216064462,True,71.03978088378915
12064,2015,500.5,Märkisch-Oderland,521.5685769653321,685.9020349121095,779.1153527832032,185.40203491210946,185.40203491210946,True,-21.068576965332113
08128,2018,583.4,Main-Tauber-Kreis,667.3730389404296,768.6657648611068,926.839912109375,185.26576486110685,185.26576486110685,True,-83.97303894042966
05116,2009,820.0,Mönchengladbach,522.3182983398438,634.7466945648193,740.9059753417969,-185.25330543518066,185.25330543518066,True,79.09402465820312
07133,2016,857.9,Bad Kreuznach,517.3707931518554,672.8937232971191,764.4099395751953,-185.00627670288088,185.00627670288088,True,93.49006042480471
09472,2016,480.0,Bayreuth,514.4507931518555,664.9948872375488,761.4899395751953,184.99488723754882,184.99488723754882,True,-34.450793151855464
07339,2000,760.0,Mainz-Bingen,469.87570861816414,575.083420791626,679.1667700195313,-184.91657920837395,184.91657920837395,True,80.83322998046867
05754,2012,829.4,Gütersloh,520.0071560668946,644.7504765319825,746.8692242431641,-184.6495234680175,184.6495234680175,True,82.53077575683585
03359,2024,968.7,Stade,619.7813735961914,784.3028617858887,913.5083404541016,-184.39713821411135,184.39713821411135,True,55.19165954589846
07335,2000,730.0,Kaiserslautern,440.275708618164,545.6809019470214,649.5667700195312,-184.31909805297857,184.31909805297857,True,80.43322998046881
05754,2008,495.5,Gütersloh,559.5457485961914,679.4603680419922,776.7714794921875,183.96036804199218,183.96036804199218,True,-64.0457485961914
08215,2018,570.8,Karlsruhe,657.5510290527343,754.7497944498061,913.4999121093749,183.94979444980618,183.94979444980618,True,-86.75102905273434
05554,2017,860.0,Borken,532.014859008789,677.0900199890136,780.5402191162109,-182.90998001098637,182.90998001098637,True,79.45978088378911
09672,2003,425.5,Bad Kissingen,522.8927291870117,608.354309463501,731.2924865722656,182.85430946350095,182.85430946350095,True,-97.3927291870117
06434,2018,616.4,Hochtaunuskreis,696.4310290527344,799.1140391540528,952.379912109375,182.71403915405278,182.71403915405278,True,-80.03102905273443
07331,2015,566.6,Alzey-Worms,632.888576965332,749.0018276977539,871.4018444824219,182.4018276977539,182.4018276977539,True,-66.28857696533203
05758,2023,1037.8,Herford,713.1779586791993,855.516411972046,996.2167999267579,-182.283588027954,182.283588027954,True,41.5832000732421
16075,2019,543.0,Saale-Orla-Kreis,588.0689505004882,724.5602396392821,855.578311767578,181.56023963928214,181.56023963928214,True,-45.0689505004882
03456,2012,757.7,Grafschaft Bentheim,463.2071560668945,576.2290505218506,690.0692242431641,-181.47094947814946,181.47094947814946,True,67.63077575683599
09471,2015,518.1,Bamberg,567.408576965332,699.3822135925293,805.9218444824219,181.28221359252927,181.28221359252927,True,-49.30857696533201
09577,2003,447.8,Weißenburg-Gunzenhausen,548.5127291870117,629.0235653114319,756.9124865722656,181.22356531143186,181.22356531143186,True,-100.71272918701169
09673,2003,422.4,Rhön-Grabfeld,517.8127291870117,603.6163981628417,726.2124865722656,181.21639816284176,181.21639816284176,True,-95.41272918701168
05558,2013,850.0,Coesfeld,539.1794458007813,668.9128518676758,766.8962274169922,-181.08714813232416,181.08714813232416,True,83.10377258300775
15090,2014,794.1,Stendal,477.70315490722646,613.0658181762694,708.0674584960936,-181.0341818237306,181.0341818237306,True,86.03254150390637
16075,2013,461.7,Saale-Orla-Kreis,510.6794458007813,642.6661820983887,738.3962274169922,180.96618209838874,180.96618209838874,True,-48.97944580078132
09263,2013,707.9,Straubing,756.5194458007812,888.267374420166,984.2362274169922,180.36737442016602,180.36737442016602,True,-48.61944580078125
15003,2015,792.7,Magdeburg,494.168576965332,612.4541680908203,751.7153527832031,-180.24583190917974,180.24583190917974,True,40.98464721679693
09575,2018,609.3,Neustadt an der Aisch-Bad Windsheim,686.511841430664,788.7123328590393,946.799912109375,179.41233285903934,179.41233285903934,True,-77.2118414306641
13076,2022,537.6,Ludwigslust-Parchim,551.0212448120117,716.6297615051269,827.0228698730468,179.02976150512688,179.02976150512688,True,-13.42124481201165
08126,2003,460.6,Hohenlohekreis,560.7127291870117,639.3669759941101,769.1124865722657,178.7669759941101,178.7669759941101,True,-100.11272918701172
08226,2018,631.0,Rhein-Neckar-Kreis,711.1710290527344,808.3697944498062,967.119912109375,177.36979444980625,177.36979444980625,True,-80.17102905273441
07339,2003,445.3,Mainz-Bingen,544.1327291870118,622.2481519126893,752.5324865722657,176.9481519126893,176.9481519126893,True,-98.83272918701181
09476,2003,361.8,Kronach,452.3927291870117,538.197721862793,660.7924865722656,176.39772186279293,176.39772186279293,True,-90.59272918701168
14628,2014,843.0,Sächsische Schweiz-Osterzgebirge,526.3631549072264,667.033042449951,756.7274584960936,-175.96695755004896,175.96695755004896,True,86.27254150390638
06414,2022,659.4,Wiesbaden,678.150559387207,835.266182861328,955.1828698730468,175.86618286132807,175.86618286132807,True,-18.750559387206977
09474,2003,399.3,Forchheim,489.8727291870116,574.9869860458373,698.2724865722655,175.68698604583727,175.68698604583727,True,-90.57272918701159
13075,2014,828.5,Vorpommern-Greifswald,519.0631549072266,652.995505065918,749.4274584960938,-175.504494934082,175.504494934082,True,79.07254150390622
05762,2022,699.5,Höxter,707.3612448120117,874.8190924072265,983.3628698730469,175.31909240722655,175.31909240722655,True,-7.861244812011705
05758,2019,741.8,Herford,774.6289505004883,917.1022666931152,1042.1383117675782,175.30226669311526,175.30226669311526,True,-32.828950500488304
03153,2018,632.7,Goslar,680.251841430664,806.6462811279296,940.5399121093749,173.94628112792952,173.94628112792952,True,-47.5518414306639
09178,2014,954.3,Freising,645.0431549072266,780.3965637207032,875.4074584960938,-173.90343627929678,173.90343627929678,True,78.89254150390616
08225,2017,944.4,Neckar-Odenwald-Kreis,630.814859008789,771.0035034179687,879.3402191162108,-173.39649658203132,173.39649658203132,True,65.05978088378913
13072,2023,625.2,Rostock,643.4442044067382,798.5657749938964,930.8762188720702,173.36577499389637,173.36577499389637,True,-18.244204406738163
07331,2003,449.5,Alzey-Worms,544.6927291870118,622.8081519126893,753.0924865722657,173.30815191268925,173.30815191268925,True,-95.19272918701176
12063,2022,545.2,Havelland,554.7612448120117,718.4531240844726,830.7628698730468,173.25312408447257,173.25312408447257,True,-9.561244812011637
08215,2020,563.7,Karlsruhe,595.357200012207,736.733197555542,866.30921875,173.03319755554196,173.03319755554196,True,-31.657200012207
09477,2003,396.1,Kulmbach,483.7327291870117,569.0805332565308,692.1324865722656,172.98053325653075,172.98053325653075,True,-87.6327291870117
05515,2012,900.0,Münster,597.3471560668945,727.0432124328613,824.209224243164,-172.9567875671387,172.9567875671387,True,75.79077575683596
09476,2005,681.2,Kronach,369.57786560058594,508.80665016174316,621.7225952148438,-172.39334983825688,172.39334983825688,True,59.477404785156295
09575,2017,952.3,Neustadt an der Aisch-Bad Windsheim,639.6948590087891,779.9690937805176,888.220219116211,-172.33090621948236,172.33090621948236,True,64.079780883789
07337,2024,668.2,Südliche Weinstraße,670.6413735961914,840.4421434020996,964.3683404541016,172.2421434020996,172.2421434020996,True,-2.441373596191397
03352,2014,851.6,Cuxhaven,550.1231549072265,679.7148106384277,780.4874584960937,-171.88518936157232,171.88518936157232,True,71.1125415039063
13075,2018,571.7,Vorpommern-Greifswald,617.4577807617187,743.49515335083,878.079912109375,171.79515335083,171.79515335083,True,-45.757780761718664
09677,2017,901.6,Main-Spessart,585.2748590087891,729.8699632263184,833.800219116211,-171.7300367736816,171.7300367736816,True,67.79978088378903
09674,2015,552.1,Haßberge,591.268576965332,723.2422135925293,829.7818444824219,171.1422135925293,171.1422135925293,True,-39.16857696533202
14729,2020,545.5,Leipzig,575.637200012207,716.61438621521,846.58921875,171.11438621520995,171.11438621520995,True,-30.137200012207018
09178,2015,646.8,Freising,691.5788436889649,817.9055610656739,933.5218444824219,171.1055610656739,171.1055610656739,True,-44.77884368896491
16052,2013,573.4,Gera,609.3994458007812,744.4057705688476,837.1162274169922,171.00577056884765,171.00577056884765,True,-35.999445800781245
09774,2013,644.2,Günzburg,677.6594458007812,815.0792913818359,905.3762274169922,170.87929138183586,170.87929138183586,True,-33.45944580078117
15085,2024,818.1,Harz,469.6613735961914,647.3620457458496,763.3883404541016,-170.7379542541504,170.7379542541504,True,54.71165954589844
16075,2017,836.8,Saale-Orla-Kreis,522.894859008789,666.0967518615722,771.4202191162109,-170.70324813842774,170.70324813842774,True,65.37978088378907
03452,2013,764.1,Aurich,466.5194458007812,593.4904541015625,694.2362274169922,-170.60954589843755,170.60954589843755,True,69.86377258300786
09472,2015,518.0,Bayreuth,554.7988436889648,688.136967010498,796.7418444824218,170.13696701049798,170.13696701049798,True,-36.79884368896478
09376,2003,453.2,Schwandorf,537.2127291870117,622.7873208236695,745.6124865722657,169.58732082366947,169.58732082366947,True,-84.01272918701176
16065,2019,494.5,Kyffhäuserkreis,526.1689505004882,664.0625891113281,793.6783117675781,169.56258911132807,169.56258911132807,True,-31.668950500488222
09189,2015,564.9,Traunstein,585.0188436889649,734.4208097839356,826.961844482422,169.52080978393565,169.52080978393565,True,-20.118843688964944
09576,2015,548.7,Roth,604.2588436889648,718.1585209655761,846.2018444824218,169.4585209655761,169.4585209655761,True,-55.55884368896477
12073,2014,839.2,Uckermark,536.9031549072266,669.8353868103028,767.2674584960938,-169.36461318969725,169.36461318969725,True,71.93254150390624
08126,2022,664.7,Hohenlohekreis,665.490559387207,833.697647857666,942.5228698730468,168.99764785766592,168.99764785766592,True,-0.7905593872069403
05170,2012,907.3,Wesel,624.2471560668945,738.4470671844482,851.109224243164,-168.85293281555175,168.85293281555175,True,56.19077575683593
03158,2018,639.0,Wolfenbüttel,676.4318414306641,807.8058076477051,936.7199121093751,168.80580764770514,168.80580764770514,True,-37.43184143066412
15081,2014,814.1,Altmarkkreis Salzwedel,510.0631549072266,645.4258181762696,740.4274584960938,-168.67418182373046,168.67418182373046,True,73.67254150390625
05116,2002,465.0,Mönchengladbach,528.1571762084961,633.4037200927735,739.7035400390625,168.40372009277348,168.40372009277348,True,-63.15717620849614
15091,2016,472.8,Wittenberg,496.47079315185545,641.1318687438965,743.5099395751953,168.33186874389645,168.33186874389645,True,-23.670793151855435
08126,2015,629.6,Hohenlohekreis,681.0788436889649,797.5274826049805,923.0218444824219,167.92748260498047,167.92748260498047,True,-51.478843688964844
07339,2018,597.1,Mainz-Bingen,662.6910290527344,764.9180860328674,918.639912109375,167.81808603286743,167.81808603286743,True,-65.59102905273437
05754,2020,635.8,Gütersloh,656.9142608642578,803.371654510498,944.94921875,167.5716545104981,167.5716545104981,True,-21.114260864257858
09675,2017,928.9,Kitzingen,621.154859008789,761.4290937805175,869.6802191162109,-167.47090621948246,167.47090621948246,True,59.2197808837891
09275,2015,681.2,Passau,713.048576965332,848.4592749023437,951.5618444824219,167.2592749023437,167.2592749023437,True,-31.848576965331972
09773,2015,664.7,Dillingen an der Donau,721.3988436889647,831.8008193206786,963.3418444824217,167.1008193206785,167.1008193206785,True,-56.698843688964644
08127,2003,437.2,Schwäbisch Hall,525.2927291870117,604.1701467514038,733.6924865722656,166.97014675140377,166.97014675140377,True,-88.09272918701168
09674,2003,432.0,Haßberge,514.2527291870117,598.9289643859863,722.6524865722656,166.92896438598632,166.92896438598632,True,-82.25272918701171
09375,2013,684.4,Regensburg,719.5394458007811,851.1487216186522,947.256227416992,166.7487216186522,166.7487216186522,True,-35.13944580078112
16077,2013,583.1,Altenburger Land,616.4994458007812,749.5938252258301,844.2162274169922,166.49382522583005,166.49382522583005,True,-33.39944580078122
14524,2014,805.6,Zwickau,499.36315490722654,639.6952090454101,729.7274584960937,-165.90479095458988,165.90479095458988,True,75.87254150390629
09179,2013,558.8,Fürstenfeldbruck,599.7594458007812,724.6681105041504,827.4762274169922,165.86811050415042,165.86811050415042,True,-40.95944580078128
09373,2003,395.3,Neumarkt in der Oberpfalz,475.9927291870117,561.1193647384644,684.3924865722656,165.81936473846434,165.81936473846434,True,-80.69272918701171
07338,2018,922.3,Rhein-Pfalz-Kreis,658.0510290527343,756.7294946575164,913.9999121093749,-165.57050534248356,165.57050534248356,True,8.300087890625036
16074,2013,538.1,Saale-Holzland-Kreis,567.9394458007813,703.6045840454102,795.6562274169922,165.50458404541018,165.50458404541018,True,-29.839445800781277
15088,2021,765.0,Saalekreis,443.3388259887695,599.5038078308105,718.0732696533203,-165.4961921691895,165.4961921691895,True,46.92673034667973
15082,2021,694.4,Anhalt-Bitterfeld,372.7588259887696,529.0913607788086,647.4932696533203,-165.30863922119136,165.30863922119136,True,46.90673034667964
14627,2018,653.1,Meißen,700.3310290527344,818.4072619628906,956.279912109375,165.3072619628906,165.3072619628906,True,-47.23102905273436
09474,2015,505.7,Forchheim,540.948576965332,670.856967010498,779.4618444824218,165.15696701049802,165.15696701049802,True,-35.248576965332006
09775,2015,574.7,Neu-Ulm,613.9388436889649,739.4892053222657,855.8818444824219,164.78920532226562,164.78920532226562,True,-39.238843688964835
09674,2022,594.7,Haßberge,600.3905593872071,759.4722358703614,877.4228698730469,164.77223587036133,164.77223587036133,True,-5.690559387207031
06533,2001,471.6,Limburg-Weilburg,494.9439334106445,636.2615145874023,712.9999102783203,164.66151458740228,164.66151458740228,True,-23.343933410644468
06533,2003,707.5,Limburg-Weilburg,463.2327291870117,542.9280841255188,671.6324865722656,-164.5719158744812,164.5719158744812,True,35.867513427734366
03351,2019,656.7,Celle,681.5689505004882,821.1709631347655,949.078311767578,164.4709631347655,164.4709631347655,True,-24.868950500488154
09471,2011,765.9,Bamberg,481.1603451538085,601.63073928833,702.6676007080077,-164.26926071166997,164.26926071166997,True,63.23239929199224
09162,2015,571.1,München,609.1788436889649,735.2319442749024,851.1218444824219,164.13194427490237,164.13194427490237,True,-38.07884368896487
07331,2000,737.2,Alzey-Worms,468.255708618164,573.4634207916259,677.5467700195312,-163.7365792083741,163.7365792083741,True,59.653229980468836
09471,2003,401.0,Bamberg,480.11272918701184,564.7106124114991,688.5124865722657,163.71061241149914,163.71061241149914,True,-79.11272918701184
09678,2017,860.0,Schweinfurt,556.9548590087891,696.9992964172363,805.480219116211,-163.00070358276366,163.00070358276366,True,54.51978088378905
07334,2021,863.7,Germersheim,540.4988259887696,700.9089135742188,815.2332696533203,-162.79108642578126,162.79108642578126,True,48.4667303466797
03359,2023,907.9,Stade,581.4779586791992,745.1329612731934,881.1857604980469,-162.76703872680662,162.76703872680662,True,26.714239501953102
09679,2003,510.0,Würzburg,588.5127291870118,672.7037549209596,796.9124865722657,162.70375492095957,162.70375492095957,True,-78.51272918701181
08119,2003,480.9,Rems-Murr-Kreis,564.8527291870117,643.5069759941101,773.2524865722656,162.60697599411014,162.60697599411014,True,-83.95272918701176
14522,2013,569.3,Mittelsachsen,597.4594458007813,731.8646238708496,825.1762274169922,162.5646238708497,162.5646238708497,True,-28.159445800781327
08126,2018,628.1,Hohenlohekreis,690.5291311645508,790.6639209890366,949.399912109375,162.56392098903655,162.56392098903655,True,-62.42913116455077
12063,2019,618.2,Havelland,643.0089505004883,780.1333554077148,910.5183117675781,161.93335540771477,161.93335540771477,True,-24.80895050048821
05170,2016,716.5,Wesel,729.3107931518555,878.3324644470215,976.3499395751953,161.8324644470215,161.8324644470215,True,-12.810793151855478
16065,2018,503.5,Kyffhäuserkreis,541.8318414306641,665.3089837646485,802.119912109375,161.80898376464847,161.80898376464847,True,-38.3318414306641
03357,2023,890.1,Rotenburg (Wümme),566.9179586791992,728.4064154052734,866.6257604980468,-161.69358459472664,161.69358459472664,True,23.474239501953207
01059,2014,892.7,Schleswig-Flensburg,597.8031549072265,731.0082635498046,828.1674584960937,-161.69173645019544,161.69173645019544,True,64.53254150390637
08226,2003,442.0,Rhein-Neckar-Kreis,523.0527291870118,603.571176109314,731.4524865722657,161.57117610931402,161.57117610931402,True,-81.05272918701178
03257,2023,983.1,Schaumburg,676.8379586791992,821.7312329864502,976.5457604980469,-161.3687670135498,161.3687670135498,True,6.554239501953134
03255,2018,659.7,Holzminden,690.2918414306641,820.7825087738038,950.5799121093751,161.08250877380374,161.08250877380374,True,-30.59184143066409
06437,2014,887.8,Odenwaldkreis,598.8631549072265,726.7746234130859,829.2274584960937,-161.02537658691404,161.02537658691404,True,58.57254150390622
09179,2014,865.0,Fürstenfeldbruck,568.7431549072265,704.0965637207031,799.1074584960937,-160.9034362792969,160.9034362792969,True,65.89254150390627
05754,2018,664.7,Gütersloh,706.4910290527343,825.5134842681884,962.439912109375,160.8134842681884,160.8134842681884,True,-41.7910290527343
09575,2003,505.9,Neustadt an der Aisch-Bad Windsheim,582.4327291870117,666.6206106567382,790.8324865722656,160.72061065673824,160.72061065673824,True,-76.53272918701168
03361,2018,629.3,Verden,657.9510290527344,789.6580297851563,913.899912109375,160.3580297851563,160.3580297851563,True,-28.65102905273443
09273,2015,701.6,Kelheim,747.8588436889647,861.758520965576,989.8018444824218,160.15852096557603,160.15852096557603,True,-46.2588436889647
13073,2014,832.5,Vorpommern-Rügen,538.4231549072266,672.4642849731446,768.7874584960938,-160.03571502685543,160.03571502685543,True,63.71254150390621
15091,2013,489.8,Wittenberg,503.1994458007813,649.7007656860352,730.9162274169922,159.9007656860352,159.9007656860352,True,-13.39944580078128
14524,2018,520.7,Zwickau,561.7510290527343,680.3715296173095,817.699912109375,159.6715296173095,159.6715296173095,True,-41.05102905273429
09171,2015,622.0,Altötting,633.2388436889648,781.6243760681152,875.1818444824219,159.62437606811523,159.62437606811523,True,-11.238843688964835
09179,2012,594.3,Fürstenfeldbruck,623.6871560668945,753.8474954223633,850.5492242431641,159.54749542236334,159.54749542236334,True,-29.38715606689459
01003,2014,873.6,Lübeck,580.5631549072265,714.1356417846679,810.9274584960937,-159.46435821533214,159.46435821533214,True,62.67254150390636
16070,2022,535.7,Ilm-Kreis,538.470559387207,695.1188290405273,815.5028698730468,159.41882904052727,159.41882904052727,True,-2.7705593872069585
13071,2018,565.6,Mecklenburgische Seenplatte,599.2177807617188,724.9515339660645,859.8399121093751,159.3515339660645,159.3515339660645,True,-33.61778076171879
16064,2018,514.4,Unstrut-Hainich-Kreis,552.0318414306641,673.3907147979737,812.3199121093751,158.99071479797374,158.99071479797374,True,-37.63184143066417
09571,2015,528.8,Ansbach,574.4588436889647,687.6523308563231,816.4018444824218,158.8523308563232,158.8523308563232,True,-45.658843688964794
13076,2023,802.1,Ludwigslust-Parchim,505.45795867919924,643.290136795044,795.7762188720703,-158.80986320495606,158.80986320495606,True,6.323781127929692
14626,2013,514.5,Görlitz,538.4594458007812,673.2398565673827,766.1762274169921,158.73985656738273,158.73985656738273,True,-23.959445800781168
16063,2019,772.8,Wartburgkreis,457.88895050048825,614.4158364868164,725.3983117675781,-158.38416351318358,158.38416351318358,True,47.40168823242186
09371,2001,531.2,Amberg-Sulzbach,552.1299383544922,689.3881857299805,763.8199102783203,158.18818572998043,158.18818572998043,True,-20.92993835449215
09565,2015,550.7,Schwabach,582.0388436889649,708.5980897521973,823.9818444824219,157.89808975219728,157.89808975219728,True,-31.338843688964857
07137,2020,599.6,Mayen-Koblenz,611.837200012207,757.460319366455,882.7892187499999,157.86031936645497,157.86031936645497,True,-12.237200012206927
09273,2013,714.2,Kelheim,738.1594458007814,872.0104475402834,965.8762274169924,157.81044754028335,157.81044754028335,True,-23.959445800781396
09471,2016,540.0,Bamberg,541.3307931518555,697.3636415100098,788.3699395751953,157.36364151000976,157.36364151000976,True,-1.3307931518554597
05362,2018,680.1,Rhein-Erft-Kreis,726.0710290527344,837.051517829895,982.019912109375,156.951517829895,156.951517829895,True,-45.971029052734366
08128,2003,454.4,Main-Tauber-Kreis,530.9527291870116,611.3242296791076,739.3524865722655,156.9242296791076,156.9242296791076,True,-76.55272918701166
09475,2013,424.1,Hof,452.49944580078113,580.9211987304686,680.2162274169921,156.8211987304686,156.8211987304686,True,-28.39944580078111
15090,2023,735.6,Stendal,441.19795867919925,579.030136795044,731.5162188720703,-156.56986320495605,156.56986320495605,True,4.083781127929683
07331,2022,619.9,Alzey-Worms,621.370559387207,776.171470336914,898.4028698730468,156.27147033691404,156.27147033691404,True,-1.470559387207004
07137,2000,726.7,Mayen-Koblenz,463.3357086181642,570.7744522094728,672.6267700195314,-155.92554779052728,155.92554779052728,True,54.07322998046868
09374,2016,801.0,Neustadt an der Waldnaab,512.9507931518555,645.357912902832,759.9899395751953,-155.64208709716797,155.64208709716797,True,41.01006042480469
05162,2018,693.9,Rhein-Kreis Neuss,735.5110290527343,849.5391967773437,991.459912109375,155.63919677734373,155.63919677734373,True,-41.61102905273435
03251,2019,626.6,Diepholz,642.7089505004883,782.1598095703125,910.2183117675781,155.5598095703125,155.5598095703125,True,-16.108950500488277
05774,2014,679.1,Paderborn,391.98315490722655,523.6503721618652,622.3474584960937,-155.4496278381348,155.4496278381348,True,56.752541503906286
16071,2019,586.5,Weimarer Land,604.2089505004884,741.7767681884767,871.7183117675783,155.2767681884767,155.2767681884767,True,-17.708950500488413
09183,2014,957.5,Mühldorf am Inn,662.8231549072266,802.4290394592285,893.1874584960938,-155.07096054077147,155.07096054077147,True,64.31254150390623
07334,2020,547.0,Germersheim,559.797200012207,701.9107158660888,830.74921875,154.91071586608882,154.91071586608882,True,-12.797200012206986
07137,2018,595.5,Mayen-Koblenz,651.8710290527345,749.8640266990662,907.8199121093751,154.36402669906624,154.36402669906624,True,-56.37102905273446
09181,2021,776.8,Landsberg am Lech,788.1788259887695,931.0299974822998,1062.9132696533202,154.22999748229984,154.22999748229984,True,-11.378825988769563
15091,2005,621.3,Wittenberg,354.2134802246093,467.37969993591304,572.4625952148438,-153.92030006408692,153.92030006408692,True,48.837404785156195
14729,2019,618.5,Leipzig,632.8289505004883,772.0963531494141,900.3383117675781,153.59635314941409,153.59635314941409,True,-14.328950500488304
06439,2000,690.8,Rheingau-Taunus-Kreis,434.57570861816413,537.3814813995361,643.8667700195313,-153.4185186004638,153.4185186004638,True,46.933229980468695
05754,2023,898.5,Gütersloh,602.4579586791991,745.3905377197265,885.4967999267577,-153.10946228027353,153.10946228027353,True,13.003200073242283
09277,2015,592.9,Rottal-Inn,596.7188436889649,745.8888609313965,838.6618444824219,152.98886093139652,152.98886093139652,True,-3.8188436889648756
14730,2019,555.5,Nordsachsen,569.1289505004883,708.1745933532715,836.6383117675781,152.67459335327146,152.67459335327146,True,-13.628950500488259
14628,2012,730.7,Sächsische Schweiz-Osterzgebirge,452.5871560668945,578.0369737243652,679.449224243164,-152.66302627563482,152.66302627563482,True,51.25077575683599
03358,2018,652.9,Heidekreis,672.8710290527345,805.5318490600587,928.8199121093751,152.6318490600587,152.6318490600587,True,-19.97102905273448
05382,2014,856.6,Rhein-Sieg-Kreis,575.0831549072266,704.1756231689453,805.4474584960938,-152.4243768310547,152.4243768310547,True,51.152541503906264
09562,2007,698.4,Erlangen,436.7737322998047,546.093653793335,656.0049182128906,-152.306346206665,152.306346206665,True,42.39508178710935
09477,2015,509.9,Kulmbach,532.2885769653319,662.1969670104979,770.8018444824218,152.29696701049795,152.29696701049795,True,-22.388576965331936
05766,2018,692.9,Lippe,725.6510290527343,845.0544466400146,981.5999121093749,152.1544466400146,152.1544466400146,True,-32.75102905273434
09772,2015,715.9,Augsburg,741.598843688965,867.925561065674,983.541844482422,152.02556106567397,152.02556106567397,True,-25.698843688964985
16069,2000,582.5,Hildburghausen,327.3757086181641,430.7645025634766,536.6667700195312,-151.73549743652342,151.73549743652342,True,45.833229980468786
13074,2014,807.4,Nordwestmecklenburg,520.6431549072265,655.8024108886718,751.0074584960937,-151.59758911132815,151.59758911132815,True,56.39254150390627
13071,2014,775.8,Mecklenburgische Seenplatte,490.2831549072266,624.215505065918,720.6474584960938,-151.58449493408193,151.58449493408193,True,55.15254150390615
09475,2000,735.9,Hof,477.0157086181641,584.3679234313965,686.3067700195313,-151.53207656860343,151.53207656860343,True,49.593229980468664
15089,2014,804.2,Salzlandkreis,512.9231549072265,652.7260990905761,743.2874584960937,-151.47390090942395,151.47390090942395,True,60.91254150390637
09573,2012,536.0,Fürth,537.3671560668946,687.266303100586,764.2292242431641,151.26630310058601,151.26630310058601,True,-1.3671560668946086
15081,2019,551.7,Altmarkkreis Salzwedel,565.1689505004882,702.6584143066406,832.6783117675781,150.95841430664052,150.95841430664052,True,-13.468950500488177
14628,2003,407.7,Sächsische Schweiz-Osterzgebirge,475.0127291870117,558.5548224639892,683.4124865722656,150.85482246398925,150.85482246398925,True,-67.31272918701171
16062,2009,671.3,Nordhausen,439.8356277465821,520.5423328399659,658.6059753417969,-150.7576671600341,150.7576671600341,True,12.694024658203034
16061,2009,735.3,Eichsfeld,481.655627746582,584.6348853302002,700.4259753417969,-150.66511466979978,150.66511466979978,True,34.8740246582031
15082,2016,558.6,Anhalt-Bitterfeld,561.5107931518554,709.2571348571777,808.5499395751953,150.65713485717765,150.65713485717765,True,-2.910793151855387
01058,2014,856.0,Rendsburg-Eckernförde,576.3231549072266,705.3464474487305,806.6874584960938,-150.6535525512695,150.6535525512695,True,49.31254150390623
08416,2009,716.0,Tübingen,448.8236807250977,565.5669496917725,673.2459753417969,-150.4330503082275,150.4330503082275,True,42.75402465820309
16071,2018,589.1,Weimarer Land,617.5710290527344,739.3889936065674,873.519912109375,150.28899360656737,150.28899360656737,True,-28.471029052734366
09675,2011,830.2,Kitzingen,559.8403451538086,680.2344529724121,781.3476007080078,-149.96554702758795,149.96554702758795,True,48.85239929199224
09775,2017,839.0,Neu-Ulm,562.0948590087891,689.051308517456,810.6202191162109,-149.94869148254395,149.94869148254395,True,28.379780883789067
09183,2007,851.6,Mühldorf am Inn,588.7737322998047,701.6632777404785,808.0049182128906,-149.9367222595215,149.9367222595215,True,43.59508178710939
03353,2018,657.7,Harburg,675.1110290527344,807.5903228759765,931.059912109375,149.8903228759765,149.8903228759765,True,-17.411029052734307
05570,2003,755.0,Warendorf,516.8327291870116,605.2652758026122,725.2324865722655,-149.73472419738778,149.73472419738778,True,29.767513427734457
16052,2018,625.9,Gera,652.0710290527344,775.334006652832,908.019912109375,149.43400665283207,149.43400665283207,True,-26.17102905273441
03356,2012,713.1,Osterholz,449.78715606689457,564.0880879974366,676.6492242431641,-149.01191200256346,149.01191200256346,True,36.450775756835924
09271,2013,728.0,Deggendorf,743.6394458007813,876.897368927002,971.3562274169923,148.89736892700205,148.89736892700205,True,-15.639445800781345
16067,2015,542.8,Gotha,567.6085769653321,690.9050209045411,806.1218444824219,148.1050209045411,148.1050209045411,True,-24.808576965332122
01051,2014,876.5,Dithmarschen,600.0031549072265,728.5553170776367,830.3674584960937,-147.9446829223633,147.9446829223633,True,46.13254150390628
09777,2013,626.0,Ostallgäu,637.8994458007812,772.9685795593261,865.6162274169922,146.96857955932614,146.96857955932614,True,-11.899445800781223
07335,2003,420.0,Kaiserslautern,482.8927291870117,566.9468091964721,691.2924865722656,146.94680919647215,146.94680919647215,True,-62.892729187011696
16052,2007,757.0,Gera,496.968914489746,610.1146321105956,716.3649182128905,-146.8853678894044,146.8853678894044,True,40.63508178710947
09575,2010,578.3,Neustadt an der Aisch-Bad Windsheim,617.181466064453,724.7161225891113,837.2823571777343,146.4161225891113,146.4161225891113,True,-38.88146606445309
09777,2011,629.8,Ostallgäu,660.3403451538086,776.200839767456,881.8476007080078,146.4008397674561,146.4008397674561,True,-30.54034515380863
05158,2002,404.8,Mettmann,445.8171762084961,551.0637200927735,657.3635400390625,146.26372009277344,146.26372009277344,True,-41.017176208496096
16077,2018,634.8,Altenburger Land,657.9510290527344,780.8481943511963,913.899912109375,146.04819435119634,146.04819435119634,True,-23.15102905273443
03454,2011,729.3,Emsland,465.66034515380863,583.3454933929444,687.1676007080079,-145.95450660705558,145.95450660705558,True,42.1323992919921
16061,2018,549.3,Eichsfeld,579.2193167114258,695.1160147094727,842.399912109375,145.8160147094727,145.8160147094727,True,-29.919316711425836
07337,2000,735.8,Südliche Weinstraße,485.4157086181641,590.12248046875,694.7067700195313,-145.6775195312499,145.6775195312499,True,41.093229980468664
06433,2001,473.4,Groß-Gerau,477.0639334106445,618.9276495361328,695.1199102783203,145.5276495361328,145.5276495361328,True,-3.6639334106445176
05366,2014,853.6,Euskirchen,584.2831549072265,708.2121481323242,814.6474584960937,-145.38785186767586,145.38785186767586,True,38.95254150390633
09674,2019,595.5,Haßberge,599.2489505004884,740.6505923461915,866.7583117675782,145.1505923461915,145.1505923461915,True,-3.7489505004883767
05124,2004,620.0,Wuppertal,343.5064498901367,474.88206787109374,585.5690643310547,-145.11793212890626,145.11793212890626,True,34.43093566894527
03454,2012,761.8,Emsland,504.42715606689444,616.7764392852782,731.289224243164,-145.02356071472173,145.02356071472173,True,30.510775756835983
09575,2011,862.9,Neustadt an der Aisch-Bad Windsheim,597.7203451538086,718.1144529724121,819.2276007080078,-144.78554702758788,144.78554702758788,True,43.67239929199218
09678,2019,574.4,Schweinfurt,577.7689505004884,719.1705923461915,845.2783117675782,144.7705923461915,144.7705923461915,True,-3.3689505004883813
16075,2018,548.8,Saale-Orla-Kreis,579.6310290527343,693.5510958862304,835.579912109375,144.75109588623047,144.75109588623047,True,-30.83102905273438
07334,2015,631.2,Germersheim,661.2285769653321,775.8160174560547,899.7418444824219,144.6160174560547,144.6160174560547,True,-30.028576965332036
09475,2015,458.9,Hof,470.2788436889648,603.4866989135742,712.2218444824218,144.5866989135742,144.5866989135742,True,-11.378843688964821
08135,2003,492.8,Heidenheim,557.8327291870116,637.2641685867309,766.2324865722655,144.46416858673086,144.46416858673086,True,-65.03272918701163
03456,2014,847.9,Grafschaft Bentheim,577.2431549072265,703.4678367614746,807.6074584960937,-144.4321632385254,144.4321632385254,True,40.29254150390625
05554,2020,769.4,Borken,482.73720001220704,625.2023622894287,753.68921875,-144.19763771057126,144.19763771057126,True,15.710781249999968
06440,2018,656.2,Wetteraukreis,696.2310290527344,800.2682481002807,952.179912109375,144.0682481002807,144.0682481002807,True,-40.03102905273431
09777,2015,632.2,Ostallgäu,650.8188436889648,776.104190673828,892.7618444824218,143.904190673828,143.904190673828,True,-18.618843688964716
09565,2003,452.7,Schwabach,512.2727291870117,596.603091506958,720.6724865722656,143.903091506958,143.903091506958,True,-59.5727291870117
06531,2018,642.9,Gießen,682.2110290527344,786.21009349823,938.159912109375,143.31009349823,143.31009349823,True,-39.3110290527344
09181,2015,633.6,Landsberg am Lech,650.2388436889648,776.8729570007324,892.1818444824219,143.2729570007324,143.2729570007324,True,-16.638843688964812
07333,2015,642.0,Donnersbergkreis,667.8388436889649,785.1770986175537,909.7818444824219,143.17709861755372,143.17709861755372,True,-25.838843688964857
06532,2014,873.3,Lahn-Dill-Kreis,604.5031549072266,730.2785722351075,834.8674584960938,-143.02142776489245,143.02142776489245,True,38.43254150390612
09675,2009,782.1,Kitzingen,528.094714050293,639.1858013916016,746.2859753417969,-142.91419860839846,142.91419860839846,True,35.81402465820315
09177,2001,560.2,Erding,562.2239334106446,703.009684753418,780.2799102783204,142.80968475341797,142.80968475341797,True,-2.0239334106445312
14524,2011,700.9,Zwickau,426.09705352783203,558.1630706787109,671.5876007080078,-142.73692932128904,142.73692932128904,True,29.312399291992165
15003,2020,521.6,Magdeburg,523.5172000122071,664.019689102173,794.4692187500001,142.41968910217292,142.41968910217292,True,-1.917200012207104
09185,2014,954.7,Neuburg-Schrobenhausen,671.0031549072266,812.3188287353516,901.3674584960938,-142.3811712646484,142.3811712646484,True,53.332541503906214
15088,2024,786.7,Saalekreis,466.0413735961914,644.8333505249024,750.2032769775391,-141.8666494750977,141.8666494750977,True,36.49672302246097
06634,2011,805.8,Schwalm-Eder-Kreis,549.8203451538086,664.0238973999024,771.3276007080078,-141.7761026000976,141.7761026000976,True,34.47239929199213
03256,2018,697.1,Nienburg (Weser),706.6910290527344,838.814888458252,962.639912109375,141.71488845825195,141.71488845825195,True,-9.59102905273437
14730,2014,854.9,Nordsachsen,570.1231549072265,713.4128773498535,800.4874584960937,-141.4871226501465,141.4871226501465,True,54.412541503906255
09472,2003,369.2,Bayreuth,425.23272918701167,510.5805332565307,633.6324865722656,141.38053325653073,141.38053325653073,True,-56.03272918701168
08215,2021,864.0,Karlsruhe,569.4188259887694,722.6518124389647,844.1532696533202,-141.34818756103527,141.34818756103527,True,19.846730346679806
14627,2013,632.4,Meißen,636.3194458007813,773.7341873168946,864.0362274169922,141.3341873168946,141.3341873168946,True,-3.919445800781318
09277,2013,592.9,Rottal-Inn,601.2594458007812,733.882790222168,828.9762274169922,140.98279022216798,140.98279022216798,True,-8.359445800781259
05362,2014,897.9,Rhein-Erft-Kreis,633.7031549072265,756.9280427551269,864.0674584960936,-140.97195724487312,140.97195724487312,True,33.83254150390633
09674,2011,748.4,Haßberge,487.00034515380855,607.47073928833,708.5076007080078,-140.92926071166994,140.92926071166994,True,39.892399291992206
05566,2003,420.8,Steinfurt,470.0127291870118,561.620908279419,678.4124865722657,140.82090827941903,140.82090827941903,True,-49.2127291870118
09571,2010,512.2,Ansbach,545.061466064453,653.0069769287109,765.1623571777343,140.8069769287108,140.8069769287108,True,-32.861466064453
15091,2021,672.1,Wittenberg,373.2988259887696,531.3073861694336,648.0332696533203,-140.79261383056644,140.79261383056644,True,24.06673034667972
03103,2024,914.5,Wolfsburg,596.0213735961914,773.7220457458496,889.7483404541016,-140.77795425415036,140.77795425415036,True,24.751659545898406
06631,2008,639.9,Fulda,380.3457485961914,499.2194515991211,597.5714794921876,-140.68054840087888,140.68054840087888,True,42.328520507812414
09477,2016,801.0,Kulmbach,512.1107931518554,660.571063079834,759.1499395751953,-140.42893692016605,140.42893692016605,True,41.850060424804724
05158,2001,453.6,Mettmann,459.0299383544922,594.0217977905273,670.7199102783203,140.4217977905273,140.4217977905273,True,-5.429938354492151
14524,2013,498.1,Zwickau,507.3994458007812,638.4979450988769,735.1162274169922,140.3979450988769,140.3979450988769,True,-9.2994458007812
06631,2009,675.2,Fulda,434.0156277465819,534.9147576141356,652.7859753417968,-140.28524238586442,140.28524238586442,True,22.41402465820329
05758,2018,785.3,Herford,804.3910290527343,925.4312664794921,1060.3399121093748,140.13126647949218,140.13126647949218,True,-19.09102905273437
16075,2009,702.7,Saale-Orla-Kreis,465.63776733398436,562.6836085510254,684.4259753417969,-140.01639144897467,140.01639144897467,True,18.27402465820319
16069,2003,364.3,Hildburghausen,418.07272918701176,503.79804618835453,626.4724865722657,139.49804618835452,139.49804618835452,True,-53.77272918701175
05334,2017,987.6,Städteregion Aachen,707.874859008789,848.1180574035644,956.4002191162109,-139.4819425964356,139.4819425964356,True,31.199780883789117
09371,2013,418.4,Amberg-Sulzbach,424.5594458007812,557.6787161254882,652.2762274169921,139.27871612548824,139.27871612548824,True,-6.159445800781214
09773,2017,967.2,Dillingen an der Donau,687.134859008789,828.3969477844238,935.6602191162109,-138.80305221557626,138.80305221557626,True,31.53978088378915
16065,2021,767.7,Kyffhäuserkreis,471.8188259887695,628.9867146301269,746.5532696533203,-138.71328536987312,138.71328536987312,True,21.14673034667976
09475,2003,478.9,Hof,531.7727291870117,617.5777218627929,740.1724865722656,138.67772186279296,138.67772186279296,True,-52.872729187011714
07133,2000,696.1,Bad Kreuznach,451.33570861816406,557.4394187927246,660.6267700195312,-138.6605812072754,138.6605812072754,True,35.47322998046877
12064,2006,392.1,Märkisch-Oderland,401.07327514648443,530.6903749084473,641.3053155517579,138.5903749084473,138.5903749084473,True,-8.973275146484411
08118,2015,672.7,Ludwigsburg,688.948576965332,810.9066839599609,927.4618444824218,138.20668395996086,138.20668395996086,True,-16.24857696533195
03354,2014,854.7,Lüchow-Dannenberg,581.5431549072266,716.9058181762696,811.9074584960938,-137.79418182373047,137.79418182373047,True,42.79254150390625
16052,2000,622.7,Gera,388.71570861816406,484.9256733703613,598.0067700195312,-137.77432662963872,137.77432662963872,True,24.6932299804688
09472,2010,697.7,Bayreuth,452.58146606445314,560.1362603759766,672.6823571777344,-137.56373962402347,137.56373962402347,True,25.017642822265657
09181,2017,897.7,Landsberg am Lech,632.7148590087891,760.3200607299805,881.2402191162109,-137.37993927001958,137.37993927001958,True,16.459780883789108
09188,2013,555.3,Starnberg,567.4394458007813,692.5554850769043,795.1562274169922,137.2554850769044,137.2554850769044,True,-12.139445800781345
16066,2013,525.2,Schmalkalden-Meiningen,529.7994458007813,662.3342472839356,757.5162274169923,137.13424728393557,137.13424728393557,True,-4.599445800781268
09188,2010,560.8,Starnberg,585.9014660644532,697.9333264160157,806.0023571777344,137.13332641601573,137.13332641601573,True,-25.101466064453234
08115,2003,481.8,Böblingen,538.3127291870117,618.8498299789428,746.7124865722656,137.0498299789428,137.0498299789428,True,-56.512729187011644
14627,2003,427.3,Meißen,477.3727291870117,564.090446357727,685.7724865722656,136.79044635772703,136.79044635772703,True,-50.0727291870117
05366,2000,646.4,Euskirchen,405.99570861816403,509.6463891601562,615.2867700195312,-136.75361083984376,136.75361083984376,True,31.11322998046876
16075,2016,786.2,Saale-Orla-Kreis,501.23079315185555,649.5384904479981,748.2699395751954,-136.66150955200192,136.66150955200192,True,37.93006042480465
14625,2003,382.5,Bautzen,437.6327291870117,519.1433693313598,646.0324865722656,136.64336933135985,136.64336933135985,True,-55.132729187011705
14729,2021,824.9,Leipzig,527.0988259887696,688.284838256836,801.8332696533204,-136.61516174316398,136.61516174316398,True,23.066730346679606
08128,2014,909.1,Main-Tauber-Kreis,633.9031549072265,772.4994302368164,864.2674584960937,-136.60056976318367,136.60056976318367,True,44.83254150390633
14730,2003,386.4,Nordsachsen,435.2127291870117,522.5404097747803,643.6124865722657,136.14040977478032,136.14040977478032,True,-48.81272918701171
09771,2014,973.7,Aichach-Friedberg,702.3831549072266,837.7365637207032,932.7474584960938,-135.96343627929684,135.96343627929684,True,40.95254150390622
05334,2018,722.3,Städteregion Aachen,750.6510290527343,857.9839052581787,1006.5999121093749,135.6839052581787,135.6839052581787,True,-28.35102905273436
14627,2014,908.3,Meißen,629.5031549072265,772.8590356445312,859.8674584960937,-135.44096435546874,135.44096435546874,True,48.432541503906236
08225,2003,465.0,Neckar-Odenwald-Kreis,521.3327291870116,600.4149311447143,729.7324865722655,135.41493114471427,135.41493114471427,True,-56.33272918701164
03351,2014,862.2,Celle,592.1031549072266,726.8746621704101,822.4674584960937,-135.3253378295899,135.3253378295899,True,39.732541503906305
09373,2008,462.6,Neumarkt in der Oberpfalz,473.62574859619133,597.5884217834472,690.8514794921874,134.98842178344717,134.98842178344717,True,-11.025748596191306
09189,2011,795.2,Traunstein,536.2970959472657,660.7656494903565,772.2676007080079,-134.43435050964354,134.43435050964354,True,22.93239929199217
09576,2003,452.7,Roth,502.2327291870117,586.6704151535034,710.6324865722656,133.97041515350344,133.97041515350344,True,-49.53272918701174
16064,2024,892.6,Unstrut-Hainich-Kreis,578.9413735961914,758.6362130737305,872.6683404541016,-133.96378692626956,133.96378692626956,True,19.93165954589847
09773,2013,694.4,Dillingen an der Donau,702.2794458007813,828.145752105713,929.9962274169923,133.745752105713,133.745752105713,True,-7.879445800781355
09679,2017,954.7,Würzburg,676.4348590087891,820.9944789123535,924.960219116211,-133.7055210876465,133.7055210876465,True,29.73978088378908
09472,2009,650.0,Bayreuth,410.756904296875,516.3785478401185,643.5859753417969,-133.62145215988153,133.62145215988153,True,6.414024658203061
03358,2014,847.7,Heidekreis,582.2031549072266,714.1002801513672,812.5674584960938,-133.59971984863284,133.59971984863284,True,35.13254150390628
14729,2014,868.3,Leipzig,591.5031549072265,734.7928773498535,821.8674584960937,-133.50712265014647,133.50712265014647,True,46.432541503906236
09372,2008,510.7,Cham,522.4457485961914,644.1599629211426,739.6714794921875,133.45996292114256,133.45996292114256,True,-11.74574859619139
12061,2003,334.6,Dahme-Spreewald,378.5527291870118,468.008959350586,586.9524865722657,133.40895935058597,133.40895935058597,True,-43.952729187011755
01059,2011,754.0,Schleswig-Flensburg,488.94775939941405,620.6904866790771,728.3476007080078,-133.30951332092286,133.30951332092286,True,25.652399291992197
01060,2014,820.7,Segeberg,554.0031549072266,687.575641784668,784.3674584960938,-133.124358215332,133.124358215332,True,36.332541503906214
15082,2003,347.1,Anhalt-Bitterfeld,393.1127291870117,480.1007195663452,601.5124865722656,133.0007195663452,133.0007195663452,True,-46.0127291870117
08126,2011,844.7,Hohenlohekreis,593.1593270874024,711.7326036071778,814.6476007080079,-132.96739639282225,132.96739639282225,True,30.052399291992174
16067,2018,568.7,Gotha,584.5118414306642,701.4302011871339,844.7999121093751,132.73020118713384,132.73020118713384,True,-15.811841430664117
09772,2014,973.2,Augsburg,699.0031549072265,840.561496887207,929.3674584960937,-132.63850311279305,132.63850311279305,True,43.83254150390633
16076,2003,453.5,Greiz,501.6527291870117,586.065779838562,710.0524865722656,132.56577983856198,132.56577983856198,True,-48.15272918701169
03251,2024,922.1,Diepholz,619.2613735961914,789.6127758789063,912.9883404541016,-132.48722412109373,132.48722412109373,True,9.11165954589842
08125,2003,513.7,Heilbronn,567.4527291870118,646.1069759941101,775.8524865722657,132.4069759941101,132.4069759941101,True,-53.75272918701171
06535,2011,753.6,Vogelsbergkreis,507.78034515380864,621.370618057251,729.2876007080079,-132.229381942749,132.229381942749,True,24.312399291992165
05154,2018,661.5,Kleve,676.2910290527345,793.6520367431642,932.2399121093752,132.15203674316422,132.15203674316422,True,-14.79102905273453
05382,2017,867.2,Rhein-Sieg-Kreis,592.7148590087891,735.265251159668,841.2402191162109,-131.93474884033208,131.93474884033208,True,25.959780883789108
13072,2014,747.9,Rostock,481.9431549072266,615.9842849731446,712.3074584960938,-131.91571502685542,131.91571502685542,True,35.592541503906205
09278,2003,585.8,Straubing-Bogen,636.7727291870117,717.5159762191772,845.1724865722656,131.71597621917726,131.71597621917726,True,-50.97272918701174
09572,2007,687.0,Erlangen-Höchstadt,446.93373229980466,555.8157990264892,666.1649182128906,-131.18420097351077,131.18420097351077,True,20.835081787109402
15084,2021,831.9,Burgenlandkreis,544.6788259887695,700.8438078308105,819.4132696533203,-131.05619216918944,131.05619216918944,True,12.486730346679678
06435,2018,650.2,Main-Kinzig-Kreis,681.7891311645508,781.1499589085579,940.659912109375,130.94995890855785,130.94995890855785,True,-31.589131164550736
09673,2015,567.7,Rhön-Grabfeld,579.1085769653321,698.5707962036133,817.6218444824219,130.87079620361328,130.87079620361328,True,-11.408576965332031
06439,2014,860.6,Rheingau-Taunus-Kreis,601.9231549072265,729.8558216857909,832.2874584960937,-130.74417831420908,130.74417831420908,True,28.312541503906345
06440,2003,476.1,Wetteraukreis,524.0727291870119,606.6576014328004,732.4724865722658,130.55760143280042,130.55760143280042,True,-47.97272918701185
03353,2014,849.7,Harburg,587.2631549072265,719.1602801513671,817.6274584960937,-130.5397198486329,130.5397198486329,True,32.072541503906336
09677,2003,495.1,Main-Spessart,541.1327291870117,625.0627600097656,749.5324865722656,129.9627600097656,129.9627600097656,True,-46.03272918701168
05766,2014,928.3,Lippe,666.4031549072265,798.4618630981445,896.7674584960937,-129.83813690185548,129.83813690185548,True,31.53254150390626
15090,2011,653.3,Stendal,406.22034515380864,523.5446287536622,627.7276007080079,-129.75537124633775,129.75537124633775,True,25.572399291992042
03355,2014,840.8,Lüneburg,576.5231549072265,711.2946621704101,806.8874584960937,-129.50533782958985,129.50533782958985,True,33.912541503906255
01061,2014,764.3,Steinburg,505.8231549072266,634.8464474487305,736.1874584960938,-129.45355255126947,129.45355255126947,True,28.112541503906186
09472,2013,575.5,Bayreuth,576.1794458007813,704.7006059265137,803.8962274169922,129.20060592651373,129.20060592651373,True,-0.6794458007813091
05758,2015,1020.2,Herford,762.748576965332,891.1636579895019,1001.2618444824218,-129.03634201049817,129.03634201049817,True,18.938155517578252
09571,2021,832.5,Ansbach,549.9988259887696,703.6075677490235,824.7332696533203,-128.89243225097653,128.89243225097653,True,7.766730346679651
12069,2006,371.0,Potsdam-Mittelmark,376.7206323242188,499.6333348846436,601.5053155517578,128.6333348846436,128.6333348846436,True,-5.720632324218798
09779,2013,700.2,Donau-Ries,702.1994458007812,828.7964993286132,929.9162274169921,128.59649932861316,128.59649932861316,True,-1.9994458007811318
06532,2000,657.9,Lahn-Dill-Kreis,426.35570861816404,529.4076190185547,635.6467700195312,-128.4923809814453,128.4923809814453,True,22.253229980468745
12064,2008,404.3,Märkisch-Oderland,411.6657485961914,532.7065315246582,628.8914794921875,128.4065315246582,128.4065315246582,True,-7.365748596191395
05762,2017,982.4,Höxter,711.474859008789,854.0698831176758,960.0002191162109,-128.3301168823242,128.3301168823242,True,22.39978088378905
09478,2003,481.0,Lichtenfels,523.9127291870117,609.2605332565307,732.3124865722656,128.26053325653072,128.26053325653072,True,-42.91272918701168
15003,2010,477.2,Magdeburg,490.9814660644531,605.4077947235107,711.0823571777344,128.20779472351074,128.20779472351074,True,-13.781466064453127
12064,2009,628.9,Märkisch-Oderland,403.65776733398445,500.74532035827644,622.445975341797,-128.15467964172353,128.15467964172353,True,6.454024658203025
09477,2000,674.0,Kulmbach,442.7957086181641,545.938364944458,652.0867700195313,-128.06163505554196,128.06163505554196,True,21.913229980468714
05170,2011,815.1,Wesel,572.5403451538086,687.3782491302491,794.0476007080078,-127.72175086975096,127.72175086975096,True,21.052399291992174
05758,2014,979.6,Herford,719.5631549072266,852.0729205322266,949.9274584960938,-127.52707946777343,127.52707946777343,True,29.672541503906245
06431,2014,866.5,Bergstraße,611.7431549072264,739.2631324768065,842.1074584960936,-127.2368675231935,127.2368675231935,True,24.392541503906386
12062,2007,640.3,Elbe-Elster,402.87373229980466,513.182631225586,622.1049182128907,-127.11736877441399,127.11736877441399,True,18.195081787109302
08215,2003,446.0,Karlsruhe,492.5127291870116,573.0311761093138,700.9124865722655,127.03117610931383,127.03117610931383,True,-46.51272918701159
06535,2018,632.8,Vogelsbergkreis,642.5582064819336,759.7994775009155,913.079912109375,126.99947750091553,126.99947750091553,True,-9.758206481933598
16052,2014,867.9,Gera,598.2831549072266,740.9970373535157,828.6474584960938,-126.9029626464843,126.9029626464843,True,39.25254150390617
06436,2003,509.4,Main-Taunus-Kreis,558.0727291870118,636.1881519126892,766.4724865722657,126.78815191268927,126.78815191268927,True,-48.67272918701178
03460,2011,729.4,Vechta,483.4203451538085,602.690860595703,704.9276007080077,-126.70913940429693,126.70913940429693,True,24.472399291992247
06434,2021,923.8,Hochtaunuskreis,645.8788259887694,797.2192686462402,920.6132696533202,-126.5807313537598,126.5807313537598,True,3.186730346679724
16055,2000,612.0,Weimar,383.53570861816405,485.505700302124,592.8267700195313,-126.49429969787599,126.49429969787599,True,19.173229980468705
07137,2017,865.1,Mayen-Koblenz,601.3148590087891,738.8058486938477,849.840219116211,-126.29415130615234,126.29415130615234,True,15.259780883789062
09675,2014,913.5,Kitzingen,646.4631549072266,787.4681979370117,876.8274584960938,-126.03180206298828,126.03180206298828,True,36.672541503906245
09774,2011,873.7,Günzburg,632.1403451538085,747.7523313140869,853.6476007080078,-125.94766868591319,125.94766868591319,True,20.052399291992288
12063,2009,584.4,Havelland,362.1177673339844,458.6928176879883,580.9059753417969,-125.7071823120117,125.7071823120117,True,3.4940246582031023
12063,2011,623.8,Havelland,370.82796874999997,498.4112798309326,605.7476007080078,-125.38872016906737,125.38872016906737,True,18.052399291992174
05166,2018,712.8,Viersen,721.5310290527344,838.1211207580567,977.479912109375,125.32112075805674,125.32112075805674,True,-8.73102905273447
06632,2008,696.2,Hersfeld-Rotenburg,452.0857485961915,570.9594515991212,669.3114794921876,-125.24054840087888,125.24054840087888,True,26.888520507812473
09575,2014,920.5,Neustadt an der Aisch-Bad Windsheim,654.6431549072265,795.6481979370117,885.0074584960937,-124.85180206298833,124.85180206298833,True,35.492541503906295
16070,2024,833.2,Ilm-Kreis,529.7213735961914,708.4345083618164,823.4483404541015,-124.76549163818368,124.76549163818368,True,9.75165954589852
05358,2014,903.9,Düren,655.5631549072266,779.1795375061035,885.9274584960938,-124.72046249389643,124.72046249389643,True,17.9725415039062
15082,2007,613.6,Anhalt-Bitterfeld,377.1689144897461,489.38105743408204,596.5649182128907,-124.21894256591798,124.21894256591798,True,17.035081787109334
15086,2003,356.6,Jerichower Land,393.5327291870118,480.7817116165162,601.9324865722657,124.18171161651617,124.18171161651617,True,-36.93272918701177
09188,2015,560.9,Starnberg,563.2188436889649,685.073288192749,805.1618444824219,124.17328819274906,124.17328819274906,True,-2.3188436889648756
07333,2014,883.6,Donnersbergkreis,636.1231549072266,759.4930546569825,866.4874584960938,-124.10694534301751,124.10694534301751,True,17.112541503906186
05162,2014,880.2,Rhein-Kreis Neuss,633.2631549072265,756.1657046508789,863.6274584960937,-124.03429534912118,124.03429534912118,True,16.572541503906336
03460,2014,846.1,Vechta,590.4031549072266,722.3002801513672,820.7674584960938,-123.79971984863278,123.79971984863278,True,25.332541503906214
03357,2014,844.7,Rotenburg (Wümme),589.1031549072266,721.0002801513672,819.4674584960937,-123.69971984863287,123.69971984863287,True,25.232541503906305
14730,2007,660.8,Nordsachsen,425.45728546142584,537.1764054870606,643.4449182128907,-123.62359451293935,123.62359451293935,True,17.35508178710927
03359,2014,840.2,Stade,587.5831549072266,716.6064474487305,817.9474584960938,-123.59355255126957,123.59355255126957,True,22.252541503906286
16070,2003,389.2,Ilm-Kreis,425.4927291870117,512.667857170105,633.8924865722656,123.46785717010499,123.46785717010499,True,-36.29272918701173
09479,2005,641.8,Wunsiedel im Fichtelgebirge,371.5419897460937,518.5619673156738,624.1625952148437,-123.23803268432619,123.23803268432619,True,17.637404785156264
06433,2014,865.8,Groß-Gerau,615.3431549072266,742.8449554443359,845.7074584960938,-122.95504455566402,122.95504455566402,True,20.092541503906205
16074,2011,745.2,Saale-Holzland-Kreis,505.7203451538086,622.253052368164,727.2276007080078,-122.946947631836,122.946947631836,True,17.972399291992247
09678,2000,704.5,Schweinfurt,478.1757086181641,581.5645025634766,687.4667700195313,-122.9354974365234,122.9354974365234,True,17.033229980468718
09277,2003,503.3,Rottal-Inn,547.2327291870117,626.1574308776856,755.6324865722656,122.85743087768554,122.85743087768554,True,-43.93272918701172
06432,2014,866.5,Darmstadt-Dieburg,615.4831549072267,743.6987882995606,845.8474584960939,-122.80121170043935,122.80121170043935,True,20.65254150390615
05166,2011,820.0,Viersen,581.2203451538086,697.6043306732178,802.7276007080078,-122.39566932678224,122.39566932678224,True,17.2723992919922
05754,2011,746.1,Gütersloh,504.2003451538086,623.8789416503906,725.7076007080078,-122.2210583496094,122.2210583496094,True,20.392399291992206
07340,2000,650.0,Südwestpfalz,422.375708618164,527.7809019470214,631.6667700195312,-122.21909805297855,122.21909805297855,True,18.333229980468786
05978,2011,861.4,Unna,620.6003451538086,739.3601184082031,842.1076007080078,-122.03988159179687,122.03988159179687,True,19.292399291992183
08316,2003,515.4,Emmendingen,549.5927291870117,637.3559471130371,757.9924865722656,121.95594711303715,121.95594711303715,True,-34.192729187011764
05978,2010,823.2,Unna,586.201466064453,701.2542977142333,806.3023571777343,-121.94570228576674,121.94570228576674,True,16.897642822265766
08126,2017,915.5,Hohenlohekreis,651.0748590087891,793.6600564575195,899.600219116211,-121.83994354248046,121.83994354248046,True,15.899780883789049
09279,2014,934.4,Dingolfing-Landau,668.9631549072267,812.7590838623048,899.3274584960939,-121.64091613769517,121.64091613769517,True,35.07254150390611
09676,2017,893.4,Miltenberg,626.974859008789,771.7738664245605,875.5002191162109,-121.62613357543944,121.62613357543944,True,17.89978088378905
09161,2003,569.1,Ingolstadt,611.2927291870117,690.6271627426147,819.6924865722656,121.52716274261468,121.52716274261468,True,-42.19272918701165
09572,2003,433.4,Erlangen-Höchstadt,470.71272918701175,554.822258682251,679.1124865722657,121.42225868225103,121.42225868225103,True,-37.31272918701177
06535,2009,674.0,Vogelsbergkreis,445.1756277465821,552.6098986053468,663.945975341797,-121.39010139465324,121.39010139465324,True,10.054024658203048
09472,2008,618.8,Bayreuth,376.42574859619145,497.44110656738286,593.6514794921875,-121.3588934326171,121.3588934326171,True,25.148520507812464
03360,2014,842.4,Uelzen,586.4231549072265,721.1946621704101,816.7874584960937,-121.2053378295899,121.2053378295899,True,25.6125415039063
06431,2008,697.6,Bergstraße,455.6857485961914,576.6368479919433,672.9114794921875,-120.96315200805668,120.96315200805668,True,24.68852050781254
09279,2003,574.1,Dingolfing-Landau,615.2727291870117,694.8395712661743,823.6724865722656,120.73957126617427,120.73957126617427,True,-41.17272918701167
05762,2011,788.8,Höxter,551.2403451538087,668.0910989379884,772.7476007080079,-120.70890106201159,120.70890106201159,True,16.05239929199206
15001,2003,362.1,Dessau-Roßlau,395.65272918701174,482.64071956634524,604.0524865722657,120.54071956634522,120.54071956634522,True,-33.55272918701172
05758,2011,861.4,Herford,621.5003451538086,741.1789416503906,843.0076007080078,-120.2210583496094,120.2210583496094,True,18.392399291992206
08215,2014,861.2,Karlsruhe,601.2631549072264,741.185899658203,831.6274584960936,-120.01410034179708,120.01410034179708,True,29.57254150390645
06434,2017,921.1,Hochtaunuskreis,659.9148590087891,801.1419250488282,908.440219116211,-119.95807495117185,119.95807495117185,True,12.65978088378904
06440,2021,930.0,Wetteraukreis,653.2388259887696,810.5676109313965,927.9732696533204,-119.43238906860347,119.43238906860347,True,2.026730346679642
08126,2014,909.2,Hohenlohekreis,649.2031549072266,789.7971032714844,879.5674584960938,-119.40289672851566,119.40289672851566,True,29.632541503906282
06531,2017,910.6,Gießen,648.8948590087891,791.4298626708985,897.420219116211,-119.17013732910152,119.17013732910152,True,13.179780883789022
09263,2014,999.8,Straubing,737.0631549072266,880.8590838623047,967.4274584960938,-118.94091613769524,118.94091613769524,True,32.37254150390618
09676,2015,641.5,Miltenberg,642.408576965332,760.3482456207275,880.9218444824219,118.84824562072754,118.84824562072754,True,-0.9085769653320312
14524,2003,419.5,Zwickau,453.93272918701166,538.345779838562,662.3324865722656,118.84577983856195,118.84577983856195,True,-34.43272918701166
09377,2016,801.0,Tirschenreuth,528.0307931518555,682.3379067993164,775.0699395751953,-118.66209320068356,118.66209320068356,True,25.93006042480465
15082,2014,767.1,Anhalt-Bitterfeld,512.7631549072265,648.5380953979492,743.1274584960937,-118.56190460205084,118.56190460205084,True,23.972541503906314
03453,2014,849.6,Cloppenburg,603.5631549072266,731.8011157226563,833.9274584960938,-117.79888427734375,117.79888427734375,True,15.672541503906245
07338,2014,914.1,Rhein-Pfalz-Kreis,657.1031549072266,796.3120706176758,887.4674584960937,-117.78792938232425,117.78792938232425,True,26.632541503906282
09371,2003,498.0,Amberg-Sulzbach,530.3527291870117,615.7129119491577,738.7524865722656,117.71291194915773,117.71291194915773,True,-32.35272918701173
06435,2000,690.8,Main-Kinzig-Kreis,470.0757086181641,573.1276190185547,679.3667700195313,-117.67238098144526,117.67238098144526,True,11.433229980468695
09373,2016,801.0,Neumarkt in der Oberpfalz,532.3455877685547,683.5924024963379,781.6499395751953,-117.40759750366215,117.40759750366215,True,19.350060424804724
06633,2011,777.4,Kassel,544.9403451538085,659.9939225769042,766.4476007080077,-117.40607742309578,117.40607742309578,True,10.952399291992265
03459,2011,783.5,Osnabrück,546.4603451538087,666.1389416503907,767.9676007080079,-117.36105834960927,117.36105834960927,True,15.532399291992078
09573,2010,696.1,Fürth,470.9014660644532,578.846976928711,691.0023571777344,-117.25302307128902,117.25302307128902,True,5.097642822265584
09564,2003,437.6,Nürnberg,469.83272918701164,554.7587688827514,678.2324865722655,117.15876888275136,117.15876888275136,True,-32.232729187011614
15003,2007,644.1,Magdeburg,414.268914489746,527.0682270812988,633.6649182128906,-117.03177291870122,117.03177291870122,True,10.435081787109425
09176,2000,760.2,Eichstätt,538.735708618164,643.1992839813232,748.0267700195312,-117.00071601867683,117.00071601867683,True,12.173229980468818
15091,2007,592.9,Wittenberg,365.3372854614257,476.141057434082,583.3249182128906,-116.758942565918,116.758942565918,True,9.575081787109411
15090,2003,369.6,Stendal,397.77272918701175,486.2925780105591,606.1724865722656,116.69257801055909,116.69257801055909,True,-28.172729187011726
09263,2000,808.6,Straubing,582.915708618164,691.931593017578,792.2067700195312,-116.66840698242197,116.66840698242197,True,16.393229980468845
06411,2014,841.8,Darmstadt,596.9831549072265,725.1987882995605,827.3474584960937,-116.60121170043942,116.60121170043942,True,14.452541503906218
13071,2012,657.2,Mecklenburgische Seenplatte,416.7409048461915,540.9512186431886,650.2292242431641,-116.24878135681149,116.24878135681149,True,6.970775756835906
06435,2004,759.5,Main-Kinzig-Kreis,529.6927612304687,643.3215320587158,747.6690643310546,-116.17846794128423,116.17846794128423,True,11.830935668945358
06433,2011,767.4,Groß-Gerau,535.3003451538086,651.2679164123535,756.8076007080078,-116.13208358764643,116.13208358764643,True,10.592399291992137
09772,2011,864.8,Augsburg,632.5403451538086,748.7367868041993,854.0476007080078,-116.0632131958007,116.0632131958007,True,10.752399291992106
06440,2014,890.5,Wetteraukreis,646.1631549072265,774.6934550476074,876.5274584960937,-115.80654495239264,115.80654495239264,True,13.972541503906314
05962,2005,665.0,Märkischer Kreis,410.57276153564453,549.2769603729248,662.2225952148438,-115.7230396270752,115.7230396270752,True,2.77740478515625
06631,2000,605.8,Fulda,387.23570861816404,490.1224292755127,596.5267700195312,-115.67757072448728,115.67757072448728,True,9.273229980468727
16071,2011,776.9,Weimarer Land,544.2803451538086,661.4263317108155,765.7876007080079,-115.4736682891845,115.4736682891845,True,11.11239929199212
16070,2010,460.8,Ilm-Kreis,461.46146606445313,576.2406618499756,681.5623571777344,115.44066184997558,115.44066184997558,True,-0.6614660644531227
12063,2004,551.0,Havelland,327.9927612304688,435.68586311340334,545.9690643310547,-115.31413688659666,115.31413688659666,True,5.03093566894529
06533,2014,850.5,Limburg-Weilburg,608.1831549072266,735.369411315918,838.5474584960938,-115.130588684082,115.130588684082,True,11.952541503906218
12062,2014,775.8,Elbe-Elster,525.1631549072266,660.7025035095215,755.5274584960938,-115.09749649047842,115.09749649047842,True,20.272541503906155
03458,2011,724.2,Oldenburg,489.8403451538086,609.1108605957031,711.3476007080078,-115.08913940429693,115.08913940429693,True,12.852399291992242
06414,2000,690.8,Wiesbaden,473.23570861816404,576.0414813995361,682.5267700195312,-114.75851860046384,114.75851860046384,True,8.273229980468727
06434,2014,871.8,Hochtaunuskreis,628.9031549072266,757.1292901611329,859.2674584960938,-114.67070983886708,114.67070983886708,True,12.532541503906145
06411,2000,636.6,Darmstadt,416.75570861816414,521.963420791626,626.0467700195313,-114.63657920837397,114.63657920837397,True,10.5532299804687
03103,2014,816.1,Wolfsburg,560.1431549072265,701.4933097839355,790.5074584960937,-114.60669021606452,114.60669021606452,True,25.592541503906318
06534,2011,785.0,Marburg-Biedenkopf,556.7003451538086,670.6142588806152,778.2076007080078,-114.38574111938476,114.38574111938476,True,6.792399291992183
07334,2000,710.6,Germersheim,487.7957086181641,596.293797454834,697.0867700195313,-114.306202545166,114.306202545166,True,13.513229980468736
09186,2014,938.3,Pfaffenhofen an der Ilm,682.7431549072265,824.0588287353515,913.1074584960937,-114.24117126464841,114.24117126464841,True,25.192541503906227
09277,2017,804.6,Rottal-Inn,554.7948590087891,690.4083195495606,803.320219116211,-114.19168045043943,114.19168045043943,True,1.2797808837890443
08226,2014,890.2,Rhein-Neckar-Kreis,636.4431549072266,776.0617347717285,866.8074584960938,-114.13826522827151,114.13826522827151,True,23.392541503906273
07338,2000,702.7,Rhein-Pfalz-Kreis,484.09570861816405,588.6049993133545,693.3867700195312,-114.09500068664556,114.09500068664556,True,9.313229980468805
14524,2007,658.3,Zwickau,431.80891448974603,544.2139208984374,651.2049182128906,-114.08607910156252,114.08607910156252,True,7.095081787109393
06433,2000,665.3,Groß-Gerau,446.0157086181641,551.223420791626,655.3067700195313,-114.07657920837391,114.07657920837391,True,9.99322998046864
16074,2014,813.9,Saale-Holzland-Kreis,559.8231549072266,700.1129383850098,790.1874584960938,-113.7870616149902,113.7870616149902,True,23.71254150390621
09273,2017,968.5,Kelheim,717.494859008789,854.7148220825195,966.0202191162109,-113.7851779174805,113.7851779174805,True,2.47978088378909
16068,2024,777.3,Sömmerda,484.9613735961914,663.7533505249023,769.123276977539,-113.54664947509764,113.54664947509764,True,8.17672302246092
09278,2014,982.9,Straubing-Bogen,725.8831549072265,869.6790838623047,956.2474584960937,-113.22091613769533,113.22091613769533,True,26.652541503906264
06414,2011,785.1,Wiesbaden,557.2403451538086,672.1230908966064,778.7476007080078,-112.97690910339361,112.97690910339361,True,6.352399291992242
03361,2011,761.3,Verden,529.8803451538085,648.6401184082031,751.3876007080078,-112.65988159179688,112.65988159179688,True,9.912399291992188
01053,2014,801.9,Herzogtum Lauenburg,556.0431549072266,689.615641784668,786.4074584960938,-112.28435821533196,112.28435821533196,True,15.492541503906182
03454,2014,847.4,Emsland,603.5431549072266,735.1241333007813,833.9074584960938,-112.27586669921868,112.27586669921868,True,13.492541503906182
03352,2012,713.1,Cuxhaven,483.16715606689445,600.9859770202636,710.029224243164,-112.11402297973643,112.11402297973643,True,3.070775756836042
06636,2014,844.0,Werra-Meißner-Kreis,593.4431549072266,732.2618690490723,823.8074584960938,-111.73813095092771,111.73813095092771,True,20.192541503906227
06432,2003,502.3,Darmstadt-Dieburg,535.8927291870117,614.0081519126892,744.2924865722656,111.70815191268917,111.70815191268917,True,-33.592729187011685
05162,2017,937.4,Rhein-Kreis Neuss,685.4948590087891,825.7801296997071,934.020219116211,-111.61987030029286,111.61987030029286,True,3.3797808837889534
15085,2014,778.7,Harz,526.6431549072265,667.0927551269531,757.0074584960937,-111.60724487304697,111.60724487304697,True,21.69254150390634
09273,2011,903.1,Kelheim,671.4003451538086,791.5255892944336,892.9076007080079,-111.57441070556638,111.57441070556638,True,10.19239929199216
14729,2011,771.4,Leipzig,544.5003451538086,660.0979594421386,766.0076007080078,-111.30204055786135,111.30204055786135,True,5.392399291992206
05762,2014,900.6,Höxter,649.8431549072266,789.3465614318848,880.2074584960938,-111.25343856811526,111.25343856811526,True,20.392541503906273
15001,2002,388.1,Dessau-Roßlau,402.717176208496,499.3434293365478,614.2635400390625,111.24342933654776,111.24342933654776,True,-14.617176208496005
03151,2014,846.9,Gifhorn,601.1831549072265,735.9546621704101,831.5474584960937,-110.9453378295899,110.9453378295899,True,15.35254150390631
07339,2016,867.4,Mainz-Bingen,609.6107931518554,756.6237364196777,856.6499395751953,-110.77626358032228,110.77626358032228,True,10.750060424804701
09574,2003,438.3,Nürnberger Land,463.4927291870117,548.8529119491577,671.8924865722656,110.5529119491577,110.5529119491577,True,-25.192729187011707
09761,2011,866.1,Augsburg,640.0003451538087,755.612331314087,861.5076007080079,-110.48766868591304,110.48766868591304,True,4.5923992919921375
06631,2010,675.2,Fulda,450.34146606445313,565.1223517608643,670.4423571777344,-110.07764823913578,110.07764823913578,True,4.757642822265666
03361,2014,844.0,Verden,602.1231549072265,734.0202801513672,832.4874584960937,-109.97971984863284,109.97971984863284,True,11.512541503906277
15082,2011,688.8,Anhalt-Bitterfeld,453.7079687500001,579.0626573944093,688.6276007080079,-109.7373426055907,109.7373426055907,True,0.17239929199206472
05166,2017,946.2,Viersen,695.5748590087891,836.4913667297363,944.100219116211,-109.7086332702637,109.7086332702637,True,2.0997808837890943
06534,2000,690.8,Marburg-Biedenkopf,476.97570861816405,581.3626524353027,686.2667700195312,-109.43734756469723,109.43734756469723,True,4.533229980468718
09183,2011,867.8,Mühldorf am Inn,640.0203451538085,758.4442037963867,861.5276007080078,-109.3557962036133,109.3557962036133,True,6.272399291992201
09177,2014,925.6,Erding,676.6431549072265,816.2490394592285,907.0074584960937,-109.35096054077155,109.35096054077155,True,18.592541503906318
08119,2011,824.3,Rems-Murr-Kreis,595.3403451538086,714.9712197875976,816.8476007080078,-109.32878021240231,109.32878021240231,True,7.452399291992151
14522,2014,835.2,Mittelsachsen,582.7031549072265,726.0590356445311,813.0674584960936,-109.1409643554689,109.1409643554689,True,22.132541503906396
03256,2014,854.9,Nienburg (Weser),613.8631549072265,745.7602801513672,844.2274584960937,-109.13971984863281,109.13971984863281,True,10.672541503906245
09472,2011,729.3,Bayreuth,500.52034515380853,620.4479231262206,722.0276007080078,-108.85207687377931,108.85207687377931,True,7.272399291992201
15084,2024,862.8,Burgenlandkreis,575.1213735961913,754.0762380981445,859.283276977539,-108.72376190185548,108.72376190185548,True,3.516723022460951
09679,2011,862.6,Würzburg,636.3603451538086,753.9239609527588,857.8676007080078,-108.67603904724126,108.67603904724126,True,4.7323992919922375
06438,2014,841.8,Offenbach,604.7431549072265,733.2734550476074,835.1074584960937,-108.52654495239256,108.52654495239256,True,6.692541503906227
06431,2003,484.1,Bergstraße,514.4727291870117,592.5881519126892,722.8724865722656,108.4881519126892,108.4881519126892,True,-30.372729187011714
06633,2000,635.5,Kassel,425.15570861816406,527.7055457305908,634.4467700195312,-107.79445426940924,107.79445426940924,True,1.0532299804688137
06635,2014,846.9,Waldeck-Frankenberg,610.4831549072265,739.3979612731933,840.8474584960937,-107.50203872680663,107.50203872680663,True,6.052541503906241
08315,2003,509.1,Breisgau-Hochschwarzwald,528.4727291870117,616.254600982666,736.8724865722656,107.15460098266601,107.15460098266601,True,-19.372729187011714
12063,2003,347.9,Havelland,366.25272918701177,454.9548432922364,574.6524865722656,107.0548432922364,107.0548432922364,True,-18.35272918701179
06436,2011,769.9,Main-Taunus-Kreis,546.9803451538086,662.881912612915,768.4876007080078,-107.01808738708496,107.01808738708496,True,1.4123992919921875
08111,2017,840.9,Stuttgart,573.974859008789,733.8961923217773,822.5002191162109,-107.00380767822264,107.00380767822264,True,18.39978088378905
09562,2011,774.8,Erlangen,547.1603451538086,667.9680577087403,768.6676007080079,-106.83194229125968,106.83194229125968,True,6.132399291992101
01062,2011,720.2,Stormarn,498.02034515380853,613.4146704101562,719.5276007080078,-106.78532958984385,106.78532958984385,True,0.6723992919922921
08226,2011,782.1,Rhein-Neckar-Kreis,559.9003451538086,676.402483291626,781.4076007080079,-105.697516708374,105.697516708374,True,0.6923992919921602
09375,2003,606.5,Regensburg,627.1527291870118,711.7155028915406,835.5524865722657,105.21550289154061,105.21550289154061,True,-20.6527291870118
07338,2003,511.8,Rhein-Pfalz-Kreis,536.1727291870117,616.6911761093139,744.5724865722656,104.8911761093139,104.8911761093139,True,-24.372729187011657
15081,2011,672.4,Altmarkkreis Salzwedel,450.40034515380853,567.724628753662,671.9076007080077,-104.67537124633793,104.67537124633793,True,0.4923992919922284
09263,2003,633.2,Straubing,658.2327291870117,737.7995712661743,866.6324865722656,104.59957126617428,104.59957126617428,True,-25.032729187011682
03458,2014,835.5,Oldenburg,599.1631549072266,731.0602801513672,829.5274584960938,-104.43971984863276,104.43971984863276,True,5.9725415039062
09678,2011,780.4,Schweinfurt,555.7803451538086,676.2507392883301,777.2876007080079,-104.14926071166985,104.14926071166985,True,3.1123992919921193
09476,2004,628.8,Kronach,374.0602481079101,524.9957530212403,615.0890643310547,-103.80424697875969,103.80424697875969,True,13.71093566894524
16061,2002,375.1,Eichsfeld,378.2771762084961,478.70533210754394,589.8235400390624,103.60533210754392,103.60533210754392,True,-3.177176208496064
07137,2003,491.2,Mayen-Koblenz,515.2327291870117,594.3804690742493,723.6324865722656,103.18046907424929,103.18046907424929,True,-24.03272918701174
15083,2014,789.4,Börde,546.7631549072266,686.5660990905762,777.1274584960938,-102.83390090942373,102.83390090942373,True,12.272541503906155
09562,2003,435.0,Erlangen,453.67272918701167,537.6749359893798,662.0724865722656,102.67493598937983,102.67493598937983,True,-18.67272918701167
08118,2011,841.9,Ludwigsburg,619.6203451538086,739.2512197875976,841.1276007080078,-102.64878021240236,102.64878021240236,True,0.7723992919922011
09577,2018,636.6,Weißenburg-Gunzenhausen,639.4691311645507,739.1432644057273,898.339912109375,102.54326440572731,102.54326440572731,True,-2.8691311645507085
09278,2000,776.9,Straubing-Bogen,565.4357086181641,674.4515930175781,774.7267700195313,-102.44840698242183,102.44840698242183,True,2.1732299804687045
03158,2014,823.2,Wolfenbüttel,579.4631549072267,720.8133097839357,809.8274584960939,-102.38669021606438,102.38669021606438,True,13.372541503906177
15086,2012,667.4,Jerichower Land,428.0071560668946,565.2356945800782,654.8692242431641,-102.16430541992179,102.16430541992179,True,12.530775756835851
07334,2003,528.3,Germersheim,549.6727291870118,630.191176109314,758.0724865722657,101.89117610931407,101.89117610931407,True,-21.372729187011828
16066,2003,418.2,Schmalkalden-Meiningen,433.93272918701166,520.0870708847045,642.3324865722656,101.88707088470454,101.88707088470454,True,-15.732729187011671
09372,2009,509.2,Cham,517.375627746582,610.9700181388855,736.1459753417969,101.77001813888552,101.77001813888552,True,-8.175627746582052
09562,2016,801.0,Erlangen,542.7107931518555,699.7117811584473,789.7499395751953,-101.28821884155275,101.28821884155275,True,11.250060424804701
12070,2014,683.5,Prignitz,447.1831549072266,582.2210958862305,677.5474584960938,-101.2789041137695,101.2789041137695,True,5.952541503906218
09773,2003,569.5,Dillingen an der Donau,591.2527291870117,670.684168586731,799.6524865722656,101.18416858673095,101.18416858673095,True,-21.75272918701171
09678,2018,591.2,Schweinfurt,591.511841430664,692.0109443211555,851.799912109375,100.81094432115549,100.81094432115549,True,-0.3118414306640034
08236,2003,480.4,Enzkreis,500.47272918701174,580.991176109314,708.8724865722656,100.591176109314,100.591176109314,True,-20.07272918701176
09679,2014,921.4,Würzburg,682.6631549072265,821.2594302368163,913.0274584960937,-100.14056976318363,100.14056976318363,True,8.372541503906291
09576,2012,789.5,Roth,543.0471560668946,689.6339518737793,769.9092242431641,-99.86604812622068,99.86604812622068,True,19.59077575683591
08111,2016,797.9,Stuttgart,529.4107931518554,698.9098623657226,776.4499395751952,-98.9901376342774,98.9901376342774,True,21.450060424804747
09274,2014,907.3,Landshut,664.8631549072267,808.6590838623048,895.2274584960938,-98.64091613769517,98.64091613769517,True,12.072541503906109
07131,2003,460.0,Ahrweiler,478.07272918701165,558.5191613006591,686.4724865722656,98.5191613006591,98.5191613006591,True,-18.072729187011646
09761,2014,908.0,Augsburg,667.9431549072266,809.501496887207,898.3074584960938,-98.49850311279295,98.49850311279295,True,9.692541503906227
09185,2003,578.5,Neuburg-Schrobenhausen,597.3327291870116,676.6671627426147,805.7324865722655,98.16716274261466,98.16716274261466,True,-18.832729187011637
07337,2003,528.1,Südliche Weinstraße,545.7127291870117,626.231176109314,754.1124865722657,98.13117610931397,98.13117610931397,True,-17.612729187011723
09778,2014,867.2,Unterallgäu,628.6431549072265,770.201496887207,859.0074584960937,-96.99850311279306,96.99850311279306,True,8.192541503906341
06633,2014,852.2,Kassel,616.3831549072265,755.2018690490722,846.7474584960937,-96.99813095092782,96.99813095092782,True,5.452541503906332
16065,2014,755.8,Kyffhäuserkreis,519.1631549072266,658.841728515625,749.5274584960938,-96.9582714843749,96.9582714843749,True,6.2725415039061545
15088,2014,819.3,Saalekreis,582.0431549072266,722.6371032714844,812.4074584960938,-96.66289672851553,96.66289672851553,True,6.892541503906159
09176,2014,944.9,Eichstätt,707.4031549072265,848.7188287353515,937.7674584960937,-96.18117126464847,96.18117126464847,True,7.132541503906282
06632,2003,490.2,Hersfeld-Rotenburg,499.05272918701166,586.3229899978637,707.4524865722656,96.12298999786373,96.12298999786373,True,-8.852729187011676
06632,2014,841.7,Hersfeld-Rotenburg,607.4031549072266,746.2218690490723,837.7674584960938,-95.47813095092772,95.47813095092772,True,3.9325415039062364
09376,2016,801.0,Schwandorf,552.8507931518554,705.7796223449707,799.8899395751953,-95.22037765502932,95.22037765502932,True,1.1100604248047148
09779,2014,927.8,Donau-Ries,690.8631549072265,833.0279956054687,921.2274584960937,-94.77200439453122,94.77200439453122,True,6.572541503906223
15081,2003,387.9,Altmarkkreis Salzwedel,394.3127291870117,482.57158405303954,602.7124865722656,94.67158405303957,94.67158405303957,True,-6.412729187011735
06531,2003,529.6,Gießen,539.5327291870117,624.1162329101562,747.9324865722656,94.51623291015619,94.51623291015619,True,-9.93272918701166
15084,2014,827.8,Burgenlandkreis,593.2431549072265,733.8371032714844,823.6074584960937,-93.9628967285156,93.9628967285156,True,4.192541503906227
14626,2003,428.9,Görlitz,440.1527291870117,521.9243642425537,648.5524865722656,93.0243642425537,93.0243642425537,True,-11.25272918701171
14729,2003,455.8,Leipzig,461.2527291870117,548.5804097747803,669.6524865722656,92.78040977478025,92.78040977478025,True,-5.452729187011698
12070,2003,412.3,Prignitz,416.45272918701164,504.972578010559,624.8524865722655,92.672578010559,92.672578010559,True,-4.15272918701163
16064,2014,768.0,Unstrut-Hainich-Kreis,535.8231549072266,675.501728515625,766.1874584960938,-92.49827148437498,92.49827148437498,True,1.8125415039062318
08125,2014,894.2,Heilbronn,663.3231549072265,803.9171032714843,893.6874584960937,-90.28289672851577,90.28289672851577,True,0.512541503906391
09577,2014,884.3,Weißenburg-Gunzenhausen,653.5031549072265,795.3638307189941,883.8674584960937,-88.93616928100585,88.93616928100585,True,0.43254150390623636
09275,2014,914.3,Passau,681.9631549072266,825.4085589599609,912.3274584960938,-88.89144104003901,88.89144104003901,True,1.9725415039062
09676,2003,538.8,Miltenberg,547.1527291870118,627.2632338142396,755.5524865722657,88.46323381423963,88.46323381423963,True,-8.352729187011846
08425,2003,531.9,Alb-Donau-Kreis,540.7327291870117,619.1052195930481,749.1324865722656,87.20521959304813,87.20521959304813,True,-8.83272918701175
06435,2003,545.8,Main-Kinzig-Kreis,546.8727291870116,632.116620903015,755.2724865722655,86.31662090301506,86.31662090301506,True,-1.072729187011646
09176,2003,621.9,Eichstätt,624.6927291870118,705.2035653114319,833.0924865722657,83.30356531143195,83.30356531143195,True,-2.792729187011787
08116,2003,501.3,Esslingen,504.8727291870117,583.5269759941101,713.2724865722656,82.22697599411009,82.22697599411009,True,-3.572729187011703
16061,2001,568.4,Eichsfeld,343.0839334106446,486.35893112182623,561.1399102783204,-82.04106887817375,82.04106887817375,True,7.260089721679606
