district_no,year,kreisYield,precip_total_peak_growth,temp_mean_peak_growth,heat_stress_days_peak_growth,solar_rad_peak_growth,avg_elevation,avg_soil_pawc,Crop,Field_ha,Harvested_t,Yield_dt/ha,national_campaign_start_day_of_year,national_campaign_end_day_of_year,national_campaign_duration,kreisField_ha,winter_temp_anomaly,winter_precip_anomaly
01051,2017,75.65,340.1279602050781,15.87732982635498,0.0,14153486.0,4.312761096339693,60.66861105434826,Sugar beet,8100.0,616200.0,765.2,254.0,24.5,-229.5,800.7906419226468,-2.0377779080836262,-0.6451824171008316
01051,2019,86.17,257.2729797363281,16.926172256469727,3.0,14977523.0,4.312761096339693,60.66861105434826,Sugar beet,9700.0,842800.0,870.7,258.5,15.0,-243.5,959.9735833697329,0.5469795237405037,-0.15788407796323878
01051,2020,81.5,191.5880126953125,16.79399299621582,3.0,15106671.0,4.312761096339693,60.66861105434826,Sugar beet,9900.0,802800.0,809.6,269.5,191.75,-77.75,996.6032596385829,0.8265473059314559,0.2245780109863602
01051,2021,89.82,252.6614990234375,17.03226089477539,0.0,14492836.0,4.312761096339693,60.66861105434826,Sugar beet,9200.0,783300.0,846.9,257.8,22.0,-235.8,975.7279478383186,-0.22307363761859733,-0.04110241584861296
01053,2017,79.43,303.2143859863281,16.000898361206055,0.0,13363720.0,40.00613405135157,48.82537288832111,Sugar beet,8100.0,616200.0,765.2,254.0,24.5,-229.5,840.8037103491849,-2.0317323082772987,-0.5950921119817882
01053,2019,88.08,206.53330993652344,17.12238121032715,3.0,14374707.0,40.00613405135157,48.82537288832111,Sugar beet,9700.0,842800.0,870.7,258.5,15.0,-243.5,981.2518651874906,0.6142684273555687,-0.23070023090503478
01053,2020,75.49,172.70498657226562,17.105924606323242,4.0,14753414.0,40.00613405135157,48.82537288832111,Sugar beet,9900.0,802800.0,809.6,269.5,191.75,-77.75,923.1114119032713,0.9062581621238905,0.23272200433819257
01053,2021,81.98,209.75889587402344,17.151037216186523,0.0,13621645.0,40.00613405135157,48.82537288832111,Sugar beet,9200.0,783300.0,846.9,257.8,22.0,-235.8,890.5608680002824,-0.23469958681209846,0.016818999675501933
01054,2019,99.18,290.6126708984375,16.745433807373047,0.0,15022340.0,3.878989444346276,57.13157050524072,Sugar beet,9700.0,842800.0,870.7,258.5,15.0,-243.5,1104.910989887549,0.5637052220055807,-0.16599835372372296
01054,2020,88.57,213.3049774169922,16.65995979309082,0.0,15279665.0,3.878989444346276,57.13157050524072,Sugar beet,9900.0,802800.0,809.6,269.5,191.75,-77.75,1083.057063879623,0.8462970532150962,0.3166587552747049
01054,2021,93.31,256.6513366699219,16.923311233520508,0.0,14724028.0,3.878989444346276,57.13157050524072,Sugar beet,9200.0,783300.0,846.9,257.8,22.0,-235.8,1013.640334143771,-0.12391997538520627,-0.09085921103293748
01058,2017,74.04,305.47137451171875,15.617020606994627,0.0,13673043.0,18.6739993731766,53.52441928771236,Sugar beet,8100.0,616200.0,765.2,254.0,24.5,-229.5,783.7480387039361,-1.8889168666712521,-0.606041029750531
01058,2019,83.81,234.00311279296875,16.586139678955078,2.0,14502322.0,18.6739993731766,53.52441928771236,Sugar beet,9700.0,842800.0,870.7,258.5,15.0,-243.5,933.6820937938645,0.5754004511302355,-0.20980711549782038
01058,2020,81.04,171.4569091796875,16.506717681884766,0.0,14778614.0,18.6739993731766,53.52441928771236,Sugar beet,9900.0,802800.0,809.6,269.5,191.75,-77.75,990.9782596455309,0.8589180454562779,0.2691202419517791
01058,2021,81.67,236.99620056152344,16.81435203552246,0.0,14044374.0,18.6739993731766,53.52441928771236,Sugar beet,9200.0,783300.0,846.9,257.8,22.0,-235.8,887.1932921393397,-0.1876093481961334,-0.04872323646982524
01059,2017,74.21,347.2473449707031,15.43790054321289,0.0,13886399.0,21.813499268367053,51.94983958903685,Sugar beet,8100.0,616200.0,765.2,254.0,24.5,-229.5,785.5475682363465,-1.8428289531838118,-0.6004287543159652
01059,2019,83.37,262.7526550292969,16.426719665527344,0.0,14565299.0,21.813499268367053,51.94983958903685,Sugar beet,9700.0,842800.0,870.7,258.5,15.0,-243.5,928.780290652601,0.591950564851345,-0.18752330887670532
01059,2020,83.2,180.5706329345703,16.308021545410156,0.0,14849913.0,21.813499268367053,51.94983958903685,Sugar beet,9900.0,802800.0,809.6,269.5,191.75,-77.75,1017.3913030911668,0.8812571328820127,0.3133632143770264
01059,2021,81.92,240.12599182128903,16.675527572631836,0.0,14188758.0,21.813499268367053,51.94983958903685,Sugar beet,9200.0,783300.0,846.9,257.8,22.0,-235.8,889.9090791239709,-0.23799343645424642,-0.10419780213917063
01060,2017,78.3,286.70526123046875,15.782273292541504,0.0,13342904.0,34.30699266787498,50.82564035364499,Sugar beet,8100.0,616200.0,765.2,254.0,24.5,-229.5,828.8421316925742,-1.9629420279341048,-0.6099982816427789
01060,2019,87.71,222.2478790283203,16.811006546020508,3.0,14299665.0,34.30699266787498,50.82564035364499,Sugar beet,9700.0,842800.0,870.7,258.5,15.0,-243.5,977.1298943641552,0.5846732274106898,-0.2095070254176763
01060,2020,76.03,167.74578857421875,16.772794723510742,5.0,14653286.0,34.30699266787498,50.82564035364499,Sugar beet,9900.0,802800.0,809.6,269.5,191.75,-77.75,929.7146727646805,0.8637316477198169,0.2227336157613422
01060,2021,82.84,230.3673858642578,16.963420867919922,0.0,13734829.0,34.30699266787498,50.82564035364499,Sugar beet,9200.0,783300.0,846.9,257.8,22.0,-235.8,899.903175227414,-0.1831745191136065,0.005694494987522392
01061,2017,72.7,316.4684753417969,15.841331481933594,0.0,13581789.0,8.498057820216552,61.49693127291663,Sugar beet,8100.0,616200.0,765.2,254.0,24.5,-229.5,769.5635118014068,-2.002286422033478,-0.6262617936839647
01061,2019,82.63,231.1923065185547,16.875362396240234,3.0,14556946.0,8.498057820216552,61.49693127291663,Sugar beet,9700.0,842800.0,870.7,258.5,15.0,-243.5,920.5363490059304,0.552806092422145,-0.19352230163686746
01061,2020,79.2,176.44615173339844,16.822771072387695,7.0,14727829.0,8.498057820216552,61.49693127291663,Sugar beet,9900.0,802800.0,809.6,269.5,191.75,-77.75,968.4782596733223,0.8250167117805063,0.2509128548249404
01061,2021,76.46,244.4438323974609,17.014659881591797,0.0,14001810.0,8.498057820216552,61.49693127291663,Sugar beet,9200.0,783300.0,846.9,257.8,22.0,-235.8,830.5962913796242,-0.19239714305217603,-0.021035057627324383
03101,2017,76.84,320.54669189453125,16.623231887817383,0.0,13767091.0,79.36886014887196,46.774093627551125,Sugar beet,102600.0,8475800.0,826.2,254.0,24.5,-229.5,9542.222210672691,-2.1992644300897837,-0.5564841985990636
03101,2019,72.34,144.08665466308594,17.990467071533203,9.0,15128691.0,79.36886014887196,46.774093627551125,Sugar beet,103400.0,7668800.0,741.7,258.5,15.0,-243.5,10084.880665923041,0.46994479254766475,-0.17701913204615272
03101,2020,72.26,179.58334350585938,17.839859008789062,5.0,15071155.0,79.36886014887196,46.774093627551125,Sugar beet,99300.0,7861900.0,791.6,269.5,191.75,-77.75,9064.449205325356,0.8401645253395031,0.1321124189271241
03101,2021,77.36,202.65667724609372,17.343088150024414,0.0,13596580.0,79.36886014887196,46.774093627551125,Sugar beet,97600.0,7966100.0,816.2,257.8,22.0,-235.8,9250.595430959818,-0.27507956634781294,-0.028708303634024546
03102,2017,89.36,343.8999938964844,16.665477752685547,0.0,13865767.0,117.4934737513266,52.202526218022896,Sugar beet,102600.0,8475800.0,826.2,254.0,24.5,-229.5,11096.993450620923,-2.252738344259228,-0.5596397230611608
03102,2019,77.05,151.57998657226562,17.950721740722656,9.0,15232918.0,117.4934737513266,52.202526218022896,Sugar beet,103400.0,7668800.0,741.7,258.5,15.0,-243.5,10741.499243978024,0.40777198676568105,-0.08721099228742879
03102,2020,80.29,193.0050048828125,17.83718490600586,5.0,15149956.0,117.4934737513266,52.202526218022896,Sugar beet,99300.0,7861900.0,791.6,269.5,191.75,-77.75,10071.749608297436,0.8821092325758855,0.10667211579597002
03102,2021,90.78,230.80499267578125,17.297212600708008,0.0,13714271.0,117.4934737513266,52.202526218022896,Sugar beet,97600.0,7966100.0,816.2,257.8,22.0,-235.8,10855.339364303676,-0.23949625692023346,-0.021584944271271445
03103,2017,78.2,309.6400146484375,16.68653106689453,0.0,13656565.0,82.63539670359086,43.88645822268728,Sugar beet,102600.0,8475800.0,826.2,254.0,24.5,-229.5,9711.111099357164,-2.2131785126464933,-0.5487274173459287
03103,2020,74.78,180.38999938964844,17.909198760986328,5.0,15027343.0,82.63539670359086,43.88645822268728,Sugar beet,99300.0,7861900.0,791.6,269.5,191.75,-77.75,9380.56340401647,0.8539458317662252,0.12526427018398678
03151,2017,80.12,321.36041259765625,16.552268981933594,0.0,13573518.0,73.6892495743334,42.563852771214265,Sugar beet,102600.0,8475800.0,826.2,254.0,24.5,-229.5,9949.542471617595,-2.212041070432292,-0.5501864498861178
03151,2019,74.67,167.38182067871094,17.96756362915039,9.0,14868786.0,73.6892495743334,42.563852771214265,Sugar beet,103400.0,7668800.0,741.7,258.5,15.0,-243.5,10409.704718336652,0.5560156627911965,-0.23834953335736886
03151,2020,77.81,185.7763671875,17.794248580932617,6.0,14820814.0,73.6892495743334,42.563852771214265,Sugar beet,99300.0,7861900.0,791.6,269.5,191.75,-77.75,9760.653095299833,0.8490759067810245,0.1684845875599461
03151,2021,80.22,194.92955017089844,17.436302185058594,0.0,13361773.0,73.6892495743334,42.563852771214265,Sugar beet,97600.0,7966100.0,816.2,257.8,22.0,-235.8,9592.590039705232,-0.3182980721365425,-0.04279718965290735
03153,2017,85.69,355.635009765625,14.889756202697754,0.0,13703720.0,387.65537837221,68.64159594833163,Sugar beet,102600.0,8475800.0,826.2,254.0,24.5,-229.5,10641.241817185619,-2.306756550096793,-0.5604228239633531
03153,2019,79.57,167.03334045410156,16.06209945678711,2.0,15139928.0,387.65537837221,68.64159594833163,Sugar beet,103400.0,7668800.0,741.7,258.5,15.0,-243.5,11092.811094657121,0.3861362491784348,-0.052630111950916936
03153,2020,79.79,207.82501220703125,16.062915802001953,2.0,14997075.0,387.65537837221,68.64159594833163,Sugar beet,99300.0,7861900.0,791.6,269.5,191.75,-77.75,10009.028537128564,0.9464367968968759,0.09391995519615048
03153,2021,85.36,260.1300354003906,15.39946746826172,0.0,13576121.0,387.65537837221,68.64159594833163,Sugar beet,97600.0,7966100.0,816.2,257.8,22.0,-235.8,10207.223707170762,-0.2561152157292099,-0.03241510067692299
03154,2017,78.37,293.3537902832031,16.520273208618164,0.0,13809555.0,120.71246267567484,47.3940791687049,Sugar beet,102600.0,8475800.0,826.2,254.0,24.5,-229.5,9732.222210442722,-2.274723226565527,-0.546933058404887
03154,2019,68.84,147.416259765625,17.858455657958984,9.0,15293446.0,120.71246267567484,47.3940791687049,Sugar beet,103400.0,7668800.0,741.7,258.5,15.0,-243.5,9596.947539979847,0.487621196460168,-0.2008508612190698
03154,2020,69.86,174.54873657226562,17.77446937561035,5.0,15217455.0,120.71246267567484,47.3940791687049,Sugar beet,99300.0,7861900.0,791.6,269.5,191.75,-77.75,8763.38806371477,0.899334356342365,0.09939287385997186
03154,2021,76.06,197.58624267578125,17.226381301879883,0.0,13657848.0,120.71246267567484,47.3940791687049,Sugar beet,97600.0,7966100.0,816.2,257.8,22.0,-235.8,9095.143336075542,-0.31262028548110266,-0.0137691494766361
03155,2017,88.15,365.5753173828125,15.893147468566896,0.0,13849223.0,231.4685232956745,58.19983547821087,Sugar beet,102600.0,8475800.0,826.2,254.0,24.5,-229.5,10946.732012894297,-2.0838705621605413,-0.5874979266979912
03155,2019,81.1,164.82704162597656,16.95047950744629,4.0,15158694.0,231.4685232956745,58.19983547821087,Sugar beet,103400.0,7668800.0,741.7,258.5,15.0,-243.5,11306.107575426577,0.3941412985306556,-0.0899554952804743
03155,2020,88.53,203.95411682128903,16.910268783569336,2.0,15023238.0,231.4685232956745,58.19983547821087,Sugar beet,99300.0,7861900.0,791.6,269.5,191.75,-77.75,11105.392861160444,0.7053372656772012,0.1493508159292718
03155,2021,85.12,250.4993896484375,16.34048080444336,0.0,13664557.0,231.4685232956745,58.19983547821087,Sugar beet,97600.0,7966100.0,816.2,257.8,22.0,-235.8,10178.524858884433,-0.3356571108065509,0.01571595641427659
03157,2017,84.09,332.9042663574219,16.695043563842773,0.0,13807135.0,73.38944065927016,45.43448187787549,Sugar beet,102600.0,8475800.0,826.2,254.0,24.5,-229.5,10442.549006968593,-2.181128137807889,-0.5634365659407152
03157,2019,69.48,146.1271514892578,18.085792541503903,9.0,15113266.0,73.38944065927016,45.43448187787549,Sugar beet,103400.0,7668800.0,741.7,258.5,15.0,-243.5,9686.169597295175,0.4636321807182071,-0.1784361555441255
03157,2020,79.48,178.73001098632812,17.91276741027832,5.0,15049345.0,73.38944065927016,45.43448187787549,Sugar beet,99300.0,7861900.0,791.6,269.5,191.75,-77.75,9970.141473003865,0.8297446089713958,0.14874974460718682
03157,2021,81.71,205.17713928222656,17.423786163330078,0.0,13645038.0,73.38944065927016,45.43448187787549,Sugar beet,97600.0,7966100.0,816.2,257.8,22.0,-235.8,9770.762056149519,-0.26702765071365775,-0.022876983021405506
03158,2017,82.78,337.0672607421875,16.52456283569336,0.0,13894535.0,130.02412529590924,49.33051719467714,Sugar beet,102600.0,8475800.0,826.2,254.0,24.5,-229.5,10279.869268603403,-2.25198975327811,-0.5548119196564052
03158,2019,77.95,154.05181884765625,17.777109146118164,9.0,15329231.0,130.02412529590924,49.33051719467714,Sugar beet,103400.0,7668800.0,741.7,258.5,15.0,-243.5,10866.967762077702,0.4019661343373855,-0.09909338153174807
03158,2020,74.97,194.00909423828125,17.689319610595703,5.0,15232778.0,130.02412529590924,49.33051719467714,Sugar beet,99300.0,7861900.0,791.6,269.5,191.75,-77.75,9404.39741106064,0.8787573097134214,0.11004843792340302
03158,2021,81.17,230.5418243408203,17.129989624023438,0.0,13754880.0,130.02412529590924,49.33051719467714,Sugar beet,97600.0,7966100.0,816.2,257.8,22.0,-235.8,9706.189647505282,-0.25839040934829427,0.0018244754353538006
03241,2017,85.45,357.01422119140625,16.545612335205078,0.0,13727951.0,65.35178068571408,44.86763110898455,Sugar beet,102600.0,8475800.0,826.2,254.0,24.5,-229.5,10611.437895653065,-2.16938495857994,-0.5748849244491643
03241,2019,74.78,162.2045135498047,18.020483016967773,9.0,14925418.0,65.35178068571408,44.86763110898455,Sugar beet,103400.0,7668800.0,741.7,258.5,15.0,-243.5,10425.039759437725,0.4465884732893528,-0.18706516613494417
03241,2020,82.52,182.1870880126953,17.794092178344727,6.0,14820319.0,65.35178068571408,44.86763110898455,Sugar beet,99300.0,7861900.0,791.6,269.5,191.75,-77.75,10351.485585710605,0.7951854449605094,0.2049052882629665
03241,2021,84.76,215.19839477539065,17.34561538696289,0.0,13614266.0,65.35178068571408,44.86763110898455,Sugar beet,97600.0,7966100.0,816.2,257.8,22.0,-235.8,10135.476586454943,-0.25047139525293005,-0.005133255278637394
03251,2017,83.6,299.13555908203125,16.38619613647461,0.0,13546081.0,37.82531227909938,50.47574318137497,Sugar beet,102600.0,8475800.0,826.2,254.0,24.5,-229.5,10381.699333839628,-2.107643152288631,-0.545674990031986
03251,2019,62.66,200.8800048828125,17.70048713684082,8.0,14622417.0,37.82531227909938,50.47574318137497,Sugar beet,103400.0,7668800.0,741.7,258.5,15.0,-243.5,8735.397049028721,0.43488586564620846,-0.20512308093003806
03251,2020,77.31,196.90516662597656,17.456342697143555,7.0,14363905.0,37.82531227909938,50.47574318137497,Sugar beet,99300.0,7861900.0,791.6,269.5,191.75,-77.75,9697.93202413096,0.7264235345225529,0.24162421058451966
03251,2021,81.42,232.9251708984375,17.229515075683594,0.0,13647034.0,37.82531227909938,50.47574318137497,Sugar beet,97600.0,7966100.0,816.2,257.8,22.0,-235.8,9736.084281136873,-0.2401135714868019,-0.0026470583561016836
03252,2017,86.76,385.9163513183594,16.067737579345703,0.0,13856238.0,168.64624754132518,59.42615305944366,Sugar beet,102600.0,8475800.0,826.2,254.0,24.5,-229.5,10774.117634018256,-2.1412931118322263,-0.586609738667074
03252,2019,83.27,171.5709228515625,17.332008361816406,7.0,15060255.0,168.64624754132518,59.42615305944366,Sugar beet,103400.0,7668800.0,741.7,258.5,15.0,-243.5,11608.626113511356,0.39930808230815273,-0.11859484742478754
03252,2020,88.27,204.00271606445312,17.152217864990234,2.0,14911296.0,168.64624754132518,59.42615305944366,Sugar beet,99300.0,7861900.0,791.6,269.5,191.75,-77.75,11072.77790415263,0.7157523615278478,0.18648346425656537
03252,2021,86.29,256.6800231933594,16.631359100341797,0.0,13753277.0,168.64624754132518,59.42615305944366,Sugar beet,97600.0,7966100.0,816.2,257.8,22.0,-235.8,10318.431744280286,-0.21919177659941624,0.026097192854473095
03254,2017,85.16,368.9799499511719,16.214969635009766,0.0,13908189.0,145.42201172754338,54.37337369926457,Sugar beet,102600.0,8475800.0,826.2,254.0,24.5,-229.5,10575.424823801228,-2.1825904198800004,-0.578809404816776
03254,2019,77.85,154.09266662597656,17.473949432373047,9.0,15154226.0,145.42201172754338,54.37337369926457,Sugar beet,103400.0,7668800.0,741.7,258.5,15.0,-243.5,10853.026815622181,0.4186246563276086,-0.11126640599902504
03254,2020,83.99,192.98333740234372,17.307262420654297,2.0,15060927.0,145.42201172754338,54.37337369926457,Sugar beet,99300.0,7861900.0,791.6,269.5,191.75,-77.75,10535.885534947087,0.7806171716003973,0.1526361110178538
03254,2021,86.11,236.38265991210935,16.807876586914062,0.0,13757799.0,145.42201172754338,54.37337369926457,Sugar beet,97600.0,7966100.0,816.2,257.8,22.0,-235.8,10296.907608065538,-0.2559949861657742,0.00850520287490708
03255,2017,83.56,390.6533508300781,15.881038665771484,0.0,13801528.0,244.77205326208195,66.78746385962387,Sugar beet,102600.0,8475800.0,826.2,254.0,24.5,-229.5,10376.732013584202,-2.1321369253257103,-0.5861022538356072
03255,2019,80.49,167.8499755859375,17.0546875,5.0,15045382.0,244.77205326208195,66.78746385962387,Sugar beet,103400.0,7668800.0,741.7,258.5,15.0,-243.5,11221.067802047904,0.40360824152884334,-0.13524217029987717
03255,2020,87.83,210.47555541992188,16.903654098510742,2.0,14912426.0,244.77205326208195,66.78746385962387,Sugar beet,99300.0,7861900.0,791.6,269.5,191.75,-77.75,11017.583361524023,0.7220844637355981,0.19223476346989798
03255,2021,83.03,258.9322204589844,16.39651107788086,0.0,13659712.0,244.77205326208195,66.78746385962387,Sugar beet,97600.0,7966100.0,816.2,257.8,22.0,-235.8,9928.605721724323,-0.2878656414699208,0.03160758415018461
03256,2017,87.24,319.5533447265625,16.527929306030273,0.0,13588253.0,36.69954350209412,45.6912156632667,Sugar beet,102600.0,8475800.0,826.2,254.0,24.5,-229.5,10833.72547708336,-2.145154599379282,-0.5591395258500318
03256,2019,71.95,187.3683319091797,17.9518985748291,8.0,14683693.0,36.69954350209412,45.6912156632667,Sugar beet,103400.0,7668800.0,741.7,258.5,15.0,-243.5,10030.510974746514,0.4373125179207591,-0.20522471137422693
03256,2020,77.37,189.6300201416016,17.70244026184082,7.0,14507581.0,36.69954350209412,45.6912156632667,Sugar beet,99300.0,7861900.0,791.6,269.5,191.75,-77.75,9705.458552671225,0.7662620136100031,0.24657472194498564
03256,2021,83.89,219.55274963378903,17.355438232421875,0.0,13575263.0,36.69954350209412,45.6912156632667,Sugar beet,97600.0,7966100.0,816.2,257.8,22.0,-235.8,10031.443261417002,-0.24005334226984587,-0.003466531725550448
03257,2017,85.22,353.5579833984375,16.388586044311523,0.0,13805511.0,110.06650836686582,54.52129291862677,Sugar beet,102600.0,8475800.0,826.2,254.0,24.5,-229.5,10582.875804184367,-2.1148986680369717,-0.5638288573881396
03257,2019,75.62,173.10398864746094,17.79633140563965,8.0,14935939.0,110.06650836686582,54.52129291862677,Sugar beet,103400.0,7668800.0,741.7,258.5,15.0,-243.5,10542.143709664091,0.41773691820156955,-0.16499476190914308
03257,2020,85.25,190.47900390625,17.528894424438477,5.0,14762026.0,110.06650836686582,54.52129291862677,Sugar beet,99300.0,7861900.0,791.6,269.5,191.75,-77.75,10693.942634292645,0.7706588447550757,0.2122620506455093
03257,2021,83.77,225.9070281982422,17.059003829956055,0.0,13753653.0,110.06650836686582,54.52129291862677,Sugar beet,97600.0,7966100.0,816.2,257.8,22.0,-235.8,10017.093837273836,-0.24300793729184988,0.005954573590722045
03351,2017,81.07,352.406494140625,16.381343841552734,0.0,13374660.0,63.23971096729696,45.982047716891806,Sugar beet,102600.0,8475800.0,826.2,254.0,24.5,-229.5,10067.516327683954,-2.206606896270557,-0.5658104834126453
03351,2019,65.67,175.64898681640625,17.828472137451172,9.0,14650579.0,63.23971096729696,45.982047716891806,Sugar beet,103400.0,7668800.0,741.7,258.5,15.0,-243.5,9155.01953733987,0.5459417935238662,-0.2450786206126937
03351,2020,74.43,187.9750061035156,17.643022537231445,6.0,14570336.0,63.23971096729696,45.982047716891806,Sugar beet,99300.0,7861900.0,791.6,269.5,191.75,-77.75,9336.658654198258,0.813887038410769,0.20603229787876276
03351,2021,77.86,205.61199951171875,17.334487915039062,0.0,13209849.0,63.23971096729696,45.982047716891806,Sugar beet,97600.0,7966100.0,816.2,257.8,22.0,-235.8,9310.384698223002,-0.2899650878010789,-0.04380132341362364
03353,2017,77.59,321.01788330078125,16.032150268554688,0.0,13277800.0,47.83834153611925,52.692365997490334,Sugar beet,102600.0,8475800.0,826.2,254.0,24.5,-229.5,9635.359465461923,-2.130206610769278,-0.5821302961434395
03353,2019,68.87,207.13262939453125,17.220142364501953,6.0,14438346.0,47.83834153611925,52.692365997490334,Sugar beet,103400.0,7668800.0,741.7,258.5,15.0,-243.5,9601.129823916503,0.6105509255291963,-0.22547374768207507
03353,2020,76.9,181.6231689453125,17.138900756835938,7.0,14543343.0,47.83834153611925,52.692365997490334,Sugar beet,99300.0,7861900.0,791.6,269.5,191.75,-77.75,9646.500745772486,0.8575622071306839,0.21776202371340614
03353,2021,68.08,209.02528381347656,17.138036727905273,0.0,13448191.0,47.83834153611925,52.692365997490334,Sugar beet,97600.0,7966100.0,816.2,257.8,22.0,-235.8,8140.906630555124,-0.2139035016904245,-0.05339161974806361
03354,2017,85.53,303.1737670898437,16.57176399230957,0.0,13473998.0,39.92315427805637,43.17562863257,Sugar beet,102600.0,8475800.0,826.2,254.0,24.5,-229.5,10621.372536163917,-2.250503783222996,-0.5598877167269198
03354,2019,73.64,193.9850006103516,17.788877487182617,9.0,14517991.0,39.92315427805637,43.17562863257,Sugar beet,103400.0,7668800.0,741.7,258.5,15.0,-243.5,10266.112969844798,0.6267374310515947,-0.2888955723169615
03354,2020,76.04,178.51564025878906,17.70780372619629,5.0,14583107.0,39.92315427805637,43.17562863257,Sugar beet,99300.0,7861900.0,791.6,269.5,191.75,-77.75,9538.620503362026,0.8564174984213082,0.2068651478096517
03354,2021,79.16,193.9181365966797,17.557178497314453,0.0,13331694.0,39.92315427805637,43.17562863257,Sugar beet,97600.0,7966100.0,816.2,257.8,22.0,-235.8,9465.83679310728,-0.2740153247252124,-0.032782273406872564
03355,2017,75.58,323.3327941894531,16.261425018310547,0.0,13343737.0,38.40780862308837,48.089519521973926,Sugar beet,102600.0,8475800.0,826.2,254.0,24.5,-229.5,9385.751622626782,-2.1961068315133616,-0.573153601779144
03355,2019,76.38,202.5933380126953,17.502948760986328,7.0,14421837.0,38.40780862308837,48.089519521973926,Sugar beet,103400.0,7668800.0,741.7,258.5,15.0,-243.5,10648.094902726041,0.6536170305225824,-0.26630640010065887
03355,2020,75.45,177.945556640625,17.407482147216797,5.0,14598347.0,38.40780862308837,48.089519521973926,Sugar beet,99300.0,7861900.0,791.6,269.5,191.75,-77.75,9464.609639382756,0.87351624454584,0.23289549235760743
03355,2021,77.89,192.58221435546875,17.38576889038086,0.0,13376472.0,38.40780862308837,48.089519521973926,Sugar beet,97600.0,7966100.0,816.2,257.8,22.0,-235.8,9313.972054258795,-0.27796812196106657,-0.029983872724273275
03357,2017,88.53,301.6034240722656,16.159713745117188,0.0,13360309.0,27.1948989674917,53.57489479719908,Sugar beet,102600.0,8475800.0,826.2,254.0,24.5,-229.5,10993.92155532084,-2.176693525966016,-0.569875720743569
03357,2019,71.66,216.04421997070312,17.29888343811035,6.0,14539123.0,27.1948989674917,53.57489479719908,Sugar beet,103400.0,7668800.0,741.7,258.5,15.0,-243.5,9990.082230025506,0.5547185779537358,-0.18866032294441037
03357,2020,68.88,194.70155334472656,17.200490951538086,7.0,14450413.0,27.1948989674917,53.57489479719908,Sugar beet,99300.0,7861900.0,791.6,269.5,191.75,-77.75,8640.45476422378,0.7799724735871223,0.20629758616418892
03357,2021,86.33,229.06576538085935,17.149925231933594,0.0,13589427.0,27.1948989674917,53.57489479719908,Sugar beet,97600.0,7966100.0,816.2,257.8,22.0,-235.8,10323.214885661338,-0.1849682104278827,-0.049835802463680245
03358,2017,84.89,352.77838134765625,16.174304962158203,0.0,13295231.0,64.32476132692005,47.13149378999935,Sugar beet,102600.0,8475800.0,826.2,254.0,24.5,-229.5,10541.895412077105,-2.2393886873519477,-0.5644429371513955
03358,2019,68.44,193.3419952392578,17.51181983947754,8.0,14541501.0,64.32476132692005,47.13149378999935,Sugar beet,103400.0,7668800.0,741.7,258.5,15.0,-243.5,9541.183754157766,0.5867719568003622,-0.24843109888131565
03358,2020,79.94,188.3404235839844,17.37505531311035,7.0,14456608.0,64.32476132692005,47.13149378999935,Sugar beet,99300.0,7861900.0,791.6,269.5,191.75,-77.75,10027.844858479224,0.7879491928857192,0.21957079967948823
03358,2021,76.3,218.5287933349609,17.1323299407959,0.0,13232086.0,64.32476132692005,47.13149378999935,Sugar beet,97600.0,7966100.0,816.2,257.8,22.0,-235.8,9123.842184361869,-0.2551794787582935,-0.04217817985287042
03359,2017,72.99,296.27313232421875,16.012226104736328,0.0,13458550.0,12.13256251059729,61.57862618853422,Sugar beet,102600.0,8475800.0,826.2,254.0,24.5,-229.5,9064.11763608797,-2.1027492662304326,-0.6148745529805086
03359,2020,72.52,192.5343780517578,17.020620346069336,7.0,14621379.0,12.13256251059729,61.57862618853422,Sugar beet,99300.0,7861900.0,791.6,269.5,191.75,-77.75,9097.064162333167,0.80190226406188,0.23143037283910384
03359,2021,70.71,234.91064453125,17.093616485595703,0.0,13865551.0,12.13256251059729,61.57862618853422,Sugar beet,97600.0,7966100.0,816.2,257.8,22.0,-235.8,8455.398176359471,-0.1926620309328655,-0.03153537977340215
03360,2017,70.09,327.086669921875,16.224925994873047,0.0,13414081.0,71.241791440513,46.17268689394237,Sugar beet,102600.0,8475800.0,826.2,254.0,24.5,-229.5,8703.986917569611,-2.3081787031395606,-0.5629401211817946
03360,2019,68.97,193.1688995361328,17.605850219726562,9.0,14565293.0,71.241791440513,46.17268689394237,Sugar beet,103400.0,7668800.0,741.7,258.5,15.0,-243.5,9615.070770372022,0.6219141512320903,-0.28922620086547846
03360,2020,73.71,186.24557495117188,17.411285400390625,6.0,14551780.0,71.241791440513,46.17268689394237,Sugar beet,99300.0,7861900.0,791.6,269.5,191.75,-77.75,9246.340311715083,0.8508647598904986,0.22536932962459888
03360,2021,74.18,192.08224487304688,17.260713577270508,0.0,13225910.0,71.241791440513,46.17268689394237,Sugar beet,97600.0,7966100.0,816.2,257.8,22.0,-235.8,8870.33569116597,-0.3056240449183747,-0.03670662917095935
03361,2017,81.11,312.1100158691406,16.346681594848633,0.0,13422440.0,20.634482190791463,51.58528505388986,Sugar beet,102600.0,8475800.0,826.2,254.0,24.5,-229.5,10072.48364793938,-2.183590888439653,-0.5613552561170039
03361,2019,66.48,202.76400756835935,17.65300941467285,8.0,14531627.0,20.634482190791463,51.58528505388986,Sugar beet,103400.0,7668800.0,741.7,258.5,15.0,-243.5,9267.94120362958,0.49915542633954146,-0.20812573935555634
03361,2020,83.17,188.88601684570312,17.4289493560791,7.0,14396177.0,20.634482190791463,51.58528505388986,Sugar beet,99300.0,7861900.0,791.6,269.5,191.75,-77.75,10433.022978230138,0.7760221038843724,0.2219889744655743
03361,2021,87.29,235.34397888183597,17.254505157470703,0.0,13465715.0,20.634482190791463,51.58528505388986,Sugar beet,97600.0,7966100.0,816.2,257.8,22.0,-235.8,10438.010278806652,-0.24352824486931013,-0.02045502253293663
03453,2017,85.44,307.7185363769531,16.330297470092773,0.0,13534337.0,23.37155096682817,53.732832910953526,Sugar beet,102600.0,8475800.0,826.2,254.0,24.5,-229.5,10610.196065589207,-2.1505940749195247,-0.5449072345079455
03453,2021,76.41,266.2040100097656,17.187135696411133,0.0,13883214.0,23.37155096682817,53.732832910953526,Sugar beet,97600.0,7966100.0,816.2,257.8,22.0,-235.8,9136.995823159768,-0.1911176153656129,0.02747298804050935
03454,2019,60.68,210.51675415039065,17.537303924560547,7.0,14845139.0,21.883429345484306,56.02737782782792,Sugar beet,103400.0,7668800.0,741.7,258.5,15.0,-243.5,8459.366309209428,0.4240562428285557,-0.17098642165657196
03454,2020,68.08,218.29049682617188,17.236814498901367,6.0,14137267.0,21.883429345484306,56.02737782782792,Sugar beet,99300.0,7861900.0,791.6,269.5,191.75,-77.75,8540.101050353585,0.6041698087850023,0.1981120967656782
03454,2021,74.27,261.2325134277344,17.085071563720703,0.0,13987855.0,21.883429345484306,56.02737782782792,Sugar beet,97600.0,7966100.0,816.2,257.8,22.0,-235.8,8881.097759273342,-0.2507783373528696,0.05441270683957944
03457,2020,81.22,256.81060791015625,16.948314666748047,0.0,14401789.0,1.1745174273697248,66.7988873785043,Sugar beet,99300.0,7861900.0,791.6,269.5,191.75,-77.75,10188.410800671536,0.6225267226357687,0.2097097796902445
03459,2017,86.61,318.87481689453125,16.418458938598633,0.0,13750414.0,74.81949659993606,51.725908423046015,Sugar beet,102600.0,8475800.0,826.2,254.0,24.5,-229.5,10755.490183060409,-1.9798507770664173,-0.5578716670288438
03459,2019,87.25,206.9620056152344,17.683931350708008,7.0,14937554.0,74.81949659993606,51.725908423046015,Sugar beet,103400.0,7668800.0,741.7,258.5,15.0,-243.5,12163.475782441046,0.38455995914000596,-0.16959012752832414
03459,2020,83.5,196.83839416503903,17.486021041870117,7.0,14363834.0,74.81949659993606,51.725908423046015,Sugar beet,99300.0,7861900.0,791.6,269.5,191.75,-77.75,10474.418885201592,0.5853541460449492,0.21999148492356646
03459,2021,79.08,254.79400634765625,17.071226119995117,0.0,13870780.0,74.81949659993606,51.725908423046015,Sugar beet,97600.0,7966100.0,816.2,257.8,22.0,-235.8,9456.270510345172,-0.22786583605864053,0.06741589057790054
05116,2019,81.48,197.06002807617188,18.079349517822266,6.0,15803306.0,67.46764971525674,41.93910841738373,Sugar beet,59300.0,4453200.0,751.3,258.5,15.0,-243.5,6431.2045701701,0.24875529512524963,-0.15548364352768806
05116,2020,80.65,161.19000244140625,18.475744247436523,11.0,15132314.0,67.46764971525674,41.93910841738373,Sugar beet,50700.0,4031400.0,795.5,269.5,191.75,-77.75,5140.106844575605,0.43000512228798016,0.30243482095341356
05116,2021,83.61,323.25,17.18646240234375,0.0,14266618.0,67.46764971525674,41.93910841738373,Sugar beet,54300.0,4656100.0,857.1,257.8,22.0,-235.8,5296.958341737302,-0.09785661582083094,0.05120784169943304
05154,2017,88.41,316.0653686523437,16.99770736694336,0.0,14401091.0,25.55769146043866,43.19994338091747,Sugar beet,61000.0,5411500.0,886.8,254.0,24.5,-229.5,6081.427598013726,-1.7930766634326574,-0.5504179725058582
05154,2019,75.28,209.67462158203125,17.958036422729492,6.0,15600818.0,25.55769146043866,43.19994338091747,Sugar beet,59300.0,4453200.0,751.3,258.5,15.0,-243.5,5941.839470328978,0.20934685730617275,-0.19202770833109684
05154,2020,74.25,187.75767517089844,18.030187606811523,10.0,14924093.0,25.55769146043866,43.19994338091747,Sugar beet,50700.0,4031400.0,795.5,269.5,191.75,-77.75,4732.212439054416,0.47364369023358677,0.22826210862571927
05154,2021,84.71,259.6300048828125,17.328062057495117,0.0,14200711.0,25.55769146043866,43.19994338091747,Sugar beet,54300.0,4656100.0,857.1,257.8,22.0,-235.8,5366.646826080215,-0.18821497176395496,0.08958594446515411
05162,2017,93.74,334.6300048828125,17.283676147460938,0.0,14329910.0,52.37456553622641,42.423848760014735,Sugar beet,61000.0,5411500.0,886.8,254.0,24.5,-229.5,6448.060434767635,-1.7164090696968515,-0.572830393289067
05162,2019,79.62,199.13998413085935,18.251100540161133,7.0,15687651.0,52.37456553622641,42.423848760014735,Sugar beet,59300.0,4453200.0,751.3,258.5,15.0,-243.5,6284.395040217763,0.264896005178457,-0.15617718479332476
05162,2020,78.8,161.7100067138672,18.67703056335449,11.0,15033988.0,52.37456553622641,42.423848760014735,Sugar beet,50700.0,4031400.0,795.5,269.5,191.75,-77.75,5022.199867979635,0.4346835498332666,0.3088871287366375
05162,2021,93.15,337.4549865722656,17.355918884277344,0.0,14164604.0,52.37456553622641,42.423848760014735,Sugar beet,54300.0,4656100.0,857.1,257.8,22.0,-235.8,5901.347560493119,-0.10112699901952737,0.04793801979587897
05166,2017,94.62,305.5,17.167633056640625,0.0,14396800.0,48.98895390569765,41.116174446336814,Sugar beet,61000.0,5411500.0,886.8,254.0,24.5,-229.5,6508.592685488732,-1.709614381594804,-0.5724515450577283
05166,2019,71.3,204.18569946289065,18.117481231689453,6.0,15757582.0,48.98895390569765,41.116174446336814,Sugar beet,59300.0,4453200.0,751.3,258.5,15.0,-243.5,5627.698648172902,0.22750153734733658,-0.15570759563764147
05166,2021,85.62,300.8585510253906,17.269472122192383,0.0,14241611.0,48.98895390569765,41.116174446336814,Sugar beet,54300.0,4656100.0,857.1,257.8,22.0,-235.8,5424.298208582081,-0.09968701913271616,0.05152727413918501
05170,2017,86.75,318.8273620605469,17.11215591430664,0.0,14256256.0,31.455906099143768,42.85644848180261,Sugar beet,61000.0,5411500.0,886.8,254.0,24.5,-229.5,5967.241761426205,-1.7610819565596216,-0.5579742148217892
05170,2019,68.89,198.14401245117188,18.09737968444824,6.0,15521686.0,31.455906099143768,42.85644848180261,Sugar beet,59300.0,4453200.0,751.3,258.5,15.0,-243.5,5437.4776980733695,0.24028706942675626,-0.18729921276072536
05334,2017,98.76,306.4091186523437,15.994394302368164,0.0,14352132.0,307.8268428732844,66.01130205590341,Sugar beet,61000.0,5411500.0,886.8,254.0,24.5,-229.5,6793.369410472069,-1.8599734622150663,-0.5538053762484665
05334,2019,85.63,210.14544677734372,16.9732723236084,5.0,16096698.0,307.8268428732844,66.01130205590341,Sugar beet,59300.0,4453200.0,751.3,258.5,15.0,-243.5,6758.763467644399,0.3169531082660342,-0.049047162386102294
05334,2020,92.29,174.371826171875,17.504907608032227,8.0,15271339.0,307.8268428732844,66.01130205590341,Sugar beet,50700.0,4031400.0,795.5,269.5,191.75,-77.75,5881.964794617266,0.49607490006627586,0.2543186738299277
05334,2021,86.27,379.4781494140625,16.001117706298828,0.0,14329106.0,307.8268428732844,66.01130205590341,Sugar beet,54300.0,4656100.0,857.1,257.8,22.0,-235.8,5465.477767511985,-0.004360926130743792,0.044908635814585374
05358,2017,90.59,283.99273681640625,17.06866455078125,0.0,14579840.0,172.0221120671608,51.23521929115644,Sugar beet,61000.0,5411500.0,886.8,254.0,24.5,-229.5,6231.382491845532,-1.778904040627367,-0.5663977905649968
05358,2019,76.73,198.99090576171875,18.12041282653809,7.0,16139635.0,172.0221120671608,51.23521929115644,Sugar beet,59300.0,4453200.0,751.3,258.5,15.0,-243.5,6056.28775980795,0.26507026706093484,-0.12710758809649436
05358,2020,72.21,154.07363891601562,18.64484214782715,12.0,15380758.0,172.0221120671608,51.23521929115644,Sugar beet,50700.0,4031400.0,795.5,269.5,191.75,-77.75,4602.196097294536,0.43918256242915277,0.28567846659458107
05358,2021,84.88,359.5836486816406,17.016889572143555,0.0,14492280.0,172.0221120671608,51.23521929115644,Sugar beet,54300.0,4656100.0,857.1,257.8,22.0,-235.8,5377.4168645695745,-0.05880843964558835,0.06886541833831727
05362,2017,89.15,296.7445678710937,17.320581436157227,1.0,14502563.0,87.39634517987913,46.73351601428842,Sugar beet,61000.0,5411500.0,886.8,254.0,24.5,-229.5,6132.329717938284,-1.7450417936719873,-0.566521714560185
05362,2019,77.53,198.0191192626953,18.42120933532715,7.0,15951730.0,87.39634517987913,46.73351601428842,Sugar beet,59300.0,4453200.0,751.3,258.5,15.0,-243.5,6119.431643658417,0.28891418665057245,-0.13332893691596792
05362,2020,88.88,148.33544921875,18.977209091186523,13.0,15249814.0,87.39634517987913,46.73351601428842,Sugar beet,50700.0,4031400.0,795.5,269.5,191.75,-77.75,5664.633556675508,0.4404198580375578,0.3061448663336097
05362,2021,93.86,369.1236572265625,17.289409637451172,0.0,14371981.0,87.39634517987913,46.73351601428842,Sugar beet,54300.0,4656100.0,857.1,257.8,22.0,-235.8,5946.328309478091,-0.07884401895216797,0.06313963588876481
05366,2017,83.11,305.99237060546875,15.467491149902344,0.0,14727723.0,400.8587965279651,62.31806896521423,Sugar beet,61000.0,5411500.0,886.8,254.0,24.5,-229.5,5716.858360716218,-1.8227409054163104,-0.5724223781356401
05366,2019,65.94,224.19528198242188,16.4549560546875,4.0,16580191.0,400.8587965279651,62.31806896521423,Sugar beet,59300.0,4453200.0,751.3,258.5,15.0,-243.5,5204.634626374771,0.317656273221246,-0.09416423097238324
05366,2020,64.62,179.7217559814453,17.02308464050293,5.0,15684077.0,400.8587965279651,62.31806896521423,Sugar beet,50700.0,4031400.0,795.5,269.5,191.75,-77.75,4118.458825746752,0.4885819413256627,0.2630961509089671
05366,2021,79.5,391.06353759765625,15.464083671569824,0.0,14724519.0,400.8587965279651,62.31806896521423,Sugar beet,54300.0,4656100.0,857.1,257.8,22.0,-235.8,5036.576822965142,-0.056639909496709606,0.066343259427186
05370,2017,85.34,287.7866516113281,17.159423828125,0.0,14411601.0,72.57404322677954,43.13673419738953,Sugar beet,61000.0,5411500.0,886.8,254.0,24.5,-229.5,5870.252586975358,-1.7293486739928312,-0.5616743707722263
05370,2019,75.87,199.81333923339844,18.1190185546875,7.0,15911374.0,72.57404322677954,43.13673419738953,Sugar beet,59300.0,4453200.0,751.3,258.5,15.0,-243.5,5988.4080846686975,0.23634892913634076,-0.12172216001116443
05370,2020,88.64,160.1533203125,18.5212516784668,12.0,15181621.0,72.57404322677954,43.13673419738953,Sugar beet,50700.0,4031400.0,795.5,269.5,191.75,-77.75,5649.337516468464,0.42944481705097814,0.2769994637636801
05370,2021,84.49,314.3883056640625,17.189189910888672,0.0,14301436.0,72.57404322677954,43.13673419738953,Sugar beet,54300.0,4656100.0,857.1,257.8,22.0,-235.8,5352.709129211633,-0.06319009936919429,0.050653955524446515
05382,2017,86.72,343.56134033203125,16.74728775024414,0.0,14570557.0,171.6456726666031,57.84951835677244,Sugar beet,61000.0,5411500.0,886.8,254.0,24.5,-229.5,5965.178161969804,-1.8669120898362621,-0.5503118142377118
05382,2019,65.63,215.61399841308597,17.869516372680664,6.0,16116298.0,171.6456726666031,57.84951835677244,Sugar beet,59300.0,4453200.0,751.3,258.5,15.0,-243.5,5180.166371382715,0.32622101197966913,-0.1044798963015191
05382,2020,56.73,163.0086669921875,18.383533477783203,8.0,15329582.0,171.6456726666031,57.84951835677244,Sugar beet,50700.0,4031400.0,795.5,269.5,191.75,-77.75,3615.6015039401614,0.4945458573796486,0.2785471770630794
05382,2021,90.45,371.2739868164063,16.78919792175293,0.0,14423388.0,171.6456726666031,57.84951835677244,Sugar beet,54300.0,4656100.0,857.1,257.8,22.0,-235.8,5730.294008015057,-0.12675115197168907,0.015938190715595324
05554,2017,86.0,313.55291748046875,16.780324935913086,0.0,14143000.0,52.380458202545015,41.98573116093186,Sugar beet,61000.0,5411500.0,886.8,254.0,24.5,-229.5,5915.65177501618,-1.886295604613906,-0.5313909699382175
05554,2019,47.62,205.81234741210935,17.823488235473633,7.0,15379574.0,52.380458202545015,41.98573116093186,Sugar beet,59300.0,4453200.0,751.3,258.5,15.0,-243.5,3758.639686199069,0.3075952507301736,-0.18341041145051296
05554,2020,76.94,187.02291870117188,17.76862335205078,10.0,14505245.0,52.380458202545015,41.98573116093186,Sugar beet,50700.0,4031400.0,795.5,269.5,191.75,-77.75,4903.65555637504,0.545448178534798,0.16834910276850734
05554,2021,87.92,264.5364685058594,17.17152214050293,0.0,14005485.0,52.380458202545015,41.98573116093186,Sugar beet,54300.0,4656100.0,857.1,257.8,22.0,-235.8,5570.010494026356,-0.23103856854066862,0.0836955745485457
05566,2017,52.6,318.85040283203125,16.60147476196289,0.0,13901785.0,60.48607477092469,47.07922651899528,Sugar beet,61000.0,5411500.0,886.8,254.0,24.5,-229.5,3618.177713556408,-1.9893665862155103,-0.5470855298463297
05566,2019,49.93,204.1024932861328,17.816452026367188,11.0,15108657.0,60.48607477092469,47.07922651899528,Sugar beet,59300.0,4453200.0,751.3,258.5,15.0,-243.5,3940.967650817293,0.36566727619214134,-0.18138619760919594
05754,2020,63.58,198.6566619873047,17.703561782836914,6.0,14659672.0,91.19454333545588,48.81886725992208,Sugar beet,50700.0,4031400.0,795.5,269.5,191.75,-77.75,4052.1759848495585,0.6048670946009906,0.17774578049489853
05754,2021,64.53,249.37132263183597,17.054119110107422,0.0,13764203.0,91.19454333545588,48.81886725992208,Sugar beet,54300.0,4656100.0,857.1,257.8,22.0,-235.8,4088.1799042256675,-0.23887575714707054,0.04623190616056405
05758,2017,84.45,334.8099975585937,16.31802749633789,0.0,13812973.0,108.55503905963828,55.57771491542452,Sugar beet,61000.0,5411500.0,886.8,254.0,24.5,-229.5,5809.032469768796,-1.9839582267414926,-0.5695417528588782
05758,2019,74.18,185.864013671875,17.655271530151367,8.0,14995377.0,108.55503905963828,55.57771491542452,Sugar beet,59300.0,4453200.0,751.3,258.5,15.0,-243.5,5855.016630034585,0.37453884234730594,-0.1653593095519007
05758,2020,94.39,199.18597412109372,17.414649963378906,5.0,14664267.0,108.55503905963828,55.57771491542452,Sugar beet,50700.0,4031400.0,795.5,269.5,191.75,-77.75,6015.8051464289065,0.6707880229087664,0.18963177762455086
05758,2021,85.55,233.00999450683597,16.887405395507812,0.0,13808842.0,108.55503905963828,55.57771491542452,Sugar beet,54300.0,4656100.0,857.1,257.8,22.0,-235.8,5419.863486851168,-0.23853677653818295,0.03716045805460766
05762,2017,98.24,383.7328796386719,15.863512992858888,0.0,13849518.0,230.2836498008996,61.2674786619333,Sugar beet,61000.0,5411500.0,886.8,254.0,24.5,-229.5,6757.6003532277855,-2.0600897267026426,-0.5950297135655113
05762,2019,81.5,187.16357421875,16.891565322875977,4.0,15284794.0,230.2836498008996,61.2674786619333,Sugar beet,59300.0,4453200.0,751.3,258.5,15.0,-243.5,6432.7831672663615,0.38129308091527037,-0.1068823866012879
05762,2020,85.14,211.0071258544922,16.908588409423828,2.0,15051969.0,230.2836498008996,61.2674786619333,Sugar beet,50700.0,4031400.0,795.5,269.5,191.75,-77.75,5426.270263449063,0.6451792835339347,0.16867237374168953
05762,2021,81.94,278.82501220703125,16.208147048950195,0.0,13693767.0,230.2836498008996,61.2674786619333,Sugar beet,54300.0,4656100.0,857.1,257.8,22.0,-235.8,5191.158551871242,-0.28702993437713076,0.045372619352851196
05766,2017,76.29,371.2862243652344,16.033475875854492,0.0,13766406.0,195.0615252904903,67.58305823046362,Sugar beet,61000.0,5411500.0,886.8,254.0,24.5,-229.5,5247.733417627726,-2.031020465820518,-0.5844923491688647
05766,2019,78.07,177.12875366210938,17.290180206298828,6.0,15026255.0,195.0615252904903,67.58305823046362,Sugar beet,59300.0,4453200.0,751.3,258.5,15.0,-243.5,6162.053765257481,0.3888324554384326,-0.11570511202536005
05766,2020,86.25,207.24436950683597,17.114797592163086,3.0,14779740.0,195.0615252904903,67.58305823046362,Sugar beet,50700.0,4031400.0,795.5,269.5,191.75,-77.75,5497.014449406644,0.6723249593057972,0.162389375748635
05766,2021,84.65,261.6981201171875,16.507326126098633,0.0,13692310.0,195.0615252904903,67.58305823046362,Sugar beet,54300.0,4656100.0,857.1,257.8,22.0,-235.8,5362.845636025148,-0.23028181727346464,0.03187805042268388
05974,2017,91.31,369.6666564941406,16.403427124023438,0.0,13896519.0,184.8455356969452,63.28052138138053,Sugar beet,61000.0,5411500.0,886.8,254.0,24.5,-229.5,6280.908878799156,-1.9390787180676625,-0.5759880602645173
05974,2019,82.92,208.5111083984375,17.365022659301758,5.0,15310367.0,184.8455356969452,63.28052138138053,Sugar beet,59300.0,4453200.0,751.3,258.5,15.0,-243.5,6544.863561100941,0.3124868748332119,-0.011388722187362088
05974,2020,86.72,202.76889038085935,17.413951873779297,4.0,14820248.0,184.8455356969452,63.28052138138053,Sugar beet,50700.0,4031400.0,795.5,269.5,191.75,-77.75,5526.969194812106,0.6394259290107698,0.18392084403358888
05974,2021,86.45,318.0939025878906,16.5635929107666,0.0,13773727.0,184.8455356969452,63.28052138138053,Sugar beet,54300.0,4656100.0,857.1,257.8,22.0,-235.8,5476.881337677189,-0.23786435799269157,0.01056192643532916
05978,2020,76.5,187.6627349853516,17.900564193725586,7.0,14719335.0,98.65422229152692,54.21490373855284,Sugar beet,50700.0,4031400.0,795.5,269.5,191.75,-77.75,4875.612815995458,0.5332053541397954,0.2548206880572004
06414,2021,90.33,265.52667236328125,17.462739944458008,0.0,14791943.0,209.4923269980455,52.72598136375322,Sugar beet,16600.0,1407200.0,847.3,257.8,22.0,-235.8,1769.7132045677881,-0.34745218968322433,0.08488450308729178
06431,2019,84.83,166.52713012695312,19.328861236572266,10.0,17589082.0,228.5186488360849,52.46739927321287,Sugar beet,17800.0,1434500.0,804.2,258.5,15.0,-243.5,1877.610044917172,0.36772794930305963,-0.1140124138605163
06432,2017,88.3,281.8375549316406,17.634174346923828,3.0,15552349.0,189.48108460144596,51.88960179488917,Sugar beet,17600.0,1556400.0,883.0,254.0,24.5,-229.5,1759.9999980067948,-1.989719179882968,-0.6062377063895555
06432,2019,81.78,182.0512237548828,19.159181594848636,10.0,17479568.0,189.48108460144596,51.88960179488917,Sugar beet,17800.0,1434500.0,804.2,258.5,15.0,-243.5,1810.101962434591,0.40232772789647697,-0.15239775375368259
06432,2020,71.79,117.69499206542967,19.726154327392575,11.0,16817584.0,189.48108460144596,51.88960179488917,Sugar beet,16500.0,1233600.0,747.4,269.5,191.75,-77.75,1584.8742285457934,0.6240460286070402,0.17894238685602049
06432,2021,80.09,213.6337432861328,17.830419540405273,0.0,15021759.0,189.48108460144596,51.88960179488917,Sugar beet,16600.0,1407200.0,847.3,257.8,22.0,-235.8,1569.0947697756467,-0.36010922541191803,0.017487899747068214
06433,2017,88.72,240.8880157470703,18.1844425201416,5.0,15415541.0,92.4125293783346,43.40426238206409,Sugar beet,17600.0,1556400.0,883.0,254.0,24.5,-229.5,1768.3714589259666,-1.9283623222325446,-0.6258007913045943
06433,2019,80.37,161.1000213623047,19.793920516967773,14.0,17416948.0,92.4125293783346,43.40426238206409,Sugar beet,17800.0,1434500.0,804.2,258.5,15.0,-243.5,1778.8933079098567,0.4226591325619893,-0.23642422045951528
06433,2020,71.53,101.45000457763672,20.283184051513672,17.0,16664856.0,92.4125293783346,43.40426238206409,Sugar beet,16500.0,1233600.0,747.4,269.5,191.75,-77.75,1579.1343302393173,0.5799583443553615,0.19360189698333108
06433,2021,83.38,212.1280212402344,18.29910087585449,1.0,14904552.0,92.4125293783346,43.40426238206409,Sugar beet,16600.0,1407200.0,847.3,257.8,22.0,-235.8,1633.551278610231,-0.3693079333798437,0.07421944520286639
06434,2017,92.11,273.2283630371094,16.420425415039062,1.0,15079917.0,376.41009902321633,58.18841328380765,Sugar beet,17600.0,1556400.0,883.0,254.0,24.5,-229.5,1835.9411077735663,-1.8898632281571963,-0.6340621929465022
06434,2019,82.43,161.09165954589844,17.964035034179688,6.0,17093972.0,376.41009902321633,58.18841328380765,Sugar beet,17800.0,1434500.0,804.2,258.5,15.0,-243.5,1824.4889308325182,0.42199582534919955,-0.1912568503840627
06434,2020,74.93,123.51834106445312,18.39638328552246,6.0,16291218.0,376.41009902321633,58.18841328380765,Sugar beet,16500.0,1233600.0,747.4,269.5,191.75,-77.75,1654.194538862464,0.5789979603192705,0.20665457033135093
06434,2021,92.38,257.0616455078125,16.512676239013672,0.0,14647409.0,376.41009902321633,58.18841328380765,Sugar beet,16600.0,1407200.0,847.3,257.8,22.0,-235.8,1809.8760748142618,-0.352065333727694,0.11009636101980713
06435,2017,86.27,296.7371826171875,16.47283363342285,1.0,15088850.0,286.82231562732915,55.338006038509,Sugar beet,17600.0,1556400.0,883.0,254.0,24.5,-229.5,1719.5379368974654,-2.085005616363844,-0.6065799338268132
06435,2019,81.35,181.5872039794922,17.71360206604004,4.0,16931618.0,286.82231562732915,55.338006038509,Sugar beet,17800.0,1434500.0,804.2,258.5,15.0,-243.5,1800.5844294944236,0.4315288628771441,-0.11597274503218336
06440,2017,89.9,276.6578369140625,16.941265106201172,1.0,15047565.0,218.25923939842477,50.50510330848203,Sugar beet,17600.0,1556400.0,883.0,254.0,24.5,-229.5,1791.8912776988775,-1.8801510364189653,-0.617736573970546
06440,2019,83.38,158.8150177001953,18.355119705200195,8.0,16983532.0,218.25923939842477,50.50510330848203,Sugar beet,17800.0,1434500.0,804.2,258.5,15.0,-243.5,1845.5160384910268,0.4125841610430143,-0.14884322293693442
06440,2020,72.83,122.11213684082033,18.752965927124023,8.0,16331311.0,218.25923939842477,50.50510330848203,Sugar beet,16500.0,1233600.0,747.4,269.5,191.75,-77.75,1607.8338217716969,0.6397543088569364,0.2103708757554359
06440,2021,93.0,246.2221527099609,17.05081558227539,0.0,14723630.0,218.25923939842477,50.50510330848203,Sugar beet,16600.0,1407200.0,847.3,257.8,22.0,-235.8,1822.0228941083171,-0.39747967210087154,0.06330150247915944
06531,2017,91.06,290.9779663085937,16.6483097076416,1.0,14884338.0,240.53761859489617,50.47837629224309,Sugar beet,17600.0,1556400.0,883.0,254.0,24.5,-229.5,1815.0124554756371,-1.840750147065478,-0.6408512558653816
06531,2019,81.57,140.44801330566406,18.0236873626709,8.0,16803772.0,240.53761859489617,50.47837629224309,Sugar beet,17800.0,1434500.0,804.2,258.5,15.0,-243.5,1805.4538649521835,0.4051605931601898,-0.2023535319541906
06531,2020,75.22,120.53199768066406,18.279035568237305,6.0,16120708.0,240.53761859489617,50.47837629224309,Sugar beet,16500.0,1233600.0,747.4,269.5,191.75,-77.75,1660.5967331273794,0.6079658545342568,0.22938643485806987
06531,2021,86.67,273.93603515625,16.76053237915039,0.0,14686495.0,240.53761859489617,50.47837629224309,Sugar beet,16600.0,1407200.0,847.3,257.8,22.0,-235.8,1698.0077874448157,-0.40377189346929754,0.11812555722959428
06535,2017,82.48,311.9378967285156,15.93262004852295,0.0,14743005.0,381.61814459518007,56.02250347734993,Sugar beet,17600.0,1556400.0,883.0,254.0,24.5,-229.5,1643.9954681268457,-1.985064724974336,-0.62657380888464
06535,2019,75.02,164.68527221679688,17.04932403564453,4.0,16601724.0,381.61814459518007,56.02250347734993,Sugar beet,17800.0,1434500.0,804.2,258.5,15.0,-243.5,1660.4774910961482,0.42514099518427884,-0.1287370058741878
06535,2021,82.1,277.9520874023437,15.99029541015625,0.0,14521870.0,381.61814459518007,56.02250347734993,Sugar beet,16600.0,1407200.0,847.3,257.8,22.0,-235.8,1608.4739742612132,-0.44655413851347703,0.03885675647803222
06633,2017,86.51,346.17559814453125,15.83380126953125,0.0,14085642.0,283.1839426580986,55.48021563816635,Sugar beet,17600.0,1556400.0,883.0,254.0,24.5,-229.5,1724.321628851278,-1.997822549087516,-0.6113152023598765
06633,2019,81.45,178.26498413085938,16.74020004272461,4.0,15601116.0,283.1839426580986,55.48021563816635,Sugar beet,17800.0,1434500.0,804.2,258.5,15.0,-243.5,1802.797809247951,0.3506475790118202,-0.13433800274654106
06633,2020,81.2,195.1681365966797,16.908607482910156,2.0,15342667.0,283.1839426580986,55.48021563816635,Sugar beet,16500.0,1233600.0,747.4,269.5,191.75,-77.75,1792.6143941763255,0.6386923342475939,0.19795737393237012
06633,2021,82.29,249.60250854492188,16.111072540283203,0.0,13881626.0,283.1839426580986,55.48021563816635,Sugar beet,16600.0,1407200.0,847.3,257.8,22.0,-235.8,1612.1963866255207,-0.37622042671165445,0.09113468705684569
06634,2017,89.15,308.75555419921875,15.99295711517334,0.0,14370720.0,302.2606762770996,50.86215178289449,Sugar beet,17600.0,1556400.0,883.0,254.0,24.5,-229.5,1776.9422403432138,-1.934264644144605,-0.6199863828725372
06634,2019,78.98,166.11611938476562,16.90859603881836,4.0,16063343.0,302.2606762770996,50.86215178289449,Sugar beet,17800.0,1434500.0,804.2,258.5,15.0,-243.5,1748.1273293358279,0.399569459815325,-0.1537513004083021
06634,2020,79.7,160.26612854003906,17.219018936157227,3.0,15667339.0,302.2606762770996,50.86215178289449,Sugar beet,16500.0,1233600.0,747.4,269.5,191.75,-77.75,1759.499596254349,0.6407295333540901,0.18798583647785638
06634,2021,81.63,256.1111145019531,16.12262535095215,0.0,14167345.0,302.2606762770996,50.86215178289449,Sugar beet,16600.0,1407200.0,847.3,257.8,22.0,-235.8,1599.2659015705583,-0.4223945033901373,0.0563743645541801
06636,2017,77.01,326.9739685058594,15.749277114868164,0.0,14261372.0,329.5856077347513,57.24082814403981,Sugar beet,17600.0,1556400.0,883.0,254.0,24.5,-229.5,1534.967155679539,-2.2529295446066726,-0.5828584241667941
06636,2019,74.28,166.12600708007812,16.633533477783203,3.0,15713475.0,329.5856077347513,57.24082814403981,Sugar beet,17800.0,1434500.0,804.2,258.5,15.0,-243.5,1644.0984809200465,0.44583882020918963,-0.10614132679846011
06636,2020,68.96,186.22532653808597,16.914581298828125,3.0,15486968.0,329.5856077347513,57.24082814403981,Sugar beet,16500.0,1233600.0,747.4,269.5,191.75,-77.75,1522.3976431329975,0.7142197398683265,0.13963655527941166
06636,2021,77.11,244.5800018310547,15.996940612792969,0.0,13928499.0,329.5856077347513,57.24082814403981,Sugar beet,16600.0,1407200.0,847.3,257.8,22.0,-235.8,1510.7116705880896,-0.3682202575192832,0.008448824831245538
07131,2017,87.47,295.6155700683594,15.84316635131836,0.0,14790187.0,347.5748997180113,61.81875079042029,Sugar beet,19900.0,1594400.0,800.3,254.0,24.5,-229.5,2175.0006220479813,-1.856712780719647,-0.5780490722537655
07133,2019,84.04,171.92092895507812,18.04244804382324,6.0,17705350.0,296.724437063036,51.07921936344532,Sugar beet,17600.0,1380600.0,785.8,258.5,15.0,-243.5,1882.2906568054334,0.30858501061374,-0.1998724840123539
07137,2017,86.51,249.0799865722656,16.5571231842041,0.0,14944552.0,275.56174301379946,52.56413776581187,Sugar beet,19900.0,1594400.0,800.3,254.0,24.5,-229.5,2151.129573720943,-1.8623621269169917,-0.5809115748949245
07137,2019,76.15,195.01751708984372,17.511032104492188,5.0,16970672.0,275.56174301379946,52.56413776581187,Sugar beet,17600.0,1380600.0,785.8,258.5,15.0,-243.5,1705.5739352181552,0.2685329763255595,-0.14634105903272665
07137,2020,59.96,146.09832763671875,17.930208206176758,8.0,15907233.0,275.56174301379946,52.56413776581187,Sugar beet,16500.0,970600.0,589.1,269.5,191.75,-77.75,1679.409265524683,0.5119372634617321,0.23691890186596187
07137,2021,82.65,280.32916259765625,16.499561309814453,0.0,14733254.0,275.56174301379946,52.56413776581187,Sugar beet,16100.0,1359100.0,841.6,257.8,22.0,-235.8,1581.1133536346088,-0.14569727716155967,0.07284022371611987
07331,2017,77.98,226.24713134765625,17.950634002685547,4.0,15675481.0,184.74102991462405,48.12279545184597,Sugar beet,19900.0,1594400.0,800.3,254.0,24.5,-229.5,1939.0253630650693,-1.9257721352318526,-0.6342284739584589
07331,2019,78.18,164.855712890625,19.406177520751957,12.0,17704498.0,184.74102991462405,48.12279545184597,Sugar beet,17600.0,1380600.0,785.8,258.5,15.0,-243.5,1751.0409751195714,0.40418104932825827,-0.25234776162191375
07331,2020,62.62,97.04286193847656,19.92459297180176,17.0,16902370.0,184.74102991462405,48.12279545184597,Sugar beet,16500.0,970600.0,589.1,269.5,191.75,-77.75,1753.9127452827825,0.5575561880808095,0.20105094694887238
07331,2021,82.23,219.5900115966797,17.827299118041992,0.0,15154291.0,184.74102991462405,48.12279545184597,Sugar beet,16100.0,1359100.0,841.6,257.8,22.0,-235.8,1573.0786578266652,-0.355721640099091,0.08789170074307795
07332,2017,74.55,286.99664306640625,17.750560760498047,4.0,15794371.0,265.18497040983937,54.88075242723909,Sugar beet,19900.0,1594400.0,800.3,254.0,24.5,-229.5,1853.7360966465876,-2.1063474428274276,-0.6347351507659171
07332,2019,71.52,177.8300018310547,19.13032913208008,9.0,17740564.0,265.18497040983937,54.88075242723909,Sugar beet,17600.0,1380600.0,785.8,258.5,15.0,-243.5,1601.8732481523627,0.4144397297329192,-0.26196921196687206
07332,2020,26.24,111.538330078125,19.753318786621094,12.0,17072884.0,265.18497040983937,54.88075242723909,Sugar beet,16500.0,970600.0,589.1,269.5,191.75,-77.75,734.9516198693742,0.6094388587994217,0.2087685583018053
07332,2021,70.16,259.8283386230469,17.600278854370117,0.0,15341519.0,265.18497040983937,54.88075242723909,Sugar beet,16100.0,1359100.0,841.6,257.8,22.0,-235.8,1342.1768044888584,-0.31097361806007484,0.0835639619927413
07333,2017,89.69,262.7912292480469,17.140689849853516,2.0,15668737.0,306.886938037734,50.4921750699735,Sugar beet,19900.0,1594400.0,800.3,254.0,24.5,-229.5,2230.2024213042578,-1.9696441907041162,-0.6235279045586877
07333,2019,77.35,179.58377075195312,18.334922790527344,7.0,17710560.0,306.886938037734,50.4921750699735,Sugar beet,17600.0,1380600.0,785.8,258.5,15.0,-243.5,1732.4510031401744,0.38202588249328073,-0.24917221325106853
07333,2020,68.67,112.58250427246094,18.9301872253418,10.0,16940944.0,306.886938037734,50.4921750699735,Sugar beet,16500.0,970600.0,589.1,269.5,191.75,-77.75,1923.3661484919944,0.5379678282340024,0.21911326032099043
07333,2021,87.99,261.9512634277344,16.876256942749023,0.0,15204455.0,306.886938037734,50.4921750699735,Sugar beet,16100.0,1359100.0,841.6,257.8,22.0,-235.8,1683.2687717641766,-0.26053122635278214,0.07241441742709376
07334,2017,77.96,242.28598022460935,18.657041549682617,8.0,15857519.0,120.12467382252188,47.66931692198731,Sugar beet,19900.0,1594400.0,800.3,254.0,24.5,-229.5,1938.5280495582556,-2.153284188667101,-0.5913833889314277
07334,2019,67.24,136.58001708984375,20.02142143249512,15.0,17780738.0,120.12467382252188,47.66931692198731,Sugar beet,17600.0,1380600.0,785.8,258.5,15.0,-243.5,1506.01170589716,0.35611495219757217,-0.17982385137306367
07334,2020,54.7,104.33399963378906,20.338747024536133,15.0,17232500.0,120.12467382252188,47.66931692198731,Sugar beet,16500.0,970600.0,589.1,269.5,191.75,-77.75,1532.0828356270874,0.6354380350098836,0.17434042237423064
07334,2021,86.37,217.87998962402344,18.375438690185547,1.0,15507694.0,120.12467382252188,47.66931692198731,Sugar beet,16100.0,1359100.0,841.6,257.8,22.0,-235.8,1652.2778022192517,-0.3178299820808661,0.0418139023448898
07337,2017,84.46,299.3614501953125,17.923080444335938,5.0,15847059.0,251.85473949706744,56.42069397953205,Sugar beet,19900.0,1594400.0,800.3,254.0,24.5,-229.5,2100.154939272579,-2.157366752670896,-0.6137461313732037
07337,2019,82.84,158.2285614013672,19.196992874145508,10.0,17789312.0,251.85473949706744,56.42069397953205,Sugar beet,17600.0,1380600.0,785.8,258.5,15.0,-243.5,1855.4135888834137,0.4047603435253109,-0.22774592452847142
07337,2020,68.11,120.87857818603516,19.66623878479004,14.0,17209764.0,251.85473949706744,56.42069397953205,Sugar beet,16500.0,970600.0,589.1,269.5,191.75,-77.75,1907.681205385026,0.6083180174325662,0.20372786892340033
07337,2021,87.58,263.432861328125,17.660676956176758,0.0,15492033.0,251.85473949706744,56.42069397953205,Sugar beet,16100.0,1359100.0,841.6,257.8,22.0,-235.8,1675.4253782373748,-0.2743274009100105,0.04996359603430034
07338,2017,39.21,243.885009765625,18.57971572875977,7.0,15900463.0,100.9821622520557,41.94914260173256,Sugar beet,19900.0,1594400.0,800.3,254.0,24.5,-229.5,974.9831301074809,-2.0288844838551086,-0.6108834638030763
07339,2017,84.91,235.1457061767578,17.820375442504883,4.0,15505224.0,190.07160074730552,48.84544684417733,Sugar beet,19900.0,1594400.0,800.3,254.0,24.5,-229.5,2111.344493175878,-1.9137198965393054,-0.6307934290648958
07339,2019,78.31,168.59715270996094,19.1885929107666,12.0,17565492.0,190.07160074730552,48.84544684417733,Sugar beet,17600.0,1380600.0,785.8,258.5,15.0,-243.5,1753.9526574777901,0.3953865394385616,-0.24026935203119215
07339,2020,53.48,106.4528579711914,19.71449279785156,15.0,16717326.0,190.07160074730552,48.84544684417733,Sugar beet,16500.0,970600.0,589.1,269.5,191.75,-77.75,1497.9120667154775,0.5416467696360314,0.20177193214965405
07339,2021,87.17,234.0471343994141,17.6923885345459,0.0,14989319.0,190.07160074730552,48.84544684417733,Sugar beet,16100.0,1359100.0,841.6,257.8,22.0,-235.8,1667.581984710573,-0.32876040707560605,0.0855220576259994
08111,2017,84.09,264.1500244140625,17.345699310302734,1.0,15713016.0,354.9420980627743,47.02420308255134,Sugar beet,20600.0,1814000.0,879.7,254.0,24.5,-229.5,1969.1417506318726,-2.182247116419319,-0.6143428111459219
08111,2019,82.92,197.10333251953125,18.156179428100582,5.0,17464420.0,354.9420980627743,47.02420308255134,Sugar beet,19700.0,1592700.0,807.0,258.5,15.0,-243.5,2024.193306041892,0.17437467911275917,-0.01617771915477062
08111,2020,65.46,179.8100128173828,18.652374267578125,9.0,16985448.0,354.9420980627743,47.02420308255134,Sugar beet,18700.0,1294500.0,691.9,269.5,191.75,-77.75,1769.1891866321878,0.7084804172351369,0.18731778185738612
08111,2021,83.05,254.81332397460935,16.986984252929688,0.0,15257593.0,354.9420980627743,47.02420308255134,Sugar beet,19500.0,1641600.0,840.5,257.8,22.0,-235.8,1926.7995218003573,-0.3582815923625162,0.0532003992757446
08115,2017,89.88,269.86376953125,16.851354598999023,1.0,15873869.0,470.1272866448536,48.94521501984948,Sugar beet,20600.0,1814000.0,879.7,254.0,24.5,-229.5,2104.726608952226,-2.27592309047634,-0.6149394200195731
08115,2019,86.58,222.15626525878903,17.594158172607422,4.0,17593196.0,470.1272866448536,48.94521501984948,Sugar beet,19700.0,1592700.0,807.0,258.5,15.0,-243.5,2113.5390308382416,0.1774791546130814,-0.0016760534370608982
08118,2017,86.64,271.1750183105469,17.764381408691406,3.0,15701686.0,282.4640191800873,46.63304415170457,Sugar beet,20600.0,1814000.0,879.7,254.0,24.5,-229.5,2028.8552892703701,-2.147563017290622,-0.6143570968239054
08118,2019,78.26,192.3249969482422,18.60962677001953,6.0,17531050.0,282.4640191800873,46.63304415170457,Sugar beet,19700.0,1592700.0,807.0,258.5,15.0,-243.5,1910.4361810279602,0.20907543383202665,-0.03328769296672729
08118,2020,64.59,172.52499389648438,19.0567684173584,11.0,17002638.0,282.4640191800873,46.63304415170457,Sugar beet,18700.0,1294500.0,691.9,269.5,191.75,-77.75,1745.6756731526586,0.6920518105223437,0.20920261001989027
08118,2021,81.88,247.2000274658203,17.430505752563477,0.0,15193535.0,282.4640191800873,46.63304415170457,Sugar beet,19500.0,1641600.0,840.5,257.8,22.0,-235.8,1899.6549650212314,-0.3367744157770858,0.038767749978751986
08119,2019,81.36,180.302734375,17.924209594726562,4.0,17364214.0,382.740038914057,56.07542370943023,Sugar beet,19700.0,1592700.0,807.0,258.5,15.0,-243.5,1986.111521702464,0.19964735101694941,0.009558397297651178
08119,2020,59.07,174.02273559570312,18.36261749267578,8.0,16870838.0,382.740038914057,56.07542370943023,Sugar beet,18700.0,1294500.0,691.9,269.5,191.75,-77.75,1596.4864841790918,0.7524238911254884,0.17003544908239432
08125,2017,91.85,262.6806030273437,17.641374588012695,3.0,15674106.0,256.19008124886005,52.63757019254051,Sugar beet,20600.0,1814000.0,879.7,254.0,24.5,-229.5,2150.858244684712,-2.0469011429840407,-0.6023610011600482
08125,2019,84.63,161.46124267578125,18.67599868774414,5.0,17554260.0,256.19008124886005,52.63757019254051,Sugar beet,19700.0,1592700.0,807.0,258.5,15.0,-243.5,2065.936800413957,0.26591964251412037,-0.018665901431846876
08125,2020,63.06,143.7893829345703,19.048070907592773,10.0,16965412.0,256.19008124886005,52.63757019254051,Sugar beet,18700.0,1294500.0,691.9,269.5,191.75,-77.75,1704.3243218610721,0.6499157540620786,0.21543657038099484
08125,2021,85.1,216.72686767578125,17.456832885742188,0.0,15077734.0,256.19008124886005,52.63757019254051,Sugar beet,19500.0,1641600.0,840.5,257.8,22.0,-235.8,1974.360497353527,-0.3643082052890918,-0.002530681451004879
08126,2017,91.55,261.5539855957031,17.02701187133789,1.0,15533542.0,336.4091301756647,55.46941274867426,Sugar beet,20600.0,1814000.0,879.7,254.0,24.5,-229.5,2143.833122491948,-2.167286777711695,-0.6004843303603097
08126,2019,82.38,166.60301208496094,17.909404754638672,4.0,17391742.0,336.4091301756647,55.46941274867426,Sugar beet,19700.0,1592700.0,807.0,258.5,15.0,-243.5,2011.0111499243974,0.25837951629648614,-0.002143372185410386
08126,2020,67.41,154.61203002929688,18.39375877380371,9.0,16852902.0,336.4091301756647,55.46941274867426,Sugar beet,18700.0,1294500.0,691.9,269.5,191.75,-77.75,1821.8918892587196,0.7033249912564088,0.189708925392845
08126,2021,86.0,227.04800415039065,16.799314498901367,0.0,14945873.0,336.4091301756647,55.46941274867426,Sugar beet,19500.0,1641600.0,840.5,257.8,22.0,-235.8,1995.2409256451626,-0.3591617807455805,0.007139803690360713
08127,2019,77.8,189.0029296875,17.415029525756836,4.0,17273462.0,438.4217083344317,55.9660877410672,Sugar beet,19700.0,1592700.0,807.0,258.5,15.0,-243.5,1899.2069369278722,0.2923838110049246,0.04211702804298989
08128,2017,86.88,279.7831420898437,16.916887283325195,1.0,15532850.0,333.40966965901134,51.929721011856586,Sugar beet,20600.0,1814000.0,879.7,254.0,24.5,-229.5,2034.4753870245816,-2.0889737557423587,-0.6220924121801463
08128,2019,77.75,173.98251342773438,17.808971405029297,4.0,17320770.0,333.40966965901134,51.929721011856586,Sugar beet,19700.0,1592700.0,807.0,258.5,15.0,-243.5,1897.9863669169933,0.31030457301244496,-0.042447766794875386
08128,2020,73.21,148.91749572753906,18.443191528320312,9.0,16807838.0,333.40966965901134,51.929721011856586,Sugar beet,18700.0,1294500.0,691.9,269.5,191.75,-77.75,1978.6486457889164,0.6772412552357423,0.18547842588337726
08128,2021,89.38,247.70562744140625,16.866456985473633,0.0,14932395.0,333.40966965901134,51.929721011856586,Sugar beet,19500.0,1641600.0,840.5,257.8,22.0,-235.8,2073.658534118193,-0.42790941992439,0.0037641611890377735
08215,2017,77.35,259.52716064453125,18.339231491088867,5.0,15936903.0,177.52681894776447,50.89967809672198,Sugar beet,20600.0,1814000.0,879.7,254.0,24.5,-229.5,1811.310672034431,-2.1060052292166915,-0.5718124317562694
08215,2019,76.19,157.1364288330078,19.555673599243164,11.0,17816402.0,177.52681894776447,50.89967809672198,Sugar beet,19700.0,1592700.0,807.0,258.5,15.0,-243.5,1859.9045825775654,0.3181914030496955,-0.10116654995751928
08215,2020,56.37,125.87142944335938,19.90579605102539,13.0,17247784.0,177.52681894776447,50.89967809672198,Sugar beet,18700.0,1294500.0,691.9,269.5,191.75,-77.75,1523.5135113115862,0.6701549366667336,0.16405228627024138
08215,2021,86.4,222.7514495849609,18.15177345275879,0.0,15481831.0,177.52681894776447,50.89967809672198,Sugar beet,19500.0,1641600.0,840.5,257.8,22.0,-235.8,2004.5211159970006,-0.3541191434044322,0.006372888093825413
08225,2017,94.44,310.6014099121094,16.838998794555664,1.0,15605383.0,355.92770085814504,55.70083988664711,Sugar beet,20600.0,1814000.0,879.7,254.0,24.5,-229.5,2211.5084662822455,-2.144731865605081,-0.6245794278888053
08225,2019,77.41,197.77569580078125,17.932849884033203,4.0,17475156.0,355.92770085814504,55.70083988664711,Sugar beet,19700.0,1592700.0,807.0,258.5,15.0,-243.5,1889.6864908430155,0.3305814003410319,-0.023586661930468655
08225,2020,71.49,154.82284545898438,18.440448760986328,9.0,16877668.0,355.92770085814504,55.70083988664711,Sugar beet,18700.0,1294500.0,691.9,269.5,191.75,-77.75,1932.1621593696166,0.6823739979558923,0.19289096458728117
08225,2021,73.95,252.2057037353516,16.786911010742188,0.0,15003567.0,355.92770085814504,55.70083988664711,Sugar beet,19500.0,1641600.0,840.5,257.8,22.0,-235.8,1715.6751912960437,-0.3596518000776996,-0.013066251089322578
08226,2017,85.45,273.77880859375,17.803373336791992,3.0,15702781.0,209.0248696311348,54.230921024529486,Sugar beet,20600.0,1814000.0,879.7,254.0,24.5,-229.5,2000.9889712390711,-2.025481640083626,-0.5807836785357983
08226,2019,79.42,164.8931427001953,19.035568237304688,7.0,17613600.0,209.0248696311348,54.230921024529486,Sugar beet,19700.0,1592700.0,807.0,258.5,15.0,-243.5,1938.7534052803553,0.3471639353030582,-0.10154688927742195
08226,2020,76.94,123.0418701171875,19.53351593017578,10.0,16984628.0,209.0248696311348,54.230921024529486,Sugar beet,18700.0,1294500.0,691.9,269.5,191.75,-77.75,2079.459456454026,0.6415401996669061,0.16631378130039742
08226,2021,89.34,213.88250732421875,17.72602653503418,0.0,15147313.0,209.0248696311348,54.230921024529486,Sugar beet,19500.0,1641600.0,840.5,257.8,22.0,-235.8,2072.73051508301,-0.3539546890949623,-0.006488839295223703
08425,2019,74.15,268.02166748046875,16.977527618408203,3.0,17179628.0,606.9436369425779,51.33948169282452,Sugar beet,19700.0,1592700.0,807.0,258.5,15.0,-243.5,1810.1053261336988,0.1064596298339211,0.0336427774040553
08425,2020,80.46,282.63055419921875,17.25360679626465,2.0,16994614.0,606.9436369425779,51.33948169282452,Sugar beet,18700.0,1294500.0,691.9,269.5,191.75,-77.75,2174.5945914516624,0.7400687604313134,0.11513115785482264
08425,2021,76.39,346.60552978515625,15.951275825500488,0.0,15626688.0,606.9436369425779,51.33948169282452,Sugar beet,19500.0,1641600.0,840.5,257.8,22.0,-235.8,1772.2843524422556,-0.47850513342427803,0.07159435738698416
09174,2019,81.09,313.0950012207031,17.583209991455078,5.0,16688213.0,497.4195387326888,42.40783205362409,Sugar beet,67600.0,5589600.0,826.4,258.5,15.0,-243.5,6633.209091682952,0.2458172965432368,0.14189421625566756
09176,2017,90.92,278.3700256347656,16.776697158813477,2.0,15652952.0,467.7335862393804,44.97050160649565,Sugar beet,71100.0,6567700.0,923.7,254.0,24.5,-229.5,6998.389079789554,-2.435196979619093,-0.5703721221042164
09176,2019,81.94,233.0453338623047,17.641023635864258,6.0,16813346.0,467.7335862393804,44.97050160649565,Sugar beet,67600.0,5589600.0,826.4,258.5,15.0,-243.5,6702.739585306463,0.3550109730488771,0.09392179316172267
09176,2020,84.97,229.6626892089844,17.744403839111328,3.0,16596840.0,467.7335862393804,44.97050160649565,Sugar beet,63500.0,5308100.0,835.7,269.5,191.75,-77.75,6456.377879075771,0.7776940317208982,0.051741147674132515
09176,2021,86.33,298.09136962890625,16.555883407592773,0.0,15292767.0,467.7335862393804,44.97050160649565,Sugar beet,62900.0,5646400.0,897.1,257.8,22.0,-235.8,6053.011920574058,-0.5983768006096852,0.00828610211997649
09177,2020,91.04,316.0081787109375,17.744054794311523,3.0,16682063.0,486.1818432301588,45.0013349006324,Sugar beet,63500.0,5308100.0,835.7,269.5,191.75,-77.75,6917.60200201316,0.7258685727132956,0.04817411396380433
09177,2021,93.44,408.8808898925781,16.774341583251953,0.0,15808178.0,486.1818432301588,45.0013349006324,Sugar beet,62900.0,5646400.0,897.1,257.8,22.0,-235.8,6551.52825041631,-0.6292681120314683,-0.031051650604641767
09178,2017,85.34,303.4710693359375,17.056859970092773,3.0,15910674.0,467.8151530219496,43.12180830083252,Sugar beet,71100.0,6567700.0,923.7,254.0,24.5,-229.5,6568.879499221739,-2.3952898073839606,-0.545781173046159
09179,2017,88.42,333.78497314453125,16.817968368530273,1.0,16105646.0,543.671344847516,44.93198598146209,Sugar beet,71100.0,6567700.0,923.7,254.0,24.5,-229.5,6805.956472008274,-2.388424120811692,-0.5341098445674077
09181,2017,89.77,360.22222900390625,16.34674072265625,1.0,16156167.0,627.7717723774085,49.032628629115536,Sugar beet,71100.0,6567700.0,923.7,254.0,24.5,-229.5,6909.870080210165,-2.3224801687085233,-0.5304096023396866
09181,2019,91.9,371.7889099121094,16.991952896118164,3.0,16645625.0,627.7717723774085,49.032628629115536,Sugar beet,67600.0,5589600.0,826.4,258.5,15.0,-243.5,7517.473369412545,0.10430072139337199,0.1416131185745637
09181,2020,88.73,358.5655517578125,17.102855682373047,1.0,16750029.0,627.7717723774085,49.032628629115536,Sugar beet,63500.0,5308100.0,835.7,269.5,191.75,-77.75,6742.0784890007435,0.8014429278048851,0.06622827121781016
09181,2021,77.68,453.7688598632813,16.18536949157715,0.0,15714294.0,627.7717723774085,49.032628629115536,Sugar beet,62900.0,5646400.0,897.1,257.8,22.0,-235.8,5446.518776673149,-0.4571430313467886,0.027469944748824693
09185,2017,89.45,277.29888916015625,17.046558380126953,2.0,15905887.0,417.10512027480473,39.96029541523365,Sugar beet,71100.0,6567700.0,923.7,254.0,24.5,-229.5,6885.238706414162,-2.308074323532992,-0.5778445343626318
09185,2019,87.85,265.59112548828125,17.839672088623047,6.0,16969184.0,417.10512027480473,39.96029541523365,Sugar beet,67600.0,5589600.0,826.4,258.5,15.0,-243.5,7186.181017441698,0.31374028507980256,0.10713671092504229
09185,2020,85.92,239.7177734375,17.893301010131836,4.0,16761299.0,417.10512027480473,39.96029541523365,Sugar beet,63500.0,5308100.0,835.7,269.5,191.75,-77.75,6528.5628736046865,0.6959556589982867,0.0698208930080293
09185,2021,81.05,311.4022216796875,16.824525833129883,0.0,15579446.0,417.10512027480473,39.96029541523365,Sugar beet,62900.0,5646400.0,897.1,257.8,22.0,-235.8,5682.80570094437,-0.553384823963313,0.03677800428408062
09186,2017,87.0,275.38299560546875,17.146793365478516,3.0,15834862.0,438.441564024743,40.93424648046478,Sugar beet,71100.0,6567700.0,923.7,254.0,24.5,-229.5,6696.654750788508,-2.419844944916747,-0.5683448317427299
09186,2019,79.04,262.0149841308594,17.931324005126953,6.0,16693453.0,438.441564024743,40.93424648046478,Sugar beet,67600.0,5589600.0,826.4,258.5,15.0,-243.5,6465.517901179191,0.32865111666984603,0.11961998595150414
09186,2021,81.76,337.6039733886719,16.8913631439209,0.0,15495791.0,438.441564024743,40.93424648046478,Sugar beet,62900.0,5646400.0,897.1,257.8,22.0,-235.8,5732.587219114272,-0.6440099489396971,0.0267691581969427
09271,2017,94.02,271.7718200683594,17.15935707092285,1.0,16297628.0,407.29489499139714,50.91396782333208,Sugar beet,71100.0,6567700.0,923.7,254.0,24.5,-229.5,7237.005513438339,-2.5090353493959583,-0.5510466788478572
09271,2019,93.35,269.04364013671875,17.953943252563477,5.0,16665606.0,407.29489499139714,50.91396782333208,Sugar beet,67600.0,5589600.0,826.4,258.5,15.0,-243.5,7636.084211476181,0.5181875524633028,0.20276085552712808
09271,2020,94.24,314.2117919921875,17.868623733520508,2.0,16894362.0,407.29489499139714,50.91396782333208,Sugar beet,63500.0,5308100.0,835.7,269.5,191.75,-77.75,7160.751457268456,0.7912006560179634,-0.0029942616142570877
09271,2021,99.67,322.30181884765625,17.004615783691406,0.0,15922987.0,407.29489499139714,50.91396782333208,Sugar beet,62900.0,5646400.0,897.1,257.8,22.0,-235.8,6988.343543653614,-0.3847291060180851,-0.11340374083637395
09273,2017,96.85,270.7416687011719,17.09740447998047,3.0,15753749.0,428.1411560808996,43.42475805830125,Sugar beet,71100.0,6567700.0,923.7,254.0,24.5,-229.5,7454.839225446747,-2.5009549284574177,-0.5512253576874417
09273,2019,94.25,228.75498962402344,17.975109100341797,7.0,16717891.0,428.1411560808996,43.42475805830125,Sugar beet,67600.0,5589600.0,826.4,258.5,15.0,-243.5,7709.704734136369,0.3644209730748571,0.1117341062617756
09273,2020,96.03,231.739990234375,18.051149368286133,4.0,16605814.0,428.1411560808996,43.42475805830125,Sugar beet,63500.0,5308100.0,835.7,269.5,191.75,-77.75,7296.763183801886,0.7949565082306549,0.0231142856116191
09273,2021,96.25,313.4183349609375,16.829195022583008,0.0,15406983.0,428.1411560808996,43.42475805830125,Sugar beet,62900.0,5646400.0,897.1,257.8,22.0,-235.8,6748.550878666201,-0.6083043671564496,-0.0018311438504454713
09274,2017,90.19,292.2283935546875,17.139995574951172,4.0,15970214.0,461.1059024770922,44.336303727716256,Sugar beet,71100.0,6567700.0,923.7,254.0,24.5,-229.5,6942.19875831742,-2.352956442949619,-0.5380724794929407
09274,2019,83.89,268.0958251953125,17.8873348236084,4.0,16587690.0,461.1059024770922,44.336303727716256,Sugar beet,67600.0,5589600.0,826.4,258.5,15.0,-243.5,6862.25071773687,0.31980931397254153,0.17149722631027187
09274,2020,93.61,288.02996826171875,17.920499801635742,3.0,16637192.0,461.1059024770922,44.336303727716256,Sugar beet,63500.0,5308100.0,835.7,269.5,191.75,-77.75,7112.88140826507,0.7383793859228831,0.029607046660485192
09274,2021,101.95,356.48687744140625,16.85499382019043,0.0,15699331.0,461.1059024770922,44.336303727716256,Sugar beet,62900.0,5646400.0,897.1,257.8,22.0,-235.8,7148.2053203118885,-0.6051583323180125,-0.01959201765155294
09277,2017,80.46,309.6537475585937,17.32221221923828,2.0,16250232.0,439.094696242417,47.97796350824268,Sugar beet,71100.0,6567700.0,923.7,254.0,24.5,-229.5,6193.2510488326825,-2.3905039098058296,-0.5382690357320772
09277,2019,66.3,271.7762145996094,18.119983673095703,6.0,16594189.0,439.094696242417,47.97796350824268,Sugar beet,67600.0,5589600.0,826.4,258.5,15.0,-243.5,5423.378502633859,0.38394724338184005,0.179642981801456
09277,2020,74.61,378.3287963867188,18.00625228881836,5.0,16814578.0,439.094696242417,47.97796350824268,Sugar beet,63500.0,5308100.0,835.7,269.5,191.75,-77.75,5669.181517686751,0.6424383654677399,-0.004730954717743985
09277,2021,83.61,349.8362731933594,17.122262954711914,0.0,16041756.0,439.094696242417,47.97796350824268,Sugar beet,62900.0,5646400.0,897.1,257.8,22.0,-235.8,5862.29962561331,-0.6115982701533085,-0.06782660704154864
09278,2017,97.76,265.82000732421875,17.100383758544922,2.0,16084141.0,427.0374629890868,45.09221306462092,Sugar beet,71100.0,6567700.0,923.7,254.0,24.5,-229.5,7524.884694679134,-2.687386014979097,-0.5414291513681093
09278,2019,96.33,232.0992431640625,17.959415435791016,5.0,16742065.0,427.0374629890868,45.09221306462092,Sugar beet,67600.0,5589600.0,826.4,258.5,15.0,-243.5,7879.849942062137,0.549345264481758,0.14879667152295095
09278,2020,97.8,274.06768798828125,17.958282470703125,3.0,16806054.0,427.0374629890868,45.09221306462092,Sugar beet,63500.0,5308100.0,835.7,269.5,191.75,-77.75,7431.255226239972,0.7553312809979502,-0.0015813032678908545
09278,2021,96.71,291.9653625488281,16.914941787719727,0.0,15673564.0,427.0374629890868,45.09221306462092,Sugar beet,62900.0,5646400.0,897.1,257.8,22.0,-235.8,6780.803693255151,-0.43939599556438225,-0.050636260069764294
09279,2017,92.5,259.0644836425781,17.366729736328125,4.0,16127418.0,406.1664700824181,44.82995494398418,Sugar beet,71100.0,6567700.0,923.7,254.0,24.5,-229.5,7120.006487907322,-2.418618855085697,-0.537766100540194
09279,2019,84.48,227.8533477783203,18.18581199645996,7.0,16624068.0,406.1664700824181,44.82995494398418,Sugar beet,67600.0,5589600.0,826.4,258.5,15.0,-243.5,6910.513060369661,0.49419312917876823,0.16128156460142784
09279,2020,90.73,286.20001220703125,18.17030143737793,4.0,16781576.0,406.1664700824181,44.82995494398418,Sugar beet,63500.0,5308100.0,835.7,269.5,191.75,-77.75,6894.046898535304,0.6715363031509582,-0.010730846405770156
09279,2021,92.08,304.7477722167969,17.071943283081055,0.0,15824580.0,406.1664700824181,44.82995494398418,Sugar beet,62900.0,5646400.0,897.1,257.8,22.0,-235.8,6456.172102935935,-0.5550500636721836,-0.05134707779020076
09375,2017,88.67,261.15533447265625,17.055849075317383,4.0,15791009.0,420.27434483932,42.50684605147087,Sugar beet,71100.0,6567700.0,923.7,254.0,24.5,-229.5,6825.199732786403,-2.6015264638927533,-0.5430602049466897
09375,2019,83.81,216.239990234375,17.97681999206543,7.0,16762225.0,420.27434483932,42.50684605147087,Sugar beet,67600.0,5589600.0,826.4,258.5,15.0,-243.5,6855.706671278187,0.4371584881308763,0.09272335210817828
09375,2020,91.52,234.3613128662109,18.03280067443848,4.0,16649508.0,420.27434483932,42.50684605147087,Sugar beet,63500.0,5308100.0,835.7,269.5,191.75,-77.75,6954.074420301454,0.7593012172009708,-0.004537273812346698
09375,2021,90.62,286.261962890625,16.838726043701172,0.0,15386646.0,420.27434483932,42.50684605147087,Sugar beet,62900.0,5646400.0,897.1,257.8,22.0,-235.8,6353.804474023181,-0.5785975390875819,0.017804818868826233
09471,2017,82.26,298.575927734375,16.667234420776367,1.0,15273233.0,354.51425311703053,46.39872623882177,Sugar beet,71100.0,6567700.0,923.7,254.0,24.5,-229.5,6331.802526435204,-1.9350899658669505,-0.5973378308870835
09471,2020,60.98,182.36602783203125,18.1507625579834,7.0,16512150.0,354.51425311703053,46.39872623882177,Sugar beet,63500.0,5308100.0,835.7,269.5,191.75,-77.75,4633.516806708727,0.7320526809625676,0.10368694140449985
09471,2021,60.57,265.5853271484375,16.776952743530273,0.0,14657827.0,354.51425311703053,46.39872623882177,Sugar beet,62900.0,5646400.0,897.1,257.8,22.0,-235.8,4246.85430359285,-0.630397030580184,-0.01361761533510042
09473,2017,91.91,283.7816467285156,16.400108337402344,1.0,14966778.0,353.7904271423471,45.2185170585857,Sugar beet,71100.0,6567700.0,923.7,254.0,24.5,-229.5,7074.59239247094,-2.0666193677967044,-0.5979340574229114
09571,2017,91.73,307.0295715332031,16.494993209838867,2.0,15515093.0,449.6186755788706,44.64995754944797,Sugar beet,71100.0,6567700.0,923.7,254.0,24.5,-229.5,7060.737244710688,-2.1013615020672205,-0.6021390121460687
09571,2019,69.93,209.34999084472656,17.405548095703125,4.0,17080392.0,449.6186755788706,44.64995754944797,Sugar beet,67600.0,5589600.0,826.4,258.5,15.0,-243.5,5720.31461069662,0.25601955864220827,0.020001624322115497
09571,2020,57.23,197.75958251953125,17.86147689819336,6.0,16736373.0,449.6186755788706,44.64995754944797,Sugar beet,63500.0,5308100.0,835.7,269.5,191.75,-77.75,4348.5760388314275,0.7394950908317242,0.1396979061849868
09571,2021,83.25,263.2908630371094,16.373172760009766,0.0,14970773.0,449.6186755788706,44.64995754944797,Sugar beet,62900.0,5646400.0,897.1,257.8,22.0,-235.8,5837.058292456741,-0.4302355680465553,-0.0025953405992930056
09573,2017,72.33,300.53497314453125,16.879186630249023,2.0,15531889.0,355.12600336415136,39.8564981078154,Sugar beet,71100.0,6567700.0,923.7,254.0,24.5,-229.5,5567.460208327963,-1.9780832552453944,-0.5889947807483378
09573,2019,72.17,197.1300048828125,17.936325073242188,5.0,16969092.0,355.12600336415136,39.8564981078154,Sugar beet,67600.0,5589600.0,826.4,258.5,15.0,-243.5,5903.547911539753,0.3109355545065,0.002215292812552949
09573,2020,64.93,191.10498046875,18.34686851501465,7.0,16709805.0,355.12600336415136,39.8564981078154,Sugar beet,63500.0,5308100.0,835.7,269.5,191.75,-77.75,4933.654415539483,0.7215619466240355,0.09629496872775634
09573,2021,84.83,254.875,16.87933921813965,0.0,14887620.0,355.12600336415136,39.8564981078154,Sugar beet,62900.0,5646400.0,897.1,257.8,22.0,-235.8,5947.839699088352,-0.6059061708535296,0.009420789431279886
09575,2017,95.23,305.82598876953125,16.811866760253906,1.0,15541732.0,356.623046133806,44.30047674715925,Sugar beet,71100.0,6567700.0,923.7,254.0,24.5,-229.5,7330.142895604478,-1.926146286893868,-0.6037937066108532
09575,2019,79.16,196.5186462402344,17.76471519470215,4.0,17118202.0,356.623046133806,44.30047674715925,Sugar beet,67600.0,5589600.0,826.4,258.5,15.0,-243.5,6475.333970867214,0.2803147526809653,-0.019937881978185246
09575,2020,70.2,178.36732482910156,18.387758255004883,9.0,16764618.0,356.623046133806,44.30047674715925,Sugar beet,63500.0,5308100.0,835.7,269.5,191.75,-77.75,5334.091174663047,0.7041560007619978,0.13568829453807973
09575,2021,91.07,260.4599914550781,16.805269241333008,0.0,14917411.0,356.623046133806,44.30047674715925,Sugar beet,62900.0,5646400.0,897.1,257.8,22.0,-235.8,6385.356140468893,-0.5217297977191606,-0.0072021572544775925
09576,2017,76.22,300.3150329589844,16.879823684692383,2.0,15460385.0,416.8662560296776,43.01612137881482,Sugar beet,71100.0,6567700.0,923.7,254.0,24.5,-229.5,5866.885346035633,-2.1842938417785263,-0.5952879649107135
09577,2019,62.62,227.5716857910156,17.452594757080078,4.0,16973658.0,490.3084003469995,45.34564951930825,Sugar beet,67600.0,5589600.0,826.4,258.5,15.0,-243.5,5122.352365534423,0.3116908216542811,0.05986652219356525
09672,2017,81.02,299.010009765625,16.03342056274414,0.0,15171787.0,378.590599867644,54.50920750922612,Sugar beet,71100.0,6567700.0,923.7,254.0,24.5,-229.5,6236.3559529756885,-2.16046943301302,-0.6234224038010904
09672,2019,62.39,195.4849853515625,17.011547088623047,4.0,16844570.0,378.590599867644,54.50920750922612,Sugar beet,67600.0,5589600.0,826.4,258.5,15.0,-243.5,5103.538231965709,0.4232615153436541,-0.10198727418276621
09672,2020,63.11,148.1099853515625,17.51286506652832,3.0,16429397.0,378.590599867644,54.50920750922612,Sugar beet,63500.0,5308100.0,835.7,269.5,191.75,-77.75,4795.363162863033,0.7260023781706195,0.14970404704051865
09672,2021,85.98,263.3287658691406,16.13399314880371,0.0,14745235.0,378.590599867644,54.50920750922612,Sugar beet,62900.0,5646400.0,897.1,257.8,22.0,-235.8,6028.471735560727,-0.5247700236701007,0.02069453855567338
09673,2017,86.98,292.7670288085937,15.782829284667969,0.0,14992167.0,399.6528141776127,52.04001503592565,Sugar beet,71100.0,6567700.0,923.7,254.0,24.5,-229.5,6695.115289926258,-2.1809197994227816,-0.6228804017252586
09673,2019,60.44,181.0179748535156,16.745328903198242,4.0,16582606.0,399.6528141776127,52.04001503592565,Sugar beet,67600.0,5589600.0,826.4,258.5,15.0,-243.5,4944.027099535301,0.45028350656798466,-0.10289150618113685
09673,2020,68.93,154.95298767089844,17.17946434020996,4.0,16237405.0,399.6528141776127,52.04001503592565,Sugar beet,63500.0,5308100.0,835.7,269.5,191.75,-77.75,5237.5912346086025,0.7117916222989038,0.14405535559178673
09673,2021,75.48,272.89501953125,15.891576766967772,0.0,14523994.0,399.6528141776127,52.04001503592565,Sugar beet,62900.0,5646400.0,897.1,257.8,22.0,-235.8,5292.266185160778,-0.46944265383291395,0.03523470630063419
09674,2017,88.89,281.84307861328125,16.646770477294922,1.0,15209255.0,328.89888500557123,46.22027646058158,Sugar beet,71100.0,6567700.0,923.7,254.0,24.5,-229.5,6842.133802271155,-1.8556913824284038,-0.6164069594315327
09674,2019,59.55,173.96923828125,17.780410766601562,5.0,16814860.0,328.89888500557123,46.22027646058158,Sugar beet,67600.0,5589600.0,826.4,258.5,15.0,-243.5,4871.224582682448,0.36864209809965587,-0.09072244106213923
09674,2020,68.18,157.67076110839844,18.153045654296875,7.0,16463297.0,328.89888500557123,46.22027646058158,Sugar beet,63500.0,5308100.0,835.7,269.5,191.75,-77.75,5180.603081033142,0.7104341121407174,0.12893587611085233
09674,2021,76.33,247.433837890625,16.784351348876953,0.0,14690943.0,328.89888500557123,46.22027646058158,Sugar beet,62900.0,5646400.0,897.1,257.8,22.0,-235.8,5351.8637773360115,-0.6038930413860157,0.006039987781255363
09675,2017,92.89,293.2750244140625,17.05147933959961,1.0,15516732.0,278.4854999450129,45.36807458445826,Sugar beet,71100.0,6567700.0,923.7,254.0,24.5,-229.5,7150.025974721201,-1.899116295805129,-0.6144891789826339
09675,2019,71.37,189.3150177001953,18.006654739379883,5.0,17182632.0,278.4854999450129,45.36807458445826,Sugar beet,67600.0,5589600.0,826.4,258.5,15.0,-243.5,5838.107446952919,0.29703932098431096,-0.08085094926211134
09675,2020,63.06,157.85501098632812,18.62067222595215,9.0,16775950.0,278.4854999450129,45.36807458445826,Sugar beet,63500.0,5308100.0,835.7,269.5,191.75,-77.75,4791.563952624669,0.7138098644093702,0.13722690132967674
09675,2021,84.8,262.8099975585937,17.122865676879883,0.0,14932134.0,278.4854999450129,45.36807458445826,Sugar beet,62900.0,5646400.0,897.1,257.8,22.0,-235.8,5945.736254658636,-0.601729252803807,0.011888835158171851
09676,2017,89.34,325.5419921875,16.799610137939453,1.0,15467107.0,297.1266770863703,58.32921233383006,Sugar beet,71100.0,6567700.0,923.7,254.0,24.5,-229.5,6876.771671671786,-2.2426314980531856,-0.6272291169855967
09676,2019,80.81,208.7729949951172,17.993650436401367,4.0,17325214.0,297.1266770863703,58.32921233383006,Sugar beet,67600.0,5589600.0,826.4,258.5,15.0,-243.5,6610.30492907756,0.3832808814199211,-0.06124170332404688
09676,2020,72.89,151.1280059814453,18.638708114624023,9.0,16737295.0,297.1266770863703,58.32921233383006,Sugar beet,63500.0,5308100.0,835.7,269.5,191.75,-77.75,5538.48868548703,0.7201084410527301,0.18100869490182192
09677,2017,90.16,294.9782409667969,16.560710906982422,1.0,15354162.0,310.7730440507332,56.03867990623019,Sugar beet,71100.0,6567700.0,923.7,254.0,24.5,-229.5,6939.8895670240445,-2.2739895509981807,-0.6104096292002352
09677,2019,69.66,187.5011749267578,17.5399227142334,4.0,17125094.0,310.7730440507332,56.03867990623019,Sugar beet,67600.0,5589600.0,826.4,258.5,15.0,-243.5,5698.228453898562,0.43390208720234114,-0.10009960352425273
09677,2020,76.56,142.2547149658203,18.1833438873291,9.0,16630432.0,310.7730440507332,56.03867990623019,Sugar beet,63500.0,5308100.0,835.7,269.5,191.75,-77.75,5817.350716982947,0.742094761386511,0.18440101750849935
09677,2021,87.75,264.17706298828125,16.624107360839844,0.0,14881683.0,310.7730440507332,56.03867990623019,Sugar beet,62900.0,5646400.0,897.1,257.8,22.0,-235.8,6152.574956913862,-0.4636203955406586,-0.027825945301033772
09678,2017,86.0,289.3345031738281,16.83824348449707,1.0,15382374.0,289.2862406787357,46.60291763957963,Sugar beet,71100.0,6567700.0,923.7,254.0,24.5,-229.5,6619.681707675996,-1.9106389158288266,-0.6235217541246088
09678,2019,57.44,189.10546875,17.847082138061523,4.0,17025808.0,289.2862406787357,46.60291763957963,Sugar beet,67600.0,5589600.0,826.4,258.5,15.0,-243.5,4698.625357334674,0.3755409023706875,-0.11511273416411993
09678,2020,61.54,153.7581787109375,18.36589813232422,9.0,16631809.0,289.2862406787357,46.60291763957963,Sugar beet,63500.0,5308100.0,835.7,269.5,191.75,-77.75,4676.067961378404,0.6875087740704657,0.13631103331810746
09678,2021,81.18,255.09817504882807,16.948511123657227,0.0,14874017.0,289.2862406787357,46.60291763957963,Sugar beet,62900.0,5646400.0,897.1,257.8,22.0,-235.8,5691.9206268064645,-0.5805003025972724,0.03312244617869764
09679,2017,95.47,286.072021484375,17.04975700378418,1.0,15535201.0,295.3339376478746,49.79183859996042,Sugar beet,71100.0,6567700.0,923.7,254.0,24.5,-229.5,7348.616425951481,-2.0923724444458003,-0.6254910732534618
09679,2019,79.29,179.42599487304688,17.932315826416016,5.0,17267840.0,295.3339376478746,49.79183859996042,Sugar beet,67600.0,5589600.0,826.4,258.5,15.0,-243.5,6485.9680463625755,0.32884344563956347,-0.0922599435081497
09679,2020,72.46,149.5050048828125,18.59096908569336,9.0,16801342.0,295.3339376478746,49.79183859996042,Sugar beet,63500.0,5308100.0,835.7,269.5,191.75,-77.75,5505.8154774371,0.7256603013842664,0.16159436624463774
09679,2021,89.47,258.3240051269531,17.05963134765625,0.0,14955354.0,295.3339376478746,49.79183859996042,Sugar beet,62900.0,5646400.0,897.1,257.8,22.0,-235.8,6273.172437550806,-0.5441819098178371,-0.005112752208132121
09771,2017,95.09,297.48004150390625,16.953622817993164,2.0,16003630.0,488.8423700832919,41.31451596523443,Sugar beet,71100.0,6567700.0,923.7,254.0,24.5,-229.5,7319.366669568727,-2.2549533906931742,-0.5653109854339855
09771,2019,94.89,311.1530456542969,17.631641387939453,5.0,16858454.0,488.8423700832919,41.31451596523443,Sugar beet,67600.0,5589600.0,826.4,258.5,15.0,-243.5,7762.057105805836,0.1900149818357022,0.10478155029015435
09771,2020,99.54,271.5570068359375,17.713817596435547,4.0,16744707.0,488.8423700832919,41.31451596523443,Sugar beet,63500.0,5308100.0,835.7,269.5,191.75,-77.75,7563.467742535039,0.7198486107168378,0.08823968276743788
09771,2021,89.75,350.7659606933594,16.743253707885742,0.0,15619923.0,488.8423700832919,41.31451596523443,Sugar beet,62900.0,5646400.0,897.1,257.8,22.0,-235.8,6292.804585561471,-0.4970575727300002,0.031958173411225754
09772,2017,94.89,309.7845458984375,16.64858055114746,2.0,16154431.0,510.956197286752,43.52074393646736,Sugar beet,71100.0,6567700.0,923.7,254.0,24.5,-229.5,7303.972060946225,-2.139185938335686,-0.5887707595113003
09772,2019,94.1,308.6545715332031,17.316177368164062,3.0,16977454.0,510.956197286752,43.52074393646736,Sugar beet,67600.0,5589600.0,826.4,258.5,15.0,-243.5,7697.434647026337,0.19711207149680376,0.09563593272057913
09772,2020,94.69,299.2300109863281,17.436054229736328,3.0,16920642.0,510.956197286752,43.52074393646736,Sugar beet,63500.0,5308100.0,835.7,269.5,191.75,-77.75,7194.944349413731,0.6925719294537771,0.10403907558854542
09772,2021,81.81,364.1709289550781,16.432262420654297,0.0,15749409.0,510.956197286752,43.52074393646736,Sugar beet,62900.0,5646400.0,897.1,257.8,22.0,-235.8,5736.092959830461,-0.5057894873801274,0.04406658923045237
09773,2017,96.72,274.6627502441406,16.863128662109375,2.0,15945269.0,454.5975139106636,41.17990861550313,Sugar beet,71100.0,6567700.0,923.7,254.0,24.5,-229.5,7444.832729842121,-2.1797876041061386,-0.6363336436162443
09773,2019,92.39,249.75997924804688,17.648632049560547,5.0,17119054.0,454.5975139106636,41.17990861550313,Sugar beet,67600.0,5589600.0,826.4,258.5,15.0,-243.5,7557.55565397198,0.24622483554441033,0.055005832469819715
09773,2020,97.29,249.62815856933597,17.6958065032959,3.0,16905120.0,454.5975139106636,41.17990861550313,Sugar beet,63500.0,5308100.0,835.7,269.5,191.75,-77.75,7392.503281808659,0.6567021852411585,0.14294231595566131
09773,2021,85.71,309.9454345703125,16.585121154785156,0.0,15662351.0,454.5975139106636,41.17990861550313,Sugar beet,62900.0,5646400.0,897.1,257.8,22.0,-235.8,6009.540735693299,-0.459260510474337,0.04940050277631913
09774,2017,102.74,286.4970092773437,16.597299575805664,2.0,16209305.0,506.25228386240246,43.53821514599303,Sugar beet,71100.0,6567700.0,923.7,254.0,24.5,-229.5,7908.2104493794395,-2.0289935403695267,-0.6108847255776169
09774,2019,98.16,271.69598388671875,17.34484100341797,4.0,17185510.0,506.25228386240246,43.53821514599303,Sugar beet,67600.0,5589600.0,826.4,258.5,15.0,-243.5,8029.5450048045195,0.2296238306352052,0.08073570929610097
09774,2020,97.96,279.821044921875,17.435131072998047,3.0,17095142.0,506.25228386240246,43.53821514599303,Sugar beet,63500.0,5308100.0,835.7,269.5,191.75,-77.75,7443.412699002736,0.6632606082255847,0.10892837004491196
09774,2021,88.63,342.6610107421875,16.319469451904297,0.0,15865823.0,506.25228386240246,43.53821514599303,Sugar beet,62900.0,5646400.0,897.1,257.8,22.0,-235.8,6214.275993518809,-0.49723904901441074,0.05925681839134245
09775,2017,83.9,294.9140014648437,16.48321533203125,1.0,16154102.0,515.0072983744109,43.576099256786335,Sugar beet,71100.0,6567700.0,923.7,254.0,24.5,-229.5,6458.0383171397225,-1.9823463424086754,-0.6101518058288511
09775,2019,78.5,276.4599914550781,17.187335968017578,3.0,17211524.0,515.0072983744109,43.576099256786335,Sugar beet,67600.0,5589600.0,826.4,258.5,15.0,-243.5,6421.345587583077,0.21050108154446434,0.04449128160413807
09775,2020,83.52,292.8899841308594,17.370634078979492,3.0,17135284.0,515.0072983744109,43.576099256786335,Sugar beet,63500.0,5308100.0,835.7,269.5,191.75,-77.75,6346.200782163215,0.6506437442200195,0.1127541245764363
09775,2021,74.05,346.3420104980469,16.20821189880371,0.0,15861468.0,515.0072983744109,43.576099256786335,Sugar beet,62900.0,5646400.0,897.1,257.8,22.0,-235.8,5192.002000677737,-0.4880859226219627,0.07298829214741187
09779,2017,89.63,284.7760314941406,16.59592056274414,2.0,15785869.0,460.92054801805193,42.67593741906976,Sugar beet,71100.0,6567700.0,923.7,254.0,24.5,-229.5,6899.0938541744135,-2.1933139051656667,-0.6206451605864118
09779,2019,94.07,238.5453338623047,17.45555877685547,4.0,17165898.0,460.92054801805193,42.67593741906976,Sugar beet,67600.0,5589600.0,826.4,258.5,15.0,-243.5,7694.980629604331,0.26269909085505105,0.04849787327906485
09779,2020,91.56,229.2666778564453,17.563480377197266,3.0,16859630.0,460.92054801805193,42.67593741906976,Sugar beet,63500.0,5308100.0,835.7,269.5,191.75,-77.75,6957.113788492145,0.7040125244774913,0.10858260202342906
09779,2021,83.52,279.4339599609375,16.37567710876465,0.0,15465785.0,460.92054801805193,42.67593741906976,Sugar beet,62900.0,5646400.0,897.1,257.8,22.0,-235.8,5855.989292324167,-0.44579596962205414,0.02746171155587329
12062,2017,73.01,214.947265625,17.702102661132812,2.0,14983638.0,102.26153647522072,36.17198747447048,Sugar beet,6300.0,448700.0,711.6,254.0,24.5,-229.5,646.3785825655164,-2.500777016451991,-0.5355509674369581
12062,2019,67.12,154.39865112304688,18.789447784423828,8.0,15910353.0,102.26153647522072,36.17198747447048,Sugar beet,7500.0,457000.0,611.5,258.5,15.0,-243.5,823.2215849170539,0.5002821729636366,0.03219574750315868
12063,2017,82.28,232.7152404785156,17.192548751831055,1.0,14246520.0,34.27972390292592,35.81629520224732,Sugar beet,6300.0,448700.0,711.6,254.0,24.5,-229.5,728.4485655867783,-2.3102022505788113,-0.5249931306075483
12063,2019,61.82,175.4943389892578,18.464496612548828,8.0,15230685.0,34.27972390292592,35.81629520224732,Sugar beet,7500.0,457000.0,611.5,258.5,15.0,-243.5,758.2174967159158,0.605100232962684,-0.20719982195320397
12063,2020,78.13,180.84521484375,18.42508125305176,5.0,15142778.0,34.27972390292592,35.81629520224732,Sugar beet,6700.0,425700.0,635.7,269.5,191.75,-77.75,823.4560314244831,1.0347875314394628,0.10666627236152881
12063,2021,68.86,220.58653259277344,17.873668670654297,0.0,13804186.0,34.27972390292592,35.81629520224732,Sugar beet,6800.0,464300.0,686.0,257.8,22.0,-235.8,682.5772584802081,-0.34381891091493344,-0.07507684591281227
12064,2017,67.79,253.29373168945312,17.187557220458984,1.0,14624406.0,47.27500580551489,36.64059745746665,Sugar beet,6300.0,448700.0,711.6,254.0,24.5,-229.5,600.1644173690777,-2.3792966431458353,-0.5225239365653489
12064,2019,56.83,177.6928253173828,18.48463630676269,8.0,15302735.0,47.27500580551489,36.64059745746665,Sugar beet,7500.0,457000.0,611.5,258.5,15.0,-243.5,697.0155344284292,0.493977544908887,-0.1428803634645689
12064,2020,42.86,181.88031005859372,18.54989051818848,7.0,15312525.0,47.27500580551489,36.64059745746665,Sugar beet,6700.0,425700.0,635.7,269.5,191.75,-77.75,451.7256560457359,1.1732322016466128,0.08516692795352032
12069,2019,50.02,171.66513061523438,18.677217483520508,9.0,15483382.0,70.97111090237965,39.06239026621852,Sugar beet,7500.0,457000.0,611.5,258.5,15.0,-243.5,613.491413551118,0.6006188986639813,-0.17424498021253065
12070,2017,75.49,275.07000732421875,16.493572235107422,0.0,13598703.0,52.93772890964092,36.17088665928267,Sugar beet,6300.0,448700.0,711.6,254.0,24.5,-229.5,668.3347376780006,-2.3163809281547856,-0.5127226261555295
12070,2019,73.23,189.2068634033203,17.684019088745117,4.0,14627882.0,52.93772890964092,36.17088665928267,Sugar beet,7500.0,457000.0,611.5,258.5,15.0,-243.5,898.1602601828941,0.6086674024177796,-0.24340638258616265
12070,2020,74.04,179.75030517578125,17.674039840698242,3.0,14797101.0,52.93772890964092,36.17088665928267,Sugar beet,6700.0,425700.0,635.7,269.5,191.75,-77.75,780.3492201032732,0.9634944197737809,0.16390751565428152
12070,2021,81.77,200.0921936035156,17.509872436523438,0.0,13674670.0,52.93772890964092,36.17088665928267,Sugar beet,6800.0,464300.0,686.0,257.8,22.0,-235.8,810.5481037747111,-0.17793690658430705,-0.07970772729606723
12073,2017,70.55,264.8199768066406,16.6331729888916,0.0,14157742.0,54.7569700705869,35.820799452742165,Sugar beet,6300.0,448700.0,711.6,254.0,24.5,-229.5,624.5994932200681,-2.4624062391967527,-0.513677229194405
12073,2019,65.31,187.30706787109372,17.911319732666016,3.0,14996964.0,54.7569700705869,35.820799452742165,Sugar beet,7500.0,457000.0,611.5,258.5,15.0,-243.5,801.0220755502502,0.5737349695350531,-0.12744128291017653
12073,2020,67.05,191.1699981689453,17.661334991455078,4.0,15104993.0,54.7569700705869,35.820799452742165,Sugar beet,6700.0,425700.0,635.7,269.5,191.75,-77.75,706.6776770384179,1.1986737282368836,0.061411997779322824
12073,2021,70.94,254.83950805664065,17.58941650390625,0.0,13920391.0,54.7569700705869,35.820799452742165,Sugar beet,6800.0,464300.0,686.0,257.8,22.0,-235.8,703.1953342519018,-0.25036494007287047,-0.07981315622525909
13071,2017,73.11,243.1382598876953,16.365680694580078,0.0,13761824.0,62.05753027410464,38.64812536384011,Sugar beet,22200.0,1656400.0,745.7,254.0,24.5,-229.5,2176.534796598451,-2.4278034300808713,-0.542633285044551
13071,2019,67.96,190.87985229492188,17.441669464111328,3.0,14778440.0,62.05753027410464,38.64812536384011,Sugar beet,27500.0,2020800.0,735.8,258.5,15.0,-243.5,2539.9565064692083,0.6305821039570105,-0.1549830049800056
13071,2020,73.35,194.3474273681641,17.270360946655273,2.0,14941039.0,62.05753027410464,38.64812536384011,Sugar beet,30200.0,2300900.0,762.7,269.5,191.75,-77.75,2904.3791754236536,1.1220625138515743,0.1361833143663269
13071,2021,70.82,226.5070343017578,17.457794189453125,0.0,13927505.0,62.05753027410464,38.64812536384011,Sugar beet,31700.0,2318900.0,730.9,257.8,22.0,-235.8,3071.547403103643,-0.16793157063978015,-0.05492078963394276
13072,2017,74.88,272.5914306640625,16.016450881958008,0.0,13878627.0,36.06949016828116,38.63362555388887,Sugar beet,22200.0,1656400.0,745.7,254.0,24.5,-229.5,2229.2289094418275,-2.185936252043348,-0.5918447048585713
13072,2019,77.78,198.4781646728516,17.107585906982422,0.0,14886357.0,36.06949016828116,38.63362555388887,Sugar beet,27500.0,2020800.0,735.8,258.5,15.0,-243.5,2906.9719993109925,0.6383954403785879,-0.12819268124356376
13072,2020,80.78,178.7516326904297,16.99955177307129,0.0,15250381.0,36.06949016828116,38.63362555388887,Sugar beet,30200.0,2300900.0,762.7,269.5,191.75,-77.75,3198.5787292532073,1.0213756804255354,0.17809922455141836
13072,2021,74.57,205.0205993652344,17.290935516357422,0.0,14243210.0,36.06949016828116,38.63362555388887,Sugar beet,31700.0,2318900.0,730.9,257.8,22.0,-235.8,3234.1893511640587,-0.16309303326033842,-0.019034963554747097
13073,2017,79.26,262.7029113769531,16.130983352661133,0.0,14031502.0,14.737300532102989,43.14493181361785,Sugar beet,22200.0,1656400.0,745.7,254.0,24.5,-229.5,2359.624510715268,-2.2544230297635295,-0.6074702539725564
13073,2019,81.19,205.6651306152344,17.181617736816406,0.0,15079917.0,14.737300532102989,43.14493181361785,Sugar beet,27500.0,2020800.0,735.8,258.5,15.0,-243.5,3034.418316071734,0.6323890294891612,-0.08811568054554686
13073,2020,82.62,215.2287750244141,17.033300399780273,0.0,15220959.0,14.737300532102989,43.14493181361785,Sugar beet,30200.0,2300900.0,762.7,269.5,191.75,-77.75,3271.435684710324,1.0318777646617718,0.182239986368129
13073,2021,90.37,234.46682739257807,17.393369674682617,0.0,14339462.0,14.737300532102989,43.14493181361785,Sugar beet,31700.0,2318900.0,730.9,257.8,22.0,-235.8,3919.454092325279,-0.10286891643028184,-0.05240891137509285
13074,2017,72.98,283.89630126953125,15.926660537719728,0.0,13734035.0,41.47393948165326,43.10618084867727,Sugar beet,22200.0,1656400.0,745.7,254.0,24.5,-229.5,2172.6646075195595,-2.2004147015076683,-0.6078097929069852
13074,2019,78.22,195.1676483154297,17.05431365966797,1.0,14682791.0,41.47393948165326,43.10618084867727,Sugar beet,27500.0,2020800.0,735.8,258.5,15.0,-243.5,2923.4166853446363,0.6654182238788167,-0.1861374394558012
13074,2020,79.01,167.7323455810547,17.045867919921875,0.0,15184429.0,41.47393948165326,43.10618084867727,Sugar beet,30200.0,2300900.0,762.7,269.5,191.75,-77.75,3128.493505797176,0.9981568450182294,0.22868397091276105
13074,2021,63.41,208.08102416992188,17.120214462280273,0.0,14068138.0,41.47393948165326,43.10618084867727,Sugar beet,31700.0,2318900.0,730.9,257.8,22.0,-235.8,2750.1669137362605,-0.19047149688236686,-0.011709803073761238
13075,2017,73.54,248.55807495117188,16.50298309326172,0.0,13899733.0,17.711266955122902,41.0799393666064,Sugar beet,22200.0,1656400.0,745.7,254.0,24.5,-229.5,2189.3361912440173,-2.4279510823486135,-0.5335638107463614
13075,2019,70.15,185.56442260742188,17.67305564880371,3.0,14967939.0,17.711266955122902,41.0799393666064,Sugar beet,27500.0,2020800.0,735.8,258.5,15.0,-243.5,2621.806193773028,0.6330130788243764,-0.09651799485901569
13075,2020,70.87,210.5959930419922,17.424283981323242,2.0,15022696.0,17.711266955122902,41.0799393666064,Sugar beet,30200.0,2300900.0,762.7,269.5,191.75,-77.75,2806.1806702423223,1.1651805824916437,0.10074451388614847
13075,2021,71.76,259.1649780273437,17.65105438232422,0.0,14029327.0,17.711266955122902,41.0799393666064,Sugar beet,31700.0,2318900.0,730.9,257.8,22.0,-235.8,3112.3163180841207,-0.1598718250739921,-0.021647358533211536
13076,2017,72.92,298.7283630371094,16.144800186157227,0.0,13457625.0,44.7086480808374,41.34521384306508,Sugar beet,22200.0,1656400.0,745.7,254.0,24.5,-229.5,2170.8783664062244,-2.163075989750439,-0.5532633868177516
13076,2019,70.64,194.3661346435547,17.26971435546875,2.0,14485286.0,44.7086480808374,41.34521384306508,Sugar beet,27500.0,2020800.0,735.8,258.5,15.0,-243.5,2640.1195941286774,0.632234731530275,-0.2404083908821859
13076,2020,77.22,170.61293029785156,17.278173446655273,2.0,14841263.0,44.7086480808374,41.34521384306508,Sugar beet,30200.0,2300900.0,762.7,269.5,191.75,-77.75,3057.6163589122634,0.9356203905413167,0.23466664459299724
13076,2021,50.36,195.89080810546875,17.310667037963867,0.0,13730874.0,44.7086480808374,41.34521384306508,Sugar beet,31700.0,2318900.0,730.9,257.8,22.0,-235.8,2184.1729344860137,-0.23024508221413953,-0.047991677308075076
14522,2017,85.53,258.01904296875,16.503541946411133,2.0,15070065.0,354.76248611154307,54.89524089500766,Sugar beet,15800.0,1278600.0,809.3,254.0,24.5,-229.5,1669.806003126398,-2.5510957344926624,-0.5215837748006893
14522,2019,81.15,197.91612243652344,17.402990341186523,2.0,16153658.0,354.76248611154307,54.89524089500766,Sugar beet,16200.0,1059900.0,655.3,258.5,15.0,-243.5,2006.1498519668096,0.3801005006170044,0.16033444878754088
14522,2020,78.58,215.10194396972656,17.745691299438477,3.0,16136196.0,354.76248611154307,54.89524089500766,Sugar beet,14200.0,913700.0,641.6,269.5,191.75,-77.75,1739.1458825761442,1.0877194381308186,-0.03739102227120228
14522,2021,84.01,319.68707275390625,16.635385513305664,0.0,14370344.0,354.76248611154307,54.89524089500766,Sugar beet,15400.0,1266500.0,823.7,257.8,22.0,-235.8,1570.661646751655,-0.38948625379907753,0.03329914779654497
14524,2017,77.97,244.14768981933597,16.611225128173828,1.0,14774404.0,343.0609384070534,52.00876295096663,Sugar beet,15800.0,1278600.0,809.3,254.0,24.5,-229.5,1522.2117860840087,-2.2372127037510836,-0.5672153823255734
14524,2019,57.32,193.6446228027344,17.559616088867188,2.0,16084359.0,343.0609384070534,52.00876295096663,Sugar beet,16200.0,1059900.0,655.3,258.5,15.0,-243.5,1417.0364696825327,0.40310971309406796,0.10616644683997722
14524,2020,72.09,206.94461059570312,17.798301696777344,5.0,16057898.0,343.0609384070534,52.00876295096663,Sugar beet,14200.0,913700.0,641.6,269.5,191.75,-77.75,1595.50810225139,0.9523626936908158,-0.014532129685097761
14524,2021,72.21,335.4953918457031,16.569055557250977,0.0,14016376.0,343.0609384070534,52.00876295096663,Sugar beet,15400.0,1266500.0,823.7,257.8,22.0,-235.8,1350.047345696191,-0.4583617961170603,0.060252304100997245
14625,2017,76.37,279.6377258300781,17.24592399597168,2.0,15158808.0,198.79840653806716,42.9309437004101,Sugar beet,15800.0,1278600.0,809.3,254.0,24.5,-229.5,1490.9749147522864,-2.7578322466605414,-0.5372648798846922
14625,2019,63.49,174.1880645751953,18.30389213562012,2.0,15944632.0,198.79840653806716,42.9309437004101,Sugar beet,16200.0,1059900.0,655.3,258.5,15.0,-243.5,1569.5681343360782,0.49065099593957484,0.11604877999893137
14625,2020,73.89,208.6274261474609,18.6285457611084,3.0,15984562.0,198.79840653806716,42.9309437004101,Sugar beet,14200.0,913700.0,641.6,269.5,191.75,-77.75,1635.3460074262064,1.1700442091238301,-0.035220045190506144
14625,2021,73.95,267.7044982910156,17.695968627929688,0.0,14386020.0,198.79840653806716,42.9309437004101,Sugar beet,15400.0,1266500.0,823.7,257.8,22.0,-235.8,1382.578607038268,-0.4153007851164148,0.024932326313582776
14626,2017,71.42,329.3622131347656,17.076416015625,2.0,15115876.0,223.2249771252893,43.94385284188461,Sugar beet,15800.0,1278600.0,809.3,254.0,24.5,-229.5,1394.335844069769,-2.9165942534133933,-0.5285159270899429
14626,2019,61.06,202.81295776367188,18.080141067504883,3.0,15821640.0,223.2249771252893,43.94385284188461,Sugar beet,16200.0,1059900.0,655.3,258.5,15.0,-243.5,1509.4948855341145,0.5144601508537221,0.08638110357293383
14626,2020,70.49,228.4044342041016,18.2722225189209,3.0,15907921.0,223.2249771252893,43.94385284188461,Sugar beet,14200.0,913700.0,641.6,269.5,191.75,-77.75,1560.0966309848866,1.163819798271959,-0.04119118397642674
14626,2021,73.13,292.6666564941406,17.522512435913086,0.0,14444433.0,223.2249771252893,43.94385284188461,Sugar beet,15400.0,1266500.0,823.7,257.8,22.0,-235.8,1367.2477827276339,-0.3479534658386001,0.04678532389260637
14627,2017,86.61,233.70887756347656,17.561199188232422,2.0,15215103.0,155.04697258591955,41.11461039028564,Sugar beet,15800.0,1278600.0,809.3,254.0,24.5,-229.5,1690.890891275311,-2.6317894272013973,-0.532917173012465
14627,2019,76.53,159.7288818359375,18.52047348022461,4.0,16173786.0,155.04697258591955,41.11461039028564,Sugar beet,16200.0,1059900.0,655.3,258.5,15.0,-243.5,1891.9365147383849,0.47220436032733915,0.10523538711469804
14627,2020,74.81,188.95388793945312,19.00359535217285,7.0,16154225.0,155.04697258591955,41.11461039028564,Sugar beet,14200.0,913700.0,641.6,269.5,191.75,-77.75,1655.7076034044458,1.1217837980088348,-0.045780639980642635
14627,2021,87.97,256.659423828125,17.887287139892578,0.0,14472607.0,155.04697258591955,41.11461039028564,Sugar beet,15400.0,1266500.0,823.7,257.8,22.0,-235.8,1644.698310495692,-0.39897203511566204,0.041052142661170965
14628,2017,75.4,312.0242004394531,16.2832088470459,1.0,15205991.0,384.98984559106736,48.99689899412168,Sugar beet,15800.0,1278600.0,809.3,254.0,24.5,-229.5,1472.0375615074295,-2.8480374496348873,-0.542355155179606
14628,2019,68.69,196.4126434326172,17.30854606628418,2.0,16051772.0,384.98984559106736,48.99689899412168,Sugar beet,16200.0,1059900.0,655.3,258.5,15.0,-243.5,1698.119942471967,0.48711377015706603,0.14594623663973127
14713,2017,81.1,202.29998779296875,17.872211456298828,4.0,14795839.0,123.59486696935014,47.75030443533704,Sugar beet,15800.0,1278600.0,809.3,254.0,24.5,-229.5,1583.318915626691,-2.3105148578482613,-0.5662043672937735
14713,2019,56.31,169.36599731445312,18.88201332092285,9.0,16118691.0,123.59486696935014,47.75030443533704,Sugar beet,16200.0,1059900.0,655.3,258.5,15.0,-243.5,1392.0677531022927,0.47033335818508704,-0.04261270223601321
14713,2020,50.82,184.32798767089844,19.040437698364254,7.0,15939573.0,123.59486696935014,47.75030443533704,Sugar beet,14200.0,913700.0,641.6,269.5,191.75,-77.75,1124.7568561023115,0.9825372783216721,0.009319824503039698
14713,2021,82.9,281.2479858398437,17.902334213256836,0.0,14273614.0,123.59486696935014,47.75030443533704,Sugar beet,15400.0,1266500.0,823.7,257.8,22.0,-235.8,1549.908945550675,-0.4742249626412445,0.03587496769362364
14729,2017,82.9,204.8785095214844,17.637781143188477,3.0,14940725.0,157.08459540406392,50.09724502977371,Sugar beet,15800.0,1278600.0,809.3,254.0,24.5,-229.5,1618.4603958748792,-2.3389054094296853,-0.5479045790487713
14729,2019,61.85,171.8300018310547,18.58633041381836,8.0,16201426.0,157.08459540406392,50.09724502977371,Sugar beet,16200.0,1059900.0,655.3,258.5,15.0,-243.5,1529.0248717701438,0.4559252754960994,0.03527829666957705
14729,2020,54.55,183.11099243164065,18.850147247314453,7.0,16077464.0,157.08459540406392,50.09724502977371,Sugar beet,14200.0,913700.0,641.6,269.5,191.75,-77.75,1207.3098484923473,0.9888245883849436,-0.023878150729072622
14729,2021,82.49,287.74951171875,17.651992797851562,0.0,14351489.0,157.08459540406392,50.09724502977371,Sugar beet,15400.0,1266500.0,823.7,257.8,22.0,-235.8,1542.243533395358,-0.445111753818594,0.018649805715893697
14730,2017,77.37,201.870361328125,17.82307243347168,2.0,14990496.0,117.79437001546252,42.88446493582184,Sugar beet,15800.0,1278600.0,809.3,254.0,24.5,-229.5,1510.497959334613,-2.3921766828776185,-0.5280038974943391
14730,2019,55.55,160.21148681640625,18.835752487182617,9.0,16133383.0,117.79437001546252,42.88446493582184,Sugar beet,16200.0,1059900.0,655.3,258.5,15.0,-243.5,1373.2794119132009,0.512349521247188,-0.02600675103704786
14730,2020,53.55,167.38223266601562,19.17180633544922,7.0,15988875.0,117.79437001546252,42.88446493582184,Sugar beet,14200.0,913700.0,641.6,269.5,191.75,-77.75,1185.1776789507828,1.0458032800625006,0.004612571042204028
14730,2021,82.84,263.9682006835937,17.981294631958008,0.0,14411562.0,117.79437001546252,42.88446493582184,Sugar beet,15400.0,1266500.0,823.7,257.8,22.0,-235.8,1548.7871779181896,-0.4721817918268698,-0.009733523261052146
15001,2019,42.98,171.10751342773438,19.022838592529297,11.0,15835896.0,71.07372756150643,41.98656922605787,Sugar beet,51400.0,2548500.0,495.8,258.5,15.0,-243.5,4455.772479919781,0.5393045514992991,-0.12909969039319924
15002,2019,48.72,148.66500854492188,19.0241756439209,10.0,16009624.0,97.20921623980708,53.832800855466246,Sugar beet,51400.0,2548500.0,495.8,258.5,15.0,-243.5,5050.843071700599,0.4671801968460727,-0.09912165490587788
15003,2017,64.26,249.489990234375,17.414295196533203,1.0,14155812.0,57.110934902069246,54.210621069505954,Sugar beet,51000.0,3830800.0,751.8,254.0,24.5,-229.5,4359.217871296598,-2.432154442987894,-0.5671976065068376
15003,2019,56.92,168.3933563232422,18.66204643249512,11.0,15595295.0,57.110934902069246,54.210621069505954,Sugar beet,51400.0,2548500.0,495.8,258.5,15.0,-243.5,5900.9439171017675,0.5332902515492037,-0.16268188478813606
15003,2020,52.16,168.5900115966797,18.72659492492676,7.0,15440982.0,57.110934902069246,54.210621069505954,Sugar beet,48600.0,2756800.0,566.8,269.5,191.75,-77.75,4472.434713351386,0.96856907859285,0.08750091073453214
15003,2021,74.13,214.75999450683597,17.946544647216797,0.0,14014449.0,57.110934902069246,54.210621069505954,Sugar beet,48600.0,3514600.0,722.7,257.8,22.0,-235.8,4985.080939552952,-0.37146566027149674,-0.0020148364212958514
15081,2017,71.39,285.81719970703125,16.765077590942383,0.0,13717532.0,54.594244413366845,42.174990313422974,Sugar beet,51000.0,3830800.0,751.8,254.0,24.5,-229.5,4842.897040645255,-2.2805072840405956,-0.5534926361105886
15081,2019,55.17,187.3209381103516,18.00918960571289,9.0,14901373.0,54.594244413366845,42.174990313422974,Sugar beet,51400.0,2548500.0,495.8,258.5,15.0,-243.5,5719.519956192981,0.577821948035421,-0.24376818594369754
15081,2020,59.09,175.07000732421875,17.944137573242188,6.0,14904370.0,54.594244413366845,42.174990313422974,Sugar beet,48600.0,2756800.0,566.8,269.5,191.75,-77.75,5066.644310044736,0.8956205381971927,0.1331670351356844
15081,2021,67.45,194.51437377929688,17.635974884033203,0.0,13543193.0,54.594244413366845,42.174990313422974,Sugar beet,48600.0,3514600.0,722.7,257.8,22.0,-235.8,4535.865498082378,-0.26412286000635277,-0.026314635081770343
15082,2017,75.25,221.6342315673828,17.712507247924805,2.0,14571521.0,81.09998059478208,41.782683556499926,Sugar beet,51000.0,3830800.0,751.8,254.0,24.5,-229.5,5104.748596561921,-2.3297313687446035,-0.5718952768725218
15082,2019,38.75,165.74734497070312,18.90692710876465,10.0,15925625.0,81.09998059478208,41.782683556499926,Sugar beet,51400.0,2548500.0,495.8,258.5,15.0,-243.5,4017.2448486945445,0.5007299249089101,-0.12389967109416011
15082,2020,46.66,172.40737915039062,18.9386043548584,7.0,15669734.0,81.09998059478208,41.782683556499926,Sugar beet,48600.0,2756800.0,566.8,269.5,191.75,-77.75,4000.8397953407907,0.9977894885910814,0.051867555100545415
15082,2021,69.44,241.0352478027344,18.04686164855957,0.0,14272369.0,81.09998059478208,41.782683556499926,Sugar beet,48600.0,3514600.0,722.7,257.8,22.0,-235.8,4669.688661035438,-0.4347774011977208,-0.011377744735905804
15083,2017,74.33,272.2342224121094,16.9067440032959,0.0,14057757.0,96.70173749572442,49.62776047125312,Sugar beet,51000.0,3830800.0,751.8,254.0,24.5,-229.5,5042.338381162093,-2.414614294811315,-0.558309775349231
15083,2019,53.64,161.08387756347656,18.174205780029297,9.0,15541156.0,96.70173749572442,49.62776047125312,Sugar beet,51400.0,2548500.0,495.8,258.5,15.0,-243.5,5560.9035789413,0.5491691502310232,-0.18763164360524787
15083,2020,66.66,170.6016082763672,18.191408157348636,7.0,15435025.0,96.70173749572442,49.62776047125312,Sugar beet,48600.0,2756800.0,566.8,269.5,191.75,-77.75,5715.730406288409,0.960351582951148,0.0979801275190697
15083,2021,74.19,205.6893615722656,17.54745864868164,0.0,13931997.0,96.70173749572442,49.62776047125312,Sugar beet,48600.0,3514600.0,722.7,257.8,22.0,-235.8,4989.1158087877175,-0.3323764820239603,-0.013586527142269933
15084,2017,83.67,208.95294189453125,17.23896026611328,2.0,14876217.0,195.5577132908131,57.6250155720462,Sugar beet,51000.0,3830800.0,751.8,254.0,24.5,-229.5,5675.93774185164,-2.117553340678967,-0.5883461725526409
15084,2019,56.33,160.43943786621094,18.348651885986328,8.0,16324605.0,195.5577132908131,57.6250155720462,Sugar beet,51400.0,2548500.0,495.8,258.5,15.0,-243.5,5839.778124566805,0.4431689973499715,-0.08848541370670315
15084,2020,61.99,183.515869140625,18.543519973754883,5.0,16121799.0,195.5577132908131,57.6250155720462,Sugar beet,48600.0,2756800.0,566.8,269.5,191.75,-77.75,5315.30344863214,0.9125817492976012,0.03743222264013202
15084,2021,83.19,287.4452819824219,17.3146915435791,0.0,14344284.0,195.5577132908131,57.6250155720462,Sugar beet,48600.0,3514600.0,722.7,257.8,22.0,-235.8,5594.3461940025645,-0.47516264582588974,0.08767013661624001
15085,2017,80.89,305.1303405761719,15.971512794494627,0.0,14194063.0,283.1943469339319,58.9768212184164,Sugar beet,51000.0,3830800.0,751.8,254.0,24.5,-229.5,5487.350351839119,-2.2940441310477127,-0.5650218739422554
15085,2019,51.89,165.25587463378906,17.09798812866211,3.0,15782017.0,283.1943469339319,58.9768212184164,Sugar beet,51400.0,2548500.0,495.8,258.5,15.0,-243.5,5379.479618032514,0.3819296993895591,-0.09459706759756559
15085,2020,52.96,189.9368896484375,17.208284378051758,4.0,15564004.0,283.1943469339319,58.9768212184164,Sugar beet,48600.0,2756800.0,566.8,269.5,191.75,-77.75,4541.030337789291,0.9286785123525192,0.0926843096346921
15085,2021,69.58,229.7820587158203,16.479488372802734,0.0,14116910.0,283.1943469339319,58.9768212184164,Sugar beet,48600.0,3514600.0,722.7,257.8,22.0,-235.8,4679.103355916557,-0.34027036546615363,0.06239698181321329
15086,2017,73.56,240.4870147705078,17.342750549316406,1.0,14199731.0,57.07503225675692,40.29411328092959,Sugar beet,51000.0,3830800.0,751.8,254.0,24.5,-229.5,4990.103744360065,-2.417995524034609,-0.5563101594353288
15086,2019,45.8,178.5970001220703,18.569469451904297,10.0,15487224.0,57.07503225675692,40.29411328092959,Sugar beet,51400.0,2548500.0,495.8,258.5,15.0,-243.5,4748.124234069939,0.5875536419965783,-0.17744234832410122
15086,2020,54.28,177.17750549316406,18.621074676513672,6.0,15366877.0,57.07503225675692,40.29411328092959,Sugar beet,48600.0,2756800.0,566.8,269.5,191.75,-77.75,4654.213118111833,1.0008495501918446,0.10261698252133677
15086,2021,69.04,219.6315155029297,17.890928268432617,0.0,13987789.0,57.07503225675692,40.29411328092959,Sugar beet,48600.0,3514600.0,722.7,257.8,22.0,-235.8,4642.7895328036675,-0.37294323448827527,-0.05201981630055952
15087,2017,77.46,239.9577789306641,16.65303611755371,0.0,14452847.0,245.61759723344343,58.864698828747045,Sugar beet,51000.0,3830800.0,751.8,254.0,24.5,-229.5,5254.668787902809,-2.1504316553268836,-0.5904607548689813
15087,2019,59.88,155.131103515625,17.851533889770508,7.0,16025085.0,245.61759723344343,58.864698828747045,Sugar beet,51400.0,2548500.0,495.8,258.5,15.0,-243.5,6207.809588124628,0.43372717160644925,-0.12999273698121772
15087,2020,56.85,176.91610717773438,17.990198135375977,5.0,15694938.0,245.61759723344343,58.864698828747045,Sugar beet,48600.0,2756800.0,566.8,269.5,191.75,-77.75,4874.576561618602,0.8677314691459515,0.07746789039941215
15087,2021,79.04,230.0638885498047,17.057350158691406,0.0,14280113.0,245.61759723344343,58.864698828747045,Sugar beet,48600.0,3514600.0,722.7,257.8,22.0,-235.8,5315.267738597941,-0.43721518504491996,0.10564359126629075
15088,2017,78.29,205.26947021484372,17.613765716552734,2.0,14689023.0,136.769353440071,53.86927127553489,Sugar beet,51000.0,3830800.0,751.8,254.0,24.5,-229.5,5310.973656143958,-2.186064398746339,-0.5883578289134341
15088,2019,43.68,151.3015899658203,18.78731155395508,10.0,16151347.0,136.769353440071,53.86927127553489,Sugar beet,51400.0,2548500.0,495.8,258.5,15.0,-243.5,4528.342064283295,0.46152649053823325,-0.11196874602281648
15088,2020,53.32,173.4420928955078,18.90131187438965,7.0,15867761.0,136.769353440071,53.86927127553489,Sugar beet,48600.0,2756800.0,566.8,269.5,191.75,-77.75,4571.898368786348,0.9220645319599612,0.047822666902881394
15088,2021,76.5,254.2968292236328,17.82489013671875,0.0,14330468.0,136.769353440071,53.86927127553489,Sugar beet,48600.0,3514600.0,722.7,257.8,22.0,-235.8,5144.458274326195,-0.433149803266474,0.0654247737728888
15089,2017,69.6,246.93312072753903,17.419231414794922,1.0,14367015.0,87.64581510218584,54.72523792760443,Sugar beet,51000.0,3830800.0,751.8,254.0,24.5,-229.5,4721.468469378201,-2.39277273417116,-0.5780709532312094
15089,2019,44.07,160.568115234375,18.66367530822754,10.0,15886641.0,87.64581510218584,54.72523792760443,Sugar beet,51400.0,2548500.0,495.8,258.5,15.0,-243.5,4568.773689857254,0.5086116164836767,-0.15549474425366194
15089,2020,47.64,168.24501037597656,18.736309051513672,7.0,15639802.0,87.64581510218584,54.72523792760443,Sugar beet,48600.0,2756800.0,566.8,269.5,191.75,-77.75,4084.8694352772245,0.961687147913949,0.07027597192156287
15089,2021,62.76,221.13250732421875,17.86613655090332,0.0,14236531.0,87.64581510218584,54.72523792760443,Sugar beet,48600.0,3514600.0,722.7,257.8,22.0,-235.8,4220.473219564863,-0.3974036552809821,0.034953163274553
15090,2017,68.64,257.8014221191406,17.033002853393555,0.0,13897165.0,35.61396156430523,37.76264303725175,Sugar beet,51000.0,3830800.0,751.8,254.0,24.5,-229.5,4656.344766352296,-2.313776870061247,-0.5607901449210388
15090,2019,48.78,185.9146423339844,18.2032527923584,8.0,15040856.0,35.61396156430523,37.76264303725175,Sugar beet,51400.0,2548500.0,495.8,258.5,15.0,-243.5,5057.0633217889,0.6067817765392078,-0.24285326151212827
15090,2020,66.67,181.06321716308597,18.222410202026367,7.0,15062525.0,35.61396156430523,37.76264303725175,Sugar beet,48600.0,2756800.0,566.8,269.5,191.75,-77.75,5716.587851593882,0.9286533965033641,0.1360625187076565
15090,2021,70.68,202.60394287109372,17.813718795776367,0.0,13789561.0,35.61396156430523,37.76264303725175,Sugar beet,48600.0,3514600.0,722.7,257.8,22.0,-235.8,4753.075958553929,-0.3512262268528161,-0.04086653507022553
15091,2017,57.13,221.89498901367188,17.663524627685547,1.0,14789557.0,94.13399078409,38.79986127633599,Sugar beet,51000.0,3830800.0,751.8,254.0,24.5,-229.5,3875.5387019479404,-2.405245367485236,-0.5208203722812867
15091,2019,48.9,163.3996124267578,18.895153045654297,10.0,15878795.0,94.13399078409,38.79986127633599,Sugar beet,51400.0,2548500.0,495.8,258.5,15.0,-243.5,5069.5038219655025,0.5756188983964989,-0.11304653377156526
15091,2020,59.71,172.08001708984375,18.99734687805176,8.0,15632931.0,94.13399078409,38.79986127633599,Sugar beet,48600.0,2756800.0,566.8,269.5,191.75,-77.75,5119.8059189841115,1.0225125986071362,0.061974281396551145
15091,2021,67.21,249.8627014160156,18.027956008911133,0.0,14181965.0,94.13399078409,38.79986127633599,Sugar beet,48600.0,3514600.0,722.7,257.8,22.0,-235.8,4519.726021143315,-0.4442746676645015,-0.04844576915324006
16051,2017,79.44,288.5400085449219,16.829099655151367,1.0,14876664.0,247.10317176604275,58.24566985599352,Sugar beet,10400.0,808800.0,774.6,254.0,24.5,-229.5,1066.5840420002787,-2.161898791291094,-0.600215617644484
16051,2019,57.62,155.1999969482422,18.07566261291504,7.0,16233862.0,247.10317176604275,58.24566985599352,Sugar beet,11000.0,679100.0,615.0,258.5,15.0,-243.5,1030.6016243404852,0.3920786458049861,-0.060597405622105804
16051,2020,60.49,175.52999877929688,18.28194236755371,6.0,16003757.0,247.10317176604275,58.24566985599352,Sugar beet,11100.0,717800.0,646.7,269.5,191.75,-77.75,1038.2542120948597,0.8550121669027817,0.07763050444686526
16051,2021,68.77,294.77996826171875,17.038244247436523,0.0,14245756.0,247.10317176604275,58.24566985599352,Sugar beet,11800.0,921000.0,781.1,257.8,22.0,-235.8,1038.9015477673772,-0.5486784954480868,0.059549063048231377
16052,2017,82.55,227.90000915527344,16.976757049560547,2.0,14870822.0,266.0037717300465,55.77280584513514,Sugar beet,10400.0,808800.0,774.6,254.0,24.5,-229.5,1108.3397868469663,-2.179699629322954,-0.5857414637368015
16052,2019,86.47,190.02001953125,17.88872528076172,5.0,16265443.0,266.0037717300465,55.77280584513514,Sugar beet,11000.0,679100.0,615.0,258.5,15.0,-243.5,1546.6178836640358,0.4348576831879427,-0.025828285202861734
16052,2020,79.79,203.8299865722656,18.12924575805664,5.0,16171218.0,266.0037717300465,55.77280584513514,Sugar beet,11100.0,717800.0,646.7,269.5,191.75,-77.75,1369.520641148105,0.9078497852526084,-0.003036422291084362
16052,2021,87.81,336.1300048828125,16.858888626098633,0.0,14170861.0,266.0037717300465,55.77280584513514,Sugar beet,11800.0,921000.0,781.1,257.8,22.0,-235.8,1326.5369333932442,-0.4845262768968155,0.10936689656217591
16061,2019,69.35,160.61460876464844,16.674121856689453,3.0,15687663.0,346.8863602410155,56.91366926795253,Sugar beet,11000.0,679100.0,615.0,258.5,15.0,-243.5,1240.4065020481194,0.40885596941888025,-0.10190014527375146
16061,2020,70.09,182.8145904541016,16.886335372924805,3.0,15478317.0,346.8863602410155,56.91366926795253,Sugar beet,11100.0,717800.0,646.7,269.5,191.75,-77.75,1203.0292234374065,0.8239399368659974,0.13466264977910658
16061,2021,75.32,228.8230743408203,16.002849578857422,0.0,13980779.0,346.8863602410155,56.91366926795253,Sugar beet,11800.0,921000.0,781.1,257.8,22.0,-235.8,1137.8517460787966,-0.34479954137862023,-0.025426129104155204
16062,2017,75.36,288.8210144042969,15.677459716796877,0.0,14417344.0,287.5644480155212,55.89379781697348,Sugar beet,10400.0,808800.0,774.6,254.0,24.5,-229.5,1011.8048011724699,-2.121771092890981,-0.5745950762362044
16062,2019,71.53,160.95700073242188,16.793415069580078,2.0,15925850.0,287.5644480155212,55.89379781697348,Sugar beet,11000.0,679100.0,615.0,258.5,15.0,-243.5,1279.3983719034172,0.39793751645760267,-0.1094712201747765
16062,2020,69.8,179.15200805664062,17.039081573486328,4.0,15643673.0,287.5644480155212,55.89379781697348,Sugar beet,11100.0,717800.0,646.7,269.5,191.75,-77.75,1198.051644969767,0.8391989939095765,0.1329661820866106
16062,2021,66.01,212.35601806640625,16.101274490356445,0.0,14250166.0,287.5644480155212,55.89379781697348,Sugar beet,11800.0,921000.0,781.1,257.8,22.0,-235.8,997.2065023720312,-0.3774039477538622,-0.00024416575441155164
16063,2017,81.28,307.8019714355469,15.84766674041748,0.0,14597700.0,356.1552828377808,55.30591591571282,Sugar beet,10400.0,808800.0,774.6,254.0,24.5,-229.5,1091.288405510859,-2.353324928004838,-0.5874373429909576
16063,2019,77.28,152.46200561523438,16.814374923706055,3.0,16039595.0,356.1552828377808,55.30591591571282,Sugar beet,11000.0,679100.0,615.0,258.5,15.0,-243.5,1382.2439001914736,0.46647984572473433,-0.09148483322665091
16063,2020,77.42,168.8300018310547,17.176284790039062,4.0,15795691.0,356.1552828377808,55.30591591571282,Sugar beet,11100.0,717800.0,646.7,269.5,191.75,-77.75,1328.8418102229136,0.7858860034197619,0.12579661329291292
16063,2021,79.16,274.5180358886719,16.016834259033203,0.0,14118282.0,356.1552828377808,55.30591591571282,Sugar beet,11800.0,921000.0,781.1,257.8,22.0,-235.8,1195.8622440201482,-0.3986331993268095,-0.003473598884495166
16064,2017,72.27,279.898681640625,16.173219680786133,0.0,14631232.0,288.48125861461494,57.97816110990006,Sugar beet,10400.0,808800.0,774.6,254.0,24.5,-229.5,970.3175820161146,-2.147522196248076,-0.5816197172244724
16064,2019,66.03,140.8346710205078,17.352188110351562,5.0,16052179.0,288.48125861461494,57.97816110990006,Sugar beet,11000.0,679100.0,615.0,258.5,15.0,-243.5,1181.0243883235376,0.41135864992293136,-0.12422183593114977
16064,2020,66.28,170.50466918945312,17.643692016601562,5.0,15807160.0,288.48125861461494,57.97816110990006,Sugar beet,11100.0,717800.0,646.7,269.5,191.75,-77.75,1137.634140810833,0.7757664851679351,0.13996571988022644
16064,2021,73.32,223.89401245117188,16.52252769470215,0.0,14244616.0,288.48125861461494,57.97816110990006,Sugar beet,11800.0,921000.0,781.1,257.8,22.0,-235.8,1107.6379450676764,-0.43973357850507,0.036949302509736937
16065,2017,70.5,250.27847290039065,16.5804443359375,0.0,14639538.0,255.3944509348272,57.7760652335081,Sugar beet,10400.0,808800.0,774.6,254.0,24.5,-229.5,946.5530584216975,-2.0385840709139984,-0.5907212731300588
16065,2019,49.45,145.9907684326172,17.832807540893555,7.0,16146609.0,255.3944509348272,57.7760652335081,Sugar beet,11000.0,679100.0,615.0,258.5,15.0,-243.5,884.4715432772822,0.41529628961012577,-0.13257247107458325
16065,2020,64.61,169.13385009765625,18.049196243286133,5.0,15851782.0,255.3944509348272,57.7760652335081,Sugar beet,11100.0,717800.0,646.7,269.5,191.75,-77.75,1108.9701544627026,0.7814996747351302,0.11487034366095461
16065,2021,76.77,228.16766357421875,16.985305786132812,0.0,14348903.0,255.3944509348272,57.7760652335081,Sugar beet,11800.0,921000.0,781.1,257.8,22.0,-235.8,1159.7567518118592,-0.49519435110192944,0.0831999146520841
16066,2017,61.92,319.625244140625,15.357391357421877,0.0,14680207.0,471.66110006503663,59.29756782040675,Sugar beet,10400.0,808800.0,774.6,254.0,24.5,-229.5,831.3555372690994,-2.3941324393841796,-0.6091663909830738
16066,2019,69.81,175.63999938964844,16.303882598876953,3.0,16175537.0,471.66110006503663,59.29756782040675,Sugar beet,11000.0,679100.0,615.0,258.5,15.0,-243.5,1248.634144311164,0.48859160820165926,-0.08341158066706889
16067,2017,79.36,307.5536193847656,15.885205268859863,0.0,14821512.0,385.15297235244526,59.65989891892316,Sugar beet,10400.0,808800.0,774.6,254.0,24.5,-229.5,1065.5099392389493,-2.2950052724756347,-0.5921601512466667
16067,2019,63.8,160.2045440673828,17.02133560180664,3.0,16190045.0,385.15297235244526,59.65989891892316,Sugar beet,11000.0,679100.0,615.0,258.5,15.0,-243.5,1141.1382095266044,0.4074746587455138,-0.057219343819548296
16067,2020,58.98,180.02272033691406,17.29155731201172,5.0,15961273.0,385.15297235244526,59.65989891892316,Sugar beet,11100.0,717800.0,646.7,269.5,191.75,-77.75,1012.3364759357715,0.882286251833591,0.10203052405996171
16067,2021,72.15,283.2363586425781,16.080734252929688,0.0,14223850.0,385.15297235244526,59.65989891892316,Sugar beet,11800.0,921000.0,781.1,257.8,22.0,-235.8,1089.962871476171,-0.5164875353715956,0.029639099889541054
16068,2017,73.49,232.30545043945312,16.968727111816406,1.0,14705056.0,182.7582739898777,56.81968900391705,Sugar beet,10400.0,808800.0,774.6,254.0,24.5,-229.5,986.6976491263907,-2.00263802989474,-0.5954405286324896
16068,2019,46.11,134.25180053710938,18.35514640808105,9.0,16159437.0,182.7582739898777,56.81968900391705,Sugar beet,11000.0,679100.0,615.0,258.5,15.0,-243.5,824.731705976046,0.4101476713519787,-0.1377339576936476
16068,2020,59.6,159.2818145751953,18.55864143371582,6.0,15890652.0,182.7582739898777,56.81968900391705,Sugar beet,11100.0,717800.0,646.7,269.5,191.75,-77.75,1022.978195418311,0.784320718678714,0.10060191817029573
16068,2021,80.24,243.69273376464844,17.335498809814453,0.0,14277152.0,182.7582739898777,56.81968900391705,Sugar beet,11800.0,921000.0,781.1,257.8,22.0,-235.8,1212.1776965661531,-0.5355954879516958,0.08759382631797874
16070,2017,85.39,300.697998046875,15.630008697509766,0.0,14853525.0,491.93560482323153,60.49259630510207,Sugar beet,10400.0,808800.0,774.6,254.0,24.5,-229.5,1146.4704348741668,-2.3602501926717423,-0.5928596665236016
16070,2021,69.69,308.9700012207031,15.791168212890623,0.0,14189170.0,491.93560482323153,60.49259630510207,Sugar beet,11800.0,921000.0,781.1,257.8,22.0,-235.8,1052.7998962324928,-0.5558204661836044,0.012163466905396936
16071,2017,81.94,231.9855499267578,16.661344528198242,1.0,14835030.0,298.83041021743145,56.61191675710935,Sugar beet,10400.0,808800.0,774.6,254.0,24.5,-229.5,1100.1497532918283,-2.1261544252812428,-0.6034387846903262
16071,2019,58.65,143.5789031982422,17.95502471923828,6.0,16246392.0,298.83041021743145,56.61191675710935,Sugar beet,11000.0,679100.0,615.0,258.5,15.0,-243.5,1049.0243885381717,0.4262775153000007,-0.07999761457307497
16071,2020,62.34,168.2033233642578,18.16073036193848,5.0,16032033.0,298.83041021743145,56.61191675710935,Sugar beet,11100.0,717800.0,646.7,269.5,191.75,-77.75,1070.007729905663,0.8398288029523542,0.04617617018493636
16071,2021,80.77,300.5877990722656,16.849098205566406,0.0,14227321.0,298.83041021743145,56.61191675710935,Sugar beet,11800.0,921000.0,781.1,257.8,22.0,-235.8,1220.1843538341002,-0.5265505276680074,0.12225042454029134
16074,2017,80.29,226.7066802978516,16.7879581451416,2.0,14819002.0,293.8711554302379,56.34634215180621,Sugar beet,10400.0,808800.0,774.6,254.0,24.5,-229.5,1077.9963838394056,-2.1263898233243026,-0.5969667390234954
16074,2019,67.75,164.67999267578125,17.889720916748047,5.0,16219310.0,293.8711554302379,56.34634215180621,Sugar beet,11000.0,679100.0,615.0,258.5,15.0,-243.5,1211.7886159157908,0.44064261744489386,-0.06459872720263748
16074,2020,68.96,182.2633514404297,18.148725509643555,5.0,16075484.0,293.8711554302379,56.34634215180621,Sugar beet,11100.0,717800.0,646.7,269.5,191.75,-77.75,1183.633831477294,0.8809783915509684,0.01998511120190427
16074,2021,79.72,326.8799743652344,16.784517288208008,0.0,14121568.0,293.8711554302379,56.34634215180621,Sugar beet,11800.0,921000.0,781.1,257.8,22.0,-235.8,1204.3221083032618,-0.49680981999318874,0.12815100856827466
16075,2017,83.68,258.75714111328125,15.724076271057127,0.0,14742038.0,473.78533538472414,53.56651124174638,Sugar beet,10400.0,808800.0,774.6,254.0,24.5,-229.5,1123.511488350747,-2.2396471958722373,-0.5871062313739812
16075,2019,54.3,185.98643493652344,16.761049270629883,2.0,16117632.0,473.78533538472414,53.56651124174638,Sugar beet,11000.0,679100.0,615.0,258.5,15.0,-243.5,971.2195106159031,0.43992231176542873,-0.003066151802798567
16075,2020,71.78,205.3414459228516,16.98882484436035,4.0,16031041.0,473.78533538472414,53.56651124174638,Sugar beet,11100.0,717800.0,646.7,269.5,191.75,-77.75,1232.0364910591672,0.8849582009696064,0.028546302593197792
16075,2021,77.53,343.0371398925781,15.710445404052734,0.0,13903172.0,473.78533538472414,53.56651124174638,Sugar beet,11800.0,921000.0,781.1,257.8,22.0,-235.8,1171.237996196085,-0.5037855794694792,0.1205151141081322
16076,2017,77.72,239.4981689453125,16.652910232543945,2.0,14819126.0,345.58282326892333,51.81728158176075,Sugar beet,10400.0,808800.0,774.6,254.0,24.5,-229.5,1043.4908326316927,-2.2143531434475676,-0.5802131311883161
16076,2019,72.54,191.40362548828125,17.599079132080078,2.0,16194856.0,345.58282326892333,51.81728158176075,Sugar beet,11000.0,679100.0,615.0,258.5,15.0,-243.5,1297.46341252445,0.4364372790692528,0.010609922642032643
16076,2020,63.28,202.7290954589844,17.825647354125977,5.0,16126739.0,345.58282326892333,51.81728158176075,Sugar beet,11100.0,717800.0,646.7,269.5,191.75,-77.75,1086.1419497662873,0.8936773679462817,0.004353469212988514
16076,2021,85.37,341.5118103027344,16.5598087310791,0.0,14048493.0,345.58282326892333,51.81728158176075,Sugar beet,11800.0,921000.0,781.1,257.8,22.0,-235.8,1289.6760961596772,-0.49039436423913685,0.1026172102089642
16077,2017,83.85,221.6400146484375,17.186620712280273,2.0,14915334.0,227.83220903103785,53.35449963023861,Sugar beet,10400.0,808800.0,774.6,254.0,24.5,-229.5,1125.7939567185722,-2.2085826701567726,-0.5771314756849255
16077,2019,74.37,182.0199737548828,18.111492156982425,6.0,16259356.0,227.83220903103785,53.35449963023861,Sugar beet,11000.0,679100.0,615.0,258.5,15.0,-243.5,1330.1951197883006,0.4133243335066368,0.05630275436892607
16077,2020,69.92,198.4399871826172,18.336885452270508,5.0,16191942.0,227.83220903103785,53.35449963023861,Sugar beet,11100.0,717800.0,646.7,269.5,191.75,-77.75,1200.1113326115487,0.9289688448122888,-0.022402159171070357
16077,2021,85.9,321.1199951171875,17.109477996826172,0.0,14222829.0,227.83220903103785,53.35449963023861,Sugar beet,11800.0,921000.0,781.1,257.8,22.0,-235.8,1297.6827534276242,-0.4662739246287515,0.0806224330450227
