district_no,year,yield,state_name,latitude,longitude,pflanzliche_erzeugung,zuckerrben,dngemittel,energie_und_schmierstoffe,pflanzenschutzmittel,saat_und_pflanzgut,Field_ha,Harvested_t,Yield_dt/ha,kreisYield,kreisField_ha,temp_mean_early_growth,national_campaign_start_day_of_year,national_campaign_end_day_of_year,national_campaign_duration,producer_price_index,fertilizer_price_index,energy_price_index,precip_total_peak_growth,temp_mean_peak_growth,heat_stress_days_peak_growth,solar_rad_peak_growth,avg_elevation,avg_soil_pawc,pflanzliche_erzeugung_lag1,zuckerrben_lag1,dngemittel_lag1,pflanzenschutzmittel_lag1,saat_und_pflanzgut_lag1,energie_und_schmierstoffe_lag1,winter_temp_anomaly,winter_precip_anomaly
01051,2018,67.25,Schleswig-Holstein,54.13288386150528,9.10891129597937,102.7,95.4,96.925,109.125,99.125,98.025,9400.0,640500.0,683.6,67.25,924.7366867689632,16.353191,259.40162601626014,17.297560975609755,122.63577235772358,95.4,96.925,109.125,127.0535,17.749714,3.0,16386463.0,4.312761096339693,60.66861105434826,93.1,96.7,94.2,99.3,96.425,101.7,-0.8317112027743292,0.11440881640232892
01051,2019,86.17,Schleswig-Holstein,54.13288386150528,9.10891129597937,101.9,90.0,102.65,110.55,99.1,100.5,9700.0,842800.0,870.7,86.17,959.9735833697328,14.248692,258.0,15.0,121.0,90.0,102.65,110.55,257.27298,16.926172,3.0,14977523.0,4.312761096339693,60.66861105434826,102.7,95.4,96.925,99.125,98.025,109.125,0.5469795237405037,-0.15788407796323878
01051,2020,81.5,Schleswig-Holstein,54.13288386150528,9.10891129597937,100.0,100.0,100.0,100.0,100.025,100.025,9900.0,802800.0,809.6,81.5,996.6032596385828,13.966193,269.0,8.0,105.0,100.0,100.0,100.0,191.58801,16.793993,3.0,15106671.0,4.312761096339693,60.66861105434826,101.9,90.0,102.65,99.1,100.5,110.55,0.8265473059314559,0.2245780109863602
01051,2021,89.82,Schleswig-Holstein,54.13288386150528,9.10891129597937,114.3,105.1,114.25,118.325,101.675,103.975,9200.0,783300.0,846.9,89.82,975.7279478383186,13.911452,257.0,22.0,129.0,105.1,114.25,118.325,252.6615,17.03226,0.0,14492836.0,4.312761096339693,60.66861105434826,100.0,100.0,100.0,100.025,100.025,100.0,-0.22307363761859733,-0.04110241584861296
01053,2018,64.67,Schleswig-Holstein,53.58858731963378,10.60156834335143,102.7,95.4,96.925,109.125,99.125,98.025,9400.0,640500.0,683.6,64.67,889.2597997523993,16.816832,259.40162601626014,17.297560975609755,122.63577235772358,95.4,96.925,109.125,96.13779,18.293072,10.0,16319521.0,40.00613405135157,48.82537288832111,93.1,96.7,94.2,99.3,96.425,101.7,-1.0518797291827013,0.11341886211115848
01053,2019,88.08,Schleswig-Holstein,53.58858731963378,10.60156834335143,101.9,90.0,102.65,110.55,99.1,100.5,9700.0,842800.0,870.7,88.08,981.2518651874906,15.124663,258.0,15.0,121.0,90.0,102.65,110.55,206.53331,17.122381,3.0,14374707.0,40.00613405135157,48.82537288832111,102.7,95.4,96.925,99.125,98.025,109.125,0.6142684273555687,-0.23070023090503478
01053,2020,75.49,Schleswig-Holstein,53.58858731963378,10.60156834335143,100.0,100.0,100.0,100.0,100.025,100.025,9900.0,802800.0,809.6,75.49,923.1114119032712,14.541278,269.0,8.0,105.0,100.0,100.0,100.0,172.70499,17.105925,4.0,14753414.0,40.00613405135157,48.82537288832111,101.9,90.0,102.65,99.1,100.5,110.55,0.9062581621238905,0.23272200433819257
01053,2021,81.98,Schleswig-Holstein,53.58858731963378,10.60156834335143,114.3,105.1,114.25,118.325,101.675,103.975,9200.0,783300.0,846.9,81.98,890.5608680002824,14.769795,257.0,22.0,129.0,105.1,114.25,118.325,209.7589,17.151037,0.0,13621645.0,40.00613405135157,48.82537288832111,100.0,100.0,100.0,100.025,100.025,100.0,-0.23469958681209846,0.016818999675501933
01054,2019,99.18,Schleswig-Holstein,54.60900681856426,8.888943832957597,101.9,90.0,102.65,110.55,99.1,100.5,9700.0,842800.0,870.7,99.18,1104.910989887549,13.78195,258.0,15.0,121.0,90.0,102.65,110.55,290.61267,16.745434,0.0,15022340.0,3.878989444346276,57.13157050524072,102.7,95.4,96.925,99.125,98.025,109.125,0.5637052220055807,-0.16599835372372296
01054,2020,88.57,Schleswig-Holstein,54.60900681856426,8.888943832957597,100.0,100.0,100.0,100.0,100.025,100.025,9900.0,802800.0,809.6,88.57,1083.057063879623,13.639533,269.0,8.0,105.0,100.0,100.0,100.0,213.30498,16.65996,0.0,15279665.0,3.878989444346276,57.13157050524072,101.9,90.0,102.65,99.1,100.5,110.55,0.8462970532150962,0.3166587552747049
01054,2021,93.31,Schleswig-Holstein,54.60900681856426,8.888943832957597,114.3,105.1,114.25,118.325,101.675,103.975,9200.0,783300.0,846.9,93.31,1013.640334143771,13.324868,257.0,22.0,129.0,105.1,114.25,118.325,256.65134,16.923311,0.0,14724028.0,3.878989444346276,57.13157050524072,100.0,100.0,100.0,100.025,100.025,100.0,-0.12391997538520627,-0.09085921103293748
01058,2018,74.42,Schleswig-Holstein,54.28851736791115,9.781565158652674,102.7,95.4,96.925,109.125,99.125,98.025,9400.0,640500.0,683.6,74.42,1023.3294309196468,16.051552,259.40162601626014,17.297560975609755,122.63577235772358,95.4,96.925,109.125,118.95138,17.634565,5.0,16094589.0,18.6739993731766,53.52441928771236,93.1,96.7,94.2,99.3,96.425,101.7,-0.9526663309852665,0.11035601205705836
01058,2019,83.81,Schleswig-Holstein,54.28851736791115,9.781565158652674,101.9,90.0,102.65,110.55,99.1,100.5,9700.0,842800.0,870.7,83.81,933.6820937938644,14.108966,258.0,15.0,121.0,90.0,102.65,110.55,234.00311,16.58614,2.0,14502322.0,18.6739993731766,53.52441928771236,102.7,95.4,96.925,99.125,98.025,109.125,0.5754004511302355,-0.20980711549782038
01058,2020,81.04,Schleswig-Holstein,54.28851736791115,9.781565158652674,100.0,100.0,100.0,100.0,100.025,100.025,9900.0,802800.0,809.6,81.04,990.9782596455308,13.821274,269.0,8.0,105.0,100.0,100.0,100.0,171.45691,16.506718,0.0,14778614.0,18.6739993731766,53.52441928771236,101.9,90.0,102.65,99.1,100.5,110.55,0.8589180454562779,0.2691202419517791
01058,2021,81.67,Schleswig-Holstein,54.28851736791115,9.781565158652674,114.3,105.1,114.25,118.325,101.675,103.975,9200.0,783300.0,846.9,81.67,887.1932921393397,13.956355,257.0,22.0,129.0,105.1,114.25,118.325,236.9962,16.814352,0.0,14044374.0,18.6739993731766,53.52441928771236,100.0,100.0,100.0,100.025,100.025,100.0,-0.1876093481961334,-0.04872323646982524
01059,2018,76.15,Schleswig-Holstein,54.61785881405948,9.48754409584054,102.7,95.4,96.925,109.125,99.125,98.025,9400.0,640500.0,683.6,76.15,1047.1181962447072,15.773316,259.40162601626014,17.297560975609755,122.63577235772358,95.4,96.925,109.125,133.82068,17.379166,2.0,16100814.0,21.813499268367053,51.94983958903685,93.1,96.7,94.2,99.3,96.425,101.7,-0.8981082599816546,0.06594759887482526
01059,2019,83.37,Schleswig-Holstein,54.61785881405948,9.48754409584054,101.9,90.0,102.65,110.55,99.1,100.5,9700.0,842800.0,870.7,83.37,928.780290652601,13.764474,258.0,15.0,121.0,90.0,102.65,110.55,262.75266,16.42672,0.0,14565299.0,21.813499268367053,51.94983958903685,102.7,95.4,96.925,99.125,98.025,109.125,0.591950564851345,-0.18752330887670532
01059,2020,83.2,Schleswig-Holstein,54.61785881405948,9.48754409584054,100.0,100.0,100.0,100.0,100.025,100.025,9900.0,802800.0,809.6,83.2,1017.3913030911668,13.603547,269.0,8.0,105.0,100.0,100.0,100.0,180.57063,16.308022,0.0,14849913.0,21.813499268367053,51.94983958903685,101.9,90.0,102.65,99.1,100.5,110.55,0.8812571328820127,0.3133632143770264
01059,2021,81.92,Schleswig-Holstein,54.61785881405948,9.48754409584054,114.3,105.1,114.25,118.325,101.675,103.975,9200.0,783300.0,846.9,81.92,889.9090791239709,13.545813,257.0,22.0,129.0,105.1,114.25,118.325,240.12599,16.675528,0.0,14188758.0,21.813499268367053,51.94983958903685,100.0,100.0,100.0,100.025,100.025,100.0,-0.23799343645424642,-0.10419780213917063
01060,2018,57.12,Schleswig-Holstein,53.91993466525943,10.141101594511628,102.7,95.4,96.925,109.125,99.125,98.025,9400.0,640500.0,683.6,57.12,785.4417776690436,16.456121,259.40162601626014,17.297560975609755,122.63577235772358,95.4,96.925,109.125,103.40789,17.92072,9.0,16029863.0,34.30699266787498,50.82564035364499,93.1,96.7,94.2,99.3,96.425,101.7,-0.9943169632297781,0.11316764578519733
01060,2019,87.71,Schleswig-Holstein,53.91993466525943,10.141101594511628,101.9,90.0,102.65,110.55,99.1,100.5,9700.0,842800.0,870.7,87.71,977.1298943641552,14.552205,258.0,15.0,121.0,90.0,102.65,110.55,222.24788,16.811007,3.0,14299665.0,34.30699266787498,50.82564035364499,102.7,95.4,96.925,99.125,98.025,109.125,0.5846732274106898,-0.2095070254176763
01060,2020,76.03,Schleswig-Holstein,53.91993466525943,10.141101594511628,100.0,100.0,100.0,100.0,100.025,100.025,9900.0,802800.0,809.6,76.03,929.7146727646804,14.17349,269.0,8.0,105.0,100.0,100.0,100.0,167.74579,16.772795,5.0,14653286.0,34.30699266787498,50.82564035364499,101.9,90.0,102.65,99.1,100.5,110.55,0.8637316477198169,0.2227336157613422
01060,2021,82.84,Schleswig-Holstein,53.91993466525943,10.141101594511628,114.3,105.1,114.25,118.325,101.675,103.975,9200.0,783300.0,846.9,82.84,899.903175227414,14.339193,257.0,22.0,129.0,105.1,114.25,118.325,230.36739,16.96342,0.0,13734829.0,34.30699266787498,50.82564035364499,100.0,100.0,100.0,100.025,100.025,100.0,-0.1831745191136065,0.005694494987522392
01061,2018,65.86,Schleswig-Holstein,53.9284280864405,9.518983361623944,102.7,95.4,96.925,109.125,99.125,98.025,9400.0,640500.0,683.6,65.86,905.6231701205044,16.688988,259.40162601626014,17.297560975609755,122.63577235772358,95.4,96.925,109.125,111.71308,17.858156,7.0,16091189.0,8.498057820216552,61.49693127291663,93.1,96.7,94.2,99.3,96.425,101.7,-0.9180877457518477,0.10616714775063496
01061,2019,82.63,Schleswig-Holstein,53.9284280864405,9.518983361623944,101.9,90.0,102.65,110.55,99.1,100.5,9700.0,842800.0,870.7,82.63,920.5363490059304,14.542557,258.0,15.0,121.0,90.0,102.65,110.55,231.1923,16.875362,3.0,14556946.0,8.498057820216552,61.49693127291663,102.7,95.4,96.925,99.125,98.025,109.125,0.552806092422145,-0.19352230163686746
01061,2020,79.2,Schleswig-Holstein,53.9284280864405,9.518983361623944,100.0,100.0,100.0,100.0,100.025,100.025,9900.0,802800.0,809.6,79.2,968.4782596733224,14.234939,269.0,8.0,105.0,100.0,100.0,100.0,176.44615,16.822771,7.0,14727829.0,8.498057820216552,61.49693127291663,101.9,90.0,102.65,99.1,100.5,110.55,0.8250167117805063,0.2509128548249404
01061,2021,76.46,Schleswig-Holstein,53.9284280864405,9.518983361623944,114.3,105.1,114.25,118.325,101.675,103.975,9200.0,783300.0,846.9,76.46,830.5962913796242,14.2987585,257.0,22.0,129.0,105.1,114.25,118.325,244.44383,17.01466,0.0,14001810.0,8.498057820216552,61.49693127291663,100.0,100.0,100.0,100.025,100.025,100.0,-0.19239714305217603,-0.021035057627324383
03101,2018,69.5,Niedersachsen,52.27541301031559,10.52443500614499,102.7,95.4,96.925,109.125,99.125,98.025,103400.0,7202700.0,696.3,69.5,10320.695087863429,17.474417,259.40162601626014,17.297560975609755,122.63577235772358,95.4,96.925,109.125,98.136665,19.130045,12.0,17130384.0,79.36886014887196,46.774093627551125,93.1,96.7,94.2,99.3,96.425,101.7,-0.8931036569464936,0.05482218531959315
03101,2019,72.34,Niedersachsen,52.27541301031559,10.52443500614499,101.9,90.0,102.65,110.55,99.1,100.5,103400.0,7668800.0,741.7,72.34,10084.88066592304,15.819146,258.0,15.0,121.0,90.0,102.65,110.55,144.08665,17.990467,9.0,15128691.0,79.36886014887196,46.774093627551125,102.7,95.4,96.925,99.125,98.025,109.125,0.46994479254766475,-0.17701913204615272
03101,2020,72.26,Niedersachsen,52.27541301031559,10.52443500614499,100.0,100.0,100.0,100.0,100.025,100.025,99300.0,7861900.0,791.6,72.26,9064.449205325356,14.887779,269.0,8.0,105.0,100.0,100.0,100.0,179.58334,17.839859,5.0,15071155.0,79.36886014887196,46.774093627551125,101.9,90.0,102.65,99.1,100.5,110.55,0.8401645253395031,0.1321124189271241
03101,2021,77.36,Niedersachsen,52.27541301031559,10.52443500614499,114.3,105.1,114.25,118.325,101.675,103.975,97600.0,7966100.0,816.2,77.36,9250.595430959818,15.434853,257.0,22.0,129.0,105.1,114.25,118.325,202.65668,17.343088,0.0,13596580.0,79.36886014887196,46.774093627551125,100.0,100.0,100.0,100.025,100.025,100.0,-0.27507956634781294,-0.028708303634024546
03102,2018,65.23,Niedersachsen,52.12521522445356,10.37158734427358,102.7,95.4,96.925,109.125,99.125,98.025,103400.0,7202700.0,696.3,65.23,9686.603461601891,17.281927,259.40162601626014,17.297560975609755,122.63577235772358,95.4,96.925,109.125,105.225,19.07748,12.0,17267506.0,117.4934737513266,52.202526218022896,93.1,96.7,94.2,99.3,96.425,101.7,-0.9348542254150516,0.03268163919027467
03102,2019,77.05,Niedersachsen,52.12521522445356,10.37158734427358,101.9,90.0,102.65,110.55,99.1,100.5,103400.0,7668800.0,741.7,77.05,10741.499243978024,15.736161,258.0,15.0,121.0,90.0,102.65,110.55,151.57999,17.950722,9.0,15232918.0,117.4934737513266,52.202526218022896,102.7,95.4,96.925,99.125,98.025,109.125,0.40777198676568105,-0.08721099228743678
03102,2020,80.29,Niedersachsen,52.12521522445356,10.37158734427358,100.0,100.0,100.0,100.0,100.025,100.025,99300.0,7861900.0,791.6,80.29,10071.749608297436,14.846191,269.0,8.0,105.0,100.0,100.0,100.0,193.005,17.837185,5.0,15149956.0,117.4934737513266,52.202526218022896,101.9,90.0,102.65,99.1,100.5,110.55,0.8821092325758286,0.10667211579597269
03102,2021,90.78,Niedersachsen,52.12521522445356,10.37158734427358,114.3,105.1,114.25,118.325,101.675,103.975,97600.0,7966100.0,816.2,90.78,10855.339364303676,15.437936,257.0,22.0,129.0,105.1,114.25,118.325,230.805,17.297213,0.0,13714271.0,117.4934737513266,52.202526218022896,100.0,100.0,100.0,100.025,100.025,100.0,-0.23949625692017662,-0.02158494427127222
03103,2018,44.63,Niedersachsen,52.4105998245712,10.783978400832318,102.7,95.4,96.925,109.125,99.125,98.025,103400.0,7202700.0,696.3,44.63,6627.519737717192,17.589424,259.40162601626014,17.297560975609755,122.63577235772358,95.4,96.925,109.125,93.85,19.218538,12.0,17042336.0,82.63539670359086,43.88645822268728,93.1,96.7,94.2,99.3,96.425,101.7,-0.8879672523950717,0.05113051989060713
03103,2020,74.78,Niedersachsen,52.4105998245712,10.783978400832318,100.0,100.0,100.0,100.0,100.025,100.025,99300.0,7861900.0,791.6,74.78,9380.56340401647,14.926421,269.0,8.0,105.0,100.0,100.0,100.0,180.39,17.909199,5.0,15027343.0,82.63539670359086,43.88645822268728,102.7,95.4,96.925,99.125,98.025,109.125,0.8539458317662252,0.12526427018398678
03151,2018,75.15,Niedersachsen,52.57964993710375,10.604223248130491,102.7,95.4,96.925,109.125,99.125,98.025,103400.0,7202700.0,696.3,75.15,11159.715623783262,17.674286,259.40162601626014,17.297560975609755,122.63577235772358,95.4,96.925,109.125,98.215004,19.136011,12.0,16880180.0,73.6892495743334,42.563852771214265,93.1,96.7,94.2,99.3,96.425,101.7,-0.8918865008382113,0.06855000482547835
03151,2019,74.67,Niedersachsen,52.57964993710375,10.604223248130491,101.9,90.0,102.65,110.55,99.1,100.5,103400.0,7668800.0,741.7,74.67,10409.704718336652,15.982618,258.0,15.0,121.0,90.0,102.65,110.55,167.38182,17.967564,9.0,14868786.0,73.6892495743334,42.563852771214265,102.7,95.4,96.925,99.125,98.025,109.125,0.5560156627911965,-0.23834953335736886
03151,2020,77.81,Niedersachsen,52.57964993710375,10.604223248130491,100.0,100.0,100.0,100.0,100.025,100.025,99300.0,7861900.0,791.6,77.81,9760.653095299833,15.039328,269.0,8.0,105.0,100.0,100.0,100.0,185.77637,17.794249,6.0,14820814.0,73.6892495743334,42.563852771214265,101.9,90.0,102.65,99.1,100.5,110.55,0.8490759067810245,0.1684845875599461
03151,2021,80.22,Niedersachsen,52.57964993710375,10.604223248130491,114.3,105.1,114.25,118.325,101.675,103.975,97600.0,7966100.0,816.2,80.22,9592.590039705232,15.524002,257.0,22.0,129.0,105.1,114.25,118.325,194.92955,17.436302,0.0,13361773.0,73.6892495743334,42.563852771214265,100.0,100.0,100.0,100.025,100.025,100.0,-0.3182980721365425,-0.04279718965290735
03153,2018,63.27,Niedersachsen,51.874520939751854,10.400808060260024,102.7,95.4,96.925,109.125,99.125,98.025,103400.0,7202700.0,696.3,63.27,9395.545010203154,15.419658,259.40162601626014,17.297560975609755,122.63577235772358,95.4,96.925,109.125,110.627495,17.292974,2.0,17169810.0,387.65537837221,68.64159594833163,93.1,96.7,94.2,99.3,96.425,101.7,-1.0293879814171305,0.02776396397372527
03153,2019,79.57,Niedersachsen,51.874520939751854,10.400808060260024,101.9,90.0,102.65,110.55,99.1,100.5,103400.0,7668800.0,741.7,79.57,11092.81109465712,13.953167,258.0,15.0,121.0,90.0,102.65,110.55,167.03334,16.0621,2.0,15139928.0,387.65537837221,68.64159594833163,102.7,95.4,96.925,99.125,98.025,109.125,0.3861362491784348,-0.052630111950916936
03153,2020,79.79,Niedersachsen,51.874520939751854,10.400808060260024,100.0,100.0,100.0,100.0,100.025,100.025,99300.0,7861900.0,791.6,79.79,10009.028537128564,13.008805,269.0,8.0,105.0,100.0,100.0,100.0,207.82501,16.062916,2.0,14997075.0,387.65537837221,68.64159594833163,101.9,90.0,102.65,99.1,100.5,110.55,0.9464367968968759,0.09391995519615048
03153,2021,85.36,Niedersachsen,51.874520939751854,10.400808060260024,114.3,105.1,114.25,118.325,101.675,103.975,97600.0,7966100.0,816.2,85.36,10207.223707170762,13.69239,257.0,22.0,129.0,105.1,114.25,118.325,260.13004,15.399467,0.0,13576121.0,387.65537837221,68.64159594833163,100.0,100.0,100.0,100.025,100.025,100.0,-0.2561152157292099,-0.03241510067692299
03154,2018,53.7,Niedersachsen,52.26051622712252,10.889356469804484,102.7,95.4,96.925,109.125,99.125,98.025,103400.0,7202700.0,696.3,53.7,7974.407571485844,17.359377,259.40162601626014,17.297560975609755,122.63577235772358,95.4,96.925,109.125,84.06375,19.077482,12.0,17178296.0,120.71246267567484,47.3940791687049,93.1,96.7,94.2,99.3,96.425,101.7,-0.8634870189173967,0.06378683990378242
03154,2019,68.84,Niedersachsen,52.26051622712252,10.889356469804484,101.9,90.0,102.65,110.55,99.1,100.5,103400.0,7668800.0,741.7,68.84,9596.947539979848,15.750213,258.0,15.0,121.0,90.0,102.65,110.55,147.41626,17.858456,9.0,15293446.0,120.71246267567484,47.3940791687049,102.7,95.4,96.925,99.125,98.025,109.125,0.487621196460168,-0.2008508612190706
03154,2020,69.86,Niedersachsen,52.26051622712252,10.889356469804484,100.0,100.0,100.0,100.0,100.025,100.025,99300.0,7861900.0,791.6,69.86,8763.38806371477,14.687617,269.0,8.0,105.0,100.0,100.0,100.0,174.54874,17.77447,5.0,15217455.0,120.71246267567484,47.3940791687049,101.9,90.0,102.65,99.1,100.5,110.55,0.899334356342365,0.09939287385997142
03154,2021,76.06,Niedersachsen,52.26051622712252,10.889356469804484,114.3,105.1,114.25,118.325,101.675,103.975,97600.0,7966100.0,816.2,76.06,9095.143336075542,15.303548,257.0,22.0,129.0,105.1,114.25,118.325,197.58624,17.226381,0.0,13657848.0,120.71246267567484,47.3940791687049,100.0,100.0,100.0,100.025,100.025,100.0,-0.31262028548110266,-0.013769149476635878
03155,2018,83.05,Niedersachsen,51.74240833313617,9.847876396760032,102.7,95.4,96.925,109.125,99.125,98.025,103400.0,7202700.0,696.3,83.05,12332.859381972054,16.383282,259.40162601626014,17.297560975609755,122.63577235772358,95.4,96.925,109.125,115.90235,18.250153,9.0,17409952.0,231.4685232956745,58.19983547821087,93.1,96.7,94.2,99.3,96.425,101.7,-0.8540280464210355,0.04873529957553546
03155,2019,81.1,Niedersachsen,51.74240833313617,9.847876396760032,101.9,90.0,102.65,110.55,99.1,100.5,103400.0,7668800.0,741.7,81.1,11306.107575426577,14.825593,258.0,15.0,121.0,90.0,102.65,110.55,164.82704,16.95048,4.0,15158694.0,231.4685232956745,58.19983547821087,102.7,95.4,96.925,99.125,98.025,109.125,0.3941412985306556,-0.0899554952804743
03155,2020,88.53,Niedersachsen,51.74240833313617,9.847876396760032,100.0,100.0,100.0,100.0,100.025,100.025,99300.0,7861900.0,791.6,88.53,11105.392861160444,14.028285,269.0,8.0,105.0,100.0,100.0,100.0,203.95412,16.910269,2.0,15023238.0,231.4685232956745,58.19983547821087,101.9,90.0,102.65,99.1,100.5,110.55,0.7053372656772012,0.1493508159292718
03155,2021,85.12,Niedersachsen,51.74240833313617,9.847876396760032,114.3,105.1,114.25,118.325,101.675,103.975,97600.0,7966100.0,816.2,85.12,10178.524858884432,14.6795635,257.0,22.0,129.0,105.1,114.25,118.325,250.49939,16.34048,0.0,13664557.0,231.4685232956745,58.19983547821087,100.0,100.0,100.0,100.025,100.025,100.0,-0.3356571108065509,0.01571595641427659
03157,2018,69.87,Niedersachsen,52.30406892918637,10.255258372700167,102.7,95.4,96.925,109.125,99.125,98.025,103400.0,7202700.0,696.3,69.87,10375.639795525436,17.513088,259.40162601626014,17.297560975609755,122.63577235772358,95.4,96.925,109.125,103.32286,19.157343,12.0,17155536.0,73.38944065927016,45.43448187787549,93.1,96.7,94.2,99.3,96.425,101.7,-0.8926017280412566,0.05152031722104722
03157,2019,69.48,Niedersachsen,52.30406892918637,10.255258372700167,101.9,90.0,102.65,110.55,99.1,100.5,103400.0,7668800.0,741.7,69.48,9686.169597295177,15.861959,258.0,15.0,121.0,90.0,102.65,110.55,146.12715,18.085793,9.0,15113266.0,73.38944065927016,45.43448187787549,102.7,95.4,96.925,99.125,98.025,109.125,0.46363218071826395,-0.17843615554412562
03157,2020,79.48,Niedersachsen,52.30406892918637,10.255258372700167,100.0,100.0,100.0,100.0,100.025,100.025,99300.0,7861900.0,791.6,79.48,9970.141473003863,15.009414,269.0,8.0,105.0,100.0,100.0,100.0,178.73001,17.912767,5.0,15049345.0,73.38944065927016,45.43448187787549,101.9,90.0,102.65,99.1,100.5,110.55,0.8297446089714526,0.14874974460718748
03157,2021,81.71,Niedersachsen,52.30406892918637,10.255258372700167,114.3,105.1,114.25,118.325,101.675,103.975,97600.0,7966100.0,816.2,81.71,9770.76205614952,15.519972,257.0,22.0,129.0,105.1,114.25,118.325,205.17714,17.423786,0.0,13645038.0,73.38944065927016,45.43448187787549,100.0,100.0,100.0,100.025,100.025,100.0,-0.2670276507136009,-0.022876983021405173
03158,2018,63.9,Niedersachsen,52.12706030124737,10.584810588618774,102.7,95.4,96.925,109.125,99.125,98.025,103400.0,7202700.0,696.3,63.9,9489.099512438464,17.110954,259.40162601626014,17.297560975609755,122.63577235772358,95.4,96.925,109.125,102.60728,18.937078,12.0,17305284.0,130.02412529590924,49.33051719467714,93.1,96.7,94.2,99.3,96.425,101.7,-0.9186733510529734,0.021357281159990915
03158,2019,77.95,Niedersachsen,52.12706030124737,10.584810588618774,101.9,90.0,102.65,110.55,99.1,100.5,103400.0,7668800.0,741.7,77.95,10866.967762077702,15.585911,258.0,15.0,121.0,90.0,102.65,110.55,154.05182,17.77711,9.0,15329231.0,130.02412529590924,49.33051719467714,102.7,95.4,96.925,99.125,98.025,109.125,0.4019661343373855,-0.09909338153174807
03158,2020,74.97,Niedersachsen,52.12706030124737,10.584810588618774,100.0,100.0,100.0,100.0,100.025,100.025,99300.0,7861900.0,791.6,74.97,9404.39741106064,14.633143,269.0,8.0,105.0,100.0,100.0,100.0,194.0091,17.68932,5.0,15232778.0,130.02412529590924,49.33051719467714,101.9,90.0,102.65,99.1,100.5,110.55,0.8787573097134214,0.11004843792340302
03158,2021,81.17,Niedersachsen,52.12706030124737,10.584810588618774,114.3,105.1,114.25,118.325,101.675,103.975,97600.0,7966100.0,816.2,81.17,9706.189647505282,15.278008,257.0,22.0,129.0,105.1,114.25,118.325,230.54182,17.12999,0.0,13754880.0,130.02412529590924,49.33051719467714,100.0,100.0,100.0,100.025,100.025,100.0,-0.25839040934829427,0.0018244754353538006
03241,2018,74.81,Niedersachsen,52.42157736272502,9.719983266965194,102.7,95.4,96.925,109.125,99.125,98.025,103400.0,7202700.0,696.3,74.81,11109.225892418171,17.380135,259.40162601626014,17.297560975609755,122.63577235772358,95.4,96.925,109.125,114.14903,18.9071,12.0,16978368.0,65.35178068571408,44.86763110898455,93.1,96.7,94.2,99.3,96.425,101.7,-0.8644410590895859,0.01120905423955798
03241,2019,74.78,Niedersachsen,52.42157736272502,9.719983266965194,101.9,90.0,102.65,110.55,99.1,100.5,103400.0,7668800.0,741.7,74.78,10425.039759437725,15.687535,258.0,15.0,121.0,90.0,102.65,110.55,162.20451,18.020483,9.0,14925418.0,65.35178068571408,44.86763110898455,102.7,95.4,96.925,99.125,98.025,109.125,0.4465884732893528,-0.18706516613494417
03241,2020,82.52,Niedersachsen,52.42157736272502,9.719983266965194,100.0,100.0,100.0,100.0,100.025,100.025,99300.0,7861900.0,791.6,82.52,10351.485585710603,14.988842,269.0,8.0,105.0,100.0,100.0,100.0,182.18709,17.794092,6.0,14820319.0,65.35178068571408,44.86763110898455,101.9,90.0,102.65,99.1,100.5,110.55,0.7951854449605094,0.2049052882629665
03241,2021,84.76,Niedersachsen,52.42157736272502,9.719983266965194,114.3,105.1,114.25,118.325,101.675,103.975,97600.0,7966100.0,816.2,84.76,10135.476586454944,15.32297,257.0,22.0,129.0,105.1,114.25,118.325,215.1984,17.345615,0.0,13614266.0,65.35178068571408,44.86763110898455,100.0,100.0,100.0,100.025,100.025,100.0,-0.25047139525293005,-0.005133255278637394
03251,2018,53.63,Niedersachsen,52.727439366186495,8.700992571619611,102.7,95.4,96.925,109.125,99.125,98.025,103400.0,7202700.0,696.3,53.63,7964.012626793031,17.21437,259.40162601626014,17.297560975609755,122.63577235772358,95.4,96.925,109.125,100.83963,18.604012,11.0,16547812.0,37.82531227909938,50.47574318137497,93.1,96.7,94.2,99.3,96.425,101.7,-0.9093919129257415,-0.05345105445785281
03251,2019,62.66,Niedersachsen,52.727439366186495,8.700992571619611,101.9,90.0,102.65,110.55,99.1,100.5,103400.0,7668800.0,741.7,62.66,8735.397049028721,15.456642,258.0,15.0,121.0,90.0,102.65,110.55,200.88,17.700487,8.0,14622417.0,37.82531227909938,50.47574318137497,102.7,95.4,96.925,99.125,98.025,109.125,0.43488586564620846,-0.20512308093003806
03251,2020,77.31,Niedersachsen,52.727439366186495,8.700992571619611,100.0,100.0,100.0,100.0,100.025,100.025,99300.0,7861900.0,791.6,77.31,9697.93202413096,14.879917,269.0,8.0,105.0,100.0,100.0,100.0,196.90517,17.456343,7.0,14363905.0,37.82531227909938,50.47574318137497,101.9,90.0,102.65,99.1,100.5,110.55,0.7264235345225529,0.24162421058451966
03251,2021,81.42,Niedersachsen,52.727439366186495,8.700992571619611,114.3,105.1,114.25,118.325,101.675,103.975,97600.0,7966100.0,816.2,81.42,9736.084281136871,14.916596,257.0,22.0,129.0,105.1,114.25,118.325,232.92517,17.229515,0.0,13647034.0,37.82531227909938,50.47574318137497,100.0,100.0,100.0,100.025,100.025,100.0,-0.2401135714868019,-0.0026470583561016836
03252,2018,78.89,Niedersachsen,52.09468937939088,9.389171702227223,102.7,95.4,96.925,109.125,99.125,98.025,103400.0,7202700.0,696.3,78.89,11715.102668799222,16.586773,259.40162601626014,17.297560975609755,122.63577235772358,95.4,96.925,109.125,135.20091,18.26215,8.0,17239142.0,168.64624754132518,59.42615305944366,93.1,96.7,94.2,99.3,96.425,101.7,-0.8601384413199185,-0.0026537569300451036
03252,2019,83.27,Niedersachsen,52.09468937939088,9.389171702227223,101.9,90.0,102.65,110.55,99.1,100.5,103400.0,7668800.0,741.7,83.27,11608.626113511356,15.02464,258.0,15.0,121.0,90.0,102.65,110.55,171.57092,17.332008,7.0,15060255.0,168.64624754132518,59.42615305944366,102.7,95.4,96.925,99.125,98.025,109.125,0.3993080823080959,-0.11859484742478754
03252,2020,88.27,Niedersachsen,52.09468937939088,9.389171702227223,100.0,100.0,100.0,100.0,100.025,100.025,99300.0,7861900.0,791.6,88.27,11072.77790415263,14.371564,269.0,8.0,105.0,100.0,100.0,100.0,204.00272,17.152218,2.0,14911296.0,168.64624754132518,59.42615305944366,101.9,90.0,102.65,99.1,100.5,110.55,0.7157523615278478,0.18648346425656537
03252,2021,86.29,Niedersachsen,52.09468937939088,9.389171702227223,114.3,105.1,114.25,118.325,101.675,103.975,97600.0,7966100.0,816.2,86.29,10318.431744280286,14.742994,257.0,22.0,129.0,105.1,114.25,118.325,256.68002,16.63136,0.0,13753277.0,168.64624754132518,59.42615305944366,100.0,100.0,100.0,100.025,100.025,100.0,-0.21919177659941624,0.026097192854473095
03254,2018,71.17,Niedersachsen,52.089640574171774,9.943412788434705,102.7,95.4,96.925,109.125,99.125,98.025,103400.0,7202700.0,696.3,71.17,10568.688768391945,16.77063,259.40162601626014,17.297560975609755,122.63577235772358,95.4,96.925,109.125,114.610664,18.582714,10.0,17324002.0,145.42201172754338,54.37337369926457,93.1,96.7,94.2,99.3,96.425,101.7,-0.8815136891828388,0.040064334267730706
03254,2019,77.85,Niedersachsen,52.089640574171774,9.943412788434705,101.9,90.0,102.65,110.55,99.1,100.5,103400.0,7668800.0,741.7,77.85,10853.02681562218,15.209286,258.0,15.0,121.0,90.0,102.65,110.55,154.09267,17.47395,9.0,15154226.0,145.42201172754338,54.37337369926457,102.7,95.4,96.925,99.125,98.025,109.125,0.4186246563276086,-0.11126640599902504
03254,2020,83.99,Niedersachsen,52.089640574171774,9.943412788434705,100.0,100.0,100.0,100.0,100.025,100.025,99300.0,7861900.0,791.6,83.99,10535.885534947089,14.392389,269.0,8.0,105.0,100.0,100.0,100.0,192.98334,17.307262,2.0,15060927.0,145.42201172754338,54.37337369926457,101.9,90.0,102.65,99.1,100.5,110.55,0.7806171716003973,0.1526361110178538
03254,2021,86.11,Niedersachsen,52.089640574171774,9.943412788434705,114.3,105.1,114.25,118.325,101.675,103.975,97600.0,7966100.0,816.2,86.11,10296.907608065538,14.992322,257.0,22.0,129.0,105.1,114.25,118.325,236.38266,16.807877,0.0,13757799.0,145.42201172754338,54.37337369926457,100.0,100.0,100.0,100.025,100.025,100.0,-0.2559949861657742,0.00850520287490708
03255,2018,65.97,Niedersachsen,51.87998191719255,9.550610446703711,102.7,95.4,96.925,109.125,99.125,98.025,103400.0,7202700.0,696.3,65.97,9796.492876925904,16.41262,259.40162601626014,17.297560975609755,122.63577235772358,95.4,96.925,109.125,132.78,18.160149,9.0,17276632.0,244.77205326208195,66.78746385962387,93.1,96.7,94.2,99.3,96.425,101.7,-0.8645809139368339,0.013595343174093166
03255,2019,80.49,Niedersachsen,51.87998191719255,9.550610446703711,101.9,90.0,102.65,110.55,99.1,100.5,103400.0,7668800.0,741.7,80.49,11221.067802047904,14.831082,258.0,15.0,121.0,90.0,102.65,110.55,167.84998,17.054688,5.0,15045382.0,244.77205326208195,66.78746385962387,102.7,95.4,96.925,99.125,98.025,109.125,0.40360824152884334,-0.13524217029987717
03255,2020,87.83,Niedersachsen,51.87998191719255,9.550610446703711,100.0,100.0,100.0,100.0,100.025,100.025,99300.0,7861900.0,791.6,87.83,11017.583361524024,14.111308,269.0,8.0,105.0,100.0,100.0,100.0,210.47556,16.903654,2.0,14912426.0,244.77205326208195,66.78746385962387,101.9,90.0,102.65,99.1,100.5,110.55,0.7220844637355981,0.19223476346989798
03255,2021,83.03,Niedersachsen,51.87998191719255,9.550610446703711,114.3,105.1,114.25,118.325,101.675,103.975,97600.0,7966100.0,816.2,83.03,9928.605721724323,14.633817,257.0,22.0,129.0,105.1,114.25,118.325,258.93222,16.396511,0.0,13659712.0,244.77205326208195,66.78746385962387,100.0,100.0,100.0,100.025,100.025,100.0,-0.2878656414699208,0.03160758415018461
03256,2018,69.71,Niedersachsen,52.60822427354838,9.114417594771304,102.7,95.4,96.925,109.125,99.125,98.025,103400.0,7202700.0,696.3,69.71,10351.879921941863,17.375132,259.40162601626014,17.297560975609755,122.63577235772358,95.4,96.925,109.125,105.71944,18.805254,11.0,16710044.0,36.69954350209412,45.6912156632667,93.1,96.7,94.2,99.3,96.425,101.7,-0.8900372613339869,-0.043925425521255224
03256,2019,71.95,Niedersachsen,52.60822427354838,9.114417594771304,101.9,90.0,102.65,110.55,99.1,100.5,103400.0,7668800.0,741.7,71.95,10030.510974746514,15.652869,258.0,15.0,121.0,90.0,102.65,110.55,187.36833,17.951899,8.0,14683693.0,36.69954350209412,45.6912156632667,102.7,95.4,96.925,99.125,98.025,109.125,0.4373125179207591,-0.20522471137422693
03256,2020,77.37,Niedersachsen,52.60822427354838,9.114417594771304,100.0,100.0,100.0,100.0,100.025,100.025,99300.0,7861900.0,791.6,77.37,9705.458552671224,15.066542,269.0,8.0,105.0,100.0,100.0,100.0,189.63002,17.70244,7.0,14507581.0,36.69954350209412,45.6912156632667,101.9,90.0,102.65,99.1,100.5,110.55,0.7662620136100031,0.24657472194498564
03256,2021,83.89,Niedersachsen,52.60822427354838,9.114417594771304,114.3,105.1,114.25,118.325,101.675,103.975,97600.0,7966100.0,816.2,83.89,10031.443261417002,15.169443,257.0,22.0,129.0,105.1,114.25,118.325,219.55275,17.355438,0.0,13575263.0,36.69954350209412,45.6912156632667,100.0,100.0,100.0,100.025,100.025,100.0,-0.24005334226984587,-0.003466531725550448
03257,2018,72.22,Niedersachsen,52.2924562826786,9.206292306228924,102.7,95.4,96.925,109.125,99.125,98.025,103400.0,7202700.0,696.3,72.22,10724.612938784128,17.056398,259.40162601626014,17.297560975609755,122.63577235772358,95.4,96.925,109.125,120.98499,18.636616,10.0,17063628.0,110.06650836686582,54.52129291862677,93.1,96.7,94.2,99.3,96.425,101.7,-0.8976610732851213,0.0011384310659678931
03257,2019,75.62,Niedersachsen,52.2924562826786,9.206292306228924,101.9,90.0,102.65,110.55,99.1,100.5,103400.0,7668800.0,741.7,75.62,10542.143709664091,15.432237,258.0,15.0,121.0,90.0,102.65,110.55,173.10399,17.796331,8.0,14935939.0,110.06650836686582,54.52129291862677,102.7,95.4,96.925,99.125,98.025,109.125,0.4177369182016264,-0.16499476190914308
03257,2020,85.25,Niedersachsen,52.2924562826786,9.206292306228924,100.0,100.0,100.0,100.0,100.025,100.025,99300.0,7861900.0,791.6,85.25,10693.942634292644,14.80398,269.0,8.0,105.0,100.0,100.0,100.0,190.479,17.528894,5.0,14762026.0,110.06650836686582,54.52129291862677,101.9,90.0,102.65,99.1,100.5,110.55,0.7706588447551326,0.2122620506455093
03257,2021,83.77,Niedersachsen,52.2924562826786,9.206292306228924,114.3,105.1,114.25,118.325,101.675,103.975,97600.0,7966100.0,816.2,83.77,10017.093837273836,15.033354,257.0,22.0,129.0,105.1,114.25,118.325,225.90703,17.059004,0.0,13753653.0,110.06650836686582,54.52129291862677,100.0,100.0,100.0,100.025,100.025,100.0,-0.24300793729179304,0.005954573590722045
03351,2018,69.04,Niedersachsen,52.71288411645541,10.10387391178879,102.7,95.4,96.925,109.125,99.125,98.025,103400.0,7202700.0,696.3,69.04,10252.385451310663,17.583866,259.40162601626014,17.297560975609755,122.63577235772358,95.4,96.925,109.125,103.2655,18.90065,14.0,16591691.0,63.23971096729696,45.982047716891806,93.1,96.7,94.2,99.3,96.425,101.7,-0.8889448308123633,0.043362711021580846
03351,2019,65.67,Niedersachsen,52.71288411645541,10.10387391178879,101.9,90.0,102.65,110.55,99.1,100.5,103400.0,7668800.0,741.7,65.67,9155.01953733987,15.798734,258.0,15.0,121.0,90.0,102.65,110.55,175.64899,17.828472,9.0,14650579.0,63.23971096729696,45.982047716891806,102.7,95.4,96.925,99.125,98.025,109.125,0.5459417935238662,-0.2450786206126937
03351,2020,74.43,Niedersachsen,52.71288411645541,10.10387391178879,100.0,100.0,100.0,100.0,100.025,100.025,99300.0,7861900.0,791.6,74.43,9336.658654198258,15.017607,269.0,8.0,105.0,100.0,100.0,100.0,187.975,17.643023,6.0,14570336.0,63.23971096729696,45.982047716891806,101.9,90.0,102.65,99.1,100.5,110.55,0.813887038410769,0.20603229787876276
03351,2021,77.86,Niedersachsen,52.71288411645541,10.10387391178879,114.3,105.1,114.25,118.325,101.675,103.975,97600.0,7966100.0,816.2,77.86,9310.384698223002,15.372673,257.0,22.0,129.0,105.1,114.25,118.325,205.612,17.334488,0.0,13209849.0,63.23971096729696,45.982047716891806,100.0,100.0,100.0,100.025,100.025,100.0,-0.2899650878010789,-0.04380132341362364
03353,2018,65.77,Niedersachsen,53.31562772055694,9.961821092670844,102.7,95.4,96.925,109.125,99.125,98.025,103400.0,7202700.0,696.3,65.77,9766.79303494644,17.13388,259.40162601626014,17.297560975609755,122.63577235772358,95.4,96.925,109.125,93.78369,18.334238,10.0,16175608.0,47.83834153611925,52.692365997490334,93.1,96.7,94.2,99.3,96.425,101.7,-1.006068610173486,0.02290959037696827
03353,2019,68.87,Niedersachsen,53.31562772055694,9.961821092670844,101.9,90.0,102.65,110.55,99.1,100.5,103400.0,7668800.0,741.7,68.87,9601.129823916504,15.210558,258.0,15.0,121.0,90.0,102.65,110.55,207.13263,17.220142,6.0,14438346.0,47.83834153611925,52.692365997490334,102.7,95.4,96.925,99.125,98.025,109.125,0.6105509255291963,-0.22547374768207507
03353,2020,76.9,Niedersachsen,53.31562772055694,9.961821092670844,100.0,100.0,100.0,100.0,100.025,100.025,99300.0,7861900.0,791.6,76.9,9646.500745772486,14.721443,269.0,8.0,105.0,100.0,100.0,100.0,181.62317,17.1389,7.0,14543343.0,47.83834153611925,52.692365997490334,101.9,90.0,102.65,99.1,100.5,110.55,0.8575622071306839,0.21776202371340614
03353,2021,68.08,Niedersachsen,53.31562772055694,9.961821092670844,114.3,105.1,114.25,118.325,101.675,103.975,97600.0,7966100.0,816.2,68.08,8140.906630555124,14.840142,257.0,22.0,129.0,105.1,114.25,118.325,209.02528,17.138037,0.0,13448191.0,47.83834153611925,52.692365997490334,100.0,100.0,100.0,100.025,100.025,100.0,-0.2139035016904245,-0.05339161974806361
03354,2018,67.42,Niedersachsen,53.01965276509415,11.123489966858209,102.7,95.4,96.925,109.125,99.125,98.025,103400.0,7202700.0,696.3,67.42,10011.816731277013,17.660925,259.40162601626014,17.297560975609755,122.63577235772358,95.4,96.925,109.125,79.80937,19.074095,12.0,16698017.0,39.92315427805637,43.17562863257,93.1,96.7,94.2,99.3,96.425,101.7,-0.8927920914539982,0.08081628253099904
03354,2019,73.64,Niedersachsen,53.01965276509415,11.123489966858209,101.9,90.0,102.65,110.55,99.1,100.5,103400.0,7668800.0,741.7,73.64,10266.112969844798,16.113659,258.0,15.0,121.0,90.0,102.65,110.55,193.985,17.788877,9.0,14517991.0,39.92315427805637,43.17562863257,102.7,95.4,96.925,99.125,98.025,109.125,0.6267374310515947,-0.2888955723169615
03354,2020,76.04,Niedersachsen,53.01965276509415,11.123489966858209,100.0,100.0,100.0,100.0,100.025,100.025,99300.0,7861900.0,791.6,76.04,9538.620503362026,15.117446,269.0,8.0,105.0,100.0,100.0,100.0,178.51564,17.707804,5.0,14583107.0,39.92315427805637,43.17562863257,101.9,90.0,102.65,99.1,100.5,110.55,0.8564174984213082,0.2068651478096517
03354,2021,79.16,Niedersachsen,53.01965276509415,11.123489966858209,114.3,105.1,114.25,118.325,101.675,103.975,97600.0,7966100.0,816.2,79.16,9465.83679310728,15.662677,257.0,22.0,129.0,105.1,114.25,118.325,193.91814,17.557178,0.0,13331694.0,39.92315427805637,43.17562863257,100.0,100.0,100.0,100.025,100.025,100.0,-0.2740153247252124,-0.032782273406872564
03355,2018,68.11,Niedersachsen,53.2322787712149,10.572929162275178,102.7,95.4,96.925,109.125,99.125,98.025,103400.0,7202700.0,696.3,68.11,10114.28118610616,17.360193,259.40162601626014,17.297560975609755,122.63577235772358,95.4,96.925,109.125,84.74944,18.713203,12.0,16429867.0,38.40780862308837,48.089519521973926,93.1,96.7,94.2,99.3,96.425,101.7,-0.9745032587821925,0.04793598727053605
03355,2019,76.38,Niedersachsen,53.2322787712149,10.572929162275178,101.9,90.0,102.65,110.55,99.1,100.5,103400.0,7668800.0,741.7,76.38,10648.09490272604,15.677278,258.0,15.0,121.0,90.0,102.65,110.55,202.59334,17.502949,7.0,14421837.0,38.40780862308837,48.089519521973926,102.7,95.4,96.925,99.125,98.025,109.125,0.6536170305225824,-0.26630640010065887
03355,2020,75.45,Niedersachsen,53.2322787712149,10.572929162275178,100.0,100.0,100.0,100.0,100.025,100.025,99300.0,7861900.0,791.6,75.45,9464.609639382756,14.904737,269.0,8.0,105.0,100.0,100.0,100.0,177.94556,17.407482,5.0,14598347.0,38.40780862308837,48.089519521973926,101.9,90.0,102.65,99.1,100.5,110.55,0.87351624454584,0.23289549235760743
03355,2021,77.89,Niedersachsen,53.2322787712149,10.572929162275178,114.3,105.1,114.25,118.325,101.675,103.975,97600.0,7966100.0,816.2,77.89,9313.972054258797,15.244972,257.0,22.0,129.0,105.1,114.25,118.325,192.58221,17.385769,0.0,13376472.0,38.40780862308837,48.089519521973926,100.0,100.0,100.0,100.025,100.025,100.0,-0.27796812196106657,-0.029983872724273275
03357,2018,50.52,Niedersachsen,53.24980865610637,9.306470719694897,102.7,95.4,96.925,109.125,99.125,98.025,103400.0,7202700.0,696.3,50.52,7502.180084012381,17.148731,259.40162601626014,17.297560975609755,122.63577235772358,95.4,96.925,109.125,101.04769,18.303785,10.0,16221466.0,27.1948989674917,53.57489479719908,93.1,96.7,94.2,99.3,96.425,101.7,-0.9667944237288566,-0.04658577186367663
03357,2019,71.66,Niedersachsen,53.24980865610637,9.306470719694897,101.9,90.0,102.65,110.55,99.1,100.5,103400.0,7668800.0,741.7,71.66,9990.082230025506,15.16506,258.0,15.0,121.0,90.0,102.65,110.55,216.04422,17.298883,6.0,14539123.0,27.1948989674917,53.57489479719908,102.7,95.4,96.925,99.125,98.025,109.125,0.5547185779537358,-0.18866032294441037
03357,2020,68.88,Niedersachsen,53.24980865610637,9.306470719694897,100.0,100.0,100.0,100.0,100.025,100.025,99300.0,7861900.0,791.6,68.88,8640.45476422378,14.670105,269.0,8.0,105.0,100.0,100.0,100.0,194.70155,17.20049,7.0,14450413.0,27.1948989674917,53.57489479719908,101.9,90.0,102.65,99.1,100.5,110.55,0.7799724735871223,0.20629758616418847
03357,2021,86.33,Niedersachsen,53.24980865610637,9.306470719694897,114.3,105.1,114.25,118.325,101.675,103.975,97600.0,7966100.0,816.2,86.33,10323.214885661338,14.721244,257.0,22.0,129.0,105.1,114.25,118.325,229.06577,17.149925,0.0,13589427.0,27.1948989674917,53.57489479719908,100.0,100.0,100.0,100.025,100.025,100.0,-0.1849682104278827,-0.04983580246367958
03358,2018,65.29,Niedersachsen,52.92786008551835,9.76945713279789,102.7,95.4,96.925,109.125,99.125,98.025,103400.0,7202700.0,696.3,65.29,9695.513414195731,17.335548,259.40162601626014,17.297560975609755,122.63577235772358,95.4,96.925,109.125,97.7944,18.581532,10.0,16401251.0,64.32476132692005,47.13149378999935,93.1,96.7,94.2,99.3,96.425,101.7,-0.9069635472532127,0.004069200502624604
03358,2019,68.44,Niedersachsen,52.92786008551835,9.76945713279789,101.9,90.0,102.65,110.55,99.1,100.5,103400.0,7668800.0,741.7,68.44,9541.183754157766,15.470737,258.0,15.0,121.0,90.0,102.65,110.55,193.342,17.51182,8.0,14541501.0,64.32476132692005,47.13149378999935,102.7,95.4,96.925,99.125,98.025,109.125,0.5867719568003622,-0.24843109888131565
03358,2020,79.94,Niedersachsen,52.92786008551835,9.76945713279789,100.0,100.0,100.0,100.0,100.025,100.025,99300.0,7861900.0,791.6,79.94,10027.844858479224,14.807176,269.0,8.0,105.0,100.0,100.0,100.0,188.34042,17.375055,7.0,14456608.0,64.32476132692005,47.13149378999935,101.9,90.0,102.65,99.1,100.5,110.55,0.7879491928857192,0.21957079967948823
03358,2021,76.3,Niedersachsen,52.92786008551835,9.76945713279789,114.3,105.1,114.25,118.325,101.675,103.975,97600.0,7966100.0,816.2,76.3,9123.842184361867,15.013426,257.0,22.0,129.0,105.1,114.25,118.325,218.5288,17.13233,0.0,13232086.0,64.32476132692005,47.13149378999935,100.0,100.0,100.0,100.025,100.025,100.0,-0.2551794787582935,-0.04217817985287042
03359,2018,70.55,Niedersachsen,53.5783185490597,9.417451195489972,102.7,95.4,96.925,109.125,99.125,98.025,103400.0,7202700.0,696.3,70.55,10476.619258255609,16.93627,259.40162601626014,17.297560975609755,122.63577235772358,95.4,96.925,109.125,103.94564,18.069891,9.0,16156640.0,12.13256251059729,61.57862618853422,93.1,96.7,94.2,99.3,96.425,101.7,-0.9597327142623726,0.04240274547796319
03359,2020,72.52,Niedersachsen,53.5783185490597,9.417451195489972,100.0,100.0,100.0,100.0,100.025,100.025,99300.0,7861900.0,791.6,72.52,9097.064162333168,14.482928,269.0,8.0,105.0,100.0,100.0,100.0,192.53438,17.02062,7.0,14621379.0,12.13256251059729,61.57862618853422,102.7,95.4,96.925,99.125,98.025,109.125,0.80190226406188,0.23143037283910384
03359,2021,70.71,Niedersachsen,53.5783185490597,9.417451195489972,114.3,105.1,114.25,118.325,101.675,103.975,97600.0,7966100.0,816.2,70.71,8455.398176359471,14.507327,257.0,22.0,129.0,105.1,114.25,118.325,234.91064,17.093616,0.0,13865551.0,12.13256251059729,61.57862618853422,100.0,100.0,100.0,100.025,100.025,100.0,-0.1926620309328655,-0.03153537977340215
03360,2018,74.95,Niedersachsen,52.98287117798212,10.54806898407428,102.7,95.4,96.925,109.125,99.125,98.025,103400.0,7202700.0,696.3,74.95,11130.0157818038,17.410076,259.40162601626014,17.297560975609755,122.63577235772358,95.4,96.925,109.125,86.76556,18.778963,12.0,16591469.0,71.241791440513,46.17268689394237,93.1,96.7,94.2,99.3,96.425,101.7,-0.9017700383232636,0.05278278680453519
03360,2019,68.97,Niedersachsen,52.98287117798212,10.54806898407428,101.9,90.0,102.65,110.55,99.1,100.5,103400.0,7668800.0,741.7,68.97,9615.070770372022,15.732757,258.0,15.0,121.0,90.0,102.65,110.55,193.1689,17.60585,9.0,14565293.0,71.241791440513,46.17268689394237,102.7,95.4,96.925,99.125,98.025,109.125,0.6219141512320334,-0.2892262008654781
03360,2020,73.71,Niedersachsen,52.98287117798212,10.54806898407428,100.0,100.0,100.0,100.0,100.025,100.025,99300.0,7861900.0,791.6,73.71,9246.340311715085,14.836367,269.0,8.0,105.0,100.0,100.0,100.0,186.24557,17.411285,6.0,14551780.0,71.241791440513,46.17268689394237,101.9,90.0,102.65,99.1,100.5,110.55,0.8508647598904417,0.22536932962459888
03360,2021,74.18,Niedersachsen,52.98287117798212,10.54806898407428,114.3,105.1,114.25,118.325,101.675,103.975,97600.0,7966100.0,816.2,74.18,8870.33569116597,15.259629,257.0,22.0,129.0,105.1,114.25,118.325,192.08224,17.260714,0.0,13225910.0,71.241791440513,46.17268689394237,100.0,100.0,100.0,100.025,100.025,100.0,-0.30562404491843154,-0.03670662917095924
03361,2018,62.93,Niedersachsen,52.972279108357846,9.176171159625728,102.7,95.4,96.925,109.125,99.125,98.025,103400.0,7202700.0,696.3,62.93,9345.055278838066,17.297693,259.40162601626014,17.297560975609755,122.63577235772358,95.4,96.925,109.125,99.51801,18.570826,10.0,16424051.0,20.634482190791463,51.58528505388986,93.1,96.7,94.2,99.3,96.425,101.7,-0.9022290745292594,-0.059198009327256385
03361,2019,66.48,Niedersachsen,52.972279108357846,9.176171159625728,101.9,90.0,102.65,110.55,99.1,100.5,103400.0,7668800.0,741.7,66.48,9267.94120362958,15.465432,258.0,15.0,121.0,90.0,102.65,110.55,202.764,17.65301,8.0,14531627.0,20.634482190791463,51.58528505388986,102.7,95.4,96.925,99.125,98.025,109.125,0.49915542633954146,-0.20812573935555634
03361,2020,83.17,Niedersachsen,52.972279108357846,9.176171159625728,100.0,100.0,100.0,100.0,100.025,100.025,99300.0,7861900.0,791.6,83.17,10433.022978230138,14.85738,269.0,8.0,105.0,100.0,100.0,100.0,188.88602,17.42895,7.0,14396177.0,20.634482190791463,51.58528505388986,101.9,90.0,102.65,99.1,100.5,110.55,0.7760221038843724,0.2219889744655743
03361,2021,87.29,Niedersachsen,52.972279108357846,9.176171159625728,114.3,105.1,114.25,118.325,101.675,103.975,97600.0,7966100.0,816.2,87.29,10438.010278806652,14.949578,257.0,22.0,129.0,105.1,114.25,118.325,235.34398,17.254505,0.0,13465715.0,20.634482190791463,51.58528505388986,100.0,100.0,100.0,100.025,100.025,100.0,-0.24352824486931013,-0.02045502253293663
03453,2021,76.41,Niedersachsen,52.91055493648768,7.904762412311685,114.3,105.1,114.25,118.325,101.675,103.975,97600.0,7966100.0,816.2,76.41,9136.995823159768,14.697611,257.0,22.0,129.0,105.1,114.25,118.325,266.204,17.187136,0.0,13883214.0,23.37155096682817,53.732832910953526,93.1,96.7,94.2,99.3,96.425,101.7,-0.1911176153656129,0.02747298804050935
03454,2019,60.68,Niedersachsen,52.7370365941379,7.40264284465385,101.9,90.0,102.65,110.55,99.1,100.5,103400.0,7668800.0,741.7,60.68,8459.366309209428,15.21566,258.0,15.0,121.0,90.0,102.65,110.55,210.51675,17.537304,7.0,14845139.0,21.883429345484306,56.02737782782792,102.7,95.4,96.925,99.125,98.025,109.125,0.4240562428285557,-0.17098642165657196
03454,2020,68.08,Niedersachsen,52.7370365941379,7.40264284465385,100.0,100.0,100.0,100.0,100.025,100.025,99300.0,7861900.0,791.6,68.08,8540.101050353585,14.789191,269.0,8.0,105.0,100.0,100.0,100.0,218.2905,17.236814,6.0,14137267.0,21.883429345484306,56.02737782782792,101.9,90.0,102.65,99.1,100.5,110.55,0.6041698087850023,0.1981120967656782
03454,2021,74.27,Niedersachsen,52.7370365941379,7.40264284465385,114.3,105.1,114.25,118.325,101.675,103.975,97600.0,7966100.0,816.2,74.27,8881.097759273342,14.621057,257.0,22.0,129.0,105.1,114.25,118.325,261.2325,17.085072,0.0,13987855.0,21.883429345484306,56.02737782782792,100.0,100.0,100.0,100.025,100.025,100.0,-0.2507783373528696,0.05441270683957944
03459,2018,74.87,Niedersachsen,52.38074621622671,8.045334869657212,102.7,95.4,96.925,109.125,99.125,98.025,103400.0,7202700.0,696.3,74.87,11118.135845012011,17.263254,259.40162601626014,17.297560975609755,122.63577235772358,95.4,96.925,109.125,108.491196,18.66738,11.0,16699275.0,74.81949659993606,51.725908423046015,93.1,96.7,94.2,99.3,96.425,101.7,-0.8898641303682098,-0.026947554365683857
03459,2019,87.25,Niedersachsen,52.38074621622671,8.045334869657212,101.9,90.0,102.65,110.55,99.1,100.5,103400.0,7668800.0,741.7,87.25,12163.475782441046,15.5373955,258.0,15.0,121.0,90.0,102.65,110.55,206.962,17.683931,7.0,14937554.0,74.81949659993606,51.725908423046015,102.7,95.4,96.925,99.125,98.025,109.125,0.38455995914000596,-0.16959012752832414
03459,2020,83.5,Niedersachsen,52.38074621622671,8.045334869657212,100.0,100.0,100.0,100.0,100.025,100.025,99300.0,7861900.0,791.6,83.5,10474.418885201592,14.997797,269.0,8.0,105.0,100.0,100.0,100.0,196.8384,17.486021,7.0,14363834.0,74.81949659993606,51.725908423046015,101.9,90.0,102.65,99.1,100.5,110.55,0.5853541460449492,0.21999148492356646
03459,2021,79.08,Niedersachsen,52.38074621622671,8.045334869657212,114.3,105.1,114.25,118.325,101.675,103.975,97600.0,7966100.0,816.2,79.08,9456.270510345172,14.941502,257.0,22.0,129.0,105.1,114.25,118.325,254.794,17.071226,0.0,13870780.0,74.81949659993606,51.725908423046015,100.0,100.0,100.0,100.025,100.025,100.0,-0.22786583605864053,0.06741589057790054
05116,2019,81.48,Nordrhein-Westfalen,51.16722370431317,6.41058420680497,101.9,90.0,102.65,110.55,99.1,100.5,59300.0,4453200.0,751.3,81.48,6431.2045701701,15.573841,258.0,15.0,121.0,90.0,102.65,110.55,197.06003,18.07935,6.0,15803306.0,67.46764971525674,41.93910841738373,102.7,95.4,96.925,99.125,98.025,109.125,0.24875529512524963,-0.15548364352768806
05116,2020,80.65,Nordrhein-Westfalen,51.16722370431317,6.41058420680497,100.0,100.0,100.0,100.0,100.025,100.025,50700.0,4031400.0,795.5,80.65,5140.106844575605,15.579606,269.0,8.0,105.0,100.0,100.0,100.0,161.19,18.475744,11.0,15132314.0,67.46764971525674,41.93910841738373,101.9,90.0,102.65,99.1,100.5,110.55,0.43000512228798016,0.30243482095341356
05116,2021,83.61,Nordrhein-Westfalen,51.16722370431317,6.41058420680497,114.3,105.1,114.25,118.325,101.675,103.975,54300.0,4656100.0,857.1,83.61,5296.958341737302,15.238665,257.0,22.0,129.0,105.1,114.25,118.325,323.25,17.186462,0.0,14266618.0,67.46764971525674,41.93910841738373,100.0,100.0,100.0,100.025,100.025,100.0,-0.09785661582083094,0.05120784169943304
05154,2018,66.15,Nordrhein-Westfalen,51.65091108136289,6.260013276365838,102.7,95.4,96.925,109.125,99.125,98.025,61700.0,3958100.0,641.7,66.15,6360.378671715165,17.325016,259.40162601626014,17.297560975609755,122.63577235772358,95.4,96.925,109.125,116.459236,18.976862,9.0,17135412.0,25.55769146043866,43.19994338091747,93.1,96.7,94.2,99.3,96.425,101.7,-0.7546862610857374,-0.012687773909070277
05154,2019,75.28,Nordrhein-Westfalen,51.65091108136289,6.260013276365838,101.9,90.0,102.65,110.55,99.1,100.5,59300.0,4453200.0,751.3,75.28,5941.839470328978,15.578395,258.0,15.0,121.0,90.0,102.65,110.55,209.67462,17.958036,6.0,15600818.0,25.55769146043866,43.19994338091747,102.7,95.4,96.925,99.125,98.025,109.125,0.20934685730617275,-0.19202770833109684
05154,2020,74.25,Nordrhein-Westfalen,51.65091108136289,6.260013276365838,100.0,100.0,100.0,100.0,100.025,100.025,50700.0,4031400.0,795.5,74.25,4732.212439054416,15.5532675,269.0,8.0,105.0,100.0,100.0,100.0,187.75768,18.030188,10.0,14924093.0,25.55769146043866,43.19994338091747,101.9,90.0,102.65,99.1,100.5,110.55,0.47364369023358677,0.22826210862571927
05154,2021,84.71,Nordrhein-Westfalen,51.65091108136289,6.260013276365838,114.3,105.1,114.25,118.325,101.675,103.975,54300.0,4656100.0,857.1,84.71,5366.646826080215,15.268421,257.0,22.0,129.0,105.1,114.25,118.325,259.63,17.328062,0.0,14200711.0,25.55769146043866,43.19994338091747,100.0,100.0,100.0,100.025,100.025,100.0,-0.18821497176395496,0.08958594446515411
05162,2018,69.39,Nordrhein-Westfalen,51.14336080957735,6.648202519490579,102.7,95.4,96.925,109.125,99.125,98.025,61700.0,3958100.0,641.7,69.39,6671.907422982846,17.465399,259.40162601626014,17.297560975609755,122.63577235772358,95.4,96.925,109.125,120.41,19.487045,10.0,17286078.0,52.37456553622641,42.423848760014735,93.1,96.7,94.2,99.3,96.425,101.7,-0.7635609111670192,-0.05205709470285447
05162,2019,79.62,Nordrhein-Westfalen,51.14336080957735,6.648202519490579,101.9,90.0,102.65,110.55,99.1,100.5,59300.0,4453200.0,751.3,79.62,6284.395040217763,15.77841,258.0,15.0,121.0,90.0,102.65,110.55,199.13998,18.2511,7.0,15687651.0,52.37456553622641,42.423848760014735,102.7,95.4,96.925,99.125,98.025,109.125,0.2648960051784002,-0.15617718479332465
05162,2020,78.8,Nordrhein-Westfalen,51.14336080957735,6.648202519490579,100.0,100.0,100.0,100.0,100.025,100.025,50700.0,4031400.0,795.5,78.8,5022.199867979635,15.79829,269.0,8.0,105.0,100.0,100.0,100.0,161.71,18.67703,11.0,15033988.0,52.37456553622641,42.423848760014735,101.9,90.0,102.65,99.1,100.5,110.55,0.4346835498332098,0.3088871287366375
05162,2021,93.15,Nordrhein-Westfalen,51.14336080957735,6.648202519490579,114.3,105.1,114.25,118.325,101.675,103.975,54300.0,4656100.0,857.1,93.15,5901.347560493119,15.416609,257.0,22.0,129.0,105.1,114.25,118.325,337.455,17.355919,0.0,14164604.0,52.37456553622641,42.423848760014735,100.0,100.0,100.0,100.025,100.025,100.0,-0.10112699901958422,0.04793801979587897
05166,2018,71.28,Nordrhein-Westfalen,51.28234059804309,6.325370833131204,102.7,95.4,96.925,109.125,99.125,98.025,61700.0,3958100.0,641.7,71.28,6853.6325278889935,17.298653,259.40162601626014,17.297560975609755,122.63577235772358,95.4,96.925,109.125,119.53286,19.221106,10.0,17224138.0,48.98895390569765,41.116174446336814,93.1,96.7,94.2,99.3,96.425,101.7,-0.7509415518447327,-0.04434518834256751
05166,2019,71.3,Nordrhein-Westfalen,51.28234059804309,6.325370833131204,101.9,90.0,102.65,110.55,99.1,100.5,59300.0,4453200.0,751.3,71.3,5627.698648172902,15.638794,258.0,15.0,121.0,90.0,102.65,110.55,204.1857,18.117481,6.0,15757582.0,48.98895390569765,41.116174446336814,102.7,95.4,96.925,99.125,98.025,109.125,0.22750153734733658,-0.15570759563764147
05166,2021,85.62,Nordrhein-Westfalen,51.28234059804309,6.325370833131204,114.3,105.1,114.25,118.325,101.675,103.975,54300.0,4656100.0,857.1,85.62,5424.298208582081,15.325198,257.0,22.0,129.0,105.1,114.25,118.325,300.85855,17.269472,0.0,14241611.0,48.98895390569765,41.116174446336814,101.9,90.0,102.65,99.1,100.5,110.55,-0.09968701913271616,0.05152727413918501
05170,2018,43.37,Nordrhein-Westfalen,51.62654482427013,6.619573969467336,102.7,95.4,96.925,109.125,99.125,98.025,61700.0,3958100.0,641.7,43.37,4170.062327925724,17.491425,259.40162601626014,17.297560975609755,122.63577235772358,95.4,96.925,109.125,116.42399,19.172474,10.0,17140488.0,31.455906099143768,42.85644848180261,93.1,96.7,94.2,99.3,96.425,101.7,-0.7464986690959563,-0.028843737582071594
05170,2019,68.89,Nordrhein-Westfalen,51.62654482427013,6.619573969467336,101.9,90.0,102.65,110.55,99.1,100.5,59300.0,4453200.0,751.3,68.89,5437.4776980733695,15.753157,258.0,15.0,121.0,90.0,102.65,110.55,198.14401,18.09738,6.0,15521686.0,31.455906099143768,42.85644848180261,102.7,95.4,96.925,99.125,98.025,109.125,0.24028706942675626,-0.1872992127607248
05334,2018,72.23,Nordrhein-Westfalen,50.72702821582472,6.217109872752223,102.7,95.4,96.925,109.125,99.125,98.025,61700.0,3958100.0,641.7,72.23,6944.975834587851,15.804673,259.40162601626014,17.297560975609755,122.63577235772358,95.4,96.925,109.125,138.12366,18.000092,6.0,17316116.0,307.8268428732844,66.01130205590341,93.1,96.7,94.2,99.3,96.425,101.7,-0.9132337882958836,-0.024296751917555537
05334,2019,85.63,Nordrhein-Westfalen,50.72702821582472,6.217109872752223,101.9,90.0,102.65,110.55,99.1,100.5,59300.0,4453200.0,751.3,85.63,6758.763467644399,14.238181,258.0,15.0,121.0,90.0,102.65,110.55,210.14545,16.973272,5.0,16096698.0,307.8268428732844,66.01130205590341,102.7,95.4,96.925,99.125,98.025,109.125,0.31695310826597733,-0.04904716238609874
05334,2020,92.29,Nordrhein-Westfalen,50.72702821582472,6.217109872752223,100.0,100.0,100.0,100.0,100.025,100.025,50700.0,4031400.0,795.5,92.29,5881.964794617266,14.268549,269.0,8.0,105.0,100.0,100.0,100.0,174.37183,17.504908,8.0,15271339.0,307.8268428732844,66.01130205590341,101.9,90.0,102.65,99.1,100.5,110.55,0.49607490006616217,0.2543186738299268
05334,2021,86.27,Nordrhein-Westfalen,50.72702821582472,6.217109872752223,114.3,105.1,114.25,118.325,101.675,103.975,54300.0,4656100.0,857.1,86.27,5465.477767511985,13.909346,257.0,22.0,129.0,105.1,114.25,118.325,379.47815,16.001118,0.0,14329106.0,307.8268428732844,66.01130205590341,100.0,100.0,100.0,100.025,100.025,100.0,-0.004360926130857479,0.044908635814585374
05358,2018,57.25,Nordrhein-Westfalen,50.817382686166845,6.44511447805067,102.7,95.4,96.925,109.125,99.125,98.025,61700.0,3958100.0,641.7,57.25,5504.636114220607,16.853287,259.40162601626014,17.297560975609755,122.63577235772358,95.4,96.925,109.125,119.95545,19.185797,10.0,17488698.0,172.0221120671608,51.23521929115644,93.1,96.7,94.2,99.3,96.425,101.7,-0.7929417446705429,-0.04929196324525198
05358,2019,76.73,Nordrhein-Westfalen,50.817382686166845,6.44511447805067,101.9,90.0,102.65,110.55,99.1,100.5,59300.0,4453200.0,751.3,76.73,6056.28775980795,15.366372,258.0,15.0,121.0,90.0,102.65,110.55,198.9909,18.120413,7.0,16139635.0,172.0221120671608,51.23521929115644,102.7,95.4,96.925,99.125,98.025,109.125,0.26507026706093484,-0.12710758809649436
05358,2020,72.21,Nordrhein-Westfalen,50.817382686166845,6.44511447805067,100.0,100.0,100.0,100.0,100.025,100.025,50700.0,4031400.0,795.5,72.21,4602.196097294536,15.315435,269.0,8.0,105.0,100.0,100.0,100.0,154.07364,18.644842,12.0,15380758.0,172.0221120671608,51.23521929115644,101.9,90.0,102.65,99.1,100.5,110.55,0.43918256242915277,0.28567846659458107
05358,2021,84.88,Nordrhein-Westfalen,50.817382686166845,6.44511447805067,114.3,105.1,114.25,118.325,101.675,103.975,54300.0,4656100.0,857.1,84.88,5377.416864569575,14.979446,257.0,22.0,129.0,105.1,114.25,118.325,359.58365,17.01689,0.0,14492280.0,172.0221120671608,51.23521929115644,100.0,100.0,100.0,100.025,100.025,100.0,-0.05880843964558835,0.06886541833831727
05362,2018,68.01,Nordrhein-Westfalen,50.90438067796902,6.716834255686832,102.7,95.4,96.925,109.125,99.125,98.025,61700.0,3958100.0,641.7,68.01,6539.219251146612,17.355465,259.40162601626014,17.297560975609755,122.63577235772358,95.4,96.925,109.125,117.66818,19.621487,12.0,17457516.0,87.39634517987913,46.73351601428842,93.1,96.7,94.2,99.3,96.425,101.7,-0.7694965083225611,-0.039794435157017305
05362,2019,77.53,Nordrhein-Westfalen,50.90438067796902,6.716834255686832,101.9,90.0,102.65,110.55,99.1,100.5,59300.0,4453200.0,751.3,77.53,6119.431643658417,15.807947,258.0,15.0,121.0,90.0,102.65,110.55,198.01912,18.42121,7.0,15951730.0,87.39634517987913,46.73351601428842,102.7,95.4,96.925,99.125,98.025,109.125,0.28891418665057245,-0.13332893691596792
05362,2020,88.88,Nordrhein-Westfalen,50.90438067796902,6.716834255686832,100.0,100.0,100.0,100.0,100.025,100.025,50700.0,4031400.0,795.5,88.88,5664.633556675508,15.785288,269.0,8.0,105.0,100.0,100.0,100.0,148.33545,18.97721,13.0,15249814.0,87.39634517987913,46.73351601428842,101.9,90.0,102.65,99.1,100.5,110.55,0.4404198580375578,0.3061448663336097
05362,2021,93.86,Nordrhein-Westfalen,50.90438067796902,6.716834255686832,114.3,105.1,114.25,118.325,101.675,103.975,54300.0,4656100.0,857.1,93.86,5946.328309478091,15.362326,257.0,22.0,129.0,105.1,114.25,118.325,369.12366,17.28941,0.0,14371981.0,87.39634517987913,46.73351601428842,100.0,100.0,100.0,100.025,100.025,100.0,-0.07884401895216797,0.06313963588876481
05366,2018,50.66,Nordrhein-Westfalen,50.53627953109914,6.644175820196566,102.7,95.4,96.925,109.125,99.125,98.025,61700.0,3958100.0,641.7,50.66,4871.002018278007,15.214985,259.40162601626014,17.297560975609755,122.63577235772358,95.4,96.925,109.125,135.54706,17.461517,5.0,17756034.0,400.8587965279651,62.31806896521423,93.1,96.7,94.2,99.3,96.425,101.7,-0.8841387621989725,-0.034169706332007
05366,2019,65.94,Nordrhein-Westfalen,50.53627953109914,6.644175820196566,101.9,90.0,102.65,110.55,99.1,100.5,59300.0,4453200.0,751.3,65.94,5204.634626374771,13.803688,258.0,15.0,121.0,90.0,102.65,110.55,224.19528,16.454956,4.0,16580191.0,400.8587965279651,62.31806896521423,102.7,95.4,96.925,99.125,98.025,109.125,0.317656273221246,-0.09416423097238324
05366,2020,64.62,Nordrhein-Westfalen,50.53627953109914,6.644175820196566,100.0,100.0,100.0,100.0,100.025,100.025,50700.0,4031400.0,795.5,64.62,4118.458825746752,13.598076,269.0,8.0,105.0,100.0,100.0,100.0,179.72176,17.023085,5.0,15684077.0,400.8587965279651,62.31806896521423,101.9,90.0,102.65,99.1,100.5,110.55,0.4885819413256627,0.2630961509089671
05366,2021,79.5,Nordrhein-Westfalen,50.53627953109914,6.644175820196566,114.3,105.1,114.25,118.325,101.675,103.975,54300.0,4656100.0,857.1,79.5,5036.576822965142,13.348355,257.0,22.0,129.0,105.1,114.25,118.325,391.06354,15.464084,0.0,14724519.0,400.8587965279651,62.31806896521423,100.0,100.0,100.0,100.025,100.025,100.0,-0.056639909496709606,0.066343259427186
05370,2018,72.54,Nordrhein-Westfalen,51.04958349827371,6.164501004744539,102.7,95.4,96.925,109.125,99.125,98.025,61700.0,3958100.0,641.7,72.54,6974.782597826425,17.137823,259.40162601626014,17.297560975609755,122.63577235772358,95.4,96.925,109.125,123.185,19.186296,10.0,17260726.0,72.57404322677954,43.13673419738953,93.1,96.7,94.2,99.3,96.425,101.7,-0.7668501343883918,-0.03821251989807739
05370,2019,75.87,Nordrhein-Westfalen,51.04958349827371,6.164501004744539,101.9,90.0,102.65,110.55,99.1,100.5,59300.0,4453200.0,751.3,75.87,5988.4080846686975,15.521713,258.0,15.0,121.0,90.0,102.65,110.55,199.81334,18.119019,7.0,15911374.0,72.57404322677954,43.13673419738953,102.7,95.4,96.925,99.125,98.025,109.125,0.23634892913634076,-0.12172216001116443
05370,2020,88.64,Nordrhein-Westfalen,51.04958349827371,6.164501004744539,100.0,100.0,100.0,100.0,100.025,100.025,50700.0,4031400.0,795.5,88.64,5649.337516468464,15.596126,269.0,8.0,105.0,100.0,100.0,100.0,160.15332,18.521252,12.0,15181621.0,72.57404322677954,43.13673419738953,101.9,90.0,102.65,99.1,100.5,110.55,0.42944481705097814,0.2769994637636801
05370,2021,84.49,Nordrhein-Westfalen,51.04958349827371,6.164501004744539,114.3,105.1,114.25,118.325,101.675,103.975,54300.0,4656100.0,857.1,84.49,5352.709129211633,15.225126,257.0,22.0,129.0,105.1,114.25,118.325,314.3883,17.18919,0.0,14301436.0,72.57404322677954,43.13673419738953,100.0,100.0,100.0,100.025,100.025,100.0,-0.06319009936919429,0.050653955524446515
05382,2018,46.43,Nordrhein-Westfalen,50.76007594778134,7.234547664631009,102.7,95.4,96.925,109.125,99.125,98.025,61700.0,3958100.0,641.7,46.43,4464.2839263452015,17.022877,259.40162601626014,17.297560975609755,122.63577235772358,95.4,96.925,109.125,124.742004,19.119108,11.0,17618604.0,171.6456726666031,57.84951835677244,93.1,96.7,94.2,99.3,96.425,101.7,-0.7753497089286725,-0.033066747000292995
05382,2019,65.63,Nordrhein-Westfalen,50.76007594778134,7.234547664631009,101.9,90.0,102.65,110.55,99.1,100.5,59300.0,4453200.0,751.3,65.63,5180.166371382715,15.427394,258.0,15.0,121.0,90.0,102.65,110.55,215.614,17.869516,6.0,16116298.0,171.6456726666031,57.84951835677244,102.7,95.4,96.925,99.125,98.025,109.125,0.32622101197966913,-0.1044798963015191
05382,2020,56.73,Nordrhein-Westfalen,50.76007594778134,7.234547664631009,100.0,100.0,100.0,100.0,100.025,100.025,50700.0,4031400.0,795.5,56.73,3615.601503940162,15.227556,269.0,8.0,105.0,100.0,100.0,100.0,163.00867,18.383533,8.0,15329582.0,171.6456726666031,57.84951835677244,101.9,90.0,102.65,99.1,100.5,110.55,0.4945458573796486,0.2785471770630794
05382,2021,90.45,Nordrhein-Westfalen,50.76007594778134,7.234547664631009,114.3,105.1,114.25,118.325,101.675,103.975,54300.0,4656100.0,857.1,90.45,5730.294008015057,14.886347,257.0,22.0,129.0,105.1,114.25,118.325,371.274,16.789198,0.0,14423388.0,171.6456726666031,57.84951835677244,100.0,100.0,100.0,100.025,100.025,100.0,-0.12675115197168907,0.015938190715595324
05554,2018,48.1,Nordrhein-Westfalen,51.960689049997015,6.899273249584556,102.7,95.4,96.925,109.125,99.125,98.025,61700.0,3958100.0,641.7,48.1,4624.855844436877,17.545769,259.40162601626014,17.297560975609755,122.63577235772358,95.4,96.925,109.125,114.861176,18.903593,10.0,16997018.0,52.380458202545015,41.98573116093186,93.1,96.7,94.2,99.3,96.425,101.7,-0.8106246923485401,-0.015083016539140792
05554,2019,47.62,Nordrhein-Westfalen,51.960689049997015,6.899273249584556,101.9,90.0,102.65,110.55,99.1,100.5,59300.0,4453200.0,751.3,47.62,3758.639686199069,15.656189,258.0,15.0,121.0,90.0,102.65,110.55,205.81235,17.823488,7.0,15379574.0,52.380458202545015,41.98573116093186,102.7,95.4,96.925,99.125,98.025,109.125,0.3075952507301736,-0.18341041145051296
05554,2020,76.94,Nordrhein-Westfalen,51.960689049997015,6.899273249584556,100.0,100.0,100.0,100.0,100.025,100.025,50700.0,4031400.0,795.5,76.94,4903.65555637504,15.357826,269.0,8.0,105.0,100.0,100.0,100.0,187.02292,17.768623,10.0,14505245.0,52.380458202545015,41.98573116093186,101.9,90.0,102.65,99.1,100.5,110.55,0.545448178534798,0.16834910276850734
05554,2021,87.92,Nordrhein-Westfalen,51.960689049997015,6.899273249584556,114.3,105.1,114.25,118.325,101.675,103.975,54300.0,4656100.0,857.1,87.92,5570.010494026356,15.176972,257.0,22.0,129.0,105.1,114.25,118.325,264.53647,17.171522,0.0,14005485.0,52.380458202545015,41.98573116093186,100.0,100.0,100.0,100.025,100.025,100.0,-0.23103856854066862,0.0836955745485457
05566,2019,49.93,Nordrhein-Westfalen,52.21105047041336,7.579331160399973,101.9,90.0,102.65,110.55,99.1,100.5,59300.0,4453200.0,751.3,49.93,3940.967650817293,15.656019,258.0,15.0,121.0,90.0,102.65,110.55,204.1025,17.816452,11.0,15108657.0,60.48607477092469,47.07922651899528,93.1,96.7,94.2,99.3,96.425,101.7,0.36566727619214134,-0.18138619760919594
05754,2020,63.58,Nordrhein-Westfalen,51.93183571858522,8.35167714423749,100.0,100.0,100.0,100.0,100.025,100.025,50700.0,4031400.0,795.5,63.58,4052.1759848495594,15.189119,269.0,8.0,105.0,100.0,100.0,100.0,198.65666,17.703562,6.0,14659672.0,91.19454333545588,48.81886725992208,102.7,95.4,96.925,99.125,98.025,109.125,0.6048670946009906,0.17774578049489853
05754,2021,64.53,Nordrhein-Westfalen,51.93183571858522,8.35167714423749,114.3,105.1,114.25,118.325,101.675,103.975,54300.0,4656100.0,857.1,64.53,4088.179904225668,15.20011,257.0,22.0,129.0,105.1,114.25,118.325,249.37132,17.05412,0.0,13764203.0,91.19454333545588,48.81886725992208,100.0,100.0,100.0,100.025,100.025,100.0,-0.23887575714707054,0.04623190616056405
05758,2018,78.53,Nordrhein-Westfalen,52.16770087763946,8.644743950804125,102.7,95.4,96.925,109.125,99.125,98.025,61700.0,3958100.0,641.7,78.53,7550.7261842750095,17.02395,259.40162601626014,17.297560975609755,122.63577235772358,95.4,96.925,109.125,121.724,18.605392,10.0,16983956.0,108.55503905963828,55.57771491542452,93.1,96.7,94.2,99.3,96.425,101.7,-0.889950680331367,0.008772287659718714
05758,2019,74.18,Nordrhein-Westfalen,52.16770087763946,8.644743950804125,101.9,90.0,102.65,110.55,99.1,100.5,59300.0,4453200.0,751.3,74.18,5855.016630034585,15.3860445,258.0,15.0,121.0,90.0,102.65,110.55,185.86401,17.655272,8.0,14995377.0,108.55503905963828,55.57771491542452,102.7,95.4,96.925,99.125,98.025,109.125,0.37453884234730594,-0.1653593095519007
05758,2020,94.39,Nordrhein-Westfalen,52.16770087763946,8.644743950804125,100.0,100.0,100.0,100.0,100.025,100.025,50700.0,4031400.0,795.5,94.39,6015.8051464289065,14.836748,269.0,8.0,105.0,100.0,100.0,100.0,199.18597,17.41465,5.0,14664267.0,108.55503905963828,55.57771491542452,101.9,90.0,102.65,99.1,100.5,110.55,0.6707880229087664,0.18963177762455086
05758,2021,85.55,Nordrhein-Westfalen,52.16770087763946,8.644743950804125,114.3,105.1,114.25,118.325,101.675,103.975,54300.0,4656100.0,857.1,85.55,5419.863486851168,14.888828,257.0,22.0,129.0,105.1,114.25,118.325,233.01,16.887405,0.0,13808842.0,108.55503905963828,55.57771491542452,100.0,100.0,100.0,100.025,100.025,100.0,-0.23853677653818295,0.03716045805460766
05762,2018,63.75,Nordrhein-Westfalen,51.68395726030882,9.177196617998256,102.7,95.4,96.925,109.125,99.125,98.025,61700.0,3958100.0,641.7,63.75,6129.616633739104,16.23634,259.40162601626014,17.297560975609755,122.63577235772358,95.4,96.925,109.125,136.02142,18.08066,10.0,17402506.0,230.2836498008996,61.2674786619333,93.1,96.7,94.2,99.3,96.425,101.7,-0.828191523181772,0.005167379664804406
05762,2019,81.5,Nordrhein-Westfalen,51.68395726030882,9.177196617998256,101.9,90.0,102.65,110.55,99.1,100.5,59300.0,4453200.0,751.3,81.5,6432.7831672663615,14.634307,258.0,15.0,121.0,90.0,102.65,110.55,187.16357,16.891565,4.0,15284794.0,230.2836498008996,61.2674786619333,102.7,95.4,96.925,99.125,98.025,109.125,0.38129308091527037,-0.10688238660128702
05762,2020,85.14,Nordrhein-Westfalen,51.68395726030882,9.177196617998256,100.0,100.0,100.0,100.0,100.025,100.025,50700.0,4031400.0,795.5,85.14,5426.270263449063,14.073176,269.0,8.0,105.0,100.0,100.0,100.0,211.00713,16.908588,2.0,15051969.0,230.2836498008996,61.2674786619333,101.9,90.0,102.65,99.1,100.5,110.55,0.6451792835339347,0.1686723737416893
05762,2021,81.94,Nordrhein-Westfalen,51.68395726030882,9.177196617998256,114.3,105.1,114.25,118.325,101.675,103.975,54300.0,4656100.0,857.1,81.94,5191.158551871242,14.480376,257.0,22.0,129.0,105.1,114.25,118.325,278.825,16.208147,0.0,13693767.0,230.2836498008996,61.2674786619333,100.0,100.0,100.0,100.025,100.025,100.0,-0.28702993437713076,0.045372619352851196
05766,2018,69.29,Nordrhein-Westfalen,51.98091971038624,8.950770644143184,102.7,95.4,96.925,109.125,99.125,98.025,61700.0,3958100.0,641.7,69.29,6662.292338067177,16.573416,259.40162601626014,17.297560975609755,122.63577235772358,95.4,96.925,109.125,138.44937,18.227062,9.0,17139734.0,195.0615252904903,67.58305823046362,93.1,96.7,94.2,99.3,96.425,101.7,-0.9011519524655682,0.004184700546925102
05766,2019,78.07,Nordrhein-Westfalen,51.98091971038624,8.950770644143184,101.9,90.0,102.65,110.55,99.1,100.5,59300.0,4453200.0,751.3,78.07,6162.053765257481,14.985108,258.0,15.0,121.0,90.0,102.65,110.55,177.12875,17.29018,6.0,15026255.0,195.0615252904903,67.58305823046362,102.7,95.4,96.925,99.125,98.025,109.125,0.3888324554384326,-0.11570511202536005
05766,2020,86.25,Nordrhein-Westfalen,51.98091971038624,8.950770644143184,100.0,100.0,100.0,100.0,100.025,100.025,50700.0,4031400.0,795.5,86.25,5497.014449406644,14.427633,269.0,8.0,105.0,100.0,100.0,100.0,207.24437,17.114798,3.0,14779740.0,195.0615252904903,67.58305823046362,101.9,90.0,102.65,99.1,100.5,110.55,0.6723249593057972,0.162389375748635
05766,2021,84.65,Nordrhein-Westfalen,51.98091971038624,8.950770644143184,114.3,105.1,114.25,118.325,101.675,103.975,54300.0,4656100.0,857.1,84.65,5362.845636025148,14.630125,257.0,22.0,129.0,105.1,114.25,118.325,261.69812,16.507326,0.0,13692310.0,195.0615252904903,67.58305823046362,100.0,100.0,100.0,100.025,100.025,100.0,-0.23028181727346464,0.03187805042268388
05974,2018,76.73,Nordrhein-Westfalen,51.56418386614568,8.216974214302548,102.7,95.4,96.925,109.125,99.125,98.025,61700.0,3958100.0,641.7,76.73,7377.654655792964,16.63595,259.40162601626014,17.297560975609755,122.63577235772358,95.4,96.925,109.125,136.38777,18.605673,11.0,17169294.0,184.8455356969452,63.28052138138053,93.1,96.7,94.2,99.3,96.425,101.7,-0.9106262144348989,0.024699010657408982
05974,2019,82.92,Nordrhein-Westfalen,51.56418386614568,8.216974214302548,101.9,90.0,102.65,110.55,99.1,100.5,59300.0,4453200.0,751.3,82.92,6544.863561100941,15.034427,258.0,15.0,121.0,90.0,102.65,110.55,208.51111,17.365023,5.0,15310367.0,184.8455356969452,63.28052138138053,102.7,95.4,96.925,99.125,98.025,109.125,0.31248687483315507,-0.011388722187362088
05974,2020,86.72,Nordrhein-Westfalen,51.56418386614568,8.216974214302548,100.0,100.0,100.0,100.0,100.025,100.025,50700.0,4031400.0,795.5,86.72,5526.969194812106,14.574643,269.0,8.0,105.0,100.0,100.0,100.0,202.76889,17.413952,4.0,14820248.0,184.8455356969452,63.28052138138053,101.9,90.0,102.65,99.1,100.5,110.55,0.6394259290107698,0.18392084403358888
05974,2021,86.45,Nordrhein-Westfalen,51.56418386614568,8.216974214302548,114.3,105.1,114.25,118.325,101.675,103.975,54300.0,4656100.0,857.1,86.45,5476.881337677189,14.76481,257.0,22.0,129.0,105.1,114.25,118.325,318.0939,16.563593,0.0,13773727.0,184.8455356969452,63.28052138138053,100.0,100.0,100.0,100.025,100.025,100.0,-0.23786435799269157,0.01056192643532916
06432,2018,57.0,Hessen,49.85515735408605,8.796330813098015,102.7,95.4,96.925,109.125,99.125,98.025,17800.0,1122200.0,629.7,57.0,1611.2434467028054,17.869322,259.40162601626014,17.297560975609755,122.63577235772358,95.4,96.925,109.125,97.137505,20.346949,15.0,18144784.0,189.481084601446,51.88960179488917,93.1,96.7,94.2,99.3,96.425,101.7,-0.6596623413727798,0.14433855581382993
06432,2019,81.78,Hessen,49.85515735408605,8.796330813098015,101.9,90.0,102.65,110.55,99.1,100.5,17800.0,1434500.0,804.2,81.78,1810.101962434591,16.419529,258.0,15.0,121.0,90.0,102.65,110.55,182.05122,19.159182,10.0,17479568.0,189.481084601446,51.88960179488917,102.7,95.4,96.925,99.125,98.025,109.125,0.40232772789647697,-0.15239775375368259
06432,2020,71.79,Hessen,49.85515735408605,8.796330813098015,100.0,100.0,100.0,100.0,100.025,100.025,16500.0,1233600.0,747.4,71.79,1584.8742285457934,15.59393,269.0,8.0,105.0,100.0,100.0,100.0,117.69499,19.726154,11.0,16817584.0,189.481084601446,51.88960179488917,101.9,90.0,102.65,99.1,100.5,110.55,0.6240460286070402,0.17894238685602049
06432,2021,80.09,Hessen,49.85515735408605,8.796330813098015,114.3,105.1,114.25,118.325,101.675,103.975,16600.0,1407200.0,847.3,80.09,1569.094769775647,15.699028,257.0,22.0,129.0,105.1,114.25,118.325,213.63374,17.83042,0.0,15021759.0,189.481084601446,51.88960179488917,100.0,100.0,100.0,100.025,100.025,100.0,-0.36010922541191803,0.017487899747068214
06433,2018,70.7,Hessen,49.904888278714495,8.46976374874802,102.7,95.4,96.925,109.125,99.125,98.025,17800.0,1122200.0,629.7,70.7,1998.5072224892688,18.458817,259.40162601626014,17.297560975609755,122.63577235772358,95.4,96.925,109.125,86.652,20.878372,23.0,18095982.0,92.4125293783346,43.40426238206409,93.1,96.7,94.2,99.3,96.425,101.7,-0.601752493782783,0.16544834271299846
06433,2019,80.37,Hessen,49.904888278714495,8.46976374874802,101.9,90.0,102.65,110.55,99.1,100.5,17800.0,1434500.0,804.2,80.37,1778.8933079098567,17.238703,258.0,15.0,121.0,90.0,102.65,110.55,161.10002,19.79392,14.0,17416948.0,92.4125293783346,43.40426238206409,102.7,95.4,96.925,99.125,98.025,109.125,0.4226591325619893,-0.23642422045951528
06433,2020,71.53,Hessen,49.904888278714495,8.46976374874802,100.0,100.0,100.0,100.0,100.025,100.025,16500.0,1233600.0,747.4,71.53,1579.1343302393173,16.23424,269.0,8.0,105.0,100.0,100.0,100.0,101.450005,20.283184,17.0,16664856.0,92.4125293783346,43.40426238206409,101.9,90.0,102.65,99.1,100.5,110.55,0.5799583443553615,0.19360189698333108
06433,2021,83.38,Hessen,49.904888278714495,8.46976374874802,114.3,105.1,114.25,118.325,101.675,103.975,16600.0,1407200.0,847.3,83.38,1633.551278610231,16.306904,257.0,22.0,129.0,105.1,114.25,118.325,212.12802,18.2991,1.0,14904552.0,92.4125293783346,43.40426238206409,100.0,100.0,100.0,100.025,100.025,100.0,-0.3693079333798437,0.07421944520286639
06434,2018,61.64,Hessen,50.28142883279827,8.504001697158326,102.7,95.4,96.925,109.125,99.125,98.025,17800.0,1122200.0,629.7,61.64,1742.4043167501916,16.660456,259.40162601626014,17.297560975609755,122.63577235772358,95.4,96.925,109.125,96.636665,19.052423,10.0,17996252.0,376.41009902321633,58.18841328380765,93.1,96.7,94.2,99.3,96.425,101.7,-0.7002398774467338,0.07201214472613504
06434,2019,82.43,Hessen,50.28142883279827,8.504001697158326,101.9,90.0,102.65,110.55,99.1,100.5,17800.0,1434500.0,804.2,82.43,1824.4889308325185,15.289589,258.0,15.0,121.0,90.0,102.65,110.55,161.09166,17.964035,6.0,17093972.0,376.41009902321633,58.18841328380765,102.7,95.4,96.925,99.125,98.025,109.125,0.42199582534919955,-0.1912568503840627
06434,2020,74.93,Hessen,50.28142883279827,8.504001697158326,100.0,100.0,100.0,100.0,100.025,100.025,16500.0,1233600.0,747.4,74.93,1654.194538862464,14.502026,269.0,8.0,105.0,100.0,100.0,100.0,123.51834,18.396383,6.0,16291218.0,376.41009902321633,58.18841328380765,101.9,90.0,102.65,99.1,100.5,110.55,0.5789979603192705,0.20665457033135093
06434,2021,92.38,Hessen,50.28142883279827,8.504001697158326,114.3,105.1,114.25,118.325,101.675,103.975,16600.0,1407200.0,847.3,92.38,1809.8760748142615,14.587194,257.0,22.0,129.0,105.1,114.25,118.325,257.06165,16.512676,0.0,14647409.0,376.41009902321633,58.18841328380765,100.0,100.0,100.0,100.025,100.025,100.0,-0.352065333727694,0.11009636101980713
06435,2018,65.02,Hessen,50.24352021445387,9.284950662657073,102.7,95.4,96.925,109.125,99.125,98.025,17800.0,1122200.0,629.7,65.02,1837.9482263967784,16.916586,259.40162601626014,17.297560975609755,122.63577235772358,95.4,96.925,109.125,106.55333,18.940659,10.0,17939328.0,286.82231562732915,55.338006038509,93.1,96.7,94.2,99.3,96.425,101.7,-0.6869220766901094,0.06879071508028267
06435,2019,81.35,Hessen,50.24352021445387,9.284950662657073,101.9,90.0,102.65,110.55,99.1,100.5,17800.0,1434500.0,804.2,81.35,1800.5844294944236,15.193676,258.0,15.0,121.0,90.0,102.65,110.55,181.5872,17.713602,4.0,16931618.0,286.82231562732915,55.338006038509,102.7,95.4,96.925,99.125,98.025,109.125,0.4315288628771441,-0.11597274503218336
06440,2018,65.62,Hessen,50.3546972754084,8.906529862895844,102.7,95.4,96.925,109.125,99.125,98.025,17800.0,1122200.0,629.7,65.62,1854.9086837304928,17.24724,259.40162601626014,17.297560975609755,122.63577235772358,95.4,96.925,109.125,99.292854,19.400011,13.0,18067522.0,218.2592393984248,50.50510330848203,93.1,96.7,94.2,99.3,96.425,101.7,-0.6854580643477561,0.056650988812141145
06440,2019,83.38,Hessen,50.3546972754084,8.906529862895844,101.9,90.0,102.65,110.55,99.1,100.5,17800.0,1434500.0,804.2,83.38,1845.5160384910268,15.7389765,258.0,15.0,121.0,90.0,102.65,110.55,158.81502,18.35512,8.0,16983532.0,218.2592393984248,50.50510330848203,102.7,95.4,96.925,99.125,98.025,109.125,0.4125841610430143,-0.14884322293693442
06440,2020,72.83,Hessen,50.3546972754084,8.906529862895844,100.0,100.0,100.0,100.0,100.025,100.025,16500.0,1233600.0,747.4,72.83,1607.8338217716969,15.040098,269.0,8.0,105.0,100.0,100.0,100.0,122.11214,18.752966,8.0,16331311.0,218.2592393984248,50.50510330848203,101.9,90.0,102.65,99.1,100.5,110.55,0.6397543088569364,0.2103708757554359
06440,2021,93.0,Hessen,50.3546972754084,8.906529862895844,114.3,105.1,114.25,118.325,101.675,103.975,16600.0,1407200.0,847.3,93.0,1822.022894108317,15.196548,257.0,22.0,129.0,105.1,114.25,118.325,246.22215,17.050816,0.0,14723630.0,218.2592393984248,50.50510330848203,100.0,100.0,100.0,100.025,100.025,100.0,-0.39747967210087154,0.06330150247915944
06531,2018,64.29,Hessen,50.570009169418,8.807793461091912,102.7,95.4,96.925,109.125,99.125,98.025,17800.0,1122200.0,629.7,64.29,1817.313003307428,16.974771,259.40162601626014,17.297560975609755,122.63577235772358,95.4,96.925,109.125,105.328,19.033236,12.0,18142694.0,240.53761859489617,50.47837629224309,93.1,96.7,94.2,99.3,96.425,101.7,-0.7279827080391215,0.049709188770555635
06531,2019,81.57,Hessen,50.570009169418,8.807793461091912,101.9,90.0,102.65,110.55,99.1,100.5,17800.0,1434500.0,804.2,81.57,1805.4538649521835,15.367707,258.0,15.0,121.0,90.0,102.65,110.55,140.44801,18.023687,8.0,16803772.0,240.53761859489617,50.47837629224309,102.7,95.4,96.925,99.125,98.025,109.125,0.4051605931601898,-0.2023535319541906
06531,2020,75.22,Hessen,50.570009169418,8.807793461091912,100.0,100.0,100.0,100.0,100.025,100.025,16500.0,1233600.0,747.4,75.22,1660.5967331273794,14.722179,269.0,8.0,105.0,100.0,100.0,100.0,120.532,18.279036,6.0,16120708.0,240.53761859489617,50.47837629224309,101.9,90.0,102.65,99.1,100.5,110.55,0.6079658545342568,0.22938643485806987
06531,2021,86.67,Hessen,50.570009169418,8.807793461091912,114.3,105.1,114.25,118.325,101.675,103.975,16600.0,1407200.0,847.3,86.67,1698.0077874448157,14.997242,257.0,22.0,129.0,105.1,114.25,118.325,273.93604,16.760532,0.0,14686495.0,240.53761859489617,50.47837629224309,100.0,100.0,100.0,100.025,100.025,100.0,-0.40377189346929754,0.11812555722959428
06535,2018,63.28,Hessen,50.63812513875225,9.271114158716792,102.7,95.4,96.925,109.125,99.125,98.025,17800.0,1122200.0,629.7,63.28,1788.762900129009,16.243553,259.40162601626014,17.297560975609755,122.63577235772358,95.4,96.925,109.125,113.17,18.337116,9.0,18030810.0,381.61814459518007,56.02250347734993,93.1,96.7,94.2,99.3,96.425,101.7,-0.8725864207578979,0.04768769716917043
06535,2019,75.02,Hessen,50.63812513875225,9.271114158716792,101.9,90.0,102.65,110.55,99.1,100.5,17800.0,1434500.0,804.2,75.02,1660.4774910961482,14.510747,258.0,15.0,121.0,90.0,102.65,110.55,164.68527,17.049324,4.0,16601724.0,381.61814459518007,56.02250347734993,102.7,95.4,96.925,99.125,98.025,109.125,0.42514099518427884,-0.1287370058741878
06535,2021,82.1,Hessen,50.63812513875225,9.271114158716792,114.3,105.1,114.25,118.325,101.675,103.975,16600.0,1407200.0,847.3,82.1,1608.4739742612132,14.163321,257.0,22.0,129.0,105.1,114.25,118.325,277.9521,15.990295,0.0,14521870.0,381.61814459518007,56.02250347734993,101.9,90.0,102.65,99.1,100.5,110.55,-0.44655413851347703,0.03885675647803222
06633,2018,69.18,Hessen,51.4004191259929,9.406239316603822,102.7,95.4,96.925,109.125,99.125,98.025,17800.0,1122200.0,629.7,69.18,1955.5407305771944,16.1987,259.40162601626014,17.297560975609755,122.63577235772358,95.4,96.925,109.125,124.52375,18.124401,10.0,17666172.0,283.1839426580986,55.48021563816635,93.1,96.7,94.2,99.3,96.425,101.7,-0.7969448832848229,0.019710089641350015
06633,2019,81.45,Hessen,51.4004191259929,9.406239316603822,101.9,90.0,102.65,110.55,99.1,100.5,17800.0,1434500.0,804.2,81.45,1802.797809247951,14.520159,258.0,15.0,121.0,90.0,102.65,110.55,178.26498,16.7402,4.0,15601116.0,283.1839426580986,55.48021563816635,102.7,95.4,96.925,99.125,98.025,109.125,0.35064757901176336,-0.13433800274654117
06633,2020,81.2,Hessen,51.4004191259929,9.406239316603822,100.0,100.0,100.0,100.0,100.025,100.025,16500.0,1233600.0,747.4,81.2,1792.6143941763255,13.83183,269.0,8.0,105.0,100.0,100.0,100.0,195.16814,16.908607,2.0,15342667.0,283.1839426580986,55.48021563816635,101.9,90.0,102.65,99.1,100.5,110.55,0.6386923342475939,0.1979573739323699
06633,2021,82.29,Hessen,51.4004191259929,9.406239316603822,114.3,105.1,114.25,118.325,101.675,103.975,16600.0,1407200.0,847.3,82.29,1612.1963866255207,14.429797,257.0,22.0,129.0,105.1,114.25,118.325,249.60251,16.111073,0.0,13881626.0,283.1839426580986,55.48021563816635,100.0,100.0,100.0,100.025,100.025,100.0,-0.37622042671165445,0.09113468705684546
06634,2018,66.84,Hessen,51.02316538219369,9.373960315299572,102.7,95.4,96.925,109.125,99.125,98.025,17800.0,1122200.0,629.7,66.84,1889.3949469757108,16.32668,259.40162601626014,17.297560975609755,122.63577235772358,95.4,96.925,109.125,119.170555,18.299704,11.0,17865252.0,302.2606762770996,50.86215178289449,93.1,96.7,94.2,99.3,96.425,101.7,-0.7702368875827119,0.07501869964424146
06634,2019,78.98,Hessen,51.02316538219369,9.373960315299572,101.9,90.0,102.65,110.55,99.1,100.5,17800.0,1434500.0,804.2,78.98,1748.127329335828,14.597698,258.0,15.0,121.0,90.0,102.65,110.55,166.11612,16.908596,4.0,16063343.0,302.2606762770996,50.86215178289449,102.7,95.4,96.925,99.125,98.025,109.125,0.399569459815325,-0.1537513004083021
06634,2020,79.7,Hessen,51.02316538219369,9.373960315299572,100.0,100.0,100.0,100.0,100.025,100.025,16500.0,1233600.0,747.4,79.7,1759.499596254349,13.897033,269.0,8.0,105.0,100.0,100.0,100.0,160.26613,17.219019,3.0,15667339.0,302.2606762770996,50.86215178289449,101.9,90.0,102.65,99.1,100.5,110.55,0.6407295333540901,0.18798583647785638
06634,2021,81.63,Hessen,51.02316538219369,9.373960315299572,114.3,105.1,114.25,118.325,101.675,103.975,16600.0,1407200.0,847.3,81.63,1599.2659015705583,14.398059,257.0,22.0,129.0,105.1,114.25,118.325,256.1111,16.122625,0.0,14167345.0,302.2606762770996,50.86215178289449,100.0,100.0,100.0,100.025,100.025,100.0,-0.4223945033901373,0.0563743645541801
06636,2018,45.56,Hessen,51.190589022512384,9.928688423723756,102.7,95.4,96.925,109.125,99.125,98.025,17800.0,1122200.0,629.7,45.56,1287.8640602066632,16.126268,259.40162601626014,17.297560975609755,122.63577235772358,95.4,96.925,109.125,115.64933,18.177244,10.0,17786416.0,329.5856077347513,57.24082814403981,93.1,96.7,94.2,99.3,96.425,101.7,-0.7427568594269474,0.06625346247262875
06636,2019,74.28,Hessen,51.190589022512384,9.928688423723756,101.9,90.0,102.65,110.55,99.1,100.5,17800.0,1434500.0,804.2,74.28,1644.0984809200463,14.4495735,258.0,15.0,121.0,90.0,102.65,110.55,166.126,16.633533,3.0,15713475.0,329.5856077347513,57.24082814403981,102.7,95.4,96.925,99.125,98.025,109.125,0.44583882020918963,-0.10614132679846011
06636,2020,68.96,Hessen,51.190589022512384,9.928688423723756,100.0,100.0,100.0,100.0,100.025,100.025,16500.0,1233600.0,747.4,68.96,1522.3976431329977,13.633921,269.0,8.0,105.0,100.0,100.0,100.0,186.22533,16.914581,3.0,15486968.0,329.5856077347513,57.24082814403981,101.9,90.0,102.65,99.1,100.5,110.55,0.7142197398683265,0.13963655527941166
06636,2021,77.11,Hessen,51.190589022512384,9.928688423723756,114.3,105.1,114.25,118.325,101.675,103.975,16600.0,1407200.0,847.3,77.11,1510.7116705880896,14.2912655,257.0,22.0,129.0,105.1,114.25,118.325,244.58,15.996941,0.0,13928499.0,329.5856077347513,57.24082814403981,100.0,100.0,100.0,100.025,100.025,100.0,-0.3682202575192832,0.008448824831245538
07133,2019,84.04,Rheinland-Pfalz,49.82463481661068,7.687092730886227,101.9,90.0,102.65,110.55,99.1,100.5,17600.0,1380600.0,785.8,84.04,1882.2906568054332,15.507184,258.0,15.0,121.0,90.0,102.65,110.55,171.92093,18.042448,6.0,17705350.0,296.724437063036,51.07921936344532,102.7,95.4,96.925,99.125,98.025,109.125,0.30858501061374,-0.1998724840123539
07137,2018,59.55,Rheinland-Pfalz,50.33115547441304,7.332749353697043,102.7,95.4,96.925,109.125,99.125,98.025,19700.0,1278100.0,649.0,59.55,1807.604003378114,16.317253,259.40162601626014,17.297560975609755,122.63577235772358,95.4,96.925,109.125,108.75834,18.519943,11.0,17954062.0,275.56174301379946,52.56413776581187,93.1,96.7,94.2,99.3,96.425,101.7,-0.7913803787773759,0.041693002173575744
07137,2019,76.15,Rheinland-Pfalz,50.33115547441304,7.332749353697043,101.9,90.0,102.65,110.55,99.1,100.5,17600.0,1380600.0,785.8,76.15,1705.5739352181552,14.903152,258.0,15.0,121.0,90.0,102.65,110.55,195.01752,17.511032,5.0,16970672.0,275.56174301379946,52.56413776581187,102.7,95.4,96.925,99.125,98.025,109.125,0.2685329763255595,-0.14634105903272665
07137,2020,59.96,Rheinland-Pfalz,50.33115547441304,7.332749353697043,100.0,100.0,100.0,100.0,100.025,100.025,16500.0,970600.0,589.1,59.96,1679.409265524683,14.475632,269.0,8.0,105.0,100.0,100.0,100.0,146.09833,17.930208,8.0,15907233.0,275.56174301379946,52.56413776581187,101.9,90.0,102.65,99.1,100.5,110.55,0.5119372634617321,0.23691890186596187
07137,2021,82.65,Rheinland-Pfalz,50.33115547441304,7.332749353697043,114.3,105.1,114.25,118.325,101.675,103.975,16100.0,1359100.0,841.6,82.65,1581.1133536346088,14.439795,257.0,22.0,129.0,105.1,114.25,118.325,280.32916,16.499561,0.0,14733254.0,275.56174301379946,52.56413776581187,100.0,100.0,100.0,100.025,100.025,100.0,-0.14569727716155967,0.07284022371611987
07331,2018,67.08,Rheinland-Pfalz,49.7592181689366,8.15710638186486,102.7,95.4,96.925,109.125,99.125,98.025,19700.0,1278100.0,649.0,67.08,2036.1725700521224,18.140963,259.40162601626014,17.297560975609755,122.63577235772358,95.4,96.925,109.125,84.26142,20.501862,15.0,18275896.0,184.74102991462405,48.12279545184597,93.1,96.7,94.2,99.3,96.425,101.7,-0.6405670231997078,0.15407759477401894
07331,2019,78.18,Rheinland-Pfalz,49.7592181689366,8.15710638186486,101.9,90.0,102.65,110.55,99.1,100.5,17600.0,1380600.0,785.8,78.18,1751.0409751195714,16.794142,258.0,15.0,121.0,90.0,102.65,110.55,164.85571,19.406178,12.0,17704498.0,184.74102991462405,48.12279545184597,102.7,95.4,96.925,99.125,98.025,109.125,0.40418104932825827,-0.25234776162191375
07331,2020,62.62,Rheinland-Pfalz,49.7592181689366,8.15710638186486,100.0,100.0,100.0,100.0,100.025,100.025,16500.0,970600.0,589.1,62.62,1753.9127452827825,15.789573,269.0,8.0,105.0,100.0,100.0,100.0,97.04286,19.924593,17.0,16902370.0,184.74102991462405,48.12279545184597,101.9,90.0,102.65,99.1,100.5,110.55,0.5575561880808095,0.20105094694887238
07331,2021,82.23,Rheinland-Pfalz,49.7592181689366,8.15710638186486,114.3,105.1,114.25,118.325,101.675,103.975,16100.0,1359100.0,841.6,82.23,1573.0786578266652,15.817768,257.0,22.0,129.0,105.1,114.25,118.325,219.59001,17.8273,0.0,15154291.0,184.74102991462405,48.12279545184597,100.0,100.0,100.0,100.025,100.025,100.0,-0.355721640099091,0.08789170074307795
07332,2018,55.05,Rheinland-Pfalz,49.45368859267354,8.110968259053257,102.7,95.4,96.925,109.125,99.125,98.025,19700.0,1278100.0,649.0,55.05,1671.0092424175511,17.78316,259.40162601626014,17.297560975609755,122.63577235772358,95.4,96.925,109.125,106.67333,20.261236,14.0,18186176.0,265.18497040983937,54.88075242723909,93.1,96.7,94.2,99.3,96.425,101.7,-0.6600244100563373,0.15371820989289664
07332,2019,71.52,Rheinland-Pfalz,49.45368859267354,8.110968259053257,101.9,90.0,102.65,110.55,99.1,100.5,17600.0,1380600.0,785.8,71.52,1601.8732481523627,16.41202,258.0,15.0,121.0,90.0,102.65,110.55,177.83,19.13033,9.0,17740564.0,265.18497040983937,54.88075242723909,102.7,95.4,96.925,99.125,98.025,109.125,0.41443972973286236,-0.26196921196687206
07332,2020,26.24,Rheinland-Pfalz,49.45368859267354,8.110968259053257,100.0,100.0,100.0,100.0,100.025,100.025,16500.0,970600.0,589.1,26.24,734.9516198693742,15.551313,269.0,8.0,105.0,100.0,100.0,100.0,111.53833,19.753319,12.0,17072884.0,265.18497040983937,54.88075242723909,101.9,90.0,102.65,99.1,100.5,110.55,0.6094388587993649,0.2087685583018053
07332,2021,70.16,Rheinland-Pfalz,49.45368859267354,8.110968259053257,114.3,105.1,114.25,118.325,101.675,103.975,16100.0,1359100.0,841.6,70.16,1342.1768044888584,15.548238,257.0,22.0,129.0,105.1,114.25,118.325,259.82834,17.600279,0.0,15341519.0,265.18497040983937,54.88075242723909,100.0,100.0,100.0,100.025,100.025,100.0,-0.31097361806007484,0.0835639619927413
07333,2018,60.73,Rheinland-Pfalz,49.63184448555766,7.914916119355594,102.7,95.4,96.925,109.125,99.125,98.025,19700.0,1278100.0,649.0,60.73,1843.422185141106,17.060951,259.40162601626014,17.297560975609755,122.63577235772358,95.4,96.925,109.125,103.57751,19.416254,11.0,18206898.0,306.886938037734,50.4921750699735,93.1,96.7,94.2,99.3,96.425,101.7,-0.6980923746162375,0.14454898144057715
07333,2019,77.35,Rheinland-Pfalz,49.63184448555766,7.914916119355594,101.9,90.0,102.65,110.55,99.1,100.5,17600.0,1380600.0,785.8,77.35,1732.4510031401744,15.695671,258.0,15.0,121.0,90.0,102.65,110.55,179.58377,18.334923,7.0,17710560.0,306.886938037734,50.4921750699735,102.7,95.4,96.925,99.125,98.025,109.125,0.38202588249328073,-0.24917221325106853
07333,2020,68.67,Rheinland-Pfalz,49.63184448555766,7.914916119355594,100.0,100.0,100.0,100.0,100.025,100.025,16500.0,970600.0,589.1,68.67,1923.3661484919944,14.869596,269.0,8.0,105.0,100.0,100.0,100.0,112.582504,18.930187,10.0,16940944.0,306.886938037734,50.4921750699735,101.9,90.0,102.65,99.1,100.5,110.55,0.5379678282340024,0.21911326032099043
07333,2021,87.99,Rheinland-Pfalz,49.63184448555766,7.914916119355594,114.3,105.1,114.25,118.325,101.675,103.975,16100.0,1359100.0,841.6,87.99,1683.2687717641766,14.85615,257.0,22.0,129.0,105.1,114.25,118.325,261.95126,16.876257,0.0,15204455.0,306.886938037734,50.4921750699735,100.0,100.0,100.0,100.025,100.025,100.0,-0.26053122635278214,0.07241441742709376
07334,2018,54.88,Rheinland-Pfalz,49.11560231096714,8.24652647260007,102.7,95.4,96.925,109.125,99.125,98.025,19700.0,1278100.0,649.0,54.88,1665.8489958923744,18.697723,259.40162601626014,17.297560975609755,122.63577235772358,95.4,96.925,109.125,90.984,20.91897,16.0,18021218.0,120.12467382252188,47.66931692198731,93.1,96.7,94.2,99.3,96.425,101.7,-0.6506965198327066,0.19296992774643296
07334,2019,67.24,Rheinland-Pfalz,49.11560231096714,8.24652647260007,101.9,90.0,102.65,110.55,99.1,100.5,17600.0,1380600.0,785.8,67.24,1506.01170589716,16.94712,258.0,15.0,121.0,90.0,102.65,110.55,136.58002,20.021421,15.0,17780738.0,120.12467382252188,47.66931692198731,102.7,95.4,96.925,99.125,98.025,109.125,0.35611495219757217,-0.17982385137306367
07334,2020,54.7,Rheinland-Pfalz,49.11560231096714,8.24652647260007,100.0,100.0,100.0,100.0,100.025,100.025,16500.0,970600.0,589.1,54.7,1532.0828356270874,16.251648,269.0,8.0,105.0,100.0,100.0,100.0,104.334,20.338747,15.0,17232500.0,120.12467382252188,47.66931692198731,101.9,90.0,102.65,99.1,100.5,110.55,0.6354380350098836,0.17434042237423064
07334,2021,86.37,Rheinland-Pfalz,49.11560231096714,8.24652647260007,114.3,105.1,114.25,118.325,101.675,103.975,16100.0,1359100.0,841.6,86.37,1652.2778022192515,16.281517,257.0,22.0,129.0,105.1,114.25,118.325,217.87999,18.375439,1.0,15507694.0,120.12467382252188,47.66931692198731,100.0,100.0,100.0,100.025,100.025,100.0,-0.3178299820808661,0.0418139023448898
07337,2018,75.4,Rheinland-Pfalz,49.189469492051046,8.049466086615936,102.7,95.4,96.925,109.125,99.125,98.025,19700.0,1278100.0,649.0,75.4,2288.721105872541,17.90761,259.40162601626014,17.297560975609755,122.63577235772358,95.4,96.925,109.125,115.75142,20.223078,14.0,18095640.0,251.85473949706744,56.42069397953205,93.1,96.7,94.2,99.3,96.425,101.7,-0.6847458788697054,0.16441676105606717
07337,2019,82.84,Rheinland-Pfalz,49.189469492051046,8.049466086615936,101.9,90.0,102.65,110.55,99.1,100.5,17600.0,1380600.0,785.8,82.84,1855.4135888834137,16.264471,258.0,15.0,121.0,90.0,102.65,110.55,158.22856,19.196993,10.0,17789312.0,251.85473949706744,56.42069397953205,102.7,95.4,96.925,99.125,98.025,109.125,0.4047603435253109,-0.22774592452847142
07337,2020,68.11,Rheinland-Pfalz,49.189469492051046,8.049466086615936,100.0,100.0,100.0,100.0,100.025,100.025,16500.0,970600.0,589.1,68.11,1907.681205385026,15.569457,269.0,8.0,105.0,100.0,100.0,100.0,120.87858,19.666239,14.0,17209764.0,251.85473949706744,56.42069397953205,101.9,90.0,102.65,99.1,100.5,110.55,0.6083180174325662,0.20372786892340033
07337,2021,87.58,Rheinland-Pfalz,49.189469492051046,8.049466086615936,114.3,105.1,114.25,118.325,101.675,103.975,16100.0,1359100.0,841.6,87.58,1675.4253782373748,15.557457,257.0,22.0,129.0,105.1,114.25,118.325,263.43286,17.660677,0.0,15492033.0,251.85473949706744,56.42069397953205,100.0,100.0,100.0,100.025,100.025,100.0,-0.2743274009100105,0.04996359603430034
07338,2018,92.23,Rheinland-Pfalz,49.41661060422409,8.361416588624184,102.7,95.4,96.925,109.125,99.125,98.025,19700.0,1278100.0,649.0,92.23,2799.5855118650456,18.782768,259.40162601626014,17.297560975609755,122.63577235772358,95.4,96.925,109.125,85.895,21.143871,22.0,18194866.0,100.9821622520557,41.94914260173256,93.1,96.7,94.2,99.3,96.425,101.7,-0.6047664130483668,0.17375931945151168
07339,2018,59.71,Rheinland-Pfalz,49.92208532098262,8.078814262481835,102.7,95.4,96.925,109.125,99.125,98.025,19700.0,1278100.0,649.0,59.71,1812.460705990045,17.939598,259.40162601626014,17.297560975609755,122.63577235772358,95.4,96.925,109.125,88.22286,20.287472,15.0,18176962.0,190.07160074730552,48.84544684417733,93.1,96.7,94.2,99.3,96.425,101.7,-0.6442360473406552,0.1416133717501955
07339,2019,78.31,Rheinland-Pfalz,49.92208532098262,8.078814262481835,101.9,90.0,102.65,110.55,99.1,100.5,17600.0,1380600.0,785.8,78.31,1753.95265747779,16.583158,258.0,15.0,121.0,90.0,102.65,110.55,168.59715,19.188593,12.0,17565492.0,190.07160074730552,48.84544684417733,102.7,95.4,96.925,99.125,98.025,109.125,0.3953865394385616,-0.24026935203119215
07339,2020,53.48,Rheinland-Pfalz,49.92208532098262,8.078814262481835,100.0,100.0,100.0,100.0,100.025,100.025,16500.0,970600.0,589.1,53.48,1497.9120667154775,15.675824,269.0,8.0,105.0,100.0,100.0,100.0,106.45286,19.714493,15.0,16717326.0,190.07160074730552,48.84544684417733,101.9,90.0,102.65,99.1,100.5,110.55,0.5416467696360314,0.20177193214965405
07339,2021,87.17,Rheinland-Pfalz,49.92208532098262,8.078814262481835,114.3,105.1,114.25,118.325,101.675,103.975,16100.0,1359100.0,841.6,87.17,1667.581984710573,15.685478,257.0,22.0,129.0,105.1,114.25,118.325,234.04713,17.692389,0.0,14989319.0,190.07160074730552,48.84544684417733,100.0,100.0,100.0,100.025,100.025,100.0,-0.32876040707560605,0.0855220576259994
08111,2018,64.67,Baden-Württemberg,48.77387757959714,9.172288944953303,102.7,95.4,96.925,109.125,99.125,98.025,21400.0,1303500.0,608.9,64.67,2272.8493968256703,17.27142,259.40162601626014,17.297560975609755,122.63577235772358,95.4,96.925,109.125,147.76666,19.276653,9.0,17677556.0,354.9420980627743,47.02420308255134,93.1,96.7,94.2,99.3,96.425,101.7,-0.7021357709614335,0.20113176802272115
08111,2019,82.92,Baden-Württemberg,48.77387757959714,9.172288944953303,101.9,90.0,102.65,110.55,99.1,100.5,19700.0,1592700.0,807.0,82.92,2024.193306041892,15.35281,258.0,15.0,121.0,90.0,102.65,110.55,197.10333,18.15618,5.0,17464420.0,354.9420980627743,47.02420308255134,102.7,95.4,96.925,99.125,98.025,109.125,0.17437467911270232,-0.016177719154771064
08111,2020,65.46,Baden-Württemberg,48.77387757959714,9.172288944953303,100.0,100.0,100.0,100.0,100.025,100.025,18700.0,1294500.0,691.9,65.46,1769.1891866321878,14.999619,269.0,8.0,105.0,100.0,100.0,100.0,179.81001,18.652374,9.0,16985448.0,354.9420980627743,47.02420308255134,101.9,90.0,102.65,99.1,100.5,110.55,0.70848041723508,0.18731778185738635
08111,2021,83.05,Baden-Württemberg,48.77387757959714,9.172288944953303,114.3,105.1,114.25,118.325,101.675,103.975,19500.0,1641600.0,840.5,83.05,1926.7995218003573,14.905374,257.0,22.0,129.0,105.1,114.25,118.325,254.81332,16.986984,0.0,15257593.0,354.9420980627743,47.02420308255134,100.0,100.0,100.0,100.025,100.025,100.0,-0.35828159236257306,0.05320039927574416
08115,2019,86.58,Baden-Württemberg,48.67777231053375,8.94376115781159,101.9,90.0,102.65,110.55,99.1,100.5,19700.0,1592700.0,807.0,86.58,2113.5390308382416,14.8147955,258.0,15.0,121.0,90.0,102.65,110.55,222.15627,17.594158,4.0,17593196.0,470.1272866448536,48.94521501984948,93.1,96.7,94.2,99.3,96.425,101.7,0.1774791546130814,-0.0016760534370608982
08118,2018,57.44,Baden-Württemberg,48.939945838328384,9.12333679841158,102.7,95.4,96.925,109.125,99.125,98.025,21400.0,1303500.0,608.9,57.44,2018.748559667025,17.847116,259.40162601626014,17.297560975609755,122.63577235772358,95.4,96.925,109.125,146.2,19.76803,11.0,17756018.0,282.4640191800873,46.63304415170457,93.1,96.7,94.2,99.3,96.425,101.7,-0.7260233823994326,0.17272058239826227
08118,2019,78.26,Baden-Württemberg,48.939945838328384,9.12333679841158,101.9,90.0,102.65,110.55,99.1,100.5,19700.0,1592700.0,807.0,78.26,1910.43618102796,15.871059,258.0,15.0,121.0,90.0,102.65,110.55,192.325,18.609627,6.0,17531050.0,282.4640191800873,46.63304415170457,102.7,95.4,96.925,99.125,98.025,109.125,0.20907543383202665,-0.03328769296672729
08118,2020,64.59,Baden-Württemberg,48.939945838328384,9.12333679841158,100.0,100.0,100.0,100.0,100.025,100.025,18700.0,1294500.0,691.9,64.59,1745.6756731526586,15.493848,269.0,8.0,105.0,100.0,100.0,100.0,172.525,19.056768,11.0,17002638.0,282.4640191800873,46.63304415170457,101.9,90.0,102.65,99.1,100.5,110.55,0.6920518105223437,0.20920261001989027
08118,2021,81.88,Baden-Württemberg,48.939945838328384,9.12333679841158,114.3,105.1,114.25,118.325,101.675,103.975,19500.0,1641600.0,840.5,81.88,1899.6549650212316,15.437967,257.0,22.0,129.0,105.1,114.25,118.325,247.20003,17.430506,0.0,15193535.0,282.4640191800873,46.63304415170457,100.0,100.0,100.0,100.025,100.025,100.0,-0.3367744157770858,0.038767749978751986
08119,2020,59.07,Baden-Württemberg,48.898378905756736,9.501244279981655,100.0,100.0,100.0,100.0,100.025,100.025,18700.0,1294500.0,691.9,59.07,1596.4864841790918,14.777873,269.0,8.0,105.0,100.0,100.0,100.0,174.02274,18.362617,8.0,16870838.0,382.740038914057,56.07542370943023,101.9,90.0,102.65,99.1,100.5,110.55,0.7524238911254884,0.17003544908239432
08125,2018,61.26,Baden-Württemberg,49.17596765643398,9.190196207037213,102.7,95.4,96.925,109.125,99.125,98.025,21400.0,1303500.0,608.9,61.26,2153.003773767444,17.883453,259.40162601626014,17.297560975609755,122.63577235772358,95.4,96.925,109.125,113.17125,19.957888,14.0,17919504.0,256.19008124886005,52.63757019254051,93.1,96.7,94.2,99.3,96.425,101.7,-0.6787378834309266,0.13341047369982562
08125,2019,84.63,Baden-Württemberg,49.17596765643398,9.190196207037213,101.9,90.0,102.65,110.55,99.1,100.5,19700.0,1592700.0,807.0,84.63,2065.936800413957,15.928961,258.0,15.0,121.0,90.0,102.65,110.55,161.46124,18.675999,5.0,17554260.0,256.19008124886005,52.63757019254051,102.7,95.4,96.925,99.125,98.025,109.125,0.26591964251412037,-0.018665901431846876
08125,2020,63.06,Baden-Württemberg,49.17596765643398,9.190196207037213,100.0,100.0,100.0,100.0,100.025,100.025,18700.0,1294500.0,691.9,63.06,1704.324321861072,15.314105,269.0,8.0,105.0,100.0,100.0,100.0,143.78938,19.04807,10.0,16965412.0,256.19008124886005,52.63757019254051,101.9,90.0,102.65,99.1,100.5,110.55,0.6499157540620786,0.21543657038099484
08125,2021,85.1,Baden-Württemberg,49.17596765643398,9.190196207037213,114.3,105.1,114.25,118.325,101.675,103.975,19500.0,1641600.0,840.5,85.1,1974.360497353527,15.423185,257.0,22.0,129.0,105.1,114.25,118.325,216.72687,17.456833,0.0,15077734.0,256.19008124886005,52.63757019254051,100.0,100.0,100.0,100.025,100.025,100.0,-0.3643082052890918,-0.002530681451004879
08126,2018,62.81,Baden-Württemberg,49.27096058533672,9.613867796166538,102.7,95.4,96.925,109.125,99.125,98.025,21400.0,1303500.0,608.9,62.81,2207.479056975729,17.178646,259.40162601626014,17.297560975609755,122.63577235772358,95.4,96.925,109.125,110.562,19.199797,10.0,17831614.0,336.4091301756647,55.46941274867426,93.1,96.7,94.2,99.3,96.425,101.7,-0.7002540180152437,0.15151649396609645
08126,2019,82.38,Baden-Württemberg,49.27096058533672,9.613867796166538,101.9,90.0,102.65,110.55,99.1,100.5,19700.0,1592700.0,807.0,82.38,2011.0111499243972,15.311416,258.0,15.0,121.0,90.0,102.65,110.55,166.60301,17.909405,4.0,17391742.0,336.4091301756647,55.46941274867426,102.7,95.4,96.925,99.125,98.025,109.125,0.25837951629648614,-0.002143372185410386
08126,2020,67.41,Baden-Württemberg,49.27096058533672,9.613867796166538,100.0,100.0,100.0,100.0,100.025,100.025,18700.0,1294500.0,691.9,67.41,1821.89188925872,14.597189,269.0,8.0,105.0,100.0,100.0,100.0,154.61203,18.393759,9.0,16852902.0,336.4091301756647,55.46941274867426,101.9,90.0,102.65,99.1,100.5,110.55,0.7033249912564088,0.189708925392845
08126,2021,86.0,Baden-Württemberg,49.27096058533672,9.613867796166538,114.3,105.1,114.25,118.325,101.675,103.975,19500.0,1641600.0,840.5,86.0,1995.2409256451624,14.799616,257.0,22.0,129.0,105.1,114.25,118.325,227.048,16.799314,0.0,14945873.0,336.4091301756647,55.46941274867426,100.0,100.0,100.0,100.025,100.025,100.0,-0.3591617807455805,0.007139803690360713
08128,2018,58.34,Baden-Württemberg,49.560234542971415,9.725699365110028,102.7,95.4,96.925,109.125,99.125,98.025,21400.0,1303500.0,608.9,58.34,2050.3793692718355,17.086708,259.40162601626014,17.297560975609755,122.63577235772358,95.4,96.925,109.125,101.71375,19.169483,10.0,17953236.0,333.40966965901134,51.929721011856586,93.1,96.7,94.2,99.3,96.425,101.7,-0.6911233016114693,0.1391719859186762
08128,2019,77.75,Baden-Württemberg,49.560234542971415,9.725699365110028,101.9,90.0,102.65,110.55,99.1,100.5,19700.0,1592700.0,807.0,77.75,1897.9863669169931,15.324296,258.0,15.0,121.0,90.0,102.65,110.55,173.98251,17.808971,4.0,17320770.0,333.40966965901134,51.929721011856586,102.7,95.4,96.925,99.125,98.025,109.125,0.31030457301244496,-0.042447766794875386
08128,2020,73.21,Baden-Württemberg,49.560234542971415,9.725699365110028,100.0,100.0,100.0,100.0,100.025,100.025,18700.0,1294500.0,691.9,73.21,1978.6486457889164,14.466037,269.0,8.0,105.0,100.0,100.0,100.0,148.9175,18.443192,9.0,16807838.0,333.40966965901134,51.929721011856586,101.9,90.0,102.65,99.1,100.5,110.55,0.6772412552357423,0.18547842588337726
08128,2021,89.38,Baden-Württemberg,49.560234542971415,9.725699365110028,114.3,105.1,114.25,118.325,101.675,103.975,19500.0,1641600.0,840.5,89.38,2073.658534118193,14.874075,257.0,22.0,129.0,105.1,114.25,118.325,247.70563,16.866457,0.0,14932395.0,333.40966965901134,51.929721011856586,100.0,100.0,100.0,100.025,100.025,100.0,-0.42790941992439,0.0037641611890377735
08215,2018,57.08,Baden-Württemberg,49.08169493695348,8.5621700521611,102.7,95.4,96.925,109.125,99.125,98.025,21400.0,1303500.0,608.9,57.08,2006.0962358251008,18.40779,259.40162601626014,17.297560975609755,122.63577235772358,95.4,96.925,109.125,106.93356,20.66068,15.0,18082246.0,177.52681894776447,50.89967809672198,93.1,96.7,94.2,99.3,96.425,101.7,-0.697712811775375,0.20110606990349567
08215,2019,76.19,Baden-Württemberg,49.08169493695348,8.5621700521611,101.9,90.0,102.65,110.55,99.1,100.5,19700.0,1592700.0,807.0,76.19,1859.9045825775652,16.615837,258.0,15.0,121.0,90.0,102.65,110.55,157.13643,19.555674,11.0,17816402.0,177.52681894776447,50.89967809672198,102.7,95.4,96.925,99.125,98.025,109.125,0.31819140304963867,-0.10116654995752294
08215,2020,56.37,Baden-Württemberg,49.08169493695348,8.5621700521611,100.0,100.0,100.0,100.0,100.025,100.025,18700.0,1294500.0,691.9,56.37,1523.5135113115862,15.973481,269.0,8.0,105.0,100.0,100.0,100.0,125.87143,19.905796,13.0,17247784.0,177.52681894776447,50.89967809672198,101.9,90.0,102.65,99.1,100.5,110.55,0.6701549366666768,0.1640522862702396
08215,2021,86.4,Baden-Württemberg,49.08169493695348,8.5621700521611,114.3,105.1,114.25,118.325,101.675,103.975,19500.0,1641600.0,840.5,86.4,2004.5211159970008,16.044313,257.0,22.0,129.0,105.1,114.25,118.325,222.75145,18.151773,0.0,15481831.0,177.52681894776447,50.89967809672198,100.0,100.0,100.0,100.025,100.025,100.0,-0.354119143404489,0.006372888093824303
08225,2018,46.28,Baden-Württemberg,49.46583263550921,9.279789410923907,102.7,95.4,96.925,109.125,99.125,98.025,21400.0,1303500.0,608.9,46.28,1626.5265205673732,17.04473,259.40162601626014,17.297560975609755,122.63577235772358,95.4,96.925,109.125,118.88357,19.215294,10.0,18000300.0,355.92770085814504,55.70083988664711,93.1,96.7,94.2,99.3,96.425,101.7,-0.7400566412848661,0.10653112767738149
08225,2019,77.41,Baden-Württemberg,49.46583263550921,9.279789410923907,101.9,90.0,102.65,110.55,99.1,100.5,19700.0,1592700.0,807.0,77.41,1889.6864908430157,15.3274145,258.0,15.0,121.0,90.0,102.65,110.55,197.7757,17.93285,4.0,17475156.0,355.92770085814504,55.70083988664711,102.7,95.4,96.925,99.125,98.025,109.125,0.3305814003410319,-0.023586661930468655
08225,2020,71.49,Baden-Württemberg,49.46583263550921,9.279789410923907,100.0,100.0,100.0,100.0,100.025,100.025,18700.0,1294500.0,691.9,71.49,1932.1621593696168,14.58089,269.0,8.0,105.0,100.0,100.0,100.0,154.82285,18.440449,9.0,16877668.0,355.92770085814504,55.70083988664711,101.9,90.0,102.65,99.1,100.5,110.55,0.6823739979558923,0.19289096458728117
08225,2021,73.95,Baden-Württemberg,49.46583263550921,9.279789410923907,114.3,105.1,114.25,118.325,101.675,103.975,19500.0,1641600.0,840.5,73.95,1715.6751912960435,14.747178,257.0,22.0,129.0,105.1,114.25,118.325,252.2057,16.786911,0.0,15003567.0,355.92770085814504,55.70083988664711,100.0,100.0,100.0,100.025,100.025,100.0,-0.3596518000776996,-0.013066251089322578
08226,2018,63.1,Baden-Württemberg,49.36631080044084,8.767704700410492,102.7,95.4,96.925,109.125,99.125,98.025,21400.0,1303500.0,608.9,63.1,2217.6712067372787,18.079975,259.40162601626014,17.297560975609755,122.63577235772358,95.4,96.925,109.125,102.7125,20.407597,14.0,18038548.0,209.0248696311348,54.230921024529486,93.1,96.7,94.2,99.3,96.425,101.7,-0.6706696930373823,0.15425155405081914
08226,2019,79.42,Baden-Württemberg,49.36631080044084,8.767704700410492,101.9,90.0,102.65,110.55,99.1,100.5,19700.0,1592700.0,807.0,79.42,1938.7534052803555,16.313322,258.0,15.0,121.0,90.0,102.65,110.55,164.89314,19.035568,7.0,17613600.0,209.0248696311348,54.230921024529486,102.7,95.4,96.925,99.125,98.025,109.125,0.3471639353031719,-0.10154688927742295
08226,2020,76.94,Baden-Württemberg,49.36631080044084,8.767704700410492,100.0,100.0,100.0,100.0,100.025,100.025,18700.0,1294500.0,691.9,76.94,2079.459456454026,15.644168,269.0,8.0,105.0,100.0,100.0,100.0,123.04187,19.533516,10.0,16984628.0,209.0248696311348,54.230921024529486,101.9,90.0,102.65,99.1,100.5,110.55,0.6415401996670198,0.1663137813003983
08226,2021,89.34,Baden-Württemberg,49.36631080044084,8.767704700410492,114.3,105.1,114.25,118.325,101.675,103.975,19500.0,1641600.0,840.5,89.34,2072.73051508301,15.720044,257.0,22.0,129.0,105.1,114.25,118.325,213.8825,17.726027,0.0,15147313.0,209.0248696311348,54.230921024529486,100.0,100.0,100.0,100.025,100.025,100.0,-0.35395468909490546,-0.006488839295222926
08425,2019,74.15,Baden-Württemberg,48.40135703198232,9.827330052111236,101.9,90.0,102.65,110.55,99.1,100.5,19700.0,1592700.0,807.0,74.15,1810.1053261336988,14.16635,258.0,15.0,121.0,90.0,102.65,110.55,268.02167,16.977528,3.0,17179628.0,606.9436369425779,51.33948169282452,102.7,95.4,96.925,99.125,98.025,109.125,0.1064596298339211,0.0336427774040553
08425,2020,80.46,Baden-Württemberg,48.40135703198232,9.827330052111236,100.0,100.0,100.0,100.0,100.025,100.025,18700.0,1294500.0,691.9,80.46,2174.5945914516624,13.498628,269.0,8.0,105.0,100.0,100.0,100.0,282.63055,17.253607,2.0,16994614.0,606.9436369425779,51.33948169282452,101.9,90.0,102.65,99.1,100.5,110.55,0.7400687604313134,0.11513115785482264
08425,2021,76.39,Baden-Württemberg,48.40135703198232,9.827330052111236,114.3,105.1,114.25,118.325,101.675,103.975,19500.0,1641600.0,840.5,76.39,1772.2843524422556,13.649767,257.0,22.0,129.0,105.1,114.25,118.325,346.60553,15.951276,0.0,15626688.0,606.9436369425779,51.33948169282452,100.0,100.0,100.0,100.025,100.025,100.0,-0.47850513342427803,0.07159435738698416
09174,2019,81.09,Bayern,48.33404063489306,11.356450342633169,101.9,90.0,102.65,110.55,99.1,100.5,67600.0,5589600.0,826.4,81.09,6633.209091682952,15.165838,258.0,15.0,121.0,90.0,102.65,110.55,313.095,17.58321,5.0,16688213.0,497.4195387326888,42.40783205362409,102.7,95.4,96.925,99.125,98.025,109.125,0.2458172965432368,0.14189421625566756
09176,2018,81.33,Bayern,48.89797469655332,11.369716500718974,102.7,95.4,96.925,109.125,99.125,98.025,69000.0,5147400.0,746.1,81.33,7521.471642512435,16.869555,259.40162601626014,17.297560975609755,122.63577235772358,95.4,96.925,109.125,163.44933,18.528051,5.0,17754676.0,467.7335862393804,44.97050160649565,93.1,96.7,94.2,99.3,96.425,101.7,-0.5561349477596877,0.14241680301838655
09176,2019,81.94,Bayern,48.89797469655332,11.369716500718974,101.9,90.0,102.65,110.55,99.1,100.5,67600.0,5589600.0,826.4,81.94,6702.739585306463,15.342803,258.0,15.0,121.0,90.0,102.65,110.55,233.04533,17.641024,6.0,16813346.0,467.7335862393804,44.97050160649565,102.7,95.4,96.925,99.125,98.025,109.125,0.3550109730488771,0.09392179316172267
09176,2020,84.97,Bayern,48.89797469655332,11.369716500718974,100.0,100.0,100.0,100.0,100.025,100.025,63500.0,5308100.0,835.7,84.97,6456.377879075771,14.113106,269.0,8.0,105.0,100.0,100.0,100.0,229.66269,17.744404,3.0,16596840.0,467.7335862393804,44.97050160649565,101.9,90.0,102.65,99.1,100.5,110.55,0.7776940317208982,0.051741147674132515
09176,2021,86.33,Bayern,48.89797469655332,11.369716500718974,114.3,105.1,114.25,118.325,101.675,103.975,62900.0,5646400.0,897.1,86.33,6053.011920574058,14.602714,257.0,22.0,129.0,105.1,114.25,118.325,298.09137,16.555883,0.0,15292767.0,467.7335862393804,44.97050160649565,100.0,100.0,100.0,100.025,100.025,100.0,-0.5983768006096852,0.00828610211997649
09177,2021,93.44,Bayern,48.30033160376161,12.000337239277476,114.3,105.1,114.25,118.325,101.675,103.975,62900.0,5646400.0,897.1,93.44,6551.52825041631,14.82355,257.0,22.0,129.0,105.1,114.25,118.325,408.8809,16.774342,0.0,15808178.0,486.1818432301588,45.0013349006324,100.0,100.0,100.0,100.025,100.025,100.0,-0.6292681120314683,-0.031051650604641767
09181,2018,98.76,Bayern,48.02421134718481,10.94903266446619,102.7,95.4,96.925,109.125,99.125,98.025,69000.0,5147400.0,746.1,98.76,9133.4137392663,16.08303,259.40162601626014,17.297560975609755,122.63577235772358,95.4,96.925,109.125,250.52779,18.162518,3.0,17538746.0,627.7717723774085,49.032628629115536,93.1,96.7,94.2,99.3,96.425,101.7,-0.6703309883087627,0.1710957565918687
09181,2019,91.9,Bayern,48.02421134718481,10.94903266446619,101.9,90.0,102.65,110.55,99.1,100.5,67600.0,5589600.0,826.4,91.9,7517.473369412545,14.310415,258.0,15.0,121.0,90.0,102.65,110.55,371.7889,16.991953,3.0,16645625.0,627.7717723774085,49.032628629115536,102.7,95.4,96.925,99.125,98.025,109.125,0.10430072139337199,0.1416131185745637
09181,2020,88.73,Bayern,48.02421134718481,10.94903266446619,100.0,100.0,100.0,100.0,100.025,100.025,63500.0,5308100.0,835.7,88.73,6742.078489000744,13.379522,269.0,8.0,105.0,100.0,100.0,100.0,358.56555,17.102856,1.0,16750029.0,627.7717723774085,49.032628629115536,101.9,90.0,102.65,99.1,100.5,110.55,0.8014429278048851,0.06622827121781016
09181,2021,77.68,Bayern,48.02421134718481,10.94903266446619,114.3,105.1,114.25,118.325,101.675,103.975,62900.0,5646400.0,897.1,77.68,5446.518776673149,13.918725,257.0,22.0,129.0,105.1,114.25,118.325,453.76886,16.18537,0.0,15714294.0,627.7717723774085,49.032628629115536,100.0,100.0,100.0,100.025,100.025,100.0,-0.4571430313467886,0.027469944748824693
09185,2018,78.3,Bayern,48.66406200818524,11.198108689632058,102.7,95.4,96.925,109.125,99.125,98.025,69000.0,5147400.0,746.1,78.3,7241.254513816841,17.091257,259.40162601626014,17.297560975609755,122.63577235772358,95.4,96.925,109.125,173.67,18.845243,8.0,17796692.0,417.10512027480473,39.96029541523365,93.1,96.7,94.2,99.3,96.425,101.7,-0.48383800311756886,0.12106919662318116
09185,2019,87.85,Bayern,48.66406200818524,11.198108689632058,101.9,90.0,102.65,110.55,99.1,100.5,67600.0,5589600.0,826.4,87.85,7186.181017441698,15.457647,258.0,15.0,121.0,90.0,102.65,110.55,265.59113,17.839672,6.0,16969184.0,417.10512027480473,39.96029541523365,102.7,95.4,96.925,99.125,98.025,109.125,0.31374028507980256,0.10713671092504229
09185,2020,85.92,Bayern,48.66406200818524,11.198108689632058,100.0,100.0,100.0,100.0,100.025,100.025,63500.0,5308100.0,835.7,85.92,6528.562873604687,14.270767,269.0,8.0,105.0,100.0,100.0,100.0,239.71777,17.893301,4.0,16761299.0,417.10512027480473,39.96029541523365,101.9,90.0,102.65,99.1,100.5,110.55,0.6959556589982867,0.0698208930080293
09185,2021,81.05,Bayern,48.66406200818524,11.198108689632058,114.3,105.1,114.25,118.325,101.675,103.975,62900.0,5646400.0,897.1,81.05,5682.80570094437,14.852303,257.0,22.0,129.0,105.1,114.25,118.325,311.40222,16.824526,0.0,15579446.0,417.10512027480473,39.96029541523365,100.0,100.0,100.0,100.025,100.025,100.0,-0.553384823963313,0.03677800428408062
09186,2018,74.14,Bayern,48.595308158719575,11.523858182545265,102.7,95.4,96.925,109.125,99.125,98.025,69000.0,5147400.0,746.1,74.14,6856.533967488896,17.252548,259.40162601626014,17.297560975609755,122.63577235772358,95.4,96.925,109.125,189.654,19.00513,9.0,17632282.0,438.441564024743,40.93424648046478,93.1,96.7,94.2,99.3,96.425,101.7,-0.5228054732806982,0.12417900232753953
09186,2019,79.04,Bayern,48.595308158719575,11.523858182545265,101.9,90.0,102.65,110.55,99.1,100.5,67600.0,5589600.0,826.4,79.04,6465.517901179191,15.578029,258.0,15.0,121.0,90.0,102.65,110.55,262.01498,17.931324,6.0,16693453.0,438.441564024743,40.93424648046478,102.7,95.4,96.925,99.125,98.025,109.125,0.32865111666984603,0.11961998595150414
09186,2021,81.76,Bayern,48.595308158719575,11.523858182545265,114.3,105.1,114.25,118.325,101.675,103.975,62900.0,5646400.0,897.1,81.76,5732.587219114272,14.893887,257.0,22.0,129.0,105.1,114.25,118.325,337.60397,16.891363,0.0,15495791.0,438.441564024743,40.93424648046478,101.9,90.0,102.65,99.1,100.5,110.55,-0.6440099489396971,0.0267691581969427
09271,2018,87.37,Bayern,48.77951264039344,13.000555959654706,102.7,95.4,96.925,109.125,99.125,98.025,69000.0,5147400.0,746.1,87.37,8080.056281892433,17.361988,259.40162601626014,17.297560975609755,122.63577235772358,95.4,96.925,109.125,226.71545,18.721745,5.0,17957990.0,407.29489499139714,50.91396782333208,93.1,96.7,94.2,99.3,96.425,101.7,-0.7177764564677318,0.17327471916982562
09271,2019,93.35,Bayern,48.77951264039344,13.000555959654706,101.9,90.0,102.65,110.55,99.1,100.5,67600.0,5589600.0,826.4,93.35,7636.084211476181,16.050959,258.0,15.0,121.0,90.0,102.65,110.55,269.04364,17.953943,5.0,16665606.0,407.29489499139714,50.91396782333208,102.7,95.4,96.925,99.125,98.025,109.125,0.5181875524633028,0.20276085552712808
09271,2020,94.24,Bayern,48.77951264039344,13.000555959654706,100.0,100.0,100.0,100.0,100.025,100.025,63500.0,5308100.0,835.7,94.24,7160.751457268456,14.4119005,269.0,8.0,105.0,100.0,100.0,100.0,314.2118,17.868624,2.0,16894362.0,407.29489499139714,50.91396782333208,101.9,90.0,102.65,99.1,100.5,110.55,0.7912006560179634,-0.0029942616142570877
09271,2021,99.67,Bayern,48.77951264039344,13.000555959654706,114.3,105.1,114.25,118.325,101.675,103.975,62900.0,5646400.0,897.1,99.67,6988.343543653614,15.21174,257.0,22.0,129.0,105.1,114.25,118.325,322.30182,17.004616,0.0,15922987.0,407.29489499139714,50.91396782333208,100.0,100.0,100.0,100.025,100.025,100.0,-0.3847291060180851,-0.11340374083637395
09273,2018,82.04,Bayern,48.82474119008231,11.857146163002348,102.7,95.4,96.925,109.125,99.125,98.025,69000.0,5147400.0,746.1,82.04,7587.133081909754,17.249426,259.40162601626014,17.297560975609755,122.63577235772358,95.4,96.925,109.125,177.19499,18.912428,9.0,17708368.0,428.1411560808996,43.42475805830125,93.1,96.7,94.2,99.3,96.425,101.7,-0.5416192309611461,0.14867929972195126
09273,2019,94.25,Bayern,48.82474119008231,11.857146163002348,101.9,90.0,102.65,110.55,99.1,100.5,67600.0,5589600.0,826.4,94.25,7709.704734136369,15.671994,258.0,15.0,121.0,90.0,102.65,110.55,228.75499,17.97511,7.0,16717891.0,428.1411560808996,43.42475805830125,102.7,95.4,96.925,99.125,98.025,109.125,0.3644209730748571,0.1117341062617756
09273,2020,96.03,Bayern,48.82474119008231,11.857146163002348,100.0,100.0,100.0,100.0,100.025,100.025,63500.0,5308100.0,835.7,96.03,7296.763183801886,14.34386,269.0,8.0,105.0,100.0,100.0,100.0,231.73999,18.05115,4.0,16605814.0,428.1411560808996,43.42475805830125,101.9,90.0,102.65,99.1,100.5,110.55,0.7949565082306549,0.0231142856116191
09273,2021,96.25,Bayern,48.82474119008231,11.857146163002348,114.3,105.1,114.25,118.325,101.675,103.975,62900.0,5646400.0,897.1,96.25,6748.550878666201,14.89971,257.0,22.0,129.0,105.1,114.25,118.325,313.41833,16.829195,0.0,15406983.0,428.1411560808996,43.42475805830125,100.0,100.0,100.0,100.025,100.025,100.0,-0.6083043671564496,-0.0018311438504454713
09274,2018,92.23,Bayern,48.55786746208271,12.19536706125406,102.7,95.4,96.925,109.125,99.125,98.025,69000.0,5147400.0,746.1,92.23,8529.513458612098,17.245104,259.40162601626014,17.297560975609755,122.63577235772358,95.4,96.925,109.125,202.43893,18.970411,9.0,17684580.0,461.1059024770922,44.336303727716256,93.1,96.7,94.2,99.3,96.425,101.7,-0.5517635415250766,0.15761738348176468
09274,2019,83.89,Bayern,48.55786746208271,12.19536706125406,101.9,90.0,102.65,110.55,99.1,100.5,67600.0,5589600.0,826.4,83.89,6862.25071773687,15.59947,258.0,15.0,121.0,90.0,102.65,110.55,268.09583,17.887335,4.0,16587690.0,461.1059024770922,44.336303727716256,102.7,95.4,96.925,99.125,98.025,109.125,0.31980931397254153,0.17149722631027187
09274,2020,93.61,Bayern,48.55786746208271,12.19536706125406,100.0,100.0,100.0,100.0,100.025,100.025,63500.0,5308100.0,835.7,93.61,7112.88140826507,14.1845455,269.0,8.0,105.0,100.0,100.0,100.0,288.02997,17.9205,3.0,16637192.0,461.1059024770922,44.336303727716256,101.9,90.0,102.65,99.1,100.5,110.55,0.7383793859228831,0.029607046660485192
09274,2021,101.95,Bayern,48.55786746208271,12.19536706125406,114.3,105.1,114.25,118.325,101.675,103.975,62900.0,5646400.0,897.1,101.95,7148.2053203118885,14.898159,257.0,22.0,129.0,105.1,114.25,118.325,356.48688,16.854994,0.0,15699331.0,461.1059024770922,44.336303727716256,100.0,100.0,100.0,100.025,100.025,100.0,-0.6051583323180125,-0.01959201765155294
09277,2018,72.54,Bayern,48.4241124328975,12.86753072610249,102.7,95.4,96.925,109.125,99.125,98.025,69000.0,5147400.0,746.1,72.54,6708.564526593534,17.543655,259.40162601626014,17.297560975609755,122.63577235772358,95.4,96.925,109.125,249.36125,19.004545,8.0,17848318.0,439.094696242417,47.97796350824268,93.1,96.7,94.2,99.3,96.425,101.7,-0.6400094769961697,0.18874114958480437
09277,2019,66.3,Bayern,48.4241124328975,12.86753072610249,101.9,90.0,102.65,110.55,99.1,100.5,67600.0,5589600.0,826.4,66.3,5423.378502633859,15.94368,258.0,15.0,121.0,90.0,102.65,110.55,271.7762,18.119984,6.0,16594189.0,439.094696242417,47.97796350824268,102.7,95.4,96.925,99.125,98.025,109.125,0.38394724338184005,0.179642981801456
09277,2020,74.61,Bayern,48.4241124328975,12.86753072610249,100.0,100.0,100.0,100.0,100.025,100.025,63500.0,5308100.0,835.7,74.61,5669.181517686751,14.392956,269.0,8.0,105.0,100.0,100.0,100.0,378.3288,18.006252,5.0,16814578.0,439.094696242417,47.97796350824268,101.9,90.0,102.65,99.1,100.5,110.55,0.6424383654677399,-0.004730954717743985
09277,2021,83.61,Bayern,48.4241124328975,12.86753072610249,114.3,105.1,114.25,118.325,101.675,103.975,62900.0,5646400.0,897.1,83.61,5862.29962561331,15.223393,257.0,22.0,129.0,105.1,114.25,118.325,349.83627,17.122263,0.0,16041756.0,439.094696242417,47.97796350824268,100.0,100.0,100.0,100.025,100.025,100.0,-0.6115982701533085,-0.06782660704154864
09278,2018,82.77,Bayern,48.90005067623874,12.583074457426967,102.7,95.4,96.925,109.125,99.125,98.025,69000.0,5147400.0,746.1,82.77,7654.644139318262,17.355507,259.40162601626014,17.297560975609755,122.63577235772358,95.4,96.925,109.125,187.66,18.847319,7.0,17885608.0,427.0374629890868,45.09221306462092,93.1,96.7,94.2,99.3,96.425,101.7,-0.5453244692916996,0.1738236165055309
09278,2019,96.33,Bayern,48.90005067623874,12.583074457426967,101.9,90.0,102.65,110.55,99.1,100.5,67600.0,5589600.0,826.4,96.33,7879.849942062137,15.902135,258.0,15.0,121.0,90.0,102.65,110.55,232.09924,17.959415,5.0,16742065.0,427.0374629890868,45.09221306462092,102.7,95.4,96.925,99.125,98.025,109.125,0.549345264481758,0.14879667152295095
09278,2020,97.8,Bayern,48.90005067623874,12.583074457426967,100.0,100.0,100.0,100.0,100.025,100.025,63500.0,5308100.0,835.7,97.8,7431.255226239972,14.380265,269.0,8.0,105.0,100.0,100.0,100.0,274.0677,17.958282,3.0,16806054.0,427.0374629890868,45.09221306462092,101.9,90.0,102.65,99.1,100.5,110.55,0.7553312809979502,-0.0015813032678908545
09278,2021,96.71,Bayern,48.90005067623874,12.583074457426967,114.3,105.1,114.25,118.325,101.675,103.975,62900.0,5646400.0,897.1,96.71,6780.803693255151,15.085432,257.0,22.0,129.0,105.1,114.25,118.325,291.96536,16.914942,0.0,15673564.0,427.0374629890868,45.09221306462092,100.0,100.0,100.0,100.025,100.025,100.0,-0.43939599556438225,-0.050636260069764294
09279,2018,79.46,Bayern,48.64092085484524,12.610630696639712,102.7,95.4,96.925,109.125,99.125,98.025,69000.0,5147400.0,746.1,79.46,7348.532358465979,17.60457,259.40162601626014,17.297560975609755,122.63577235772358,95.4,96.925,109.125,190.47665,19.25607,11.0,17831788.0,406.1664700824181,44.82995494398418,93.1,96.7,94.2,99.3,96.425,101.7,-0.596245536300728,0.1867853945123641
09279,2019,84.48,Bayern,48.64092085484524,12.610630696639712,101.9,90.0,102.65,110.55,99.1,100.5,67600.0,5589600.0,826.4,84.48,6910.513060369661,15.927129,258.0,15.0,121.0,90.0,102.65,110.55,227.85335,18.185812,7.0,16624068.0,406.1664700824181,44.82995494398418,102.7,95.4,96.925,99.125,98.025,109.125,0.49419312917876823,0.16128156460142784
09279,2020,90.73,Bayern,48.64092085484524,12.610630696639712,100.0,100.0,100.0,100.0,100.025,100.025,63500.0,5308100.0,835.7,90.73,6894.046898535304,14.416589,269.0,8.0,105.0,100.0,100.0,100.0,286.2,18.170301,4.0,16781576.0,406.1664700824181,44.82995494398418,101.9,90.0,102.65,99.1,100.5,110.55,0.6715363031509582,-0.010730846405770156
09279,2021,92.08,Bayern,48.64092085484524,12.610630696639712,114.3,105.1,114.25,118.325,101.675,103.975,62900.0,5646400.0,897.1,92.08,6456.172102935935,15.212479,257.0,22.0,129.0,105.1,114.25,118.325,304.74777,17.071943,0.0,15824580.0,406.1664700824181,44.82995494398418,100.0,100.0,100.0,100.025,100.025,100.0,-0.5550500636721836,-0.05134707779020076
09375,2018,85.16,Bayern,49.020881846242496,12.12200182386638,102.7,95.4,96.925,109.125,99.125,98.025,69000.0,5147400.0,746.1,85.16,7875.673491655711,17.306725,259.40162601626014,17.297560975609755,122.63577235772358,95.4,96.925,109.125,169.66867,18.900507,8.0,17741486.0,420.27434483932,42.50684605147087,93.1,96.7,94.2,99.3,96.425,101.7,-0.47694038513986925,0.15171368791644757
09375,2019,83.81,Bayern,49.020881846242496,12.12200182386638,101.9,90.0,102.65,110.55,99.1,100.5,67600.0,5589600.0,826.4,83.81,6855.706671278187,15.759509,258.0,15.0,121.0,90.0,102.65,110.55,216.23999,17.97682,7.0,16762225.0,420.27434483932,42.50684605147087,102.7,95.4,96.925,99.125,98.025,109.125,0.4371584881308763,0.09272335210817828
09375,2020,91.52,Bayern,49.020881846242496,12.12200182386638,100.0,100.0,100.0,100.0,100.025,100.025,63500.0,5308100.0,835.7,91.52,6954.074420301454,14.360564,269.0,8.0,105.0,100.0,100.0,100.0,234.36131,18.0328,4.0,16649508.0,420.27434483932,42.50684605147087,101.9,90.0,102.65,99.1,100.5,110.55,0.7593012172009708,-0.004537273812346698
09375,2021,90.62,Bayern,49.020881846242496,12.12200182386638,114.3,105.1,114.25,118.325,101.675,103.975,62900.0,5646400.0,897.1,90.62,6353.804474023181,14.935872,257.0,22.0,129.0,105.1,114.25,118.325,286.26196,16.838726,0.0,15386646.0,420.27434483932,42.50684605147087,100.0,100.0,100.0,100.025,100.025,100.0,-0.5785975390875819,0.017804818868826233
09471,2018,43.38,Bayern,49.89290776238722,10.883376248583808,102.7,95.4,96.925,109.125,99.125,98.025,69000.0,5147400.0,746.1,43.38,4011.821466275537,17.324217,259.40162601626014,17.297560975609755,122.63577235772358,95.4,96.925,109.125,120.408,19.011753,9.0,17788026.0,354.51425311703053,46.39872623882177,93.1,96.7,94.2,99.3,96.425,101.7,-0.674520534552471,0.13275331708205562
09471,2020,60.98,Bayern,49.89290776238722,10.883376248583808,100.0,100.0,100.0,100.0,100.025,100.025,63500.0,5308100.0,835.7,60.98,4633.516806708727,14.361051,269.0,8.0,105.0,100.0,100.0,100.0,182.36603,18.150763,7.0,16512150.0,354.51425311703053,46.39872623882177,102.7,95.4,96.925,99.125,98.025,109.125,0.7320526809625676,0.10368694140449985
09471,2021,60.57,Bayern,49.89290776238722,10.883376248583808,114.3,105.1,114.25,118.325,101.675,103.975,62900.0,5646400.0,897.1,60.57,4246.85430359285,14.940307,257.0,22.0,129.0,105.1,114.25,118.325,265.58533,16.776953,0.0,14657827.0,354.51425311703053,46.39872623882177,100.0,100.0,100.0,100.025,100.025,100.0,-0.630397030580184,-0.01361761533510042
09473,2018,49.08,Bayern,50.26776689541074,10.942970559854414,102.7,95.4,96.925,109.125,99.125,98.025,69000.0,5147400.0,746.1,49.08,4538.962599465269,17.10725,259.40162601626014,17.297560975609755,122.63577235772358,95.4,96.925,109.125,119.09501,18.77701,9.0,17552418.0,353.7904271423471,45.2185170585857,93.1,96.7,94.2,99.3,96.425,101.7,-0.8059152027643108,0.12249779681762973
09571,2018,47.17,Bayern,49.24783579359206,10.468743834844496,102.7,95.4,96.925,109.125,99.125,98.025,69000.0,5147400.0,746.1,47.17,4362.324079396429,16.64861,259.40162601626014,17.297560975609755,122.63577235772358,95.4,96.925,109.125,139.27792,18.512724,5.0,17809460.0,449.6186755788706,44.64995754944797,93.1,96.7,94.2,99.3,96.425,101.7,-0.7290500041871724,0.1211809510303874
09571,2019,69.93,Bayern,49.24783579359206,10.468743834844496,101.9,90.0,102.65,110.55,99.1,100.5,67600.0,5589600.0,826.4,69.93,5720.31461069662,15.038225,258.0,15.0,121.0,90.0,102.65,110.55,209.34999,17.405548,4.0,17080392.0,449.6186755788706,44.64995754944797,102.7,95.4,96.925,99.125,98.025,109.125,0.25601955864220827,0.020001624322115497
09571,2020,57.23,Bayern,49.24783579359206,10.468743834844496,100.0,100.0,100.0,100.0,100.025,100.025,63500.0,5308100.0,835.7,57.23,4348.576038831428,14.013876,269.0,8.0,105.0,100.0,100.0,100.0,197.75958,17.861477,6.0,16736373.0,449.6186755788706,44.64995754944797,101.9,90.0,102.65,99.1,100.5,110.55,0.7394950908317242,0.1396979061849868
09571,2021,83.25,Bayern,49.24783579359206,10.468743834844496,114.3,105.1,114.25,118.325,101.675,103.975,62900.0,5646400.0,897.1,83.25,5837.058292456741,14.406779,257.0,22.0,129.0,105.1,114.25,118.325,263.29086,16.373173,0.0,14970773.0,449.6186755788706,44.64995754944797,100.0,100.0,100.0,100.025,100.025,100.0,-0.4302355680465553,-0.0025953405992930056
09573,2018,43.25,Bayern,49.44675017410738,10.850053134930128,102.7,95.4,96.925,109.125,99.125,98.025,69000.0,5147400.0,746.1,43.25,3999.798949202789,17.322622,259.40162601626014,17.297560975609755,122.63577235772358,95.4,96.925,109.125,131.55,19.02319,8.0,17916128.0,355.12600336415136,39.8564981078154,93.1,96.7,94.2,99.3,96.425,101.7,-0.6652450079567416,0.15127221689116266
09573,2019,72.17,Bayern,49.44675017410738,10.850053134930128,101.9,90.0,102.65,110.55,99.1,100.5,67600.0,5589600.0,826.4,72.17,5903.547911539753,15.757199,258.0,15.0,121.0,90.0,102.65,110.55,197.13,17.936325,5.0,16969092.0,355.12600336415136,39.8564981078154,102.7,95.4,96.925,99.125,98.025,109.125,0.3109355545065,0.002215292812552949
09573,2020,64.93,Bayern,49.44675017410738,10.850053134930128,100.0,100.0,100.0,100.0,100.025,100.025,63500.0,5308100.0,835.7,64.93,4933.654415539483,14.523472,269.0,8.0,105.0,100.0,100.0,100.0,191.10498,18.346869,7.0,16709805.0,355.12600336415136,39.8564981078154,101.9,90.0,102.65,99.1,100.5,110.55,0.7215619466240355,0.09629496872775634
09573,2021,84.83,Bayern,49.44675017410738,10.850053134930128,114.3,105.1,114.25,118.325,101.675,103.975,62900.0,5646400.0,897.1,84.83,5947.839699088352,15.031508,257.0,22.0,129.0,105.1,114.25,118.325,254.875,16.87934,0.0,14887620.0,355.12600336415136,39.8564981078154,100.0,100.0,100.0,100.025,100.025,100.0,-0.6059061708535296,0.009420789431279886
09575,2018,60.93,Bayern,49.56906539462451,10.46427522856487,102.7,95.4,96.925,109.125,99.125,98.025,69000.0,5147400.0,746.1,60.93,5634.8612710965535,17.085215,259.40162601626014,17.297560975609755,122.63577235772358,95.4,96.925,109.125,124.32133,19.022226,8.0,17925328.0,356.623046133806,44.30047674715925,93.1,96.7,94.2,99.3,96.425,101.7,-0.7304047512512852,0.1322037659089117
09575,2019,79.16,Bayern,49.56906539462451,10.46427522856487,101.9,90.0,102.65,110.55,99.1,100.5,67600.0,5589600.0,826.4,79.16,6475.333970867214,15.457887,258.0,15.0,121.0,90.0,102.65,110.55,196.51865,17.764715,4.0,17118202.0,356.623046133806,44.30047674715925,102.7,95.4,96.925,99.125,98.025,109.125,0.2803147526809653,-0.019937881978185246
09575,2020,70.2,Bayern,49.56906539462451,10.46427522856487,100.0,100.0,100.0,100.0,100.025,100.025,63500.0,5308100.0,835.7,70.2,5334.091174663047,14.410643,269.0,8.0,105.0,100.0,100.0,100.0,178.36732,18.387758,9.0,16764618.0,356.623046133806,44.30047674715925,101.9,90.0,102.65,99.1,100.5,110.55,0.7041560007619978,0.13568829453807973
09575,2021,91.07,Bayern,49.56906539462451,10.46427522856487,114.3,105.1,114.25,118.325,101.675,103.975,62900.0,5646400.0,897.1,91.07,6385.356140468893,14.896484,257.0,22.0,129.0,105.1,114.25,118.325,260.46,16.80527,0.0,14917411.0,356.623046133806,44.30047674715925,100.0,100.0,100.0,100.025,100.025,100.0,-0.5217297977191606,-0.0072021572544775925
09577,2019,62.62,Bayern,49.03301667167045,10.894086971591689,101.9,90.0,102.65,110.55,99.1,100.5,67600.0,5589600.0,826.4,62.62,5122.352365534423,15.028263,258.0,15.0,121.0,90.0,102.65,110.55,227.57169,17.452595,4.0,16973658.0,490.3084003469995,45.34564951930825,102.7,95.4,96.925,99.125,98.025,109.125,0.3116908216542811,0.05986652219356525
09672,2018,47.37,Bayern,50.22265224479324,9.964385885150447,102.7,95.4,96.925,109.125,99.125,98.025,69000.0,5147400.0,746.1,47.37,4380.820259508349,16.517443,259.40162601626014,17.297560975609755,122.63577235772358,95.4,96.925,109.125,105.96187,18.3534,6.0,17864322.0,378.590599867644,54.50920750922612,93.1,96.7,94.2,99.3,96.425,101.7,-0.6837300612858712,0.08882649653944852
09672,2019,62.39,Bayern,50.22265224479324,9.964385885150447,101.9,90.0,102.65,110.55,99.1,100.5,67600.0,5589600.0,826.4,62.39,5103.538231965709,14.797771,258.0,15.0,121.0,90.0,102.65,110.55,195.48499,17.011547,4.0,16844570.0,378.590599867644,54.50920750922612,102.7,95.4,96.925,99.125,98.025,109.125,0.4232615153436541,-0.10198727418276621
09672,2020,63.11,Bayern,50.22265224479324,9.964385885150447,100.0,100.0,100.0,100.0,100.025,100.025,63500.0,5308100.0,835.7,63.11,4795.363162863033,13.811057,269.0,8.0,105.0,100.0,100.0,100.0,148.10999,17.512865,3.0,16429397.0,378.590599867644,54.50920750922612,101.9,90.0,102.65,99.1,100.5,110.55,0.7260023781706195,0.1497040470405191
09672,2021,85.98,Bayern,50.22265224479324,9.964385885150447,114.3,105.1,114.25,118.325,101.675,103.975,62900.0,5646400.0,897.1,85.98,6028.471735560727,14.315783,257.0,22.0,129.0,105.1,114.25,118.325,263.32877,16.133993,0.0,14745235.0,378.590599867644,54.50920750922612,100.0,100.0,100.0,100.025,100.025,100.0,-0.5247700236701007,0.02069453855567338
09673,2018,60.05,Bayern,50.37108566394834,10.256056486575,102.7,95.4,96.925,109.125,99.125,98.025,69000.0,5147400.0,746.1,60.05,5553.478078604104,16.239502,259.40162601626014,17.297560975609755,122.63577235772358,95.4,96.925,109.125,109.51999,18.117586,6.0,17778740.0,399.6528141776127,52.04001503592565,93.1,96.7,94.2,99.3,96.425,101.7,-0.7610141180098253,0.09301133565766362
09673,2019,60.44,Bayern,50.37108566394834,10.256056486575,101.9,90.0,102.65,110.55,99.1,100.5,67600.0,5589600.0,826.4,60.44,4944.027099535301,14.591577,258.0,15.0,121.0,90.0,102.65,110.55,181.01797,16.745329,4.0,16582606.0,399.6528141776127,52.04001503592565,102.7,95.4,96.925,99.125,98.025,109.125,0.45028350656798466,-0.10289150618113685
09673,2020,68.93,Bayern,50.37108566394834,10.256056486575,100.0,100.0,100.0,100.0,100.025,100.025,63500.0,5308100.0,835.7,68.93,5237.5912346086025,13.509719,269.0,8.0,105.0,100.0,100.0,100.0,154.95299,17.179464,4.0,16237405.0,399.6528141776127,52.04001503592565,101.9,90.0,102.65,99.1,100.5,110.55,0.7117916222989038,0.14405535559178673
09673,2021,75.48,Bayern,50.37108566394834,10.256056486575,114.3,105.1,114.25,118.325,101.675,103.975,62900.0,5646400.0,897.1,75.48,5292.266185160778,14.071573,257.0,22.0,129.0,105.1,114.25,118.325,272.89502,15.891577,0.0,14523994.0,399.6528141776127,52.04001503592565,100.0,100.0,100.0,100.025,100.025,100.0,-0.46944265383291395,0.03523470630063419
09674,2018,64.65,Bayern,50.062673197700846,10.607544121380135,102.7,95.4,96.925,109.125,99.125,98.025,69000.0,5147400.0,746.1,64.65,5978.890221178274,17.305925,259.40162601626014,17.297560975609755,122.63577235772358,95.4,96.925,109.125,108.99307,19.020227,9.0,17772630.0,328.89888500557123,46.22027646058158,93.1,96.7,94.2,99.3,96.425,101.7,-0.7179764210055737,0.12216961927919034
09674,2019,59.55,Bayern,50.062673197700846,10.607544121380135,101.9,90.0,102.65,110.55,99.1,100.5,67600.0,5589600.0,826.4,59.55,4871.224582682448,15.54055,258.0,15.0,121.0,90.0,102.65,110.55,173.96924,17.78041,5.0,16814860.0,328.89888500557123,46.22027646058158,102.7,95.4,96.925,99.125,98.025,109.125,0.36864209809965587,-0.09072244106213923
09674,2020,68.18,Bayern,50.062673197700846,10.607544121380135,100.0,100.0,100.0,100.0,100.025,100.025,63500.0,5308100.0,835.7,68.18,5180.603081033142,14.2776375,269.0,8.0,105.0,100.0,100.0,100.0,157.67076,18.153046,7.0,16463297.0,328.89888500557123,46.22027646058158,101.9,90.0,102.65,99.1,100.5,110.55,0.7104341121407174,0.12893587611085233
09674,2021,76.33,Bayern,50.062673197700846,10.607544121380135,114.3,105.1,114.25,118.325,101.675,103.975,62900.0,5646400.0,897.1,76.33,5351.863777336012,14.908967,257.0,22.0,129.0,105.1,114.25,118.325,247.43384,16.784351,0.0,14690943.0,328.89888500557123,46.22027646058158,100.0,100.0,100.0,100.025,100.025,100.0,-0.6038930413860157,0.006039987781255363
09675,2018,51.85,Bayern,49.75335230783329,10.256221512988429,102.7,95.4,96.925,109.125,99.125,98.025,69000.0,5147400.0,746.1,51.85,4795.134694015367,17.456318,259.40162601626014,17.297560975609755,122.63577235772358,95.4,96.925,109.125,108.045006,19.318771,10.0,18019446.0,278.4854999450129,45.36807458445826,93.1,96.7,94.2,99.3,96.425,101.7,-0.6752626939683637,0.1233070298871568
09675,2019,71.37,Bayern,49.75335230783329,10.256221512988429,101.9,90.0,102.65,110.55,99.1,100.5,67600.0,5589600.0,826.4,71.37,5838.107446952919,15.73397,258.0,15.0,121.0,90.0,102.65,110.55,189.31502,18.006655,5.0,17182632.0,278.4854999450129,45.36807458445826,102.7,95.4,96.925,99.125,98.025,109.125,0.29703932098431096,-0.08085094926211134
09675,2020,63.06,Bayern,49.75335230783329,10.256221512988429,100.0,100.0,100.0,100.0,100.025,100.025,63500.0,5308100.0,835.7,63.06,4791.563952624669,14.683851,269.0,8.0,105.0,100.0,100.0,100.0,157.85501,18.620672,9.0,16775950.0,278.4854999450129,45.36807458445826,101.9,90.0,102.65,99.1,100.5,110.55,0.7138098644093702,0.13722690132967674
09675,2021,84.8,Bayern,49.75335230783329,10.256221512988429,114.3,105.1,114.25,118.325,101.675,103.975,62900.0,5646400.0,897.1,84.8,5945.736254658636,15.294882,257.0,22.0,129.0,105.1,114.25,118.325,262.81,17.122866,0.0,14932134.0,278.4854999450129,45.36807458445826,100.0,100.0,100.0,100.025,100.025,100.0,-0.601729252803807,0.011888835158171851
09676,2018,71.2,Bayern,49.75706922102398,9.234046072546263,102.7,95.4,96.925,109.125,99.125,98.025,69000.0,5147400.0,746.1,71.2,6584.640119843667,17.016668,259.40162601626014,17.297560975609755,122.63577235772358,95.4,96.925,109.125,117.37399,19.286133,10.0,18000590.0,297.1266770863703,58.32921233383006,93.1,96.7,94.2,99.3,96.425,101.7,-0.6360289564452728,0.09110990423308718
09676,2019,80.81,Bayern,49.75706922102398,9.234046072546263,101.9,90.0,102.65,110.55,99.1,100.5,67600.0,5589600.0,826.4,80.81,6610.30492907756,15.28723,258.0,15.0,121.0,90.0,102.65,110.55,208.773,17.99365,4.0,17325214.0,297.1266770863703,58.32921233383006,102.7,95.4,96.925,99.125,98.025,109.125,0.3832808814199211,-0.06124170332404688
09676,2020,72.89,Bayern,49.75706922102398,9.234046072546263,100.0,100.0,100.0,100.0,100.025,100.025,63500.0,5308100.0,835.7,72.89,5538.48868548703,14.567392,269.0,8.0,105.0,100.0,100.0,100.0,151.128,18.638708,9.0,16737295.0,297.1266770863703,58.32921233383006,101.9,90.0,102.65,99.1,100.5,110.55,0.7201084410527301,0.18100869490182192
09677,2018,68.97,Bayern,49.99308397041691,9.662168510443934,102.7,95.4,96.925,109.125,99.125,98.025,69000.0,5147400.0,746.1,68.97,6378.407711595754,16.940361,259.40162601626014,17.297560975609755,122.63577235772358,95.4,96.925,109.125,102.86,18.887833,10.0,17965826.0,310.7730440507332,56.03867990623019,93.1,96.7,94.2,99.3,96.425,101.7,-0.5690903540178169,0.07188996072397824
09677,2019,69.66,Bayern,49.99308397041691,9.662168510443934,101.9,90.0,102.65,110.55,99.1,100.5,67600.0,5589600.0,826.4,69.66,5698.228453898562,15.134189,258.0,15.0,121.0,90.0,102.65,110.55,187.50117,17.539923,4.0,17125094.0,310.7730440507332,56.03867990623019,102.7,95.4,96.925,99.125,98.025,109.125,0.43390208720234114,-0.10009960352425273
09677,2020,76.56,Bayern,49.99308397041691,9.662168510443934,100.0,100.0,100.0,100.0,100.025,100.025,63500.0,5308100.0,835.7,76.56,5817.350716982947,14.313898,269.0,8.0,105.0,100.0,100.0,100.0,142.25471,18.183344,9.0,16630432.0,310.7730440507332,56.03867990623019,101.9,90.0,102.65,99.1,100.5,110.55,0.742094761386511,0.18440101750849935
09677,2021,87.75,Bayern,49.99308397041691,9.662168510443934,114.3,105.1,114.25,118.325,101.675,103.975,62900.0,5646400.0,897.1,87.75,6152.574956913862,14.722708,257.0,22.0,129.0,105.1,114.25,118.325,264.17706,16.624107,0.0,14881683.0,310.7730440507332,56.03867990623019,100.0,100.0,100.0,100.025,100.025,100.0,-0.4636203955406586,-0.027825945301033772
09678,2018,59.12,Bayern,50.01653945670799,10.26046037966576,102.7,95.4,96.925,109.125,99.125,98.025,69000.0,5147400.0,746.1,59.12,5467.470841083674,17.31755,259.40162601626014,17.297560975609755,122.63577235772358,95.4,96.925,109.125,106.32819,19.13189,9.0,17933828.0,289.2862406787357,46.60291763957963,93.1,96.7,94.2,99.3,96.425,101.7,-0.6838380876091605,0.11111920731567548
09678,2019,57.44,Bayern,50.01653945670799,10.26046037966576,101.9,90.0,102.65,110.55,99.1,100.5,67600.0,5589600.0,826.4,57.44,4698.625357334674,15.596123,258.0,15.0,121.0,90.0,102.65,110.55,189.10547,17.847082,4.0,17025808.0,289.2862406787357,46.60291763957963,102.7,95.4,96.925,99.125,98.025,109.125,0.3755409023706875,-0.11511273416412038
09678,2020,61.54,Bayern,50.01653945670799,10.26046037966576,100.0,100.0,100.0,100.0,100.025,100.025,63500.0,5308100.0,835.7,61.54,4676.067961378404,14.512751,269.0,8.0,105.0,100.0,100.0,100.0,153.75818,18.365898,9.0,16631809.0,289.2862406787357,46.60291763957963,101.9,90.0,102.65,99.1,100.5,110.55,0.6875087740704657,0.13631103331810723
09678,2021,81.18,Bayern,50.01653945670799,10.26046037966576,114.3,105.1,114.25,118.325,101.675,103.975,62900.0,5646400.0,897.1,81.18,5691.9206268064645,15.109714,257.0,22.0,129.0,105.1,114.25,118.325,255.09818,16.948511,0.0,14874017.0,289.2862406787357,46.60291763957963,100.0,100.0,100.0,100.025,100.025,100.0,-0.5805003025972724,0.033122446178698084
09679,2018,60.18,Bayern,49.7377143352091,9.927571251938806,102.7,95.4,96.925,109.125,99.125,98.025,69000.0,5147400.0,746.1,60.18,5565.500595676852,17.302448,259.40162601626014,17.297560975609755,122.63577235772358,95.4,96.925,109.125,102.341995,19.280684,10.0,18001890.0,295.3339376478746,49.79183859996042,93.1,96.7,94.2,99.3,96.425,101.7,-0.6164366562391024,0.11480240952332221
09679,2019,79.29,Bayern,49.7377143352091,9.927571251938806,101.9,90.0,102.65,110.55,99.1,100.5,67600.0,5589600.0,826.4,79.29,6485.968046362576,15.54829,258.0,15.0,121.0,90.0,102.65,110.55,179.426,17.932316,5.0,17267840.0,295.3339376478746,49.79183859996042,102.7,95.4,96.925,99.125,98.025,109.125,0.32884344563956347,-0.0922599435081497
09679,2020,72.46,Bayern,49.7377143352091,9.927571251938806,100.0,100.0,100.0,100.0,100.025,100.025,63500.0,5308100.0,835.7,72.46,5505.8154774371,14.629477,269.0,8.0,105.0,100.0,100.0,100.0,149.505,18.59097,9.0,16801342.0,295.3339376478746,49.79183859996042,101.9,90.0,102.65,99.1,100.5,110.55,0.7256603013842664,0.16159436624463774
09679,2021,89.47,Bayern,49.7377143352091,9.927571251938806,114.3,105.1,114.25,118.325,101.675,103.975,62900.0,5646400.0,897.1,89.47,6273.172437550806,15.146135,257.0,22.0,129.0,105.1,114.25,118.325,258.324,17.059631,0.0,14955354.0,295.3339376478746,49.79183859996042,100.0,100.0,100.0,100.025,100.025,100.0,-0.5441819098178371,-0.005112752208132121
09771,2018,95.42,Bayern,48.42685207542088,11.053114979811197,102.7,95.4,96.925,109.125,99.125,98.025,69000.0,5147400.0,746.1,95.42,8824.527531397229,16.885103,259.40162601626014,17.297560975609755,122.63577235772358,95.4,96.925,109.125,201.52599,18.797863,8.0,17628798.0,488.8423700832919,41.31451596523443,93.1,96.7,94.2,99.3,96.425,101.7,-0.5713281796595311,0.14351791381609624
09771,2019,94.89,Bayern,48.42685207542088,11.053114979811197,101.9,90.0,102.65,110.55,99.1,100.5,67600.0,5589600.0,826.4,94.89,7762.057105805836,15.127306,258.0,15.0,121.0,90.0,102.65,110.55,311.15305,17.631641,5.0,16858454.0,488.8423700832919,41.31451596523443,102.7,95.4,96.925,99.125,98.025,109.125,0.1900149818357022,0.10478155029015435
09771,2020,99.54,Bayern,48.42685207542088,11.053114979811197,100.0,100.0,100.0,100.0,100.025,100.025,63500.0,5308100.0,835.7,99.54,7563.467742535039,14.034641,269.0,8.0,105.0,100.0,100.0,100.0,271.557,17.713818,4.0,16744707.0,488.8423700832919,41.31451596523443,101.9,90.0,102.65,99.1,100.5,110.55,0.7198486107168378,0.08823968276743788
09771,2021,89.75,Bayern,48.42685207542088,11.053114979811197,114.3,105.1,114.25,118.325,101.675,103.975,62900.0,5646400.0,897.1,89.75,6292.804585561471,14.648521,257.0,22.0,129.0,105.1,114.25,118.325,350.76596,16.743254,0.0,15619923.0,488.8423700832919,41.31451596523443,100.0,100.0,100.0,100.025,100.025,100.0,-0.4970575727300002,0.031958173411225754
09772,2018,81.73,Bayern,48.35427734380573,10.731555676764806,102.7,95.4,96.925,109.125,99.125,98.025,69000.0,5147400.0,746.1,81.73,7558.464002736277,16.494505,259.40162601626014,17.297560975609755,122.63577235772358,95.4,96.925,109.125,210.08911,18.523949,7.0,17684892.0,510.956197286752,43.52074393646736,93.1,96.7,94.2,99.3,96.425,101.7,-0.5911800405888812,0.1690634687995285
09772,2019,94.1,Bayern,48.35427734380573,10.731555676764806,101.9,90.0,102.65,110.55,99.1,100.5,67600.0,5589600.0,826.4,94.1,7697.434647026337,14.693773,258.0,15.0,121.0,90.0,102.65,110.55,308.65457,17.316177,3.0,16977454.0,510.956197286752,43.52074393646736,102.7,95.4,96.925,99.125,98.025,109.125,0.1971120714968606,0.09563593272057913
09772,2020,94.69,Bayern,48.35427734380573,10.731555676764806,100.0,100.0,100.0,100.0,100.025,100.025,63500.0,5308100.0,835.7,94.69,7194.944349413731,13.785262,269.0,8.0,105.0,100.0,100.0,100.0,299.23,17.436054,3.0,16920642.0,510.956197286752,43.52074393646736,101.9,90.0,102.65,99.1,100.5,110.55,0.692571929453834,0.10403907558854542
09772,2021,81.81,Bayern,48.35427734380573,10.731555676764806,114.3,105.1,114.25,118.325,101.675,103.975,62900.0,5646400.0,897.1,81.81,5736.092959830461,14.264572,257.0,22.0,129.0,105.1,114.25,118.325,364.17093,16.432262,0.0,15749409.0,510.956197286752,43.52074393646736,100.0,100.0,100.0,100.025,100.025,100.0,-0.5057894873800706,0.04406658923045237
09773,2018,74.76,Bayern,48.59677823881638,10.526030773973725,102.7,95.4,96.925,109.125,99.125,98.025,69000.0,5147400.0,746.1,74.76,6913.872125835851,16.809721,259.40162601626014,17.297560975609755,122.63577235772358,95.4,96.925,109.125,180.12727,18.683287,8.0,17662966.0,454.5975139106636,41.17990861550313,93.1,96.7,94.2,99.3,96.425,101.7,-0.5103368027685065,0.15755436658125643
09773,2019,92.39,Bayern,48.59677823881638,10.526030773973725,101.9,90.0,102.65,110.55,99.1,100.5,67600.0,5589600.0,826.4,92.39,7557.55565397198,15.07296,258.0,15.0,121.0,90.0,102.65,110.55,249.75998,17.648632,5.0,17119054.0,454.5975139106636,41.17990861550313,102.7,95.4,96.925,99.125,98.025,109.125,0.24622483554435348,0.05500583246982038
09773,2020,97.29,Bayern,48.59677823881638,10.526030773973725,100.0,100.0,100.0,100.0,100.025,100.025,63500.0,5308100.0,835.7,97.29,7392.503281808659,14.134921,269.0,8.0,105.0,100.0,100.0,100.0,249.62816,17.695807,3.0,16905120.0,454.5975139106636,41.17990861550313,101.9,90.0,102.65,99.1,100.5,110.55,0.6567021852411017,0.1429423159556602
09773,2021,85.71,Bayern,48.59677823881638,10.526030773973725,114.3,105.1,114.25,118.325,101.675,103.975,62900.0,5646400.0,897.1,85.71,6009.540735693299,14.54537,257.0,22.0,129.0,105.1,114.25,118.325,309.94543,16.585121,0.0,15662351.0,454.5975139106636,41.17990861550313,100.0,100.0,100.0,100.025,100.025,100.0,-0.45926051047439387,0.04940050277631958
09774,2018,87.47,Bayern,48.35293608868281,10.380273434412826,102.7,95.4,96.925,109.125,99.125,98.025,69000.0,5147400.0,746.1,87.47,8089.304371948392,16.442286,259.40162601626014,17.297560975609755,122.63577235772358,95.4,96.925,109.125,192.351,18.565311,8.0,17759696.0,506.25228386240246,43.53821514599303,93.1,96.7,94.2,99.3,96.425,101.7,-0.6101064864733985,0.19983425349586637
09774,2019,98.16,Bayern,48.35293608868281,10.380273434412826,101.9,90.0,102.65,110.55,99.1,100.5,67600.0,5589600.0,826.4,98.16,8029.545004804519,14.643275,258.0,15.0,121.0,90.0,102.65,110.55,271.69598,17.344841,4.0,17185510.0,506.25228386240246,43.53821514599303,102.7,95.4,96.925,99.125,98.025,109.125,0.2296238306352052,0.08073570929610097
09774,2020,97.96,Bayern,48.35293608868281,10.380273434412826,100.0,100.0,100.0,100.0,100.025,100.025,63500.0,5308100.0,835.7,97.96,7443.412699002736,13.838123,269.0,8.0,105.0,100.0,100.0,100.0,279.82104,17.435131,3.0,17095142.0,506.25228386240246,43.53821514599303,101.9,90.0,102.65,99.1,100.5,110.55,0.6632606082255847,0.10892837004491196
09774,2021,88.63,Bayern,48.35293608868281,10.380273434412826,114.3,105.1,114.25,118.325,101.675,103.975,62900.0,5646400.0,897.1,88.63,6214.275993518809,14.14628,257.0,22.0,129.0,105.1,114.25,118.325,342.661,16.31947,0.0,15865823.0,506.25228386240246,43.53821514599303,100.0,100.0,100.0,100.025,100.025,100.0,-0.49723904901441074,0.05925681839134245
09775,2018,78.02,Bayern,48.29776745040027,10.141148053447118,102.7,95.4,96.925,109.125,99.125,98.025,69000.0,5147400.0,746.1,78.02,7215.359861660152,16.215517,259.40162601626014,17.297560975609755,122.63577235772358,95.4,96.925,109.125,196.452,18.430872,7.0,17747012.0,515.0072983744109,43.576099256786335,93.1,96.7,94.2,99.3,96.425,101.7,-0.6125417914052491,0.21118904338907707
09775,2019,78.5,Bayern,48.29776745040027,10.141148053447118,101.9,90.0,102.65,110.55,99.1,100.5,67600.0,5589600.0,826.4,78.5,6421.345587583077,14.496372,258.0,15.0,121.0,90.0,102.65,110.55,276.46,17.187336,3.0,17211524.0,515.0072983744109,43.576099256786335,102.7,95.4,96.925,99.125,98.025,109.125,0.21050108154446434,0.04449128160413807
09775,2020,83.52,Bayern,48.29776745040027,10.141148053447118,100.0,100.0,100.0,100.0,100.025,100.025,63500.0,5308100.0,835.7,83.52,6346.200782163215,13.762695,269.0,8.0,105.0,100.0,100.0,100.0,292.88998,17.370634,3.0,17135284.0,515.0072983744109,43.576099256786335,101.9,90.0,102.65,99.1,100.5,110.55,0.6506437442200195,0.1127541245764363
09775,2021,74.05,Bayern,48.29776745040027,10.141148053447118,114.3,105.1,114.25,118.325,101.675,103.975,62900.0,5646400.0,897.1,74.05,5192.002000677737,14.004343,257.0,22.0,129.0,105.1,114.25,118.325,346.342,16.208212,0.0,15861468.0,515.0072983744109,43.576099256786335,100.0,100.0,100.0,100.025,100.025,100.0,-0.4880859226219627,0.07298829214741187
09779,2018,89.56,Bayern,48.80645666495465,10.71368871715326,102.7,95.4,96.925,109.125,99.125,98.025,69000.0,5147400.0,746.1,89.56,8282.58945411796,16.632286,259.40162601626014,17.297560975609755,122.63577235772358,95.4,96.925,109.125,159.02533,18.393208,5.0,17821440.0,460.92054801805193,42.67593741906976,93.1,96.7,94.2,99.3,96.425,101.7,-0.5653961898568127,0.13204300929548696
09779,2019,94.07,Bayern,48.80645666495465,10.71368871715326,101.9,90.0,102.65,110.55,99.1,100.5,67600.0,5589600.0,826.4,94.07,7694.980629604331,15.016155,258.0,15.0,121.0,90.0,102.65,110.55,238.54533,17.455559,4.0,17165898.0,460.92054801805193,42.67593741906976,102.7,95.4,96.925,99.125,98.025,109.125,0.26269909085505105,0.04849787327906485
09779,2020,91.56,Bayern,48.80645666495465,10.71368871715326,100.0,100.0,100.0,100.0,100.025,100.025,63500.0,5308100.0,835.7,91.56,6957.113788492145,13.945675,269.0,8.0,105.0,100.0,100.0,100.0,229.26668,17.56348,3.0,16859630.0,460.92054801805193,42.67593741906976,101.9,90.0,102.65,99.1,100.5,110.55,0.7040125244774913,0.10858260202342906
09779,2021,83.52,Bayern,48.80645666495465,10.71368871715326,114.3,105.1,114.25,118.325,101.675,103.975,62900.0,5646400.0,897.1,83.52,5855.989292324167,14.394966,257.0,22.0,129.0,105.1,114.25,118.325,279.43396,16.375677,0.0,15465785.0,460.92054801805193,42.67593741906976,100.0,100.0,100.0,100.025,100.025,100.0,-0.44579596962205414,0.02746171155587329
12062,2018,69.87,Brandenburg,51.61213400673164,13.460154622711796,102.7,95.4,96.925,109.125,99.125,98.025,7500.0,383500.0,510.9,69.87,1025.689956888452,18.22074,259.40162601626014,17.297560975609755,122.63577235772358,95.4,96.925,109.125,103.10773,20.06206,18.0,17038026.0,102.26153647522072,36.17198747447048,93.1,96.7,94.2,99.3,96.425,101.7,-0.7830759747435536,0.03575546613505254
12062,2019,67.12,Brandenburg,51.61213400673164,13.460154622711796,101.9,90.0,102.65,110.55,99.1,100.5,7500.0,457000.0,611.5,67.12,823.2215849170539,17.105742,258.0,15.0,121.0,90.0,102.65,110.55,154.39865,18.789448,8.0,15910353.0,102.26153647522072,36.17198747447048,102.7,95.4,96.925,99.125,98.025,109.125,0.5002821729636366,0.03219574750315868
12063,2018,43.18,Brandenburg,52.62102846020504,12.629347677023793,102.7,95.4,96.925,109.125,99.125,98.025,7500.0,383500.0,510.9,43.18,633.8813845490675,18.004574,259.40162601626014,17.297560975609755,122.63577235772358,95.4,96.925,109.125,81.40652,19.623201,14.0,17105138.0,34.27972390292592,35.81629520224732,93.1,96.7,94.2,99.3,96.425,101.7,-0.8529856715215374,0.11289995477162473
12063,2019,61.82,Brandenburg,52.62102846020504,12.629347677023793,101.9,90.0,102.65,110.55,99.1,100.5,7500.0,457000.0,611.5,61.82,758.2174967159158,17.183043,258.0,15.0,121.0,90.0,102.65,110.55,175.49434,18.464497,8.0,15230685.0,34.27972390292592,35.81629520224732,102.7,95.4,96.925,99.125,98.025,109.125,0.605100232962684,-0.20719982195320374
12063,2020,78.13,Brandenburg,52.62102846020504,12.629347677023793,100.0,100.0,100.0,100.0,100.025,100.025,6700.0,425700.0,635.7,78.13,823.4560314244831,15.592851,269.0,8.0,105.0,100.0,100.0,100.0,180.84521,18.425081,5.0,15142778.0,34.27972390292592,35.81629520224732,101.9,90.0,102.65,99.1,100.5,110.55,1.0347875314394628,0.10666627236152904
12063,2021,68.86,Brandenburg,52.62102846020504,12.629347677023793,114.3,105.1,114.25,118.325,101.675,103.975,6800.0,464300.0,686.0,68.86,682.5772584802081,16.235563,257.0,22.0,129.0,105.1,114.25,118.325,220.58653,17.873669,0.0,13804186.0,34.27972390292592,35.81629520224732,100.0,100.0,100.0,100.025,100.025,100.0,-0.34381891091493344,-0.07507684591281216
12064,2018,61.8,Brandenburg,52.60606385012312,14.146183149312156,102.7,95.4,96.925,109.125,99.125,98.025,7500.0,383500.0,510.9,61.8,907.2225466681884,17.789196,259.40162601626014,17.297560975609755,122.63577235772358,95.4,96.925,109.125,132.03188,19.274399,11.0,16743385.0,47.27500580551489,36.64059745746665,93.1,96.7,94.2,99.3,96.425,101.7,-0.8448859070101093,0.1105961862961613
12064,2019,56.83,Brandenburg,52.60606385012312,14.146183149312156,101.9,90.0,102.65,110.55,99.1,100.5,7500.0,457000.0,611.5,56.83,697.0155344284292,17.15078,258.0,15.0,121.0,90.0,102.65,110.55,177.69283,18.484636,8.0,15302735.0,47.27500580551489,36.64059745746665,102.7,95.4,96.925,99.125,98.025,109.125,0.49397754490883017,-0.142880363464569
12064,2020,42.86,Brandenburg,52.60606385012312,14.146183149312156,100.0,100.0,100.0,100.0,100.025,100.025,6700.0,425700.0,635.7,42.86,451.7256560457359,15.325794,269.0,8.0,105.0,100.0,100.0,100.0,181.88031,18.54989,7.0,15312525.0,47.27500580551489,36.64059745746665,101.9,90.0,102.65,99.1,100.5,110.55,1.173232201646556,0.0851669279535201
12069,2019,50.02,Brandenburg,52.24625087114614,12.688837287510198,101.9,90.0,102.65,110.55,99.1,100.5,7500.0,457000.0,611.5,50.02,613.491413551118,17.400976,258.0,15.0,121.0,90.0,102.65,110.55,171.66513,18.677217,9.0,15483382.0,70.97111090237965,39.06239026621852,102.7,95.4,96.925,99.125,98.025,109.125,0.6006188986639813,-0.17424498021253065
12070,2018,51.99,Brandenburg,53.10897281858706,11.961054252308832,102.7,95.4,96.925,109.125,99.125,98.025,7500.0,383500.0,510.9,51.99,763.211977366976,17.45409,259.40162601626014,17.297560975609755,122.63577235772358,95.4,96.925,109.125,82.20313,18.965809,10.0,16830494.0,52.93772890964092,36.17088665928267,93.1,96.7,94.2,99.3,96.425,101.7,-0.8821073002568482,0.13737956716485455
12070,2019,73.23,Brandenburg,53.10897281858706,11.961054252308832,101.9,90.0,102.65,110.55,99.1,100.5,7500.0,457000.0,611.5,73.23,898.1602601828941,16.188927,258.0,15.0,121.0,90.0,102.65,110.55,189.20686,17.68402,4.0,14627882.0,52.93772890964092,36.17088665928267,102.7,95.4,96.925,99.125,98.025,109.125,0.6086674024177796,-0.24340638258616265
12070,2020,74.04,Brandenburg,53.10897281858706,11.961054252308832,100.0,100.0,100.0,100.0,100.025,100.025,6700.0,425700.0,635.7,74.04,780.3492201032732,14.909092,269.0,8.0,105.0,100.0,100.0,100.0,179.7503,17.67404,3.0,14797101.0,52.93772890964092,36.17088665928267,101.9,90.0,102.65,99.1,100.5,110.55,0.9634944197737809,0.16390751565428152
12070,2021,81.77,Brandenburg,53.10897281858706,11.961054252308832,114.3,105.1,114.25,118.325,101.675,103.975,6800.0,464300.0,686.0,81.77,810.5481037747111,15.581775,257.0,22.0,129.0,105.1,114.25,118.325,200.0922,17.509872,0.0,13674670.0,52.93772890964092,36.17088665928267,100.0,100.0,100.0,100.025,100.025,100.0,-0.17793690658430705,-0.07970772729606723
12073,2018,47.88,Brandenburg,53.205197016087205,13.86176760372855,102.7,95.4,96.925,109.125,99.125,98.025,7500.0,383500.0,510.9,47.88,702.8772740205966,17.076077,259.40162601626014,17.297560975609755,122.63577235772358,95.4,96.925,109.125,119.862686,18.790222,5.0,16630652.0,54.7569700705869,35.820799452742165,93.1,96.7,94.2,99.3,96.425,101.7,-0.8580107429889949,0.182281830891609
12073,2019,65.31,Brandenburg,53.205197016087205,13.86176760372855,101.9,90.0,102.65,110.55,99.1,100.5,7500.0,457000.0,611.5,65.31,801.0220755502502,16.306229,258.0,15.0,121.0,90.0,102.65,110.55,187.30707,17.91132,3.0,14996964.0,54.7569700705869,35.820799452742165,102.7,95.4,96.925,99.125,98.025,109.125,0.5737349695350531,-0.12744128291017653
12073,2020,67.05,Brandenburg,53.205197016087205,13.86176760372855,100.0,100.0,100.0,100.0,100.025,100.025,6700.0,425700.0,635.7,67.05,706.6776770384179,14.5582075,269.0,8.0,105.0,100.0,100.0,100.0,191.17,17.661335,4.0,15104993.0,54.7569700705869,35.820799452742165,101.9,90.0,102.65,99.1,100.5,110.55,1.1986737282368836,0.061411997779322824
12073,2021,70.94,Brandenburg,53.205197016087205,13.86176760372855,114.3,105.1,114.25,118.325,101.675,103.975,6800.0,464300.0,686.0,70.94,703.1953342519018,15.441096,257.0,22.0,129.0,105.1,114.25,118.325,254.83951,17.589417,0.0,13920391.0,54.7569700705869,35.820799452742165,100.0,100.0,100.0,100.025,100.025,100.0,-0.25036494007287047,-0.07981315622525909
13071,2018,56.56,Mecklenburg-Vorpommern,53.54228627244086,13.001881271775604,102.7,95.4,96.925,109.125,99.125,98.025,24900.0,1517500.0,609.3,56.56,2311.413093202999,16.716934,259.40162601626014,17.297560975609755,122.63577235772358,95.4,96.925,109.125,92.75636,18.622282,6.0,16567289.0,62.05753027410464,38.64812536384011,93.1,96.7,94.2,99.3,96.425,101.7,-0.9353489820834398,0.22153868145752154
13071,2019,67.96,Mecklenburg-Vorpommern,53.54228627244086,13.001881271775604,101.9,90.0,102.65,110.55,99.1,100.5,27500.0,2020800.0,735.8,67.96,2539.9565064692083,15.676661,258.0,15.0,121.0,90.0,102.65,110.55,190.87985,17.44167,3.0,14778440.0,62.05753027410464,38.64812536384011,102.7,95.4,96.925,99.125,98.025,109.125,0.6305821039570105,-0.1549830049800056
13071,2020,73.35,Mecklenburg-Vorpommern,53.54228627244086,13.001881271775604,100.0,100.0,100.0,100.0,100.025,100.025,30200.0,2300900.0,762.7,73.35,2904.3791754236536,14.205484,269.0,8.0,105.0,100.0,100.0,100.0,194.34743,17.27036,2.0,14941039.0,62.05753027410464,38.64812536384011,101.9,90.0,102.65,99.1,100.5,110.55,1.1220625138515743,0.1361833143663269
13071,2021,70.82,Mecklenburg-Vorpommern,53.54228627244086,13.001881271775604,114.3,105.1,114.25,118.325,101.675,103.975,31700.0,2318900.0,730.9,70.82,3071.547403103643,15.062933,257.0,22.0,129.0,105.1,114.25,118.325,226.50703,17.457794,0.0,13927505.0,62.05753027410464,38.64812536384011,100.0,100.0,100.0,100.025,100.025,100.0,-0.16793157063978015,-0.05492078963394276
13072,2018,68.44,Mecklenburg-Vorpommern,53.91159933187648,12.221492307562391,102.7,95.4,96.925,109.125,99.125,98.025,24900.0,1517500.0,609.3,68.44,2796.9079225391306,16.43433,259.40162601626014,17.297560975609755,122.63577235772358,95.4,96.925,109.125,101.83306,18.349758,5.0,16622244.0,36.06949016828116,38.63362555388887,93.1,96.7,94.2,99.3,96.425,101.7,-0.9960342627830983,0.2629588828835141
13072,2019,77.78,Mecklenburg-Vorpommern,53.91159933187648,12.221492307562391,101.9,90.0,102.65,110.55,99.1,100.5,27500.0,2020800.0,735.8,77.78,2906.9719993109925,14.985216,258.0,15.0,121.0,90.0,102.65,110.55,198.47816,17.107586,0.0,14886357.0,36.06949016828116,38.63362555388887,102.7,95.4,96.925,99.125,98.025,109.125,0.6383954403786447,-0.12819268124356387
13072,2020,80.78,Mecklenburg-Vorpommern,53.91159933187648,12.221492307562391,100.0,100.0,100.0,100.0,100.025,100.025,30200.0,2300900.0,762.7,80.78,3198.5787292532077,13.968549,269.0,8.0,105.0,100.0,100.0,100.0,178.75163,16.999552,0.0,15250381.0,36.06949016828116,38.63362555388887,101.9,90.0,102.65,99.1,100.5,110.55,1.0213756804255922,0.17809922455141858
13072,2021,74.57,Mecklenburg-Vorpommern,53.91159933187648,12.221492307562391,114.3,105.1,114.25,118.325,101.675,103.975,31700.0,2318900.0,730.9,74.57,3234.1893511640587,14.633945,257.0,22.0,129.0,105.1,114.25,118.325,205.0206,17.290936,0.0,14243210.0,36.06949016828116,38.63362555388887,100.0,100.0,100.0,100.025,100.025,100.0,-0.16309303326028157,-0.01903496355474721
13073,2018,69.9,Mecklenburg-Vorpommern,54.28261578497026,12.990158604012771,102.7,95.4,96.925,109.125,99.125,98.025,24900.0,1517500.0,609.3,69.9,2856.573112002999,15.889843,259.40162601626014,17.297560975609755,122.63577235772358,95.4,96.925,109.125,103.707085,18.493977,3.0,16542492.0,14.737300532102989,43.14493181361785,93.1,96.7,94.2,99.3,96.425,101.7,-0.8948097327474329,0.2748267087833285
13073,2019,81.19,Mecklenburg-Vorpommern,54.28261578497026,12.990158604012771,101.9,90.0,102.65,110.55,99.1,100.5,27500.0,2020800.0,735.8,81.19,3034.418316071734,14.683704,258.0,15.0,121.0,90.0,102.65,110.55,205.66513,17.181618,0.0,15079917.0,14.737300532102989,43.14493181361785,102.7,95.4,96.925,99.125,98.025,109.125,0.6323890294891612,-0.08811568054554686
13073,2020,82.62,Mecklenburg-Vorpommern,54.28261578497026,12.990158604012771,100.0,100.0,100.0,100.0,100.025,100.025,30200.0,2300900.0,762.7,82.62,3271.435684710324,13.72381,269.0,8.0,105.0,100.0,100.0,100.0,215.22878,17.0333,0.0,15220959.0,14.737300532102989,43.14493181361785,101.9,90.0,102.65,99.1,100.5,110.55,1.0318777646617718,0.182239986368129
13073,2021,90.37,Mecklenburg-Vorpommern,54.28261578497026,12.990158604012771,114.3,105.1,114.25,118.325,101.675,103.975,31700.0,2318900.0,730.9,90.37,3919.454092325279,14.44543,257.0,22.0,129.0,105.1,114.25,118.325,234.46683,17.39337,0.0,14339462.0,14.737300532102989,43.14493181361785,100.0,100.0,100.0,100.025,100.025,100.0,-0.10286891643028184,-0.05240891137509285
13074,2018,56.48,Mecklenburg-Vorpommern,53.82142322835749,11.252258693010862,102.7,95.4,96.925,109.125,99.125,98.025,24900.0,1517500.0,609.3,56.48,2308.1437677529234,16.401112,259.40162601626014,17.297560975609755,122.63577235772358,95.4,96.925,109.125,107.66999,18.249323,6.0,16638829.0,41.47393948165326,43.10618084867727,93.1,96.7,94.2,99.3,96.425,101.7,-1.0459720400016863,0.16585498929892561
13074,2019,78.22,Mecklenburg-Vorpommern,53.82142322835749,11.252258693010862,101.9,90.0,102.65,110.55,99.1,100.5,27500.0,2020800.0,735.8,78.22,2923.4166853446363,14.845948,258.0,15.0,121.0,90.0,102.65,110.55,195.16765,17.054314,1.0,14682791.0,41.47393948165326,43.10618084867727,102.7,95.4,96.925,99.125,98.025,109.125,0.6654182238788167,-0.1861374394558012
13074,2020,79.01,Mecklenburg-Vorpommern,53.82142322835749,11.252258693010862,100.0,100.0,100.0,100.0,100.025,100.025,30200.0,2300900.0,762.7,79.01,3128.493505797176,14.094618,269.0,8.0,105.0,100.0,100.0,100.0,167.73235,17.045868,0.0,15184429.0,41.47393948165326,43.10618084867727,101.9,90.0,102.65,99.1,100.5,110.55,0.9981568450182294,0.22868397091276105
13074,2021,63.41,Mecklenburg-Vorpommern,53.82142322835749,11.252258693010862,114.3,105.1,114.25,118.325,101.675,103.975,31700.0,2318900.0,730.9,63.41,2750.1669137362605,14.499795,257.0,22.0,129.0,105.1,114.25,118.325,208.08102,17.120214,0.0,14068138.0,41.47393948165326,43.10618084867727,100.0,100.0,100.0,100.025,100.025,100.0,-0.19047149688236686,-0.011709803073761238
13075,2018,57.17,Mecklenburg-Vorpommern,53.78743387094112,13.781468598866136,102.7,95.4,96.925,109.125,99.125,98.025,24900.0,1517500.0,609.3,57.17,2336.3416997598206,16.718288,259.40162601626014,17.297560975609755,122.63577235772358,95.4,96.925,109.125,114.63788,18.832716,4.0,16468246.0,17.711266955122902,41.0799393666064,93.1,96.7,94.2,99.3,96.425,101.7,-0.9172250035681486,0.2348721386461583
13075,2019,70.15,Mecklenburg-Vorpommern,53.78743387094112,13.781468598866136,101.9,90.0,102.65,110.55,99.1,100.5,27500.0,2020800.0,735.8,70.15,2621.806193773028,15.7851925,258.0,15.0,121.0,90.0,102.65,110.55,185.56442,17.673056,3.0,14967939.0,17.711266955122902,41.0799393666064,102.7,95.4,96.925,99.125,98.025,109.125,0.6330130788243196,-0.09651799485901569
13075,2020,70.87,Mecklenburg-Vorpommern,53.78743387094112,13.781468598866136,100.0,100.0,100.0,100.0,100.025,100.025,30200.0,2300900.0,762.7,70.87,2806.1806702423223,14.21489,269.0,8.0,105.0,100.0,100.0,100.0,210.596,17.424284,2.0,15022696.0,17.711266955122902,41.0799393666064,101.9,90.0,102.65,99.1,100.5,110.55,1.1651805824915868,0.10074451388614847
13075,2021,71.76,Mecklenburg-Vorpommern,53.78743387094112,13.781468598866136,114.3,105.1,114.25,118.325,101.675,103.975,31700.0,2318900.0,730.9,71.76,3112.3163180841207,15.254386,257.0,22.0,129.0,105.1,114.25,118.325,259.16498,17.651054,0.0,14029327.0,17.711266955122902,41.0799393666064,100.0,100.0,100.0,100.025,100.025,100.0,-0.15987182507404896,-0.021647358533211536
13076,2018,61.26,Mecklenburg-Vorpommern,53.449580918931375,11.53290372846914,102.7,95.4,96.925,109.125,99.125,98.025,24900.0,1517500.0,609.3,61.26,2503.4859633949027,17.013393,259.40162601626014,17.297560975609755,122.63577235772358,95.4,96.925,109.125,93.37452,18.543846,9.0,16589055.0,44.7086480808374,41.34521384306508,93.1,96.7,94.2,99.3,96.425,101.7,-0.9325664261703537,0.140940809064787
13076,2019,70.64,Mecklenburg-Vorpommern,53.449580918931375,11.53290372846914,101.9,90.0,102.65,110.55,99.1,100.5,27500.0,2020800.0,735.8,70.64,2640.1195941286774,15.539743,258.0,15.0,121.0,90.0,102.65,110.55,194.36613,17.269714,2.0,14485286.0,44.7086480808374,41.34521384306508,102.7,95.4,96.925,99.125,98.025,109.125,0.632234731530275,-0.2404083908821859
13076,2020,77.22,Mecklenburg-Vorpommern,53.449580918931375,11.53290372846914,100.0,100.0,100.0,100.0,100.025,100.025,30200.0,2300900.0,762.7,77.22,3057.6163589122634,14.540702,269.0,8.0,105.0,100.0,100.0,100.0,170.61293,17.278173,2.0,14841263.0,44.7086480808374,41.34521384306508,101.9,90.0,102.65,99.1,100.5,110.55,0.9356203905413167,0.23466664459299724
13076,2021,50.36,Mecklenburg-Vorpommern,53.449580918931375,11.53290372846914,114.3,105.1,114.25,118.325,101.675,103.975,31700.0,2318900.0,730.9,50.36,2184.1729344860137,15.117252,257.0,22.0,129.0,105.1,114.25,118.325,195.89081,17.310667,0.0,13730874.0,44.7086480808374,41.34521384306508,100.0,100.0,100.0,100.025,100.025,100.0,-0.23024508221413953,-0.047991677308075076
14522,2018,69.54,Sachsen,50.95549783146883,13.138291961320002,102.7,95.4,96.925,109.125,99.125,98.025,16100.0,858500.0,534.5,69.54,2094.6566845750112,16.497286,259.40162601626014,17.297560975609755,122.63577235772358,95.4,96.925,109.125,98.079994,18.75052,8.0,17129464.0,354.76248611154307,54.89524089500766,93.1,96.7,94.2,99.3,96.425,101.7,-0.8026062199265311,0.032167906942416336
14522,2019,81.15,Sachsen,50.95549783146883,13.138291961320002,101.9,90.0,102.65,110.55,99.1,100.5,16200.0,1059900.0,655.3,81.15,2006.1498519668096,15.548095,258.0,15.0,121.0,90.0,102.65,110.55,197.91612,17.40299,2.0,16153658.0,354.76248611154307,54.89524089500766,102.7,95.4,96.925,99.125,98.025,109.125,0.3801005006170044,0.16033444878754088
14522,2020,78.58,Sachsen,50.95549783146883,13.138291961320002,100.0,100.0,100.0,100.0,100.025,100.025,14200.0,913700.0,641.6,78.58,1739.1458825761442,13.811549,269.0,8.0,105.0,100.0,100.0,100.0,215.10194,17.745691,3.0,16136196.0,354.76248611154307,54.89524089500766,101.9,90.0,102.65,99.1,100.5,110.55,1.0877194381308186,-0.03739102227120228
14522,2021,84.01,Sachsen,50.95549783146883,13.138291961320002,114.3,105.1,114.25,118.325,101.675,103.975,15400.0,1266500.0,823.7,84.01,1570.661646751655,14.739242,257.0,22.0,129.0,105.1,114.25,118.325,319.68707,16.635386,0.0,14370344.0,354.76248611154307,54.89524089500766,100.0,100.0,100.0,100.025,100.025,100.0,-0.38948625379907753,0.03329914779654497
14524,2018,52.07,Sachsen,50.75034954070159,12.52626275100001,102.7,95.4,96.925,109.125,99.125,98.025,16100.0,858500.0,534.5,52.07,1568.432176672718,16.49933,259.40162601626014,17.297560975609755,122.63577235772358,95.4,96.925,109.125,85.78077,18.792164,8.0,17077448.0,343.0609384070534,52.00876295096663,93.1,96.7,94.2,99.3,96.425,101.7,-0.8434157853398574,0.06792303958729762
14524,2019,57.32,Sachsen,50.75034954070159,12.52626275100001,101.9,90.0,102.65,110.55,99.1,100.5,16200.0,1059900.0,655.3,57.32,1417.0364696825327,15.638721,258.0,15.0,121.0,90.0,102.65,110.55,193.64462,17.559616,2.0,16084359.0,343.0609384070534,52.00876295096663,102.7,95.4,96.925,99.125,98.025,109.125,0.40310971309406796,0.10616644683997722
14524,2020,72.09,Sachsen,50.75034954070159,12.52626275100001,100.0,100.0,100.0,100.0,100.025,100.025,14200.0,913700.0,641.6,72.09,1595.50810225139,13.781299,269.0,8.0,105.0,100.0,100.0,100.0,206.94461,17.798302,5.0,16057898.0,343.0609384070534,52.00876295096663,101.9,90.0,102.65,99.1,100.5,110.55,0.9523626936908158,-0.014532129685097761
14524,2021,72.21,Sachsen,50.75034954070159,12.52626275100001,114.3,105.1,114.25,118.325,101.675,103.975,15400.0,1266500.0,823.7,72.21,1350.047345696191,14.739686,257.0,22.0,129.0,105.1,114.25,118.325,335.4954,16.569056,0.0,14016376.0,343.0609384070534,52.00876295096663,100.0,100.0,100.0,100.025,100.025,100.0,-0.4583617961170603,0.060252304100997245
14625,2018,52.65,Sachsen,51.26840370204789,14.231011404130056,102.7,95.4,96.925,109.125,99.125,98.025,16100.0,858500.0,534.5,52.65,1585.9027098486383,17.716213,259.40162601626014,17.297560975609755,122.63577235772358,95.4,96.925,109.125,121.42355,19.658075,13.0,16920660.0,198.7984065380672,42.9309437004101,93.1,96.7,94.2,99.3,96.425,101.7,-0.7866278602277248,0.028538312494229334
14625,2019,63.49,Sachsen,51.26840370204789,14.231011404130056,101.9,90.0,102.65,110.55,99.1,100.5,16200.0,1059900.0,655.3,63.49,1569.5681343360782,16.433115,258.0,15.0,121.0,90.0,102.65,110.55,174.18806,18.303892,2.0,15944632.0,198.7984065380672,42.9309437004101,102.7,95.4,96.925,99.125,98.025,109.125,0.49065099593957484,0.11604877999893137
14625,2020,73.89,Sachsen,51.26840370204789,14.231011404130056,100.0,100.0,100.0,100.0,100.025,100.025,14200.0,913700.0,641.6,73.89,1635.3460074262064,14.829848,269.0,8.0,105.0,100.0,100.0,100.0,208.62743,18.628546,3.0,15984562.0,198.7984065380672,42.9309437004101,101.9,90.0,102.65,99.1,100.5,110.55,1.170044209123887,-0.035220045190506144
14625,2021,73.95,Sachsen,51.26840370204789,14.231011404130056,114.3,105.1,114.25,118.325,101.675,103.975,15400.0,1266500.0,823.7,73.95,1382.578607038268,15.712013,257.0,22.0,129.0,105.1,114.25,118.325,267.7045,17.695969,0.0,14386020.0,198.7984065380672,42.9309437004101,100.0,100.0,100.0,100.025,100.025,100.0,-0.4153007851164148,0.024932326313582776
14626,2018,47.91,Sachsen,51.22430132485041,14.75126292246647,102.7,95.4,96.925,109.125,99.125,98.025,16100.0,858500.0,534.5,47.91,1443.126283548875,17.614683,259.40162601626014,17.297560975609755,122.63577235772358,95.4,96.925,109.125,131.68704,19.452854,12.0,16942074.0,223.2249771252893,43.94385284188461,93.1,96.7,94.2,99.3,96.425,101.7,-0.7876074195378919,0.029125308870745492
14626,2019,61.06,Sachsen,51.22430132485041,14.75126292246647,101.9,90.0,102.65,110.55,99.1,100.5,16200.0,1059900.0,655.3,61.06,1509.4948855341145,16.333292,258.0,15.0,121.0,90.0,102.65,110.55,202.81296,18.080141,3.0,15821640.0,223.2249771252893,43.94385284188461,102.7,95.4,96.925,99.125,98.025,109.125,0.5144601508537221,0.08638110357293383
14626,2020,70.49,Sachsen,51.22430132485041,14.75126292246647,100.0,100.0,100.0,100.0,100.025,100.025,14200.0,913700.0,641.6,70.49,1560.0966309848866,14.7022505,269.0,8.0,105.0,100.0,100.0,100.0,228.40443,18.272223,3.0,15907921.0,223.2249771252893,43.94385284188461,101.9,90.0,102.65,99.1,100.5,110.55,1.163819798271959,-0.04119118397642674
14626,2021,73.13,Sachsen,51.22430132485041,14.75126292246647,114.3,105.1,114.25,118.325,101.675,103.975,15400.0,1266500.0,823.7,73.13,1367.247782727634,15.597132,257.0,22.0,129.0,105.1,114.25,118.325,292.66666,17.522512,0.0,14444433.0,223.2249771252893,43.94385284188461,100.0,100.0,100.0,100.025,100.025,100.0,-0.3479534658386001,0.04678532389260637
14627,2018,65.31,Sachsen,51.23926037592957,13.48354858671036,102.7,95.4,96.925,109.125,99.125,98.025,16100.0,858500.0,534.5,65.31,1967.242278826488,17.739548,259.40162601626014,17.297560975609755,122.63577235772358,95.4,96.925,109.125,100.545,19.88434,16.0,17156328.0,155.04697258591955,41.11461039028564,93.1,96.7,94.2,99.3,96.425,101.7,-0.7585030301140705,0.04846887780583797
14627,2019,76.53,Sachsen,51.23926037592957,13.48354858671036,101.9,90.0,102.65,110.55,99.1,100.5,16200.0,1059900.0,655.3,76.53,1891.9365147383849,16.596127,258.0,15.0,121.0,90.0,102.65,110.55,159.72888,18.520473,4.0,16173786.0,155.04697258591955,41.11461039028564,102.7,95.4,96.925,99.125,98.025,109.125,0.47220436032733915,0.10523538711469804
14627,2020,74.81,Sachsen,51.23926037592957,13.48354858671036,100.0,100.0,100.0,100.0,100.025,100.025,14200.0,913700.0,641.6,74.81,1655.7076034044458,15.136695,269.0,8.0,105.0,100.0,100.0,100.0,188.95389,19.003595,7.0,16154225.0,155.04697258591955,41.11461039028564,101.9,90.0,102.65,99.1,100.5,110.55,1.1217837980088348,-0.045780639980642635
14627,2021,87.97,Sachsen,51.23926037592957,13.48354858671036,114.3,105.1,114.25,118.325,101.675,103.975,15400.0,1266500.0,823.7,87.97,1644.698310495692,15.973927,257.0,22.0,129.0,105.1,114.25,118.325,256.65942,17.887287,0.0,14472607.0,155.04697258591955,41.11461039028564,100.0,100.0,100.0,100.025,100.025,100.0,-0.39897203511566204,0.041052142661170965
14628,2018,54.64,Sachsen,50.91659554539059,13.873936239468271,102.7,95.4,96.925,109.125,99.125,98.025,16100.0,858500.0,534.5,54.64,1645.8447116074,16.37248,259.40162601626014,17.297560975609755,122.63577235772358,95.4,96.925,109.125,114.02474,18.553804,9.0,16937862.0,384.98984559106736,48.99689899412168,93.1,96.7,94.2,99.3,96.425,101.7,-0.7080487239483091,0.0172551623908328
14628,2019,68.69,Sachsen,50.91659554539059,13.873936239468271,101.9,90.0,102.65,110.55,99.1,100.5,16200.0,1059900.0,655.3,68.69,1698.119942471967,15.411836,258.0,15.0,121.0,90.0,102.65,110.55,196.41264,17.308546,2.0,16051772.0,384.98984559106736,48.99689899412168,102.7,95.4,96.925,99.125,98.025,109.125,0.48711377015706603,0.14594623663973127
14713,2018,46.39,Sachsen,51.3412454007066,12.374336042090134,102.7,95.4,96.925,109.125,99.125,98.025,16100.0,858500.0,534.5,46.39,1397.341437984394,18.0055,259.40162601626014,17.297560975609755,122.63577235772358,95.4,96.925,109.125,82.342,20.206488,21.0,17258524.0,123.59486696935014,47.75030443533704,93.1,96.7,94.2,99.3,96.425,101.7,-0.7774704909475645,0.06818662309171675
14713,2019,56.31,Sachsen,51.3412454007066,12.374336042090134,101.9,90.0,102.65,110.55,99.1,100.5,16200.0,1059900.0,655.3,56.31,1392.0677531022927,16.86663,258.0,15.0,121.0,90.0,102.65,110.55,169.366,18.882013,9.0,16118691.0,123.59486696935014,47.75030443533704,102.7,95.4,96.925,99.125,98.025,109.125,0.47033335818508704,-0.04261270223601321
14713,2020,50.82,Sachsen,51.3412454007066,12.374336042090134,100.0,100.0,100.0,100.0,100.025,100.025,14200.0,913700.0,641.6,50.82,1124.7568561023115,15.210567,269.0,8.0,105.0,100.0,100.0,100.0,184.32799,19.040438,7.0,15939573.0,123.59486696935014,47.75030443533704,101.9,90.0,102.65,99.1,100.5,110.55,0.9825372783216721,0.009319824503039698
14713,2021,82.9,Sachsen,51.3412454007066,12.374336042090134,114.3,105.1,114.25,118.325,101.675,103.975,15400.0,1266500.0,823.7,82.9,1549.908945550675,15.956294,257.0,22.0,129.0,105.1,114.25,118.325,281.248,17.902334,0.0,14273614.0,123.59486696935014,47.75030443533704,100.0,100.0,100.0,100.025,100.025,100.0,-0.4742249626412445,0.03587496769362364
14729,2018,49.74,Sachsen,51.22100648605325,12.600294343472836,102.7,95.4,96.925,109.125,99.125,98.025,16100.0,858500.0,534.5,49.74,1498.2488278797966,17.722221,259.40162601626014,17.297560975609755,122.63577235772358,95.4,96.925,109.125,86.515,19.956108,19.0,17287128.0,157.08459540406392,50.09724502977371,93.1,96.7,94.2,99.3,96.425,101.7,-0.7888353538316437,0.061420328464723895
14729,2019,61.85,Sachsen,51.22100648605325,12.600294343472836,101.9,90.0,102.65,110.55,99.1,100.5,16200.0,1059900.0,655.3,61.85,1529.0248717701438,16.648968,258.0,15.0,121.0,90.0,102.65,110.55,171.83,18.58633,8.0,16201426.0,157.08459540406392,50.09724502977371,102.7,95.4,96.925,99.125,98.025,109.125,0.4559252754960994,0.03527829666957705
14729,2020,54.55,Sachsen,51.22100648605325,12.600294343472836,100.0,100.0,100.0,100.0,100.025,100.025,14200.0,913700.0,641.6,54.55,1207.309848492347,14.966855,269.0,8.0,105.0,100.0,100.0,100.0,183.111,18.850147,7.0,16077464.0,157.08459540406392,50.09724502977371,101.9,90.0,102.65,99.1,100.5,110.55,0.9888245883849436,-0.023878150729072622
14729,2021,82.49,Sachsen,51.22100648605325,12.600294343472836,114.3,105.1,114.25,118.325,101.675,103.975,15400.0,1266500.0,823.7,82.49,1542.243533395358,15.763069,257.0,22.0,129.0,105.1,114.25,118.325,287.7495,17.651993,0.0,14351489.0,157.08459540406392,50.09724502977371,100.0,100.0,100.0,100.025,100.025,100.0,-0.445111753818594,0.018649805715893697
14730,2018,42.49,Sachsen,51.47271556811008,12.780074878081638,102.7,95.4,96.925,109.125,99.125,98.025,16100.0,858500.0,534.5,42.49,1279.867163180791,18.13356,259.40162601626014,17.297560975609755,122.63577235772358,95.4,96.925,109.125,86.96519,20.201262,20.0,17303172.0,117.79437001546252,42.88446493582184,93.1,96.7,94.2,99.3,96.425,101.7,-0.7813226957664483,0.03825534709051581
14730,2019,55.55,Sachsen,51.47271556811008,12.780074878081638,101.9,90.0,102.65,110.55,99.1,100.5,16200.0,1059900.0,655.3,55.55,1373.2794119132009,16.972488,258.0,15.0,121.0,90.0,102.65,110.55,160.21149,18.835752,9.0,16133383.0,117.79437001546252,42.88446493582184,102.7,95.4,96.925,99.125,98.025,109.125,0.512349521247188,-0.02600675103704786
14730,2020,53.55,Sachsen,51.47271556811008,12.780074878081638,100.0,100.0,100.0,100.0,100.025,100.025,14200.0,913700.0,641.6,53.55,1185.1776789507828,15.451189,269.0,8.0,105.0,100.0,100.0,100.0,167.38223,19.171806,7.0,15988875.0,117.79437001546252,42.88446493582184,101.9,90.0,102.65,99.1,100.5,110.55,1.0458032800625006,0.004612571042204028
14730,2021,82.84,Sachsen,51.47271556811008,12.780074878081638,114.3,105.1,114.25,118.325,101.675,103.975,15400.0,1266500.0,823.7,82.84,1548.7871779181896,16.120195,257.0,22.0,129.0,105.1,114.25,118.325,263.9682,17.981295,0.0,14411562.0,117.79437001546252,42.88446493582184,100.0,100.0,100.0,100.025,100.025,100.0,-0.4721817918268698,-0.009733523261052146
15003,2018,46.3,Sachsen-Anhalt,52.11656080559289,11.64230634742908,102.7,95.4,96.925,109.125,99.125,98.025,51900.0,2175500.0,419.0,46.3,5735.011919486845,18.009182,259.40162601626014,17.297560975609755,122.63577235772358,95.4,96.925,109.125,73.94666,19.934097,17.0,17293538.0,57.110934902069246,54.210621069505954,93.1,96.7,94.2,99.3,96.425,101.7,-0.7976427087747311,0.05762129461431442
15003,2019,56.92,Sachsen-Anhalt,52.11656080559289,11.64230634742908,101.9,90.0,102.65,110.55,99.1,100.5,51400.0,2548500.0,495.8,56.92,5900.943917101768,16.864494,258.0,15.0,121.0,90.0,102.65,110.55,168.39336,18.662046,11.0,15595295.0,57.110934902069246,54.210621069505954,102.7,95.4,96.925,99.125,98.025,109.125,0.5332902515492037,-0.1626818847881356
15003,2020,52.16,Sachsen-Anhalt,52.11656080559289,11.64230634742908,100.0,100.0,100.0,100.0,100.025,100.025,48600.0,2756800.0,566.8,52.16,4472.434713351386,15.456081,269.0,8.0,105.0,100.0,100.0,100.0,168.59001,18.726595,7.0,15440982.0,57.110934902069246,54.210621069505954,101.9,90.0,102.65,99.1,100.5,110.55,0.96856907859285,0.08750091073453192
15003,2021,74.13,Sachsen-Anhalt,52.11656080559289,11.64230634742908,114.3,105.1,114.25,118.325,101.675,103.975,48600.0,3514600.0,722.7,74.13,4985.080939552952,16.122807,257.0,22.0,129.0,105.1,114.25,118.325,214.76,17.946545,0.0,14014449.0,57.110934902069246,54.210621069505954,100.0,100.0,100.0,100.025,100.025,100.0,-0.37146566027149674,-0.0020148364212964065
15081,2018,44.29,Sachsen-Anhalt,52.67920380499282,11.22725930885694,102.7,95.4,96.925,109.125,99.125,98.025,51900.0,2175500.0,419.0,44.29,5486.040559699187,17.787813,259.40162601626014,17.297560975609755,122.63577235772358,95.4,96.925,109.125,83.15532,19.31892,12.0,17005250.0,54.594244413366845,42.174990313422974,93.1,96.7,94.2,99.3,96.425,101.7,-0.871528871143255,0.09066220446427065
15081,2019,55.17,Sachsen-Anhalt,52.67920380499282,11.22725930885694,101.9,90.0,102.65,110.55,99.1,100.5,51400.0,2548500.0,495.8,55.17,5719.519956192981,16.32739,258.0,15.0,121.0,90.0,102.65,110.55,187.32094,18.00919,9.0,14901373.0,54.594244413366845,42.174990313422974,102.7,95.4,96.925,99.125,98.025,109.125,0.577821948035421,-0.24376818594369754
15081,2020,59.09,Sachsen-Anhalt,52.67920380499282,11.22725930885694,100.0,100.0,100.0,100.0,100.025,100.025,48600.0,2756800.0,566.8,59.09,5066.644310044736,15.207378,269.0,8.0,105.0,100.0,100.0,100.0,175.07,17.944138,6.0,14904370.0,54.594244413366845,42.174990313422974,101.9,90.0,102.65,99.1,100.5,110.55,0.8956205381971927,0.1331670351356844
15081,2021,67.45,Sachsen-Anhalt,52.67920380499282,11.22725930885694,114.3,105.1,114.25,118.325,101.675,103.975,48600.0,3514600.0,722.7,67.45,4535.865498082378,15.817683,257.0,22.0,129.0,105.1,114.25,118.325,194.51437,17.635975,0.0,13543193.0,54.594244413366845,42.174990313422974,100.0,100.0,100.0,100.025,100.025,100.0,-0.26412286000635277,-0.026314635081770343
15082,2018,27.09,Sachsen-Anhalt,51.79455493898335,12.142727959182483,102.7,95.4,96.925,109.125,99.125,98.025,51900.0,2175500.0,419.0,27.09,3355.539371466493,18.180897,259.40162601626014,17.297560975609755,122.63577235772358,95.4,96.925,109.125,75.77895,20.051664,16.0,17375764.0,81.09998059478208,41.782683556499926,93.1,96.7,94.2,99.3,96.425,101.7,-0.7921492200840135,0.07845311895638307
15082,2019,38.75,Sachsen-Anhalt,51.79455493898335,12.142727959182483,101.9,90.0,102.65,110.55,99.1,100.5,51400.0,2548500.0,495.8,38.75,4017.244848694545,17.07154,258.0,15.0,121.0,90.0,102.65,110.55,165.74734,18.906927,10.0,15925625.0,81.09998059478208,41.782683556499926,102.7,95.4,96.925,99.125,98.025,109.125,0.5007299249088533,-0.12389967109416011
15082,2020,46.66,Sachsen-Anhalt,51.79455493898335,12.142727959182483,100.0,100.0,100.0,100.0,100.025,100.025,48600.0,2756800.0,566.8,46.66,4000.839795340791,15.522554,269.0,8.0,105.0,100.0,100.0,100.0,172.40738,18.938604,7.0,15669734.0,81.09998059478208,41.782683556499926,101.9,90.0,102.65,99.1,100.5,110.55,0.9977894885910246,0.051867555100545415
15082,2021,69.44,Sachsen-Anhalt,51.79455493898335,12.142727959182483,114.3,105.1,114.25,118.325,101.675,103.975,48600.0,3514600.0,722.7,69.44,4669.688661035438,16.177086,257.0,22.0,129.0,105.1,114.25,118.325,241.03525,18.046862,0.0,14272369.0,81.09998059478208,41.782683556499926,100.0,100.0,100.0,100.025,100.025,100.0,-0.43477740119777764,-0.011377744735905804
15083,2018,49.59,Sachsen-Anhalt,52.220275612495385,11.3478052057352,102.7,95.4,96.925,109.125,99.125,98.025,51900.0,2175500.0,419.0,49.59,6142.532204910424,17.62557,259.40162601626014,17.297560975609755,122.63577235772358,95.4,96.925,109.125,78.66227,19.468952,14.0,17340756.0,96.70173749572442,49.62776047125312,93.1,96.7,94.2,99.3,96.425,101.7,-0.8416012032261051,0.060653867000490136
15083,2019,53.64,Sachsen-Anhalt,52.220275612495385,11.3478052057352,101.9,90.0,102.65,110.55,99.1,100.5,51400.0,2548500.0,495.8,53.64,5560.9035789413,16.254786,258.0,15.0,121.0,90.0,102.65,110.55,161.08388,18.174206,9.0,15541156.0,96.70173749572442,49.62776047125312,102.7,95.4,96.925,99.125,98.025,109.125,0.5491691502310232,-0.18763164360524787
15083,2020,66.66,Sachsen-Anhalt,52.220275612495385,11.3478052057352,100.0,100.0,100.0,100.0,100.025,100.025,48600.0,2756800.0,566.8,66.66,5715.730406288409,15.0211735,269.0,8.0,105.0,100.0,100.0,100.0,170.60161,18.191408,7.0,15435025.0,96.70173749572442,49.62776047125312,101.9,90.0,102.65,99.1,100.5,110.55,0.960351582951148,0.0979801275190697
15083,2021,74.19,Sachsen-Anhalt,52.220275612495385,11.3478052057352,114.3,105.1,114.25,118.325,101.675,103.975,48600.0,3514600.0,722.7,74.19,4989.1158087877175,15.690572,257.0,22.0,129.0,105.1,114.25,118.325,205.68936,17.547459,0.0,13931997.0,96.70173749572442,49.62776047125312,100.0,100.0,100.0,100.025,100.025,100.0,-0.3323764820239603,-0.013586527142269933
15084,2018,53.81,Sachsen-Anhalt,51.14684782706985,11.88481733416925,102.7,95.4,96.925,109.125,99.125,98.025,51900.0,2175500.0,419.0,53.81,6665.248194116353,17.307293,259.40162601626014,17.297560975609755,122.63577235772358,95.4,96.925,109.125,92.119995,19.542042,15.0,17394992.0,195.5577132908131,57.6250155720462,93.1,96.7,94.2,99.3,96.425,101.7,-0.8091509999442792,0.1038779916024215
15084,2019,56.33,Sachsen-Anhalt,51.14684782706985,11.88481733416925,101.9,90.0,102.65,110.55,99.1,100.5,51400.0,2548500.0,495.8,56.33,5839.778124566805,16.241222,258.0,15.0,121.0,90.0,102.65,110.55,160.43944,18.348652,8.0,16324605.0,195.5577132908131,57.6250155720462,102.7,95.4,96.925,99.125,98.025,109.125,0.4431689973499715,-0.08848541370670315
15084,2020,61.99,Sachsen-Anhalt,51.14684782706985,11.88481733416925,100.0,100.0,100.0,100.0,100.025,100.025,48600.0,2756800.0,566.8,61.99,5315.30344863214,14.71548,269.0,8.0,105.0,100.0,100.0,100.0,183.51587,18.54352,5.0,16121799.0,195.5577132908131,57.6250155720462,101.9,90.0,102.65,99.1,100.5,110.55,0.9125817492976012,0.03743222264013202
15084,2021,83.19,Sachsen-Anhalt,51.14684782706985,11.88481733416925,114.3,105.1,114.25,118.325,101.675,103.975,48600.0,3514600.0,722.7,83.19,5594.3461940025645,15.432412,257.0,22.0,129.0,105.1,114.25,118.325,287.44528,17.314692,0.0,14344284.0,195.5577132908131,57.6250155720462,100.0,100.0,100.0,100.025,100.025,100.0,-0.47516264582588974,0.08767013661624001
15085,2018,41.12,Sachsen-Anhalt,51.8206261611652,10.959076324216053,102.7,95.4,96.925,109.125,99.125,98.025,51900.0,2175500.0,419.0,41.12,5093.384236053975,16.364893,259.40162601626014,17.297560975609755,122.63577235772358,95.4,96.925,109.125,96.1569,18.356604,9.0,17471924.0,283.1943469339319,58.9768212184164,93.1,96.7,94.2,99.3,96.425,101.7,-0.9702369536512947,0.03444123063742377
15085,2019,51.89,Sachsen-Anhalt,51.8206261611652,10.959076324216053,101.9,90.0,102.65,110.55,99.1,100.5,51400.0,2548500.0,495.8,51.89,5379.479618032514,14.968435,258.0,15.0,121.0,90.0,102.65,110.55,165.25587,17.097988,3.0,15782017.0,283.1943469339319,58.9768212184164,102.7,95.4,96.925,99.125,98.025,109.125,0.38192969938961596,-0.0945970675975688
15085,2020,52.96,Sachsen-Anhalt,51.8206261611652,10.959076324216053,100.0,100.0,100.0,100.0,100.025,100.025,48600.0,2756800.0,566.8,52.96,4541.030337789291,13.901914,269.0,8.0,105.0,100.0,100.0,100.0,189.93689,17.208284,4.0,15564004.0,283.1943469339319,58.9768212184164,101.9,90.0,102.65,99.1,100.5,110.55,0.9286785123524623,0.0926843096346921
15085,2021,69.58,Sachsen-Anhalt,51.8206261611652,10.959076324216053,114.3,105.1,114.25,118.325,101.675,103.975,48600.0,3514600.0,722.7,69.58,4679.103355916557,14.628363,257.0,22.0,129.0,105.1,114.25,118.325,229.78206,16.479488,0.0,14116910.0,283.1943469339319,58.9768212184164,100.0,100.0,100.0,100.025,100.025,100.0,-0.34027036546615363,0.06239698181321174
15086,2018,44.32,Sachsen-Anhalt,52.259912453943336,12.026382561723162,102.7,95.4,96.925,109.125,99.125,98.025,51900.0,2175500.0,419.0,44.32,5489.756550143779,18.131886,259.40162601626014,17.297560975609755,122.63577235772358,95.4,96.925,109.125,73.8055,19.878622,15.0,17266864.0,57.07503225675692,40.29411328092959,93.1,96.7,94.2,99.3,96.425,101.7,-0.831015635629285,0.08680150123288466
15086,2019,45.8,Sachsen-Anhalt,52.259912453943336,12.026382561723162,101.9,90.0,102.65,110.55,99.1,100.5,51400.0,2548500.0,495.8,45.8,4748.124234069939,17.083017,258.0,15.0,121.0,90.0,102.65,110.55,178.597,18.56947,10.0,15487224.0,57.07503225675692,40.29411328092959,102.7,95.4,96.925,99.125,98.025,109.125,0.5875536419965783,-0.17744234832410122
15086,2020,54.28,Sachsen-Anhalt,52.259912453943336,12.026382561723162,100.0,100.0,100.0,100.0,100.025,100.025,48600.0,2756800.0,566.8,54.28,4654.213118111833,15.5797415,269.0,8.0,105.0,100.0,100.0,100.0,177.1775,18.621075,6.0,15366877.0,57.07503225675692,40.29411328092959,101.9,90.0,102.65,99.1,100.5,110.55,1.0008495501918446,0.10261698252133677
15086,2021,69.04,Sachsen-Anhalt,52.259912453943336,12.026382561723162,114.3,105.1,114.25,118.325,101.675,103.975,48600.0,3514600.0,722.7,69.04,4642.789532803668,16.219088,257.0,22.0,129.0,105.1,114.25,118.325,219.63152,17.890928,0.0,13987789.0,57.07503225675692,40.29411328092959,100.0,100.0,100.0,100.025,100.025,100.0,-0.37294323448827527,-0.05201981630055952
15087,2018,47.55,Sachsen-Anhalt,51.53510132603982,11.356307035057103,102.7,95.4,96.925,109.125,99.125,98.025,51900.0,2175500.0,419.0,47.55,5889.844854678175,16.975279,259.40162601626014,17.297560975609755,122.63577235772358,95.4,96.925,109.125,84.013336,18.997053,12.0,17364652.0,245.61759723344343,58.864698828747045,93.1,96.7,94.2,99.3,96.425,101.7,-0.7963427294262146,0.10116299737862389
15087,2019,59.88,Sachsen-Anhalt,51.53510132603982,11.356307035057103,101.9,90.0,102.65,110.55,99.1,100.5,51400.0,2548500.0,495.8,59.88,6207.809588124628,15.717236,258.0,15.0,121.0,90.0,102.65,110.55,155.1311,17.851534,7.0,16025085.0,245.61759723344343,58.864698828747045,102.7,95.4,96.925,99.125,98.025,109.125,0.43372717160644925,-0.12999273698121772
15087,2020,56.85,Sachsen-Anhalt,51.53510132603982,11.356307035057103,100.0,100.0,100.0,100.0,100.025,100.025,48600.0,2756800.0,566.8,56.85,4874.576561618602,14.540021,269.0,8.0,105.0,100.0,100.0,100.0,176.9161,17.990198,5.0,15694938.0,245.61759723344343,58.864698828747045,101.9,90.0,102.65,99.1,100.5,110.55,0.8677314691459515,0.07746789039941215
15087,2021,79.04,Sachsen-Anhalt,51.53510132603982,11.356307035057103,114.3,105.1,114.25,118.325,101.675,103.975,48600.0,3514600.0,722.7,79.04,5315.267738597941,15.159723,257.0,22.0,129.0,105.1,114.25,118.325,230.06389,17.05735,0.0,14280113.0,245.61759723344343,58.864698828747045,100.0,100.0,100.0,100.025,100.025,100.0,-0.43721518504491996,0.10564359126629075
15088,2018,36.26,Sachsen-Anhalt,51.42533051956679,11.866111848323198,102.7,95.4,96.925,109.125,99.125,98.025,51900.0,2175500.0,419.0,36.26,4491.393784030087,17.816692,259.40162601626014,17.297560975609755,122.63577235772358,95.4,96.925,109.125,83.183685,19.89691,17.0,17353310.0,136.769353440071,53.86927127553489,93.1,96.7,94.2,99.3,96.425,101.7,-0.7943301743989082,0.1033739459205052
15088,2019,43.68,Sachsen-Anhalt,51.42533051956679,11.866111848323198,101.9,90.0,102.65,110.55,99.1,100.5,51400.0,2548500.0,495.8,43.68,4528.342064283295,16.636545,258.0,15.0,121.0,90.0,102.65,110.55,151.30159,18.787312,10.0,16151347.0,136.769353440071,53.86927127553489,102.7,95.4,96.925,99.125,98.025,109.125,0.46152649053823325,-0.11196874602281637
15088,2020,53.32,Sachsen-Anhalt,51.42533051956679,11.866111848323198,100.0,100.0,100.0,100.0,100.025,100.025,48600.0,2756800.0,566.8,53.32,4571.898368786348,15.238683,269.0,8.0,105.0,100.0,100.0,100.0,173.4421,18.901312,7.0,15867761.0,136.769353440071,53.86927127553489,101.9,90.0,102.65,99.1,100.5,110.55,0.9220645319599612,0.047822666902881616
15088,2021,76.5,Sachsen-Anhalt,51.42533051956679,11.866111848323198,114.3,105.1,114.25,118.325,101.675,103.975,48600.0,3514600.0,722.7,76.5,5144.458274326195,15.865717,257.0,22.0,129.0,105.1,114.25,118.325,254.29683,17.82489,0.0,14330468.0,136.769353440071,53.86927127553489,100.0,100.0,100.0,100.025,100.025,100.0,-0.433149803266474,0.06542477377288902
15089,2018,36.49,Sachsen-Anhalt,51.85168339058897,11.641958034997035,102.7,95.4,96.925,109.125,99.125,98.025,51900.0,2175500.0,419.0,36.49,4519.883044105291,17.801167,259.40162601626014,17.297560975609755,122.63577235772358,95.4,96.925,109.125,75.35687,19.826183,17.0,17431854.0,87.64581510218584,54.72523792760443,93.1,96.7,94.2,99.3,96.425,101.7,-0.8019731251432063,0.05840409290492654
15089,2019,44.07,Sachsen-Anhalt,51.85168339058897,11.641958034997035,101.9,90.0,102.65,110.55,99.1,100.5,51400.0,2548500.0,495.8,44.07,4568.773689857254,16.66993,258.0,15.0,121.0,90.0,102.65,110.55,160.56812,18.663675,10.0,15886641.0,87.64581510218584,54.72523792760443,102.7,95.4,96.925,99.125,98.025,109.125,0.5086116164836767,-0.15549474425366216
15089,2020,47.64,Sachsen-Anhalt,51.85168339058897,11.641958034997035,100.0,100.0,100.0,100.0,100.025,100.025,48600.0,2756800.0,566.8,47.64,4084.869435277225,15.243073,269.0,8.0,105.0,100.0,100.0,100.0,168.24501,18.73631,7.0,15639802.0,87.64581510218584,54.72523792760443,101.9,90.0,102.65,99.1,100.5,110.55,0.961687147913949,0.07027597192156332
15089,2021,62.76,Sachsen-Anhalt,51.85168339058897,11.641958034997035,114.3,105.1,114.25,118.325,101.675,103.975,48600.0,3514600.0,722.7,62.76,4220.473219564863,15.953723,257.0,22.0,129.0,105.1,114.25,118.325,221.1325,17.866137,0.0,14236531.0,87.64581510218584,54.72523792760443,100.0,100.0,100.0,100.025,100.025,100.0,-0.3974036552809821,0.03495316327455367
15090,2018,44.64,Sachsen-Anhalt,52.696214479608905,11.840206581052067,102.7,95.4,96.925,109.125,99.125,98.025,51900.0,2175500.0,419.0,44.64,5529.39378155276,18.009626,259.40162601626014,17.297560975609755,122.63577235772358,95.4,96.925,109.125,77.78251,19.555243,14.0,17143910.0,35.61396156430523,37.76264303725175,93.1,96.7,94.2,99.3,96.425,101.7,-0.8526337916659372,0.11337052261868785
15090,2019,48.78,Sachsen-Anhalt,52.696214479608905,11.840206581052067,101.9,90.0,102.65,110.55,99.1,100.5,51400.0,2548500.0,495.8,48.78,5057.0633217889,16.798725,258.0,15.0,121.0,90.0,102.65,110.55,185.91464,18.203253,8.0,15040856.0,35.61396156430523,37.76264303725175,102.7,95.4,96.925,99.125,98.025,109.125,0.6067817765392078,-0.24285326151212827
15090,2020,66.67,Sachsen-Anhalt,52.696214479608905,11.840206581052067,100.0,100.0,100.0,100.0,100.025,100.025,48600.0,2756800.0,566.8,66.67,5716.587851593882,15.449045,269.0,8.0,105.0,100.0,100.0,100.0,181.06322,18.22241,7.0,15062525.0,35.61396156430523,37.76264303725175,101.9,90.0,102.65,99.1,100.5,110.55,0.9286533965033641,0.1360625187076565
15090,2021,70.68,Sachsen-Anhalt,52.696214479608905,11.840206581052067,114.3,105.1,114.25,118.325,101.675,103.975,48600.0,3514600.0,722.7,70.68,4753.075958553929,16.110565,257.0,22.0,129.0,105.1,114.25,118.325,202.60394,17.813719,0.0,13789561.0,35.61396156430523,37.76264303725175,100.0,100.0,100.0,100.025,100.025,100.0,-0.3512262268528161,-0.04086653507022553
15091,2018,30.86,Sachsen-Anhalt,51.81980380511953,12.701241842241847,102.7,95.4,96.925,109.125,99.125,98.025,51900.0,2175500.0,419.0,30.86,3822.515504003543,18.32108,259.40162601626014,17.297560975609755,122.63577235772358,95.4,96.925,109.125,83.69384,20.142664,19.0,17293178.0,94.13399078409,38.79986127633599,93.1,96.7,94.2,99.3,96.425,101.7,-0.7814051121954435,0.05491083277895337
15091,2019,48.9,Sachsen-Anhalt,51.81980380511953,12.701241842241847,101.9,90.0,102.65,110.55,99.1,100.5,51400.0,2548500.0,495.8,48.9,5069.503821965503,17.382244,258.0,15.0,121.0,90.0,102.65,110.55,163.39961,18.895153,10.0,15878795.0,94.13399078409,38.79986127633599,102.7,95.4,96.925,99.125,98.025,109.125,0.5756188983964989,-0.11304653377156526
15091,2020,59.71,Sachsen-Anhalt,51.81980380511953,12.701241842241847,100.0,100.0,100.0,100.0,100.025,100.025,48600.0,2756800.0,566.8,59.71,5119.805918984112,15.698871,269.0,8.0,105.0,100.0,100.0,100.0,172.08002,18.997347,8.0,15632931.0,94.13399078409,38.79986127633599,101.9,90.0,102.65,99.1,100.5,110.55,1.0225125986071362,0.061974281396551145
15091,2021,67.21,Sachsen-Anhalt,51.81980380511953,12.701241842241847,114.3,105.1,114.25,118.325,101.675,103.975,48600.0,3514600.0,722.7,67.21,4519.726021143315,16.327726,257.0,22.0,129.0,105.1,114.25,118.325,249.8627,18.027956,0.0,14181965.0,94.13399078409,38.79986127633599,100.0,100.0,100.0,100.025,100.025,100.0,-0.4442746676645015,-0.04844576915324006
16051,2018,47.92,Thüringen,50.98267086648012,11.020635417768442,102.7,95.4,96.925,109.125,99.125,98.025,11100.0,603300.0,543.2,47.92,979.2194385507744,16.892788,259.40162601626014,17.297560975609755,122.63577235772358,95.4,96.925,109.125,111.79,19.16495,14.0,17420990.0,247.10317176604275,58.24566985599352,93.1,96.7,94.2,99.3,96.425,101.7,-0.8258516536664047,0.08298356395683815
16051,2019,57.62,Thüringen,50.98267086648012,11.020635417768442,101.9,90.0,102.65,110.55,99.1,100.5,11000.0,679100.0,615.0,57.62,1030.6016243404852,15.779279,258.0,15.0,121.0,90.0,102.65,110.55,155.2,18.075663,7.0,16233862.0,247.10317176604275,58.24566985599352,102.7,95.4,96.925,99.125,98.025,109.125,0.3920786458049861,-0.060597405622105804
16051,2020,60.49,Thüringen,50.98267086648012,11.020635417768442,100.0,100.0,100.0,100.0,100.025,100.025,11100.0,717800.0,646.7,60.49,1038.2542120948597,14.548497,269.0,8.0,105.0,100.0,100.0,100.0,175.53,18.281942,6.0,16003757.0,247.10317176604275,58.24566985599352,101.9,90.0,102.65,99.1,100.5,110.55,0.8550121669027817,0.07763050444686526
16051,2021,68.77,Thüringen,50.98267086648012,11.020635417768442,114.3,105.1,114.25,118.325,101.675,103.975,11800.0,921000.0,781.1,68.77,1038.9015477673772,15.217297,257.0,22.0,129.0,105.1,114.25,118.325,294.77997,17.038244,0.0,14245756.0,247.10317176604275,58.24566985599352,100.0,100.0,100.0,100.025,100.025,100.0,-0.5486784954480868,0.059549063048231377
16052,2018,62.59,Thüringen,50.89391699938356,12.08239859696188,102.7,95.4,96.925,109.125,99.125,98.025,11100.0,603300.0,543.2,62.59,1278.9930020637094,16.86468,259.40162601626014,17.297560975609755,122.63577235772358,95.4,96.925,109.125,95.75001,19.192114,14.0,17233158.0,266.0037717300465,55.77280584513514,93.1,96.7,94.2,99.3,96.425,101.7,-0.7863776192956493,0.09380734996496232
16052,2019,86.47,Thüringen,50.89391699938356,12.08239859696188,101.9,90.0,102.65,110.55,99.1,100.5,11000.0,679100.0,615.0,86.47,1546.6178836640358,15.92761,258.0,15.0,121.0,90.0,102.65,110.55,190.02002,17.888725,5.0,16265443.0,266.0037717300465,55.77280584513514,102.7,95.4,96.925,99.125,98.025,109.125,0.4348576831879427,-0.025828285202861734
16052,2020,79.79,Thüringen,50.89391699938356,12.08239859696188,100.0,100.0,100.0,100.0,100.025,100.025,11100.0,717800.0,646.7,79.79,1369.520641148105,14.143803,269.0,8.0,105.0,100.0,100.0,100.0,203.82999,18.129246,5.0,16171218.0,266.0037717300465,55.77280584513514,101.9,90.0,102.65,99.1,100.5,110.55,0.9078497852526652,-0.003036422291084362
16052,2021,87.81,Thüringen,50.89391699938356,12.08239859696188,114.3,105.1,114.25,118.325,101.675,103.975,11800.0,921000.0,781.1,87.81,1326.5369333932442,15.017102,257.0,22.0,129.0,105.1,114.25,118.325,336.13,16.858889,0.0,14170861.0,266.0037717300465,55.77280584513514,100.0,100.0,100.0,100.025,100.025,100.0,-0.4845262768968155,0.10936689656217591
16061,2019,69.35,Thüringen,51.384012881378986,10.253995454822473,101.9,90.0,102.65,110.55,99.1,100.5,11000.0,679100.0,615.0,69.35,1240.4065020481194,14.537281,258.0,15.0,121.0,90.0,102.65,110.55,160.61461,16.674122,3.0,15687663.0,346.8863602410155,56.91366926795253,102.7,95.4,96.925,99.125,98.025,109.125,0.40885596941876656,-0.10190014527375157
16061,2020,70.09,Thüringen,51.384012881378986,10.253995454822473,100.0,100.0,100.0,100.0,100.025,100.025,11100.0,717800.0,646.7,70.09,1203.0292234374065,13.630391,269.0,8.0,105.0,100.0,100.0,100.0,182.81459,16.886335,3.0,15478317.0,346.8863602410155,56.91366926795253,101.9,90.0,102.65,99.1,100.5,110.55,0.8239399368659406,0.13466264977910636
16061,2021,75.32,Thüringen,51.384012881378986,10.253995454822473,114.3,105.1,114.25,118.325,101.675,103.975,11800.0,921000.0,781.1,75.32,1137.8517460787966,14.3126745,257.0,22.0,129.0,105.1,114.25,118.325,228.82307,16.00285,0.0,13980779.0,346.8863602410155,56.91366926795253,100.0,100.0,100.0,100.025,100.025,100.0,-0.3447995413787339,-0.025426129104155537
16062,2018,43.37,Thüringen,51.50226804475751,10.731329799467618,102.7,95.4,96.925,109.125,99.125,98.025,11100.0,603300.0,543.2,43.37,886.2426345982277,16.215609,259.40162601626014,17.297560975609755,122.63577235772358,95.4,96.925,109.125,98.218,18.131155,9.0,17569898.0,287.5644480155212,55.89379781697348,93.1,96.7,94.2,99.3,96.425,101.7,-0.8651307017939303,0.0432458923620902
16062,2019,71.53,Thüringen,51.50226804475751,10.731329799467618,101.9,90.0,102.65,110.55,99.1,100.5,11000.0,679100.0,615.0,71.53,1279.3983719034172,14.739636,258.0,15.0,121.0,90.0,102.65,110.55,160.957,16.793415,2.0,15925850.0,287.5644480155212,55.89379781697348,102.7,95.4,96.925,99.125,98.025,109.125,0.39793751645760267,-0.1094712201747765
16062,2020,69.8,Thüringen,51.50226804475751,10.731329799467618,100.0,100.0,100.0,100.0,100.025,100.025,11100.0,717800.0,646.7,69.8,1198.051644969767,13.758138,269.0,8.0,105.0,100.0,100.0,100.0,179.15201,17.039082,4.0,15643673.0,287.5644480155212,55.89379781697348,101.9,90.0,102.65,99.1,100.5,110.55,0.8391989939095765,0.1329661820866106
16062,2021,66.01,Thüringen,51.50226804475751,10.731329799467618,114.3,105.1,114.25,118.325,101.675,103.975,11800.0,921000.0,781.1,66.01,997.2065023720312,14.383507,257.0,22.0,129.0,105.1,114.25,118.325,212.35602,16.101274,0.0,14250166.0,287.5644480155212,55.89379781697348,100.0,100.0,100.0,100.025,100.025,100.0,-0.3774039477538622,-0.00024416575441155164
16063,2018,66.57,Thüringen,50.88502846315976,10.21127369448261,102.7,95.4,96.925,109.125,99.125,98.025,11100.0,603300.0,543.2,66.57,1360.3221624441785,16.13493,259.40162601626014,17.297560975609755,122.63577235772358,95.4,96.925,109.125,108.078,18.308165,8.0,17719088.0,356.1552828377808,55.30591591571282,93.1,96.7,94.2,99.3,96.425,101.7,-0.7941285902170989,0.07365546310809279
16063,2019,77.28,Thüringen,50.88502846315976,10.21127369448261,101.9,90.0,102.65,110.55,99.1,100.5,11000.0,679100.0,615.0,77.28,1382.2439001914736,14.562127,258.0,15.0,121.0,90.0,102.65,110.55,152.462,16.814375,3.0,16039595.0,356.1552828377808,55.30591591571282,102.7,95.4,96.925,99.125,98.025,109.125,0.46647984572473433,-0.09148483322665091
16063,2020,77.42,Thüringen,50.88502846315976,10.21127369448261,100.0,100.0,100.0,100.0,100.025,100.025,11100.0,717800.0,646.7,77.42,1328.8418102229136,13.6561775,269.0,8.0,105.0,100.0,100.0,100.0,168.83,17.176285,4.0,15795691.0,356.1552828377808,55.30591591571282,101.9,90.0,102.65,99.1,100.5,110.55,0.7858860034197619,0.12579661329291292
16063,2021,79.16,Thüringen,50.88502846315976,10.21127369448261,114.3,105.1,114.25,118.325,101.675,103.975,11800.0,921000.0,781.1,79.16,1195.8622440201482,14.285957,257.0,22.0,129.0,105.1,114.25,118.325,274.51804,16.016834,0.0,14118282.0,356.1552828377808,55.30591591571282,100.0,100.0,100.0,100.025,100.025,100.0,-0.3986331993268095,-0.003473598884495166
16064,2018,51.44,Thüringen,51.184993413812215,10.550885681765225,102.7,95.4,96.925,109.125,99.125,98.025,11100.0,603300.0,543.2,51.44,1051.148746223953,16.548285,259.40162601626014,17.297560975609755,122.63577235772358,95.4,96.925,109.125,100.506,18.818066,13.0,17672268.0,288.48125861461494,57.97816110990006,93.1,96.7,94.2,99.3,96.425,101.7,-0.7476544866756285,0.05395352072640813
16064,2019,66.03,Thüringen,51.184993413812215,10.550885681765225,101.9,90.0,102.65,110.55,99.1,100.5,11000.0,679100.0,615.0,66.03,1181.0243883235376,15.017333,258.0,15.0,121.0,90.0,102.65,110.55,140.83467,17.352188,5.0,16052179.0,288.48125861461494,57.97816110990006,102.7,95.4,96.925,99.125,98.025,109.125,0.4113586499229882,-0.12422183593114977
16064,2020,66.28,Thüringen,51.184993413812215,10.550885681765225,100.0,100.0,100.0,100.0,100.025,100.025,11100.0,717800.0,646.7,66.28,1137.634140810833,14.080555,269.0,8.0,105.0,100.0,100.0,100.0,170.50467,17.643692,5.0,15807160.0,288.48125861461494,57.97816110990006,101.9,90.0,102.65,99.1,100.5,110.55,0.775766485167992,0.139965719880226
16064,2021,73.32,Thüringen,51.184993413812215,10.550885681765225,114.3,105.1,114.25,118.325,101.675,103.975,11800.0,921000.0,781.1,73.32,1107.6379450676764,14.735712,257.0,22.0,129.0,105.1,114.25,118.325,223.89401,16.522528,0.0,14244616.0,288.48125861461494,57.97816110990006,100.0,100.0,100.0,100.025,100.025,100.0,-0.43973357850501316,0.036949302509737825
16065,2018,50.35,Thüringen,51.32453856332562,10.984993838401222,102.7,95.4,96.925,109.125,99.125,98.025,11100.0,603300.0,543.2,50.35,1028.875182200156,16.924978,259.40162601626014,17.297560975609755,122.63577235772358,95.4,96.925,109.125,90.93846,19.058966,13.0,17507042.0,255.3944509348272,57.7760652335081,93.1,96.7,94.2,99.3,96.425,101.7,-0.7537087287397526,0.059487096952480556
16065,2019,49.45,Thüringen,51.32453856332562,10.984993838401222,101.9,90.0,102.65,110.55,99.1,100.5,11000.0,679100.0,615.0,49.45,884.4715432772822,15.599405,258.0,15.0,121.0,90.0,102.65,110.55,145.99077,17.832808,7.0,16146609.0,255.3944509348272,57.7760652335081,102.7,95.4,96.925,99.125,98.025,109.125,0.41529628961012577,-0.13257247107458325
16065,2020,64.61,Thüringen,51.32453856332562,10.984993838401222,100.0,100.0,100.0,100.0,100.025,100.025,11100.0,717800.0,646.7,64.61,1108.9701544627026,14.541438,269.0,8.0,105.0,100.0,100.0,100.0,169.13385,18.049196,5.0,15851782.0,255.3944509348272,57.7760652335081,101.9,90.0,102.65,99.1,100.5,110.55,0.7814996747351302,0.11487034366095461
16065,2021,76.77,Thüringen,51.32453856332562,10.984993838401222,114.3,105.1,114.25,118.325,101.675,103.975,11800.0,921000.0,781.1,76.77,1159.7567518118592,15.158571,257.0,22.0,129.0,105.1,114.25,118.325,228.16766,16.985306,0.0,14348903.0,255.3944509348272,57.7760652335081,100.0,100.0,100.0,100.025,100.025,100.0,-0.49519435110192944,0.0831999146520841
16066,2018,58.28,Thüringen,50.62999765479856,10.405270443718928,102.7,95.4,96.925,109.125,99.125,98.025,11100.0,603300.0,543.2,58.28,1190.9204690888796,15.658942,259.40162601626014,17.297560975609755,122.63577235772358,95.4,96.925,109.125,113.75294,17.623201,4.0,17559772.0,471.66110006503663,59.29756782040675,93.1,96.7,94.2,99.3,96.425,101.7,-0.8851325460018984,0.08256940304685534
16066,2019,69.81,Thüringen,50.62999765479856,10.405270443718928,101.9,90.0,102.65,110.55,99.1,100.5,11000.0,679100.0,615.0,69.81,1248.634144311164,14.177311,258.0,15.0,121.0,90.0,102.65,110.55,175.64,16.303883,3.0,16175537.0,471.66110006503663,59.29756782040675,102.7,95.4,96.925,99.125,98.025,109.125,0.48859160820165926,-0.08341158066706889
16067,2018,56.87,Thüringen,50.91033810952883,10.694126209284947,102.7,95.4,96.925,109.125,99.125,98.025,11100.0,603300.0,543.2,56.87,1162.1078770947938,15.997371,259.40162601626014,17.297560975609755,122.63577235772358,95.4,96.925,109.125,113.66819,18.333948,7.0,17578616.0,385.15297235244526,59.65989891892316,93.1,96.7,94.2,99.3,96.425,101.7,-0.8638353787170558,0.07546538091936372
16067,2019,63.8,Thüringen,50.91033810952883,10.694126209284947,101.9,90.0,102.65,110.55,99.1,100.5,11000.0,679100.0,615.0,63.8,1141.1382095266044,14.679971,258.0,15.0,121.0,90.0,102.65,110.55,160.20454,17.021336,3.0,16190045.0,385.15297235244526,59.65989891892316,102.7,95.4,96.925,99.125,98.025,109.125,0.4074746587455138,-0.057219343819548296
16067,2020,58.98,Thüringen,50.91033810952883,10.694126209284947,100.0,100.0,100.0,100.0,100.025,100.025,11100.0,717800.0,646.7,58.98,1012.3364759357715,13.558147,269.0,8.0,105.0,100.0,100.0,100.0,180.02272,17.291557,5.0,15961273.0,385.15297235244526,59.65989891892316,101.9,90.0,102.65,99.1,100.5,110.55,0.882286251833591,0.10203052405996171
16067,2021,72.15,Thüringen,50.91033810952883,10.694126209284947,114.3,105.1,114.25,118.325,101.675,103.975,11800.0,921000.0,781.1,72.15,1089.962871476171,14.231724,257.0,22.0,129.0,105.1,114.25,118.325,283.23636,16.080734,0.0,14223850.0,385.15297235244526,59.65989891892316,100.0,100.0,100.0,100.025,100.025,100.0,-0.5164875353715956,0.029639099889541054
16068,2018,44.3,Thüringen,51.15737450073664,11.154306175719324,102.7,95.4,96.925,109.125,99.125,98.025,11100.0,603300.0,543.2,44.3,905.24668463688,17.274233,259.40162601626014,17.297560975609755,122.63577235772358,95.4,96.925,109.125,90.750916,19.494701,14.0,17395872.0,182.7582739898777,56.81968900391705,93.1,96.7,94.2,99.3,96.425,101.7,-0.7395593211761025,0.0765310507174235
16068,2019,46.11,Thüringen,51.15737450073664,11.154306175719324,101.9,90.0,102.65,110.55,99.1,100.5,11000.0,679100.0,615.0,46.11,824.731705976046,16.050098,258.0,15.0,121.0,90.0,102.65,110.55,134.2518,18.355146,9.0,16159437.0,182.7582739898777,56.81968900391705,102.7,95.4,96.925,99.125,98.025,109.125,0.41014767135192187,-0.1377339576936476
16068,2020,59.6,Thüringen,51.15737450073664,11.154306175719324,100.0,100.0,100.0,100.0,100.025,100.025,11100.0,717800.0,646.7,59.6,1022.978195418311,14.907735,269.0,8.0,105.0,100.0,100.0,100.0,159.28181,18.558641,6.0,15890652.0,182.7582739898777,56.81968900391705,101.9,90.0,102.65,99.1,100.5,110.55,0.7843207186786572,0.10060191817029618
16068,2021,80.24,Thüringen,51.15737450073664,11.154306175719324,114.3,105.1,114.25,118.325,101.675,103.975,11800.0,921000.0,781.1,80.24,1212.1776965661531,15.525399,257.0,22.0,129.0,105.1,114.25,118.325,243.69273,17.335499,0.0,14277152.0,182.7582739898777,56.81968900391705,100.0,100.0,100.0,100.025,100.025,100.0,-0.5355954879517526,0.0875938263179783
16070,2018,63.03,Thüringen,50.73759850189303,10.96629774609983,102.7,95.4,96.925,109.125,99.125,98.025,11100.0,603300.0,543.2,63.03,1287.9841655228568,15.71374,259.40162601626014,17.297560975609755,122.63577235772358,95.4,96.925,109.125,120.020004,17.923738,5.0,17422302.0,491.93560482323153,60.49259630510207,93.1,96.7,94.2,99.3,96.425,101.7,-0.9206511048588482,0.08713417053530614
16070,2021,69.69,Thüringen,50.73759850189303,10.96629774609983,114.3,105.1,114.25,118.325,101.675,103.975,11800.0,921000.0,781.1,69.69,1052.7998962324928,13.932799,257.0,22.0,129.0,105.1,114.25,118.325,308.97,15.791168,0.0,14189170.0,491.93560482323153,60.49259630510207,102.7,95.4,96.925,99.125,98.025,109.125,-0.5558204661836044,0.012163466905401599
16071,2018,58.91,Thüringen,50.97133723418925,11.372885972534954,102.7,95.4,96.925,109.125,99.125,98.025,11100.0,603300.0,543.2,58.91,1203.7941804053862,16.706184,259.40162601626014,17.297560975609755,122.63577235772358,95.4,96.925,109.125,98.72778,19.01037,10.0,17324214.0,298.83041021743145,56.61191675710935,93.1,96.7,94.2,99.3,96.425,101.7,-0.7946828246379596,0.0998187546363154
16071,2019,58.65,Thüringen,50.97133723418925,11.372885972534954,101.9,90.0,102.65,110.55,99.1,100.5,11000.0,679100.0,615.0,58.65,1049.0243885381717,15.67249,258.0,15.0,121.0,90.0,102.65,110.55,143.5789,17.955025,6.0,16246392.0,298.83041021743145,56.61191675710935,102.7,95.4,96.925,99.125,98.025,109.125,0.4262775153000007,-0.07999761457307497
16071,2020,62.34,Thüringen,50.97133723418925,11.372885972534954,100.0,100.0,100.0,100.0,100.025,100.025,11100.0,717800.0,646.7,62.34,1070.007729905663,14.306001,269.0,8.0,105.0,100.0,100.0,100.0,168.20332,18.16073,5.0,16032033.0,298.83041021743145,56.61191675710935,101.9,90.0,102.65,99.1,100.5,110.55,0.8398288029523542,0.04617617018493636
16071,2021,80.77,Thüringen,50.97133723418925,11.372885972534954,114.3,105.1,114.25,118.325,101.675,103.975,11800.0,921000.0,781.1,80.77,1220.1843538341002,15.012488,257.0,22.0,129.0,105.1,114.25,118.325,300.5878,16.849098,0.0,14227321.0,298.83041021743145,56.61191675710935,100.0,100.0,100.0,100.025,100.025,100.0,-0.5265505276680074,0.12225042454029134
16074,2018,61.59,Thüringen,50.90392161252288,11.732063487869777,102.7,95.4,96.925,109.125,99.125,98.025,11100.0,603300.0,543.2,61.59,1258.5585396565564,16.729506,259.40162601626014,17.297560975609755,122.63577235772358,95.4,96.925,109.125,98.716675,19.057423,13.0,17219250.0,293.8711554302379,56.34634215180621,93.1,96.7,94.2,99.3,96.425,101.7,-0.8132983175069626,0.09965093066555109
16074,2019,67.75,Thüringen,50.90392161252288,11.732063487869777,101.9,90.0,102.65,110.55,99.1,100.5,11000.0,679100.0,615.0,67.75,1211.7886159157908,15.759493,258.0,15.0,121.0,90.0,102.65,110.55,164.68,17.88972,5.0,16219310.0,293.8711554302379,56.34634215180621,102.7,95.4,96.925,99.125,98.025,109.125,0.44064261744489386,-0.06459872720263748
16074,2020,68.96,Thüringen,50.90392161252288,11.732063487869777,100.0,100.0,100.0,100.0,100.025,100.025,11100.0,717800.0,646.7,68.96,1183.633831477294,14.159717,269.0,8.0,105.0,100.0,100.0,100.0,182.26335,18.148726,5.0,16075484.0,293.8711554302379,56.34634215180621,101.9,90.0,102.65,99.1,100.5,110.55,0.8809783915509684,0.01998511120190427
16074,2021,79.72,Thüringen,50.90392161252288,11.732063487869777,114.3,105.1,114.25,118.325,101.675,103.975,11800.0,921000.0,781.1,79.72,1204.3221083032618,14.962262,257.0,22.0,129.0,105.1,114.25,118.325,326.87997,16.784517,0.0,14121568.0,293.8711554302379,56.34634215180621,100.0,100.0,100.0,100.025,100.025,100.0,-0.49680981999318874,0.12815100856827466
16075,2018,54.88,Thüringen,50.58097789937317,11.710381045989111,102.7,95.4,96.925,109.125,99.125,98.025,11100.0,603300.0,543.2,54.88,1121.4432969045597,15.711079,259.40162601626014,17.297560975609755,122.63577235772358,95.4,96.925,109.125,104.91072,17.879808,4.0,17151980.0,473.78533538472414,53.56651124174638,93.1,96.7,94.2,99.3,96.425,101.7,-0.817293545210589,0.10939222399050474
16075,2019,54.3,Thüringen,50.58097789937317,11.710381045989111,101.9,90.0,102.65,110.55,99.1,100.5,11000.0,679100.0,615.0,54.3,971.2195106159032,14.682221,258.0,15.0,121.0,90.0,102.65,110.55,185.98643,16.76105,2.0,16117632.0,473.78533538472414,53.56651124174638,102.7,95.4,96.925,99.125,98.025,109.125,0.43992231176542873,-0.003066151802798567
16075,2020,71.78,Thüringen,50.58097789937317,11.710381045989111,100.0,100.0,100.0,100.0,100.025,100.025,11100.0,717800.0,646.7,71.78,1232.0364910591672,13.02489,269.0,8.0,105.0,100.0,100.0,100.0,205.34145,16.988825,4.0,16031041.0,473.78533538472414,53.56651124174638,101.9,90.0,102.65,99.1,100.5,110.55,0.8849582009696633,0.028546302593197792
16075,2021,77.53,Thüringen,50.58097789937317,11.710381045989111,114.3,105.1,114.25,118.325,101.675,103.975,11800.0,921000.0,781.1,77.53,1171.237996196085,13.844145,257.0,22.0,129.0,105.1,114.25,118.325,343.03714,15.710445,0.0,13903172.0,473.78533538472414,53.56651124174638,100.0,100.0,100.0,100.025,100.025,100.0,-0.5037855794694792,0.1205151141081322
16076,2018,63.3,Thüringen,50.748952113570176,12.073544225875356,102.7,95.4,96.925,109.125,99.125,98.025,11100.0,603300.0,543.2,63.3,1293.501470372788,16.525219,259.40162601626014,17.297560975609755,122.63577235772358,95.4,96.925,109.125,93.37728,18.851847,8.0,17183596.0,345.58282326892333,51.81728158176075,93.1,96.7,94.2,99.3,96.425,101.7,-0.784049092629516,0.1004596473129924
16076,2019,72.54,Thüringen,50.748952113570176,12.073544225875356,101.9,90.0,102.65,110.55,99.1,100.5,11000.0,679100.0,615.0,72.54,1297.46341252445,15.580585,258.0,15.0,121.0,90.0,102.65,110.55,191.40363,17.59908,2.0,16194856.0,345.58282326892333,51.81728158176075,102.7,95.4,96.925,99.125,98.025,109.125,0.4364372790692528,0.010609922642032643
16076,2020,63.28,Thüringen,50.748952113570176,12.073544225875356,100.0,100.0,100.0,100.0,100.025,100.025,11100.0,717800.0,646.7,63.28,1086.141949766287,13.804764,269.0,8.0,105.0,100.0,100.0,100.0,202.7291,17.825647,5.0,16126739.0,345.58282326892333,51.81728158176075,101.9,90.0,102.65,99.1,100.5,110.55,0.8936773679462817,0.004353469212988514
16076,2021,85.37,Thüringen,50.748952113570176,12.073544225875356,114.3,105.1,114.25,118.325,101.675,103.975,11800.0,921000.0,781.1,85.37,1289.6760961596772,14.69125,257.0,22.0,129.0,105.1,114.25,118.325,341.5118,16.559809,0.0,14048493.0,345.58282326892333,51.81728158176075,100.0,100.0,100.0,100.025,100.025,100.0,-0.49039436423913685,0.1026172102089642
16077,2018,63.48,Thüringen,50.95532820638191,12.400058974321803,102.7,95.4,96.925,109.125,99.125,98.025,11100.0,603300.0,543.2,63.48,1297.1796736060755,17.059082,259.40162601626014,17.297560975609755,122.63577235772358,95.4,96.925,109.125,86.130005,19.38019,15.0,17232184.0,227.83220903103785,53.35449963023861,93.1,96.7,94.2,99.3,96.425,101.7,-0.8042689758818256,0.07092128993403501
16077,2019,74.37,Thüringen,50.95532820638191,12.400058974321803,101.9,90.0,102.65,110.55,99.1,100.5,11000.0,679100.0,615.0,74.37,1330.1951197883006,16.17586,258.0,15.0,121.0,90.0,102.65,110.55,182.01997,18.111492,6.0,16259356.0,227.83220903103785,53.35449963023861,102.7,95.4,96.925,99.125,98.025,109.125,0.4133243335066936,0.056302754368925845
16077,2020,69.92,Thüringen,50.95532820638191,12.400058974321803,100.0,100.0,100.0,100.0,100.025,100.025,11100.0,717800.0,646.7,69.92,1200.1113326115487,14.342058,269.0,8.0,105.0,100.0,100.0,100.0,198.43999,18.336885,5.0,16191942.0,227.83220903103785,53.35449963023861,101.9,90.0,102.65,99.1,100.5,110.55,0.9289688448123457,-0.02240215917107058
16077,2021,85.9,Thüringen,50.95532820638191,12.400058974321803,114.3,105.1,114.25,118.325,101.675,103.975,11800.0,921000.0,781.1,85.9,1297.6827534276242,15.266834,257.0,22.0,129.0,105.1,114.25,118.325,321.12,17.109478,0.0,14222829.0,227.83220903103785,53.35449963023861,100.0,100.0,100.0,100.025,100.025,100.0,-0.46627392462869466,0.08062243304502248
