year,district_no,mild_winter_days,fungal_risk_days,VegetationVigorIndex,RootZoneDepletion
1981,01003,13,0,,
1982,01003,14,0,,
1983,01003,27,1,,
1984,01003,21,0,,
1985,01003,6,0,,
1986,01003,10,0,,
1987,01003,4,0,,
1988,01003,34,1,,
1989,01003,41,2,,0.006583105119022541
1990,01003,46,3,,0.0053052319006549045
1991,01003,19,1,,0.006406560317765394
1992,01003,34,0,,0.10965589081176334
1993,01003,22,3,,0.150682714270654
1994,01003,27,1,,0.004988153136301285
1995,01003,28,1,,0.0053273666826487666
1996,01003,1,0,,6.3287315
1997,01003,19,2,,0.11798589196213106
1998,01003,43,3,,0.076155380351324
1999,01003,25,3,,0.04011148294539599
2000,01003,38,1,,0.13749166611661892
2001,01003,21,3,0.1388321879595597,0.027830798053969118
2002,01003,30,8,0.054108615893731296,0.005913447151544247
2003,01003,13,0,-0.0641470727375424,0.1588137136394161
2004,01003,21,3,-0.0328239796897493,0.08129235423933935
2005,01003,20,1,0.0971393415669706,0.009045271584279318
2006,01003,8,0,-0.016234636191081397,0.24733557686099814
2007,01003,42,5,0.21916086797002438,0.021358515436049563
2008,01003,42,3,0.0035889239883230006,0.04370913155843623
2009,01003,12,0,0.1000753969385753,0.15928542192908599
2010,01003,3,0,-0.2735336993782638,0.4078822111564337
2011,01003,18,0,-0.3357217860127969,0.18739102473369992
2012,01003,24,2,0.034077926243911295,0.07924840642970969
2013,01003,16,1,-0.2251461297079685,0.07368274516181493
2014,01003,37,4,0.1199232875904445,0.07106484513765542
2015,01003,29,1,0.2932753390620202,0.07021700461589185
1981,01051,20,0,,
1982,01051,17,0,,
1983,01051,33,1,,
1984,01051,27,0,,
1985,01051,5,0,,
1986,01051,10,0,,
1987,01051,8,0,,
1988,01051,43,1,,
1989,01051,51,2,,0.004539182220931077
1990,01051,49,4,,0.0027716147843475825
1991,01051,22,1,,0.00559612747978399
1992,01051,39,0,,0.04047191069105583
1993,01051,32,2,,0.1357470082561597
1994,01051,31,0,,0.0035242166547430668
1995,01051,34,0,,0.003346882629846495
1996,01051,5,0,,1.0
1997,01051,28,3,,0.3153940989187656
1998,01051,42,1,,0.07110792776157607
1999,01051,31,3,,0.07121152923006283
2000,01051,42,1,,0.21818916734835528
2001,01051,25,3,0.1502656093364775,0.03097221792052529
2002,01051,38,7,0.0688780668817023,0.0029318849821521505
2003,01051,18,0,-0.084509549352978,0.10491508898759383
2004,01051,27,2,-0.026023634800990902,0.05417669756802311
2005,01051,27,3,0.032510597060568705,0.024410518284448762
2006,01051,15,0,0.08020108905817011,0.14172517766635412
2007,01051,46,7,0.1522411504150026,0.014320746500615392
2008,01051,47,3,-0.001209557960768201,0.019968427226688793
2009,01051,19,0,-0.009326144899820497,0.0267536261051652
2010,01051,4,0,-0.2474925061165285,0.11116336768356971
2011,01051,21,0,-0.2752002341130732,0.0999879135821121
2012,01051,30,1,-0.051975752039594,0.02111105197540686
2013,01051,17,0,-0.1906291809914187,0.05190859965777999
2014,01051,42,4,0.0612928299467098,0.03177935371151852
2015,01051,37,1,0.2588616903733202,0.050711544314209336
2016,01051,30,1,0.0108866036843253,0.004980334263461367
2017,01051,30,1,0.1243607605454006,0.025071526430039816
2018,01051,23,1,0.0639654769890358,0.004433311905659123
2019,01051,33,0,0.20889293530191402,0.005258480614611214
2020,01051,57,8,0.0905250367476099,0.026317706226222513
2021,01051,25,0,0.133463380184713,0.004527509145568474
2022,01051,51,3,0.10887209752923,0.05196143565595214
2023,01051,38,5,0.0672355812872214,0.051968587413584205
2024,01051,39,4,-0.20554384506622958,0.03447899019560389
1981,01053,15,0,,
1982,01053,15,0,,
1983,01053,28,1,,
1984,01053,24,0,,
1985,01053,8,0,,
1986,01053,10,0,,
1987,01053,5,0,,
1988,01053,34,1,,
1989,01053,38,2,,0.005576218543157143
1990,01053,48,4,,0.008512241488969972
1991,01053,19,1,,0.02093517245918905
1992,01053,32,0,,0.1383368841264839
1993,01053,21,4,,0.0935420384604058
1994,01053,29,1,,0.0037659393382491403
1995,01053,28,3,,0.013569505960386611
1996,01053,2,0,,0.9344331518451299
1997,01053,23,2,,0.11490370291702068
1998,01053,42,2,,0.08087997754673697
1999,01053,27,3,,0.0503374952998684
2000,01053,36,1,,0.12604754317847103
2001,01053,21,3,0.1732897925566822,0.04400549919004178
2002,01053,30,8,0.0603966596742022,0.014007379683395865
2003,01053,12,0,-0.0757742708815672,0.15849302808875776
2004,01053,21,3,-0.020230761657236095,0.0906673288873289
2005,01053,21,0,0.1264347222502644,0.020893592321111466
2006,01053,9,0,-0.0246041027937398,0.22775836642087352
2007,01053,42,6,0.2478271076689268,0.029844867391181938
2008,01053,42,3,0.0465569974704754,0.047421982142857144
2009,01053,14,0,0.077856396723767,0.1451704175325345
2010,01053,4,0,-0.33072778331017516,0.3863529526184098
2011,01053,19,0,-0.3490246264277564,0.1552814274567928
2012,01053,26,2,0.0187998891133931,0.10013921089935422
2013,01053,16,1,-0.2806743012013359,0.073686302346133
2014,01053,38,5,0.1153671852758712,0.06407427542886529
2015,01053,28,1,0.3054126111194789,0.09393984709577133
2016,01053,24,3,0.0188699804364618,0.025607482823784482
2017,01053,20,0,-0.027712112399513898,0.07761251862891205
2018,01053,18,1,0.09674855212177301,0.02331296816542816
2019,01053,28,0,0.1533412812373321,0.02453252247701788
2020,01053,50,9,0.1128568910232235,0.0526515744000799
2021,01053,22,0,0.06015173963473049,0.018247403308923243
2022,01053,48,2,0.1423194926851637,0.06764916745956231
2023,01053,36,4,0.08981529267125431,0.08691785918614818
2024,01053,37,6,-0.2366031329916752,0.03913770359943696
1981,01054,20,0,,
1982,01054,17,0,,
1983,01054,33,0,,
1984,01054,29,0,,
1985,01054,9,0,,
1986,01054,10,0,,
1987,01054,9,0,,
1988,01054,47,0,,
1989,01054,54,0,,0.008231977115103619
1990,01054,53,0,,0.00398379392630778
1991,01054,26,0,,0.015098441840802026
1992,01054,40,0,,0.00782472613458529
1993,01054,33,0,,0.010272477464752561
1994,01054,34,0,,0.00936461113452264
1995,01054,37,0,,0.007681022497714897
1996,01054,7,0,,1.0
1997,01054,28,0,,1.0
1998,01054,43,0,,0.008081983642065109
1999,01054,32,0,,0.00930384016002605
2000,01054,47,0,,0.034248323410710706
2001,01054,26,0,0.187081701999311,0.06141751627564181
2002,01054,40,0,0.1056775162263273,0.011246316831237769
2003,01054,19,0,-0.0292325040279898,0.03125195324707794
2004,01054,25,0,0.142062056216577,0.006384044994749123
2005,01054,28,0,0.008871752540598198,0.007811523559555054
2006,01054,19,0,0.056998537316974095,0.013989144423927034
2007,01054,47,0,0.15962295177229818,0.002952957904108598
2008,01054,50,0,-0.029138857310952407,0.005915094730242105
2009,01054,26,0,0.057156151947082,1.0
2010,01054,5,0,-0.39853793219371914,0.049376620170349335
2011,01054,20,0,-0.3443255886877258,0.015283976279268816
2012,01054,32,0,-0.0848047439981211,0.009136717268852476
2013,01054,19,0,-0.1240130160551275,0.007792987090916885
2014,01054,44,0,0.0238356450913665,0.004658638280030747
2015,01054,40,0,0.245518101188922,0.008369321415419639
2018,01054,27,0,0.034760939425297996,0.007137147424917209
2019,01054,33,0,0.21982723046476849,0.008022141109462115
2020,01054,57,0,0.1030541937310209,0.0031930927018673206
2021,01054,27,0,0.1555555315484472,0.008622213408404071
2022,01054,51,0,0.1150848111397155,0.003732986912147887
2023,01054,41,0,0.05201901960030339,0.004181056469348675
2024,01054,44,0,-0.08251355145842079,0.003931675345839993
1981,01055,15,0,,
1982,01055,13,0,,
1983,01055,32,4,,
1984,01055,25,0,,
1985,01055,5,0,,
1986,01055,10,0,,
1987,01055,6,0,,
1988,01055,48,2,,
1989,01055,53,4,,0.007173343854237652
1990,01055,50,11,,0.0028726469430727553
1991,01055,22,1,,0.0027874681009119203
1992,01055,40,1,,0.0055832391161732475
1993,01055,30,9,,0.01211944929222416
1994,01055,32,2,,0.011016127610822244
1995,01055,31,4,,0.0022058012573067166
1996,01055,2,0,,1.0
1997,01055,24,4,,3.8914928
1998,01055,44,7,,0.0036072953942052404
1999,01055,28,5,,0.008290327260668615
2000,01055,46,2,,0.09337877224999341
2001,01055,25,4,0.20216565939584158,0.01692219176227705
2002,01055,35,13,0.005128752942560499,0.0030678846168595603
2003,01055,16,0,-0.1000730506909825,0.011727797812765709
2004,01055,23,3,0.0351212413563046,0.017349989997691773
2005,01055,25,4,0.0896332141107556,0.012704058946833513
2006,01055,9,0,0.027492064883697404,0.03452895547823617
2007,01055,46,12,0.23575148953610603,0.002672996321957061
2008,01055,52,8,0.002622597140746294,0.003767961401003408
2009,01055,19,0,0.0223909068701828,0.009936160170901955
2010,01055,3,0,-0.33694346834757366,1.0
2011,01055,18,1,-0.3483476094746107,0.12048160629036787
2012,01055,30,2,0.0320648580085799,0.012372792229886478
2013,01055,16,3,-0.2530892589465528,0.00703747101441626
2014,01055,42,4,0.1428574890486486,0.017164915183689938
2015,01055,37,2,0.3228675312024426,0.005281448384404939
2023,01055,45,12,0.06809931120046041,0.032498198693186146
1981,01056,19,0,,
1982,01056,18,0,,
1983,01056,33,1,,
1984,01056,26,0,,
1985,01056,7,0,,
1986,01056,10,0,,
1987,01056,8,0,,
1988,01056,41,2,,
1989,01056,46,2,,0.048936514792669666
1990,01056,51,4,,0.011212704417687224
1991,01056,19,1,,0.022517808329114864
1992,01056,37,0,,0.1617220846452943
1993,01056,31,4,,0.15055373526713248
1994,01056,33,2,,0.003683702563120243
1995,01056,33,2,,0.033723301060057685
1996,01056,5,1,,10.789295
1997,01056,27,3,,0.11572278385089163
1998,01056,44,4,,0.10999484613172275
1999,01056,30,2,,0.06124534783593927
2000,01056,39,1,,0.35102072102690124
2001,01056,27,3,0.1613685047608953,0.0683646641844758
2002,01056,37,11,0.0711846915121593,0.02471149403725044
2003,01056,17,0,-0.0396616602858712,0.2792447663844465
2004,01056,26,3,0.0394555197755524,0.10259370655544861
2005,01056,25,1,0.0691660458381325,0.10002020262020263
2006,01056,13,0,0.0230660407207834,0.2993469670111116
2008,01056,47,6,-0.00816094827289629,0.05075963860680304
1981,01057,14,0,,
1982,01057,13,0,,
1983,01057,27,3,,
1984,01057,21,0,,
1985,01057,5,0,,
1986,01057,9,0,,
1987,01057,4,0,,
1988,01057,38,1,,
1989,01057,46,2,,0.005649972880130175
1990,01057,47,4,,0.00307607124180996
1991,01057,19,1,,0.005401084537775185
1992,01057,33,0,,0.02326444423849243
1993,01057,24,4,,0.041770818170890296
1994,01057,28,1,,0.003599051290079935
1995,01057,28,1,,0.004504626251159941
1996,01057,2,0,,1.0
1997,01057,19,3,,0.06254270028466857
1998,01057,42,3,,0.027218997211818485
1999,01057,25,2,,0.017808432015037214
2000,01057,38,1,,0.08590570124618696
2001,01057,22,3,0.18646549127763679,1.0
2002,01057,32,9,0.0484141345282935,0.0035674470457079154
2003,01057,15,0,-0.0429960407746231,0.05607203554507543
2004,01057,21,2,-0.07391738660635509,0.04817537706430776
2005,01057,19,3,0.0708709393143286,0.006987631891551952
2006,01057,8,0,-0.0005964781638970983,0.15441547119197574
2007,01057,43,6,0.22283853627951478,0.010202244886561088
2008,01057,44,4,0.0442955673813058,0.022848558251850677
2009,01057,13,0,0.051922820767830696,0.05549087985103051
2010,01057,3,0,-0.30773907449362536,3.2511387
2011,01057,17,0,-0.35527485470893366,0.1496260443976922
2012,01057,27,2,0.004186256538272398,0.025044397695398377
2013,01057,16,0,-0.2730478584096302,0.051094867729528176
2014,01057,38,4,0.156498819610296,0.05949837850359046
2015,01057,30,1,0.31964952416648396,0.03328302116909138
2023,01057,36,5,-0.023103003467577703,0.061833582577007704
1981,01058,17,0,,
1982,01058,13,0,,
1983,01058,33,1,,
1984,01058,23,0,,
1985,01058,6,0,,
1986,01058,9,0,,
1987,01058,5,0,,
1988,01058,38,1,,
1989,01058,48,2,,0.005014366159045666
1990,01058,49,4,,0.00301182139899104
1991,01058,20,1,,0.006022264311158351
1992,01058,36,0,,0.04561349625906347
1993,01058,24,3,,0.3393050615204545
1994,01058,28,0,,0.0038035540408958126
1995,01058,29,0,,0.003929257645353063
1996,01058,2,0,,1.21374702
1997,01058,22,3,,0.6224926101740565
1998,01058,43,2,,0.06002861248795264
1999,01058,26,2,,0.11798954191875538
2000,01058,40,1,,0.2978703547771415
2001,01058,24,3,0.1586973318623085,0.03882590464357819
2002,01058,35,8,0.0363208513075869,0.005426009576906903
2003,01058,18,0,-0.043622359048845205,0.12852563812235127
2004,01058,22,2,0.021483967142581904,0.057027973872761616
2005,01058,20,2,0.0564774412959648,0.03599481523245707
2006,01058,11,0,0.055689009046250196,0.10558311063067391
2007,01058,41,5,0.1687452483943458,0.015644041763070403
2008,01058,46,2,0.02005063574798331,0.0278922395064532
2009,01058,15,0,0.072955390250193,0.01722046354127474
2010,01058,3,0,-0.32737689929580144,6.953251
2011,01058,18,0,-0.34104800078313463,0.06135045296534288
2012,01058,27,1,-0.0168271188172834,0.018724878754477817
2013,01058,16,0,-0.21284214607205743,0.04673113036469877
2014,01058,41,3,0.1059704310277029,0.03083278522260189
2015,01058,32,1,0.233704768550406,0.06971011155460036
2016,01058,27,2,0.0589222866619365,0.00531869026848259
2017,01058,28,1,0.087709419242293,0.023466504526616954
2018,01058,20,1,0.0035194252616665977,0.004808987034970954
2019,01058,30,0,0.2120682659430137,0.007337187802658997
2020,01058,55,8,0.0845593119580692,0.027559905053756332
2021,01058,23,0,0.1648745242638181,0.0059468235042252175
2022,01058,47,3,0.10396802448737939,0.05503607441766663
2023,01058,37,5,-0.0030060384833547962,0.054576184261213044
2024,01058,40,4,-0.1804512699430236,0.041924913290042484
1981,01059,17,0,,
1982,01059,13,0,,
1983,01059,30,1,,
1984,01059,19,0,,
1985,01059,7,0,,
1986,01059,9,0,,
1987,01059,4,0,,
1988,01059,42,1,,
1989,01059,49,0,,0.007637493985473485
1990,01059,47,3,,0.0031928531175816057
1991,01059,20,0,,0.015988232660761676
1992,01059,38,0,,0.006672271374621349
1993,01059,25,0,,0.10457586907512037
1994,01059,28,0,,0.009711330695088494
1995,01059,30,0,,0.004248124453053977
1996,01059,2,0,,1.0
1997,01059,21,0,,7.4382772
1998,01059,42,1,,0.03603160841604656
1999,01059,26,1,,0.009929747039694164
2000,01059,41,1,,0.28028863662303233
2001,01059,23,0,0.20948067403029869,0.07091444172605751
2002,01059,36,4,0.0573003589511593,0.005357334190506804
2003,01059,18,0,0.0114333113488429,0.12043673596998593
2004,01059,21,2,0.1267444261064194,0.05326146837033933
2005,01059,20,2,0.0242505375489797,0.007306096206674849
2006,01059,10,0,0.0370045667562284,0.0232360344420854
2007,01059,41,3,0.0736751063789314,0.0024482770862075086
2008,01059,47,0,-0.0117738131271089,0.0036854131348124128
2009,01059,16,0,0.0744887173696244,0.01462041741291714
2010,01059,3,0,-0.41818514266805007,1.0
2011,01059,17,0,-0.3915045630309145,0.08523892625265671
2012,01059,26,0,-0.0362755964381184,0.008665511265164644
2013,01059,15,0,-0.120409927325102,0.009573867172166853
2014,01059,41,1,0.0532176087733893,0.011204434579645043
2015,01059,34,1,0.2360604927275673,0.013510272990272005
2016,01059,27,1,0.0522673458203164,0.004638864405993413
2017,01059,27,1,0.0929759721919852,0.007401212318577783
2018,01059,19,1,0.0611706501070251,0.006796063719893437
2019,01059,31,0,0.2085447850464226,0.006860169171771776
2020,01059,55,5,0.0773027374724148,0.010171394245611146
2021,01059,21,0,0.1977077253898759,0.006086371700806139
2022,01059,49,3,0.0915300514086538,0.0339379172387671
2023,01059,38,2,0.05665387669708819,0.04988025303540455
2024,01059,40,3,-0.13553240153593019,0.02949825421181186
1981,01060,14,0,,
1982,01060,15,0,,
1983,01060,29,2,,
1984,01060,23,0,,
1985,01060,7,0,,
1986,01060,10,0,,
1987,01060,6,0,,
1988,01060,37,1,,
1989,01060,45,2,,0.00535561268209083
1990,01060,47,4,,0.005887180668446844
1991,01060,18,1,,0.011206785318884827
1992,01060,33,0,,0.12171819497658577
1993,01060,24,3,,0.1477752578943224
1994,01060,27,1,,0.0035233350480230576
1995,01060,28,1,,0.01171116554733803
1996,01060,2,0,,7.302739
1997,01060,21,2,,0.09749533791963153
1998,01060,41,2,,0.08189788770453162
1999,01060,26,2,,0.04842273559238189
2000,01060,38,1,,0.13351929530201342
2001,01060,24,3,0.1553474839863695,0.04429228586034869
2002,01060,32,9,0.0533469188993408,0.012901829525208262
2003,01060,16,0,-0.0765608854081506,0.1748690445365096
2004,01060,21,2,-0.0652250925941832,0.09460549831809938
2005,01060,19,2,0.08254923978537371,0.014285464151505004
2006,01060,10,0,0.020828821911681804,0.21749437802217725
2007,01060,42,5,0.2144192347650009,0.02625034312032949
2008,01060,43,3,0.0441465420396495,0.0429429664250954
2009,01060,14,0,0.0445234156744117,0.14410416160880474
2010,01060,4,0,-0.2738657952432815,0.3624877180551338
2011,01060,19,0,-0.3413417892163454,0.16738809884313552
2012,01060,25,2,0.0473681234058071,0.1097994912765288
2013,01060,16,0,-0.2145150547998373,0.0886756860885543
2014,01060,38,4,0.126864478848258,0.09421363092020898
2015,01060,29,1,0.2880135261510778,0.07132267470812816
2016,01060,25,2,0.015548801666928999,0.024660632266231382
2017,01060,24,0,0.0851400729938951,0.07115344308288979
2018,01060,17,1,-0.009079674905786192,0.018363594418306248
2019,01060,28,0,0.2155171303735568,0.020842644534952225
2020,01060,52,9,0.0652477422773253,0.05493753546684262
2021,01060,23,0,0.1460336672078745,0.015671072366997434
2022,01060,46,3,0.057240211368859,0.06880303459506483
2023,01060,37,4,0.003788998304475797,0.08433574648897298
2024,01060,39,5,-0.1846426174923019,0.04740407424508265
1981,01061,18,0,,
1982,01061,18,0,,
1983,01061,30,2,,
1984,01061,26,0,,
1985,01061,7,0,,
1986,01061,10,0,,
1987,01061,8,0,,
1988,01061,41,1,,
1989,01061,47,2,,0.03192614461140099
1990,01061,49,4,,0.006443756855097222
1991,01061,19,1,,0.00582228070379729
1992,01061,37,0,,0.13941346648232994
1993,01061,28,3,,0.28528770716165425
1994,01061,29,2,,0.0036449524698197937
1995,01061,31,0,,0.006570678193266837
1996,01061,4,0,,7.447278
1997,01061,26,3,,0.3986144980378828
1998,01061,42,1,,0.10318564597436997
1999,01061,29,1,,0.15840409265182967
2000,01061,39,1,,0.311504762882365
2001,01061,25,3,0.1600000622398332,0.14006932881802361
2002,01061,37,9,0.051237409721229796,0.015933310824498618
2003,01061,18,0,-0.0814127488323347,0.22876387357010053
2004,01061,24,2,0.0676591473236421,0.09876850321666764
2005,01061,22,2,0.0512039938301348,0.08604088894734344
2006,01061,14,0,0.0499143349286313,0.25434026689875255
2007,01061,43,7,0.1696414782142595,0.03303872904933161
2008,01061,46,4,-0.0148084251487611,0.04074359273506969
2009,01061,16,0,0.0150318900522847,0.11243380267072578
2010,01061,5,0,-0.2981910898818678,0.8491832532939293
2011,01061,21,0,-0.308941738951966,0.11700115871705218
2012,01061,27,1,-0.0074737941940076005,0.09717695148511726
2013,01061,16,0,-0.2026115109740156,0.11653388630579951
2014,01061,41,5,0.0915642960405395,0.059613454092643535
2015,01061,32,1,0.2495578023233973,0.1220957238277696
2016,01061,30,2,0.0476794726125705,0.02160316021978708
2017,01061,29,1,0.09789201844433551,0.07098023909985936
2018,01061,19,1,0.0353139283025718,0.016644846892861487
2019,01061,31,0,0.2133926499229505,0.011958969234079174
2020,01061,56,9,0.0684423497825262,0.04547677980953112
2021,01061,23,0,0.09968617906955379,0.005857887645714955
2022,01061,47,3,0.1044538604573792,0.06602484846491949
2023,01061,37,5,0.0268052584113061,0.08566163432997188
1981,01062,15,0,,
1982,01062,16,0,,
1983,01062,28,2,,
1984,01062,24,0,,
1985,01062,8,0,,
1986,01062,10,0,,
1987,01062,7,0,,
1988,01062,34,1,,
1989,01062,40,2,,0.005393976007594718
1990,01062,47,4,,0.005330559706138712
1991,01062,18,1,,0.010516839765908587
1992,01062,32,0,,0.11379685959362801
1993,01062,21,3,,0.14816036854188253
1994,01062,30,1,,0.0035442266320277584
1995,01062,28,2,,0.010120710587122802
1996,01062,1,0,,0.8333924927815206
1997,01062,22,2,,0.0903950644939623
1998,01062,43,2,,0.08362700633632492
1999,01062,28,3,,0.03502275715542087
2000,01062,37,1,,0.12399841814799595
2001,01062,21,3,0.1620155701468585,0.030894859238389125
2002,01062,30,8,0.0467632688214,0.006933521475057855
2003,01062,13,0,-0.051396763680895796,0.15095115273306667
2004,01062,20,3,-0.017298309680187498,0.10258894869859192
2005,01062,21,1,0.1287323661306993,0.009337088943841738
2006,01062,9,0,0.000494682013555299,0.21953395719813631
2007,01062,42,5,0.20056061417487248,0.02578337309035925
2008,01062,41,3,0.03468130900672389,0.0343560480916539
2009,01062,14,0,0.06629738849686259,0.13455312689738919
2010,01062,4,0,-0.2959402074841161,18.005278
2011,01062,19,0,-0.3503045002447147,0.14348214103015902
2012,01062,26,2,0.0321443059724018,0.09013110973552295
2013,01062,16,1,-0.2208911160006695,0.08401317196907185
2014,01062,37,3,0.12486745851152031,0.09171256088358372
2015,01062,29,1,0.2913152558834874,0.06703793659322944
1981,03102,12,0,,
1982,03102,19,1,,
1983,03102,28,3,,
1984,03102,23,0,,
1985,03102,12,0,,
1986,03102,10,0,,
1987,03102,12,0,,
1988,03102,44,3,,
1989,03102,38,3,,0.042578297317436654
1990,03102,48,6,,0.025526557887453873
1991,03102,20,3,,0.05756353308827022
1992,03102,33,2,,0.20532126988215596
1993,03102,25,6,,0.05662851818687834
1994,03102,31,1,,0.007462453067388901
1995,03102,32,5,,0.058968763886083624
1996,03102,9,0,,1.2800513708349888
1997,03102,28,4,,0.10355293893959147
1998,03102,41,4,,0.10688863189275319
1999,03102,34,3,,0.08022154637483356
2000,03102,34,2,,0.15652735478154936
2001,03102,25,5,0.1784345436847365,0.12016529084004687
2002,03102,38,11,0.0244163323814192,0.061279607006657626
2003,03102,17,0,-0.1356869245288974,0.1363646427493858
2004,03102,25,4,-0.0894734484417007,0.08998155353633178
2005,03102,26,1,0.0151652922276788,0.13941582921777917
2006,03102,11,0,0.0216624662794603,0.1925801841876629
2007,03102,46,12,0.176392351223991,0.06428597741803836
2008,03102,41,6,-0.034460381631461805,0.07006904791282341
2009,03102,16,0,-0.047661616546398694,0.1113698873708621
2010,03102,8,2,-0.1418669472412124,0.1682541902704759
2011,03102,23,3,-0.12448395947813551,0.07853142076502732
2012,03102,28,2,-0.0518783707045459,0.08348402023889583
2013,03102,19,1,-0.2494059250531387,0.17720114843525694
2014,03102,39,5,0.09066743897488241,0.05553224002549764
2015,03102,26,2,0.2436329859193982,0.17498769713200119
2016,03102,30,6,0.0372282584367412,0.07837974508174009
2017,03102,20,2,0.0390907444636766,0.09927304564471397
2018,03102,25,1,0.1961669990041528,0.08568447699530517
2019,03102,33,1,0.1192263526095016,0.1197259817939989
2020,03102,48,10,0.1496752228508341,0.10209689074170575
2021,03102,24,0,0.0263076889074071,0.060656595736478934
2022,03102,47,4,0.0531096238588837,0.1313016334360286
2023,03102,35,7,0.0742258412901798,0.11130645627327597
2024,03102,43,17,-0.0104575684874519,0.047350875601873225
1981,03103,11,0,,
1982,03103,15,1,,
1983,03103,28,2,,
1984,03103,23,0,,
1985,03103,7,0,,
1986,03103,10,0,,
1987,03103,10,0,,
1988,03103,33,3,,
1989,03103,37,2,,0.044615850717703354
1990,03103,46,4,,0.039506542384804784
1991,03103,21,2,,0.06765340846461466
1992,03103,30,1,,0.1685348474936626
1993,03103,26,3,,0.057729627805937725
1994,03103,32,1,,0.012433994087984698
1995,03103,34,5,,0.07840273303760159
1996,03103,5,0,,3.668712635776158
1997,03103,28,4,,0.09234013299907881
1998,03103,41,3,,0.13719243789026173
1999,03103,33,2,,0.08963017629069976
2000,03103,32,1,,0.15761598401149737
2001,03103,24,3,0.2577888322724242,0.12711873654611744
2002,03103,36,11,0.017195362497977297,0.06907062346619963
2003,03103,14,0,-0.1713774648159156,0.17097505310903144
2004,03103,25,3,0.0092279747882147,0.11200888614906902
2005,03103,25,1,0.0742352557298058,0.11922649889167629
2006,03103,10,0,-0.029366510636330303,0.24964726589275843
2007,03103,44,10,0.1786918073813079,0.07385124247894104
2008,03103,40,5,-0.009513528246323108,0.0957163205657218
2009,03103,12,0,0.043094061232688996,0.1386149064515338
2010,03103,7,2,-0.2328960509344159,0.1399118606912693
2011,03103,21,1,-0.19318137290574558,0.11531468040581706
2012,03103,28,3,-0.045416411632494796,0.11063079017364248
2013,03103,18,1,-0.2701726751057506,0.10529326343655301
2014,03103,35,5,0.11047404365422919,0.06963874066168624
2015,03103,25,2,0.2228118633323955,0.15776045419754697
2016,03103,26,6,-0.030104178712307698,0.08767962932868455
2017,03103,18,0,-0.014847686486892202,0.12005102731775266
2018,03103,23,1,0.2129765074245398,0.10482971642422757
2020,03103,48,11,0.1567821053357451,0.11399953615840012
2022,03103,48,4,0.0941271460393577,0.11472388592958296
2023,03103,35,5,0.067612807115008,0.12205939903599632
2024,03103,40,14,-0.10324781509513371,0.04302348540048694
1981,03151,11,0,,
1982,03151,15,1,,
1983,03151,26,2,,
1984,03151,22,0,,
1985,03151,7,0,,
1986,03151,10,0,,
1987,03151,7,0,,
1988,03151,32,3,,
1989,03151,36,2,,0.0703689435141964
1990,03151,45,3,,0.03372387395343908
1991,03151,22,2,,0.06541515224958766
1992,03151,31,1,,0.21192625836846016
1993,03151,25,3,,0.05126358425904041
1994,03151,30,2,,0.0028086731827884504
1995,03151,27,6,,0.0486732488364605
1996,03151,5,0,,3.27749801980198
1997,03151,25,3,,0.06930593306820025
1998,03151,43,3,,0.11024791177850775
1999,03151,31,3,,0.08949479152476184
2000,03151,33,1,,0.14178929694705228
2001,03151,25,3,0.1984747144862728,0.12436814179352944
2002,03151,35,11,0.0302226825226039,0.08021953322702534
2003,03151,13,0,-0.1536876230436595,0.2253986342496701
2004,03151,23,3,-0.0009843410835226,0.1228891427634366
2005,03151,24,1,0.0465258212857714,0.13349341853701496
2006,03151,10,0,-0.0297157820159015,0.334532383537893
2007,03151,43,11,0.15740370813453242,0.07605650782668857
2008,03151,38,5,-0.0018710643021143947,0.09106919657238578
2009,03151,14,0,0.0383674452904929,0.14965365186316457
2010,03151,5,1,-0.2000828387332679,0.24553692592633672
2011,03151,20,1,-0.2105094842902936,0.12452869463267294
2012,03151,27,4,-0.0340764343696303,0.07219258801130231
2013,03151,16,1,-0.2010938382499685,0.12447308783761224
2014,03151,35,5,0.09338582068307151,0.07052099692070823
2015,03151,28,2,0.2218403454882889,0.1656031430354079
2016,03151,26,6,0.012491666552427,0.07508010265183919
2017,03151,15,0,0.0022946211365392974,0.10865435381165496
2018,03151,21,1,0.1829183107182304,0.0957864165784299
2019,03151,29,1,0.1448857772760966,0.1522262732666829
2020,03151,47,9,0.1296190361386873,0.09406012969410264
2021,03151,22,1,0.029038878832865295,0.06029606049848661
2022,03151,46,4,0.1046190928163894,0.10327964359150102
2023,03151,35,4,0.0386521416797022,0.14072319121231347
2024,03151,39,9,-0.114519656953613,0.04382644797007067
1981,03153,5,0,,
1982,03153,10,0,,
1983,03153,21,2,,
1984,03153,8,0,,
1985,03153,6,0,,
1986,03153,9,0,,
1987,03153,4,0,,
1988,03153,25,1,,
1989,03153,24,1,,0.003725782414307004
1990,03153,40,2,,0.0032031570315703157
1991,03153,15,1,,0.006562648685009269
1992,03153,25,0,,0.03716690117414729
1993,03153,15,0,,0.009680307833789115
1994,03153,20,0,,0.0038941492354811515
1995,03153,25,1,,0.003606774966096316
1996,03153,2,0,,1.0
1997,03153,19,1,,0.005432420686657975
1998,03153,38,0,,0.11085313371742575
1999,03153,23,1,,0.011425698681474371
2000,03153,23,1,,0.06896978884028278
2001,03153,21,0,0.2003302370587515,0.032898655641125735
2002,03153,29,3,0.0004337474044748008,0.004616933063704443
2003,03153,11,0,-0.19672387116529838,0.01676221127091086
2004,03153,15,2,-0.05075695346932339,0.045444942086141846
2005,03153,16,0,0.0158685898508991,0.007080523250668223
2006,03153,8,0,0.0018393163637214997,0.0923605490877498
2007,03153,38,3,0.17961469421937598,0.009766870357774451
2008,03153,32,2,-0.0443050901772543,0.019454904987897155
2009,03153,7,0,-0.1147544028525348,0.01599992341432848
2010,03153,5,0,-0.1099967930733374,0.006986533456762091
2011,03153,14,0,-0.136924698749272,0.007362824859929447
2012,03153,23,2,0.0093241067014047,0.010674523115679808
2013,03153,14,0,-0.2284510057823132,0.008203108978302776
2014,03153,31,1,0.1145344699366504,0.004139227040742412
2015,03153,11,1,0.2521035553979441,0.06285965803749227
2016,03153,24,0,0.060552372844184604,0.00472304088264188
2017,03153,9,1,0.0275894952952916,0.005062394006125497
2018,03153,16,0,0.1849586517792637,0.006259780907668232
2019,03153,22,0,0.1286770928667705,0.008426303549159055
2020,03153,40,3,0.19739905561474289,0.06446737483464944
2021,03153,17,0,0.0005054832879691981,0.008447143003996247
2022,03153,32,2,0.0209550095555142,0.05952929457335665
2023,03153,31,2,0.09481575402856529,0.0610255459702823
2024,03153,34,3,-0.0475618169361907,0.031649911463116395
1981,03155,5,0,,
1982,03155,12,0,,
1983,03155,22,2,,
1984,03155,12,0,,
1985,03155,5,0,,
1986,03155,9,0,,
1987,03155,5,0,,
1988,03155,29,1,,
1989,03155,29,2,,0.019828515523839664
1990,03155,41,2,,0.00303403310332722
1991,03155,16,1,,0.05201519620840514
1992,03155,23,0,,0.14048127205283634
1993,03155,20,2,,0.10479072287268576
1994,03155,23,1,,0.0036174411306673995
1995,03155,27,1,,0.0530118337795084
1996,03155,5,0,,9.84169
1997,03155,20,2,,0.050253976736489875
1998,03155,37,2,,0.12298222128450069
1999,03155,26,2,,0.06459483085079526
2000,03155,28,1,,0.15944945037605848
2001,03155,24,3,0.20547535298813172,0.12485555759967888
2002,03155,29,6,-0.0513732978550111,0.04441036961787919
2003,03155,12,0,-0.17981297143141,0.12308437622380003
2004,03155,20,4,-0.06617525812865781,0.06973443282609311
2005,03155,20,1,-0.0170474331047465,0.08055647193585339
2006,03155,8,0,-0.10814613106812919,0.15209158324063773
2007,03155,40,7,0.2204985608338343,0.03858508891928865
2008,03155,33,3,-0.0447449946561584,0.05124790130886114
2009,03155,9,0,-0.020020863090567803,0.0845815419179378
2010,03155,6,1,-0.1269111667928775,0.13831689697613922
2011,03155,18,2,-0.13249107845203278,0.05924801927162459
2012,03155,24,2,0.0448431582895224,0.06168584013553058
2013,03155,16,1,-0.1551625130731517,0.10265367855429652
2014,03155,38,3,0.095622001323026,0.04314754129612155
2015,03155,17,1,0.2330933592015537,0.12979520679542925
2016,03155,26,4,0.09282055740064239,0.042121685240748684
2017,03155,12,1,-0.0017006874372400976,0.05363954890804402
2018,03155,18,0,0.15878746597116272,0.07399899073949805
2019,03155,23,1,0.2199605155726394,0.04577142693853376
2020,03155,40,7,0.1817854154714473,0.0943784090473986
2021,03155,20,0,0.0238193559692663,0.0413947228393538
2022,03155,36,4,0.042959545490151005,0.12948744577790627
2023,03155,32,4,0.04621666226433651,0.07848332627246869
2024,03155,37,7,-0.071460055685731,0.0352921697474028
1981,03157,12,0,,
1982,03157,19,1,,
1983,03157,29,2,,
1984,03157,23,0,,
1985,03157,9,0,,
1986,03157,10,0,,
1987,03157,11,0,,
1988,03157,37,3,,
1989,03157,38,2,,0.047406733272782324
1990,03157,48,6,,0.03132267430178822
1991,03157,21,3,,0.06676143035801345
1992,03157,33,1,,0.15587419777846345
1993,03157,26,4,,0.06735865313285928
1994,03157,33,1,,0.009279215751067053
1995,03157,33,7,,0.07330064264466521
1996,03157,5,0,,3.6677179693795328
1997,03157,29,4,,0.085913170838343
1998,03157,41,5,,0.12902297391458578
1999,03157,33,3,,0.08250095782994049
2000,03157,35,2,,0.1453910428398738
2001,03157,24,4,0.1995773012489662,0.12794698158983875
2002,03157,37,11,0.006837293163052401,0.07585116279069766
2003,03157,14,0,-0.1235538903516878,0.16051187931132774
2004,03157,27,3,-0.03441316483182939,0.11182812031577896
2005,03157,27,1,0.0471350672543508,0.12849373149970178
2006,03157,10,0,-0.0154885119382029,0.22827802240852466
2007,03157,44,12,0.1517181361573241,0.07148516533139111
2008,03157,42,6,-0.0451836105803967,0.08883949827438517
2009,03157,15,0,-0.011682532086978798,0.13792346900008207
2010,03157,8,2,-0.20533010191081114,0.12472111812673956
2011,03157,22,4,-0.1290482060960188,0.11723215282268423
2012,03157,28,3,-0.033496833841011195,0.09950850888961406
2013,03157,20,2,-0.1996423240487043,0.09619048756090477
2014,03157,38,4,0.06906583056108831,0.06886531112199902
2015,03157,30,2,0.2118864452609185,0.17115684259928712
2016,03157,29,6,0.053921830775938595,0.08773689884624171
2017,03157,21,2,0.0275334427776254,0.11646589056160177
2018,03157,23,1,0.1940518701439511,0.09617432428387561
2019,03157,29,2,0.1335909883919455,0.12448716659576387
2020,03157,48,11,0.1383685235637061,0.11341231516342008
2021,03157,25,2,-0.012799502306253402,0.05391650877764291
2022,03157,49,5,0.0967725877597347,0.11146376174169834
2023,03157,36,6,0.09331231716884039,0.12080942105962023
2024,03157,41,16,-0.0531059562355475,0.043416942112550164
1981,03158,12,0,,
1982,03158,15,1,,
1983,03158,28,2,,
1984,03158,23,0,,
1985,03158,11,0,,
1986,03158,10,0,,
1987,03158,9,0,,
1988,03158,37,2,,
1989,03158,35,3,,0.041393921683226184
1990,03158,47,5,,0.036252853167457855
1991,03158,21,3,,0.06343756023624106
1992,03158,35,2,,0.15236895864474337
1993,03158,26,5,,0.06928365640485849
1994,03158,33,1,,0.012814459260517523
1995,03158,33,5,,0.07549503870513723
1996,03158,5,0,,1.4517943016413752
1997,03158,28,4,,0.11287704638797363
1998,03158,41,4,,0.17959525288376219
1999,03158,33,2,,0.0832824785879328
2000,03158,30,2,,0.15333915118967703
2001,03158,24,4,0.2070264223113316,0.12643089894278822
2002,03158,38,9,0.030150725852111697,0.07271895095144357
2003,03158,16,0,-0.160649834972651,0.1648188815329135
2004,03158,25,3,-0.0546535316527923,0.1000972244745213
2005,03158,25,1,0.0374046442867298,0.11528382829803745
2006,03158,10,0,0.016144226255000997,0.23722184560275852
2007,03158,45,10,0.1857648856106636,0.07515886449847646
2008,03158,42,5,-0.029626984521018508,0.09139039888219834
2009,03158,13,0,-0.0448952851143542,0.1245924864212432
2010,03158,6,2,-0.19066692537379232,0.20663725365866029
2011,03158,21,2,-0.16909064390726522,0.09867298024779322
2012,03158,28,3,-0.0200914660982709,0.13526263374485598
2013,03158,18,1,-0.29524882834752403,0.21888607950993874
2014,03158,35,6,0.1334135833858013,0.0627498774659968
2015,03158,23,2,0.272188139603707,0.15944323561367427
2016,03158,29,5,0.0304305321428211,0.10191312280110391
2017,03158,19,2,0.0308145206483557,0.10441540593036101
2018,03158,23,2,0.19471456228344292,0.10969002660616875
2019,03158,32,1,0.11169943247579239,0.13857873629904932
2020,03158,48,10,0.1713420653511336,0.11412368721461187
2021,03158,21,0,-0.0008434697631955999,0.054348895658796643
2022,03158,47,4,0.0550425006015034,0.11830082604044265
2023,03158,35,6,0.082066340982529,0.12702485438272482
2024,03158,40,16,-0.0324086120400608,0.057377213411569504
1981,03241,13,0,,
1982,03241,19,1,,
1983,03241,31,3,,
1984,03241,22,0,,
1985,03241,9,0,,
1986,03241,10,0,,
1987,03241,12,0,,
1988,03241,39,3,,
1989,03241,40,2,,0.052276406562889816
1990,03241,49,5,,0.01893879896457086
1991,03241,21,3,,0.08473767037661104
1992,03241,32,1,,0.1873862353526938
1993,03241,25,5,,0.07055593266887986
1994,03241,33,3,,0.0033007657776604176
1995,03241,35,8,,0.0703545327943605
1996,03241,10,0,,2.8373536213468866
1997,03241,30,4,,0.07302589569565236
1998,03241,42,3,,0.11949099721313462
1999,03241,34,4,,0.07993586464273734
2000,03241,34,2,,0.16770799443760817
2001,03241,28,3,0.2423800431015935,0.12742450708235462
2002,03241,38,11,0.020798664162876304,0.0521194928433146
2003,03241,15,0,-0.11272615334300891,0.11850137126549629
2004,03241,27,5,-0.0698083226662273,0.1021637388550767
2005,03241,28,1,0.0557307921097872,0.11236824955984824
2006,03241,11,0,-0.020990910506266603,0.3381731735203813
2007,03241,43,10,0.1461326144292389,0.06752493468803479
2008,03241,42,6,-0.059358619344304794,0.06945729386133859
2009,03241,19,0,0.0178767611306498,0.13156136797413626
2010,03241,10,2,-0.2124782870191207,0.18229111799023692
2011,03241,25,3,-0.1583644915111322,0.10892019407870501
2012,03241,29,4,-0.0111022555630041,0.11816864257082682
2013,03241,20,2,-0.1234811849047773,0.1135808538098784
2014,03241,41,2,0.08578703555830541,0.06831076011203022
2015,03241,29,2,0.17690785174621831,0.18145082630098455
2016,03241,28,6,0.029626582660442297,0.057149687468344625
2017,03241,21,2,0.0473174875617694,0.10206176975945017
2018,03241,25,1,0.2146142992880632,0.08715409402315143
2019,03241,32,0,0.18545618926559793,0.0643460275232371
2020,03241,51,9,0.09627247415865961,0.08846047127598718
2021,03241,26,2,0.0165045718109362,0.033184550347594974
2022,03241,48,5,0.0927423216774099,0.1454021431327733
2023,03241,35,9,0.0740986358751923,0.09389507982759668
2024,03241,42,17,-0.14310059967889882,0.034857593616528154
1981,03251,17,0,,
1982,03251,19,1,,
1983,03251,31,3,,
1984,03251,24,0,,
1985,03251,8,0,,
1986,03251,11,0,,
1987,03251,12,0,,
1988,03251,41,3,,
1989,03251,40,2,,0.05212142288734485
1990,03251,49,6,,0.009738558343789208
1991,03251,21,2,,0.06636766510239446
1992,03251,32,2,,0.18340040277907207
1993,03251,28,7,,0.04039577341147918
1994,03251,30,3,,0.003281582773003075
1995,03251,34,7,,0.04498162378787175
1996,03251,9,0,,0.7062943381337542
1997,03251,29,3,,0.037594783179634106
1998,03251,44,3,,0.12037216712470626
1999,03251,33,2,,0.0491214406488007
2000,03251,37,1,,0.11168958337339753
2001,03251,29,4,0.177505360569565,0.07213238088774263
2002,03251,37,11,0.0476748087956362,0.042908509464275366
2003,03251,15,0,-0.0779629631544783,0.2208115668986075
2004,03251,29,4,-0.1174577239805001,0.08004424778761061
2005,03251,27,2,0.06911699696733789,0.10286444394986402
2006,03251,12,0,-0.0003785632081990016,0.18519260725768702
2007,03251,46,9,0.1203735972948889,0.053795020769127705
2008,03251,44,6,-0.052996313929624,0.05100497827550333
2009,03251,17,0,0.0496223963516563,0.12275482598080963
2010,03251,8,2,-0.302870016202133,0.17483679844458846
2011,03251,29,5,-0.1628703715240997,0.09066371547551254
2012,03251,28,3,-0.010874022080710997,0.04494830552775435
2013,03251,18,2,-0.046612035081205205,0.11962000058481242
2014,03251,44,5,0.0141989977725864,0.06534317353208631
2015,03251,31,1,0.2097280034049545,0.09893487374344669
2016,03251,29,6,0.0273940621691357,0.026333972324489016
2017,03251,23,1,0.0328033793535476,0.07605409604519775
2018,03251,25,1,0.210490026741012,0.04727911452626723
2019,03251,32,0,0.2045594964039345,0.04643493239869361
2020,03251,53,11,0.1048412401620884,0.04470909649122807
2021,03251,27,3,0.040507273702022895,0.02661720329892556
2022,03251,47,6,0.1598591956217505,0.07828104722222223
2023,03251,36,8,0.057108008853030294,0.08725731537251875
2024,03251,40,15,-0.16740483500219672,0.03153177161795721
1981,03252,8,0,,
1982,03252,18,0,,
1983,03252,25,2,,
1984,03252,19,0,,
1985,03252,7,0,,
1986,03252,9,0,,
1987,03252,8,0,,
1988,03252,37,3,,
1989,03252,34,3,,0.017278856706095965
1990,03252,44,4,,0.0026425664605464827
1991,03252,17,2,,0.04186444805194805
1992,03252,32,1,,0.13332323633283272
1993,03252,23,4,,0.03825924589084769
1994,03252,26,3,,0.002994720308096825
1995,03252,31,5,,0.043413196815775996
1996,03252,7,0,,13.355225
1997,03252,23,2,,0.10873157869084175
1998,03252,39,1,,0.1253159498271325
1999,03252,31,2,,0.07195068438801824
2000,03252,29,1,,0.21284417388035545
2001,03252,25,4,0.2956111483993151,0.23584058494596633
2002,03252,32,10,0.0090353674740065,0.04535247635580599
2003,03252,13,0,-0.0764814711593432,0.12096989084842333
2004,03252,22,4,-0.1235220500950588,0.07191571548557649
2005,03252,23,2,-0.017976353114596402,0.11022185659628365
2006,03252,9,0,-0.083693691120427,0.2829979650215447
2007,03252,44,10,0.0812449248682668,0.03677100743705754
2008,03252,36,4,-0.09322241301043149,0.0462006186541614
2009,03252,14,0,-0.10223278821334711,0.0986806993249091
2010,03252,9,2,-0.1771541004295069,0.13877556898547
2011,03252,23,3,-0.107996797721727,0.07310264785414046
2012,03252,25,2,0.0187435508991778,0.05000519114610471
2013,03252,18,2,-0.0601142439728964,0.124301890153742
2014,03252,40,3,0.1016709625079327,0.04588909283134122
2015,03252,25,2,0.1812462793341959,0.12504963684036044
2016,03252,28,4,0.07285485320596159,0.04067778651730028
2017,03252,17,1,0.0106171152373392,0.06183403163903537
2018,03252,21,1,0.2029271223308024,0.06376384996675839
2019,03252,29,1,0.21651213513144069,0.04999643853602495
2020,03252,47,8,0.1538307326986904,0.08638053912465418
2021,03252,21,1,0.0282245805765615,0.03848209626408381
2022,03252,44,4,0.087280551600128,0.1407438985399126
2023,03252,33,4,0.09136351789695821,0.0739226002820163
2024,03252,40,9,-0.1179334333234425,0.025079111165674295
1981,03254,9,0,,
1982,03254,19,1,,
1983,03254,24,2,,
1984,03254,20,0,,
1985,03254,7,0,,
1986,03254,9,0,,
1987,03254,8,0,,
1988,03254,36,3,,
1989,03254,35,3,,0.03506121661504448
1990,03254,47,3,,0.009556091590291667
1991,03254,17,3,,0.0624739967239967
1992,03254,33,1,,0.15536166426004902
1993,03254,23,2,,0.04644366190814664
1994,03254,25,2,,0.00343093190972532
1995,03254,28,5,,0.055657331592288195
1996,03254,7,0,,0.9096236616702355
1997,03254,26,3,,0.07256998927443542
1998,03254,40,1,,0.13055270482184214
1999,03254,32,2,,0.06763937708057824
2000,03254,29,1,,0.13516816008285712
2001,03254,25,3,0.2472540241355462,0.1134220314548266
2002,03254,31,9,0.0123421524409364,0.05859479709435664
2003,03254,13,0,-0.12593922861833678,0.113800163735277
2004,03254,22,4,-0.07124919750575781,0.08219856881054192
2005,03254,23,1,0.007858118968035099,0.11044060544060542
2006,03254,8,0,-0.009965020522205301,0.3481931882545834
2007,03254,44,10,0.1578494480620005,0.053810288202823776
2008,03254,37,3,-0.0794848401298774,0.056708970654421396
2009,03254,14,0,-0.036573899442476396,0.09894163095941685
2010,03254,8,2,-0.16933332398612722,0.19204688996795827
2011,03254,22,2,-0.0975866888797675,0.09453568550707953
2012,03254,28,2,0.0008278212566946996,0.08189529868009253
2013,03254,18,1,-0.1808177904041975,0.1338919278844938
2014,03254,40,3,0.06554188613640691,0.0425020481594243
2015,03254,28,2,0.1955207908353119,0.173878345674553
2016,03254,28,5,0.0675103448065107,0.05277733781319708
2017,03254,15,1,0.023708587876422,0.07474844369779271
2018,03254,21,1,0.1765358076593816,0.07393939910747278
2019,03254,30,1,0.17493322328150868,0.06754488018363976
2020,03254,48,10,0.1234331152040582,0.10317059679655896
2021,03254,22,1,0.013118668769027599,0.04620154034508286
2022,03254,45,4,0.1051065533475469,0.16357538716123393
2023,03254,34,5,0.10003690792045222,0.09396658442131407
2024,03254,39,10,-0.10979196121109341,0.03144557513106949
1981,03255,5,0,,
1982,03255,16,0,,
1983,03255,24,2,,
1984,03255,15,0,,
1985,03255,5,0,,
1986,03255,9,0,,
1987,03255,5,0,,
1988,03255,27,2,,
1989,03255,32,1,,0.004123881397171017
1990,03255,43,2,,0.002907906598040071
1991,03255,17,2,,0.014942739524945396
1992,03255,29,0,,0.09753270220955229
1993,03255,21,2,,0.14152282119987286
1994,03255,24,1,,0.003251630692792436
1995,03255,28,3,,0.04645008854445907
1996,03255,5,0,,7.8681545
1997,03255,21,2,,0.05312481196737119
1998,03255,39,1,,0.11383828451670007
1999,03255,29,2,,0.035554165518968325
2000,03255,29,1,,0.11245996330306475
2001,03255,24,3,0.2904229575652521,0.18036970609711578
2002,03255,30,6,0.0344863054434088,0.024290008695116064
2003,03255,12,0,-0.0977126589261596,0.12051817763460655
2004,03255,20,3,-0.0997398753138768,0.07229552559677267
2005,03255,23,0,-0.050780779907027306,0.07017770764226595
2006,03255,8,0,-0.0839635908546519,0.20831389149968044
2007,03255,42,5,0.1131535418850036,0.025451765319785758
2008,03255,33,3,-0.0500225453975366,0.04743106083814961
2009,03255,12,0,-0.0244390200448536,0.13438585570721462
2010,03255,6,1,-0.1570833224036713,0.06810904306220095
2011,03255,18,2,-0.1134055573758616,0.07571453772338102
2012,03255,25,2,0.011868358956057302,0.06433325696182839
2013,03255,16,1,-0.1506534282173151,0.05993127464241517
2014,03255,38,4,0.1090251845086834,0.029585729924153568
2015,03255,24,1,0.21223403718700462,0.10239506629663891
2016,03255,27,4,0.0687710862777197,0.029196501817925092
2017,03255,13,1,0.0621257425970662,0.03314422769871572
2018,03255,19,0,0.1459059333610262,0.03802594014953341
2019,03255,25,1,0.18979572672145573,0.025312987375381568
2020,03255,46,6,0.19448520410248052,0.08168471030690339
2021,03255,19,1,-0.056144799441919295,0.024793959920817853
2022,03255,42,4,0.0515438596656372,0.13355703888861736
2023,03255,33,4,0.11242188910494211,0.0772165600975754
2024,03255,37,6,-0.12145874949286439,0.03622285132382892
1981,03256,17,0,,
1982,03256,19,1,,
1983,03256,32,3,,
1984,03256,23,0,,
1985,03256,9,0,,
1986,03256,10,0,,
1987,03256,12,0,,
1988,03256,39,3,,
1989,03256,41,2,,0.046614883950269435
1990,03256,49,6,,0.007384187209156081
1991,03256,22,2,,0.06464640810081654
1992,03256,32,1,,0.19335893767750245
1993,03256,27,6,,0.04121838563870769
1994,03256,30,3,,0.0032812812747121493
1995,03256,34,7,,0.0346503853046595
1996,03256,10,0,,0.3861500524383849
1997,03256,28,3,,0.03932029382025814
1998,03256,43,3,,0.10051732423843113
1999,03256,32,2,,0.06758637557486478
2000,03256,37,2,,0.12362656220382888
2001,03256,29,4,0.1893740725285859,0.07091822259309481
2002,03256,37,11,0.063325955393511,0.049269667992440265
2003,03256,15,0,-0.08945539912967479,0.11729805512333556
2004,03256,27,4,-0.0626546012699002,0.08294177226073404
2005,03256,28,2,0.08266409501216401,0.11073026759376317
2006,03256,12,0,-0.016272582340321404,0.1399883822069332
2007,03256,43,8,0.1116676173869009,0.05752110001636929
2008,03256,39,6,-0.028982349624161997,0.05633525378843607
2009,03256,18,0,0.0419586589683852,0.09294670036848676
2010,03256,7,2,-0.3094605463558089,0.1814121868343645
2011,03256,26,6,-0.19024201133915059,0.10475066777194438
2012,03256,27,3,-0.0023683455052722,0.052321114556837064
2013,03256,19,2,-0.09500164160982119,0.07340463544959992
2014,03256,43,5,0.0678863300506038,0.06560157875494399
2015,03256,30,1,0.2276941028724352,0.12472886559341072
2016,03256,29,6,0.0167805136550903,0.031236635321396367
2017,03256,20,2,0.0171003303511745,0.08151214098493799
2018,03256,25,1,0.23067281067986528,0.05840356435355124
2019,03256,30,1,0.18369724816087468,0.05600244656457293
2020,03256,53,11,0.0706921030001805,0.058483276172600115
2021,03256,26,3,-0.0065123609437851004,0.032500080056680127
2022,03256,48,6,0.11217913782843851,0.0804194316458232
2023,03256,35,8,0.0423445386139585,0.09259428122179192
2024,03256,40,16,-0.1499111763842727,0.03622997327224131
1981,03257,11,0,,
1982,03257,19,1,,
1983,03257,30,3,,
1984,03257,21,0,,
1985,03257,9,0,,
1986,03257,10,0,,
1987,03257,11,0,,
1988,03257,39,3,,
1989,03257,42,2,,0.02079881058389518
1990,03257,49,4,,0.002962699611886351
1991,03257,19,2,,0.04817993673218673
1992,03257,32,1,,0.16224488116012925
1993,03257,25,6,,0.04731165898542286
1994,03257,30,3,,0.0031867837703476146
1995,03257,35,6,,0.05101032682972807
1996,03257,9,0,,1.821527151004215
1997,03257,30,4,,0.0649510247477144
1998,03257,41,2,,0.12587901013501412
1999,03257,33,2,,0.058749573263857685
2000,03257,34,1,,0.148223061795848
2001,03257,27,4,0.2565360153695872,0.11146305391109398
2002,03257,37,11,0.0252085985740082,0.04303014090030533
2003,03257,14,0,-0.1052884290287683,0.12769930578009397
2004,03257,26,5,-0.0992876069190029,0.08377181961255364
2005,03257,25,1,0.0495963418283695,0.08397676685857856
2006,03257,11,0,-0.0261378200727997,0.2001086439254579
2007,03257,44,9,0.0978244368429418,0.04305218885497746
2008,03257,44,6,-0.1155878393851357,0.05257498814056171
2009,03257,17,0,-0.0482079459528006,0.12499177317519744
2010,03257,9,2,-0.1954725590232289,0.11472679410992578
2011,03257,25,3,-0.1194278278432487,0.07637116503652346
2012,03257,28,3,-0.0246049788556772,0.08125540748677425
2013,03257,18,2,-0.045187301612167996,0.10688661509679999
2014,03257,43,3,0.08271695573153781,0.043021866176374025
2015,03257,28,2,0.13115840720344302,0.14137158451304793
2016,03257,28,6,0.024814102539367,0.040751340566155383
2017,03257,20,1,0.0456852754139542,0.06487138404426701
2018,03257,25,1,0.21537087762161441,0.05637773134656623
2019,03257,32,0,0.181673831238768,0.041248566748566744
2020,03257,49,10,0.1394361504165778,0.08363997398787108
2021,03257,27,1,0.072664781307342,0.022636908423913044
2022,03257,48,5,0.0922176704982557,0.11368325743686795
2023,03257,35,6,0.08087678159639111,0.07935801788594048
2024,03257,42,13,-0.1257424174893264,0.02807195802227997
1981,03351,11,0,,
1982,03351,16,1,,
1983,03351,27,3,,
1984,03351,20,0,,
1985,03351,7,0,,
1986,03351,9,0,,
1987,03351,7,0,,
1988,03351,34,3,,
1989,03351,36,2,,0.0702167543035719
1990,03351,47,4,,0.02120865487169835
1991,03351,22,2,,0.08692010998531018
1992,03351,32,1,,0.19957237443167772
1993,03351,26,5,,0.06337373910444061
1994,03351,30,2,,0.0035413272894680935
1995,03351,29,6,,0.046617227590177474
1996,03351,6,0,,2.5287305917753256
1997,03351,26,3,,0.06612598421571246
1998,03351,41,3,,0.08401276913838952
1999,03351,31,3,,0.07962781747096165
2000,03351,33,1,,0.15218848300472257
2001,03351,26,4,0.17105019695673118,0.10756471095630186
2002,03351,36,11,0.0282310480998947,0.062046257377682164
2003,03351,15,0,-0.1191209331952377,0.20423218077039734
2004,03351,23,2,0.0117715980360965,0.10782663385968796
2005,03351,25,1,0.0573517664074255,0.11911081144526463
2006,03351,10,0,-0.0340333646972242,0.21852797395247875
2007,03351,44,11,0.1672387753581857,0.06977871050613656
2008,03351,38,5,0.00430948914546081,0.07067692838852606
2009,03351,16,0,0.061438139670582204,0.12691265239664828
2010,03351,6,2,-0.22230950088781398,0.16303158418551414
2011,03351,19,1,-0.21229438016881352,0.11403005260290354
2012,03351,28,4,-0.0349293607931059,0.06194790197263832
2013,03351,18,2,-0.1403053498852708,0.18303870476736528
2014,03351,37,4,0.103336901972624,0.07216814260720655
2015,03351,28,2,0.2286648425975542,0.20837252060207453
2016,03351,27,6,0.0261653971520611,0.05968021611078099
2017,03351,20,1,0.0014441662693376982,0.11734203140408102
2018,03351,21,1,0.1241269728068397,0.08608799591446105
2019,03351,29,0,0.18490128613013912,0.1585380192716876
2020,03351,48,9,0.1208180062558927,0.0905410655625237
2021,03351,25,2,-0.0554623424918261,0.052137452611971294
2022,03351,47,4,0.1107616271010124,0.0947717197002226
2023,03351,37,4,0.07761932290722849,0.12527960126428397
2024,03351,39,10,-0.1765753047477737,0.040039458178453745
1981,03352,18,0,,
1982,03352,16,0,,
1983,03352,35,6,,
1984,03352,24,0,,
1985,03352,5,0,,
1986,03352,10,0,,
1987,03352,9,0,,
1988,03352,51,2,,
1989,03352,52,2,,0.0031335781702410345
1990,03352,51,11,,0.0021684447913956108
1991,03352,26,3,,0.002778858444950814
1992,03352,44,2,,0.003922383868019627
1993,03352,33,10,,0.008306816610591326
1994,03352,31,2,,0.0033307353597527263
1995,03352,38,7,,0.001749934377460845
1996,03352,5,0,,1.0
1997,03352,25,4,,0.02617355489393579
1999,03352,35,3,,0.007707789592138159
2001,03352,25,5,0.12003513136481231,0.004118887570844866
2002,03352,40,13,0.0820292410062346,0.0017404016847088306
2010,03352,4,0,-0.3245948635097642,0.027296108197626276
2011,03352,24,2,-0.21046584815741798,0.04631041089124686
2012,03352,35,1,-0.0923171031735775,0.0030028722473045464
2013,03352,18,2,-0.1157346250714859,0.10715337427399158
2014,03352,42,7,0.1126518145159181,0.02120312420624841
2015,03352,39,2,0.2148683057714864,0.014261895351010221
1981,03353,16,0,,
1982,03353,16,1,,
1983,03353,29,2,,
1984,03353,26,0,,
1985,03353,6,0,,
1986,03353,10,0,,
1987,03353,9,0,,
1988,03353,40,3,,
1989,03353,42,2,,0.04465269773241679
1990,03353,48,4,,0.0032611531437516305
1991,03353,18,1,,0.051631146388537386
1992,03353,33,0,,0.21828319306237287
1993,03353,25,5,,0.165814483979043
1994,03353,31,1,,0.004245311053940922
1995,03353,29,5,,0.024414179894179894
1996,03353,3,0,,11.973837
1997,03353,26,2,,0.0666991093062144
1998,03353,44,2,,0.12261947438079032
1999,03353,30,2,,0.058839472552056446
2000,03353,38,1,,0.145941638193739
2001,03353,25,3,0.1295263653321399,0.11667096207462858
2002,03353,34,12,0.06165253773386141,0.03236386245862146
2003,03353,15,0,-0.0260338047093999,0.23348855332582732
2004,03353,23,3,-0.0321899492255893,0.12490956432583544
2005,03353,23,0,0.0904886141165738,0.08754531986020361
2006,03353,13,0,0.0164105673677202,0.3050065929103636
2007,03353,43,6,0.1596941806296453,0.04267356875334403
2008,03353,45,4,0.036429433228012606,0.05189358800396369
2009,03353,17,0,0.0103135434485112,0.15497590667004818
2010,03353,5,0,-0.263149868490394,0.3101021795110037
2011,03353,20,1,-0.25272730247713504,0.12378573454695609
2012,03353,27,4,0.0088703210342857,0.04440603788998211
2013,03353,17,1,-0.1635798897255949,0.13853608329107506
2014,03353,38,4,0.1129844920587248,0.09720540001152551
2015,03353,31,1,0.2266533128779706,0.15157282868265234
2016,03353,26,3,-0.0064500658126173,0.03628333363625165
2017,03353,25,0,0.0275044323540805,0.0793637479905802
2018,03353,20,2,0.1788201588129024,0.04694664842681259
2019,03353,29,0,0.1830391686735948,0.034727504700510343
2020,03353,52,10,0.0745989190811013,0.06869653836464285
2021,03353,24,0,-0.0526849538639699,0.029793260895889143
2022,03353,49,2,0.15597924526720888,0.06960268730334213
2023,03353,37,4,0.0763447491712585,0.07518388841352014
2024,03353,38,6,-0.2453177068828914,0.034166918499353174
1981,03354,14,0,,
1982,03354,15,1,,
1983,03354,29,2,,
1984,03354,24,0,,
1985,03354,8,0,,
1986,03354,10,0,,
1987,03354,9,0,,
1988,03354,34,3,,
1989,03354,35,2,,0.04881345281098834
1990,03354,47,4,,0.04427756362275449
1991,03354,22,2,,0.06866690217135321
1992,03354,34,0,,0.3034725351334347
1993,03354,24,4,,0.06365448066868692
1994,03354,30,1,,0.003915005236319503
1995,03354,28,6,,0.0524428678041996
1996,03354,5,0,,1.5954955269474143
1997,03354,26,3,,0.1361598838743732
1998,03354,43,3,,0.1250225241104567
1999,03354,29,2,,0.09589442846983892
2000,03354,33,1,,0.16513850360399282
2001,03354,23,4,0.2164955935648733,0.13176759073682337
2002,03354,33,11,0.06470363046943339,0.07667280177834705
2003,03354,14,0,-0.119599642023148,0.28317452851022484
2004,03354,22,3,-0.15600785736748518,0.13065428578929406
2005,03354,23,0,0.0808054622844113,0.1912929695052289
2006,03354,9,0,-0.013733468700500701,0.26525490902540083
2007,03354,42,9,0.2688326000979361,0.08258400025795634
2008,03354,40,5,0.020913933090465894,0.10864962675644027
2009,03354,13,0,0.015593603601942198,0.1609789863654308
2010,03354,4,1,-0.23933503800924258,0.32050862084147863
2011,03354,20,2,-0.23930975065977822,0.11377798542681317
2012,03354,27,4,0.012784886132911299,0.1102934144519159
2013,03354,17,1,-0.24647590842971343,0.12826231435344201
2014,03354,36,5,0.0958983713251641,0.08313013128176171
2015,03354,29,1,0.2445602224551628,0.14244165377117707
2016,03354,26,5,0.0529685679448805,0.09237021458180932
2017,03354,16,0,-0.019860939037686,0.12657779940952463
2018,03354,20,1,0.1542941536585157,0.10339506741203551
2019,03354,30,0,0.0743832586945671,0.1839885101436232
2020,03354,49,9,0.1572675024794333,0.09331019244932594
2021,03354,23,0,-0.04521414667877781,0.06646226652548258
2022,03354,46,2,0.1236450045714125,0.11060487837521331
2023,03354,35,5,0.09031839920500129,0.1413540103986135
2024,03354,39,9,-0.0781459386697788,0.04579805456171736
1981,03355,14,0,,
1982,03355,16,1,,
1983,03355,29,2,,
1984,03355,25,0,,
1985,03355,8,0,,
1986,03355,10,0,,
1987,03355,7,0,,
1988,03355,35,3,,
1989,03355,36,2,,0.05346948863636363
1990,03355,48,4,,0.01404148934474569
1991,03355,20,1,,0.0814577255384903
1992,03355,32,0,,0.2563830108630447
1993,03355,24,5,,0.17846758976010305
1994,03355,31,1,,0.004280043228436607
1995,03355,27,6,,0.04439292112482546
1996,03355,4,0,,1.7866305714684925
1997,03355,26,2,,0.10890178492075248
1998,03355,43,2,,0.1086960886571056
1999,03355,30,2,,0.07741354600092464
2000,03355,34,1,,0.30838878230943845
2001,03355,22,3,0.17120774849117198,0.2001346086582183
2002,03355,31,11,0.0660438663335598,0.06195153931068319
2003,03355,13,0,-0.0724958427088429,0.18455490073855801
2004,03355,22,3,-0.0419403828833307,0.10123330531401242
2005,03355,23,0,0.08728973986054339,0.11035630965005302
2006,03355,9,0,-0.0272122512723832,0.3600392728598114
2007,03355,42,7,0.21261888598596518,0.06203891978897108
2008,03355,40,4,0.012832747523677801,0.06882219993881505
2009,03355,15,0,0.0326334998727077,0.15940237077737077
2010,03355,4,0,-0.2423581536376786,0.3676030573454477
2011,03355,19,2,-0.23067783729963603,0.08906972530260202
2012,03355,26,3,-0.006702960721317498,0.06312971786098763
2013,03355,17,1,-0.2409761808374921,0.13004358264966923
2014,03355,37,4,0.09368327433757001,0.05859550702362655
2015,03355,30,1,0.2519027666925864,0.18265416108967797
2016,03355,25,5,0.016638346116736098,0.05337066538339989
2017,03355,20,0,-0.0037594260848701003,0.09975404817232858
2018,03355,20,1,0.177280460057174,0.08630056906104926
2019,03355,30,0,0.1356078127666421,0.09846368672830752
2020,03355,51,9,0.1223255886006904,0.09268831475590728
2021,03355,23,0,-0.0462681597122438,0.05096812092064582
2022,03355,47,2,0.1562242236389706,0.08431863424530124
2023,03355,37,5,0.047983658302426194,0.10676617838765008
2024,03355,38,7,-0.1876824234226269,0.03966693677909184
1982,03356,18,1,,
1983,03356,33,3,,
1984,03356,28,0,,
1986,03356,10,0,,
1987,03356,10,0,,
1988,03356,48,3,,
1990,03356,50,7,,0.0028640164967350208
1995,03356,36,5,,0.02462058768743597
1999,03356,33,3,,0.01674390549470043
2010,03356,5,1,-0.3062323003450402,0.10063312787683192
2011,03356,25,5,-0.10782638300013492,0.06418313520172467
2012,03356,31,3,-0.0477310423156084,0.003481721549430928
2013,03356,19,2,-0.061991793186147906,0.06616388135430293
2015,03356,31,1,0.21996356665577682,0.054298301987308735
1981,03357,19,0,,
1982,03357,18,1,,
1983,03357,30,3,,
1984,03357,25,0,,
1985,03357,6,0,,
1986,03357,10,0,,
1987,03357,10,0,,
1988,03357,44,3,,
1989,03357,46,2,,0.036139137012610525
1990,03357,49,5,,0.0028936022454353425
1991,03357,21,1,,0.02722945009131258
1992,03357,35,2,,0.1731561787648744
1993,03357,29,7,,0.05796812477346052
1994,03357,34,2,,0.0023060603265381424
1995,03357,31,5,,0.01618895655610051
1996,03357,6,1,,0.7875490911265247
1997,03357,25,2,,0.034924764870156964
1998,03357,44,4,,0.08995438918499171
1999,03357,31,3,,0.03360919620210545
2000,03357,40,1,,0.08488400763358778
2001,03357,26,4,0.1001430898663377,0.06290326968655072
2002,03357,39,12,0.021960635929778403,0.028850986039813245
2003,03357,16,0,-0.0390969004741249,0.11406038510696252
2004,03357,27,4,-0.0057497772360076,0.05498655863879653
2005,03357,27,1,0.0534840276076324,0.060866534587697335
2006,03357,13,0,-0.008091453327117202,0.0952554705882353
2007,03357,47,7,0.1462497751289012,0.035020264937993234
2008,03357,48,7,0.013506044806378403,0.03964437027609673
2009,03357,22,0,0.045475502157926895,0.0772258604297395
2010,03357,5,1,-0.2930437605232093,0.30384468754094063
2011,03357,22,4,-0.18016708313667779,0.06451279855306252
2012,03357,28,4,-0.0414317262401253,0.029966910777355252
2013,03357,20,2,-0.1554539702539054,0.08098691379073823
2014,03357,40,6,0.09316233256338319,0.04706044508772931
2015,03357,32,1,0.2290643243114726,0.08700192647477915
2016,03357,30,4,0.0415820468968087,0.025165809086572854
2017,03357,27,0,0.051719636288304394,0.07311683834694464
2018,03357,22,3,0.1949527925219002,0.036668288213976635
2019,03357,32,0,0.22612751805971268,0.02706269758319462
2020,03357,53,12,0.06569730207957221,0.04268654340010272
2021,03357,24,1,-0.00038852890637620235,0.02294145050576266
2022,03357,50,6,0.12487982247165491,0.05993177797654541
2023,03357,37,6,0.10188478730774742,0.06061450994455325
2024,03357,38,9,-0.2792899378999677,0.02911254305216357
1981,03358,12,0,,
1982,03358,18,1,,
1983,03358,27,1,,
1984,03358,22,0,,
1985,03358,6,0,,
1986,03358,10,0,,
1987,03358,8,0,,
1988,03358,34,3,,
1989,03358,36,2,,0.04287540030572275
1990,03358,46,3,,0.0042960715761331866
1991,03358,18,2,,0.049700834106756166
1992,03358,33,0,,0.19766638453869478
1993,03358,27,3,,0.058648378252141954
1994,03358,33,1,,0.0034023326392574747
1995,03358,29,5,,0.030831280202079363
1996,03358,6,0,,0.5757371763153555
1997,03358,26,2,,0.037307128169979435
1998,03358,42,3,,0.09160336372774268
1999,03358,30,2,,0.05676965507737276
2000,03358,33,1,,0.10406123649691358
2001,03358,24,5,0.1443085894061011,0.0781923686521976
2002,03358,34,11,0.050383357976888005,0.041084373833212534
2003,03358,13,0,-0.030864788796559697,0.20433938064802412
2004,03358,23,3,-0.0338036320746683,0.0779823977867224
2005,03358,25,0,0.048959489909399696,0.08856708675297323
2006,03358,10,0,-0.005434656094242202,0.1437225406840303
2007,03358,44,9,0.158688467536934,0.04767846169144334
2008,03358,41,5,0.025416028864531412,0.05106552063405302
2009,03358,17,0,0.0381839914963783,0.09020383250198906
2010,03358,5,1,-0.2543860261960116,0.1967547639678737
2011,03358,19,1,-0.2221891271509186,0.08346097627907487
2012,03358,28,4,-0.025294598927336598,0.043432462399767335
2013,03358,18,1,-0.1227686114975797,0.09582509505703422
2014,03358,36,6,0.0977631855178851,0.06617509717147961
2015,03358,28,1,0.21291492322266292,0.11649076389802994
2016,03358,28,3,-0.0114521771490387,0.03695109924959432
2017,03358,20,1,0.0638140275125465,0.0824599015120505
2018,03358,20,1,0.20066094897462938,0.05483541082400777
2019,03358,29,0,0.2222602246830715,0.053053789718284124
2020,03358,48,9,0.027888938093580798,0.07601302216826297
2021,03358,24,0,-0.040613393122500605,0.02992553575140965
2022,03358,48,3,0.1155589447924748,0.0725028984334978
2023,03358,37,4,0.08069647888054629,0.0833454836131095
2024,03358,37,8,-0.23351408585877328,0.03281540593873332
1981,03359,21,0,,
1982,03359,18,0,,
1983,03359,33,2,,
1984,03359,26,0,,
1985,03359,6,0,,
1986,03359,10,0,,
1987,03359,9,0,,
1988,03359,43,2,,
1989,03359,47,2,,0.03369076785180759
1990,03359,50,6,,0.008523868345575777
1991,03359,21,1,,0.0060398691764336375
1992,03359,38,1,,0.13211454039237694
1993,03359,32,5,,0.09472687570332768
1994,03359,33,2,,0.0033356794278642647
1995,03359,33,2,,0.015201853972066689
1996,03359,5,0,,8.775881
1997,03359,26,3,,0.07132150944202342
1998,03359,44,3,,0.0892075395371099
1999,03359,31,3,,0.03737598243430622
2000,03359,38,1,,0.14840720310958982
2001,03359,28,3,0.1326892104223015,0.060195356649100994
2002,03359,38,12,0.027973078932031097,0.022660336219112568
2003,03359,17,0,-0.0225892110113005,0.16274408270256854
2004,03359,27,3,0.0603067052621382,0.07503477043346363
2005,03359,27,1,0.06399557226155189,0.07874895181632914
2006,03359,12,0,0.0305374382033674,0.15599082955014443
2007,03359,46,7,0.1835395390264315,0.02882207473406673
2008,03359,46,7,0.0011679828963069988,0.04266910665200659
2009,03359,19,0,-0.0321483560604949,0.06156873136040375
2010,03359,5,1,-0.3121809394142695,0.3562805180860345
2011,03359,24,0,-0.3278480420629542,0.12120143528067674
2012,03359,29,2,-0.018060966558415298,0.08760709858419782
2013,03359,17,1,-0.1618861867705126,0.12652716063743166
2014,03359,41,5,0.0908430425755801,0.056461677054927925
2015,03359,33,1,0.2474480258598662,0.07898595229147654
2016,03359,31,4,0.049051940937141804,0.027283149345345065
2017,03359,31,1,0.0675135742549248,0.08738832032749137
2018,03359,23,1,0.1369999598026849,0.029029494857386963
2020,03359,57,11,0.10240044451352609,0.04583000613525886
2021,03359,25,1,-0.0007171522984660977,0.0064893362495540355
2022,03359,50,4,0.1397867538245278,0.07385879094493025
2023,03359,37,5,0.0898190030170693,0.08300107361215886
2024,03359,39,6,-0.2516364533968173,0.03110311031037589
1981,03360,12,0,,
1982,03360,16,1,,
1983,03360,26,2,,
1984,03360,21,0,,
1985,03360,7,0,,
1986,03360,10,0,,
1987,03360,7,0,,
1988,03360,34,3,,
1989,03360,36,2,,0.05149722602601796
1990,03360,48,3,,0.012964374882168764
1991,03360,19,2,,0.07757048338133415
1992,03360,33,0,,0.2236908224518844
1993,03360,27,4,,0.07537357235572087
1994,03360,30,1,,0.004004012020044084
1995,03360,27,5,,0.04439345443010813
1996,03360,5,0,,1.023907239045731
1997,03360,26,2,,0.07192631288918278
1998,03360,42,3,,0.0915721002858474
1999,03360,28,2,,0.08249864908678267
2000,03360,33,1,,0.14530580096419665
2001,03360,23,4,0.1756664059379002,0.11345079142011835
2002,03360,32,12,0.0428819302795366,0.05832761021745606
2003,03360,13,0,-0.1064937779856035,0.21576209497061422
2004,03360,23,2,-0.0413744931571329,0.09999497975708502
2005,03360,25,0,0.0790407843173344,0.11289937348393529
2006,03360,10,0,-0.0328769720389114,0.25460939581945374
2007,03360,41,8,0.21299734821395822,0.06028099461574393
2008,03360,39,4,0.013263837395309203,0.07076861832435082
2009,03360,15,0,0.0140559618339094,0.12019728799807106
2010,03360,5,0,-0.22292258714856122,0.24284057234781134
2011,03360,19,1,-0.2187468039237463,0.09494753165931695
2012,03360,27,4,-0.026127643263101397,0.05165930013569157
2013,03360,16,1,-0.2254464405033434,0.1795220676100629
2014,03360,36,4,0.0773582277607103,0.06333523739725241
2015,03360,28,1,0.230445251600428,0.15257391211261573
2016,03360,27,5,0.010151483015752099,0.06229033998261511
2017,03360,17,0,-0.010758925996302099,0.10359386933447202
2018,03360,21,1,0.17455706684283678,0.08101431632188744
2019,03360,29,0,0.1281357680389963,0.11363945318545268
2020,03360,49,10,0.12480037944918321,0.09688553349380369
2021,03360,23,0,-0.0004510731668755999,0.05567414906533558
2022,03360,46,3,0.1478831853582548,0.08408024212493036
2023,03360,36,4,0.059716810016941,0.10845572749454219
2024,03360,36,7,-0.1215567228774726,0.038059084895074445
1981,03361,20,0,,
1982,03361,20,1,,
1983,03361,32,3,,
1984,03361,26,0,,
1985,03361,8,0,,
1986,03361,10,0,,
1987,03361,13,0,,
1988,03361,41,3,,
1989,03361,42,2,,0.035398923855256385
1990,03361,51,7,,0.0031157501168406296
1991,03361,21,2,,0.05408627674156754
1992,03361,33,2,,0.19028454823475788
1993,03361,28,7,,0.05667798263411035
1994,03361,35,2,,0.0023552687361627963
1995,03361,36,6,,0.025140346484542463
1996,03361,11,0,,0.3394812171010399
1997,03361,27,2,,0.03565454475356239
1998,03361,45,3,,0.09625028291210863
1999,03361,32,3,,0.0475045889923608
2000,03361,38,1,,0.09404619337874985
2001,03361,28,5,0.13496623965832,0.0751357911472725
2002,03361,38,11,0.026710389035006204,0.03737025969528095
2003,03361,16,0,-0.07299199154648031,0.22820155927770233
2004,03361,27,3,-0.0287054594793036,0.07246556014022895
2005,03361,27,1,0.0512523776417105,0.08137614059112176
2006,03361,12,0,-0.0163215821153639,0.15416401749226175
2007,03361,45,9,0.15568943780829608,0.04128211073355986
2008,03361,43,5,-0.011021061770867799,0.043879567392663896
2009,03361,18,0,0.0449217240924492,0.09322456638037908
2010,03361,7,2,-0.2765480746866394,0.15196919136851178
2011,03361,24,6,-0.1317843648141807,0.08570823684458251
2012,03361,28,4,-0.0309012084862644,0.03977179800699976
2013,03361,20,2,-0.1230052674685787,0.13638811910377358
2014,03361,41,6,0.0765433268386572,0.05256611072021986
2015,03361,30,1,0.2556155651080856,0.10786043451917252
2016,03361,29,5,0.02688304768468,0.03135854015322441
2017,03361,23,0,0.0299235551874983,0.07493314827318878
2018,03361,23,3,0.1979437404703204,0.04653549450069832
2019,03361,31,0,0.2115725350662946,0.03626867623798515
2020,03361,53,10,0.0550611827369433,0.05226503671929941
2021,03361,25,1,-0.039571460738970096,0.02316225912675827
2022,03361,48,6,0.1316734153918584,0.06979282106107176
2023,03361,38,9,0.07649101966633359,0.07394503897741603
1987,03402,19,0,,
2012,03402,36,1,-0.041505485422112805,0.004481782673876361
2015,03402,42,2,0.1855999791649435,0.01874818936066374
1995,03403,40,4,,0.02382343724649438
1995,03451,40,4,,0.02791487227707256
1999,03451,33,3,,0.02297714907177135
2012,03451,32,2,-0.053069109932265296,0.005064778517235441
2013,03451,20,2,-0.0945663242321816,0.0565736602571396
2015,03451,31,2,0.20908395654611722,0.08388068597132416
1981,03452,22,0,,
1982,03452,19,0,,
1983,03452,38,2,,
1984,03452,32,0,,
1985,03452,8,0,,
1986,03452,12,0,,
1987,03452,13,0,,
1995,03452,43,2,,0.002856163601051068
1999,03452,38,4,,0.006466142646599079
2012,03452,34,1,-0.098088536993969,0.002913158738019635
2013,03452,20,2,-0.0892889044815735,0.036904448600775554
2014,03452,46,5,0.0510795203293917,0.007472111817423927
2015,03452,36,2,0.1992527577899607,0.02512482186432406
1981,03453,18,0,,
1982,03453,19,1,,
1983,03453,33,4,,
1984,03453,29,0,,
1985,03453,8,0,,
1986,03453,11,0,,
1987,03453,13,0,,
1988,03453,47,3,,
1989,03453,44,2,,0.04758124443124443
1990,03453,50,6,,0.00556934148021685
1991,03453,20,3,,0.03766485713183287
1992,03453,35,1,,0.14756748064620515
1993,03453,28,8,,0.05904595316980817
1994,03453,34,2,,0.003292094364592867
1995,03453,39,6,,0.017270634369392832
1996,03453,12,0,,9.70739
1997,03453,30,2,,0.04336785030489276
1998,03453,46,2,,0.1371543734399048
1999,03453,33,3,,0.039865194288338325
2000,03453,42,1,,0.11509128418973417
2001,03453,30,6,0.1371939011070109,0.028714462331168634
2002,03453,42,12,0.013545797163092496,0.017861755111527888
2003,03453,20,0,-0.0596248217564723,0.0678335779050346
2010,03453,8,1,-0.25464237088389297,0.13931359970674487
2011,03453,30,5,-0.1801728813870752,0.09409246370771689
2012,03453,32,4,-0.0469101764712263,0.024365496653095675
2013,03453,20,2,-0.1044540375968995,0.09293281215011989
2014,03453,44,7,0.0384316762455651,0.041001293432088005
2015,03453,31,2,0.1408414645857487,0.08468038597873179
2017,03453,27,1,0.030270375789449303,0.04566497312854248
2021,03453,27,2,0.12727093813561818,0.02112650930902859
2022,03453,48,5,0.1503522712331622,0.06107816829764558
2024,03453,42,14,-0.15932088407515488,0.027837672675067794
1981,03454,19,0,,
1982,03454,19,1,,
1983,03454,32,5,,
1984,03454,28,0,,
1985,03454,8,1,,
1986,03454,12,0,,
1987,03454,11,0,,
1988,03454,48,3,,
1989,03454,40,2,,0.04561901641848033
1990,03454,49,5,,0.0053882878433664525
1991,03454,18,3,,0.03144746291959407
1992,03454,35,1,,0.14025505968851293
1993,03454,29,9,,0.060363873197935985
1994,03454,31,4,,0.0031934801908423765
1995,03454,39,6,,0.015541269505048362
1996,03454,12,0,,0.3204839096199931
1997,03454,31,4,,0.040124665163951086
1998,03454,45,2,,0.12439772347369259
1999,03454,35,2,,0.028480981555938478
2000,03454,40,3,,0.0818143001974281
2001,03454,27,5,0.1234247820100655,0.039316180160588826
2002,03454,41,14,-0.011778211046244502,0.017822737022737022
2003,03454,19,0,-0.0583756010271282,0.06477949682309028
2004,03454,31,8,-0.0686294957625611,0.05631540130771207
2005,03454,27,2,-0.0440395594107264,0.03448042782738095
2006,03454,13,0,0.0233536987425046,0.13970877208001597
2008,03454,43,8,-0.1047259219052262,0.04182689745383749
2010,03454,11,2,-0.23853938384221557,0.09354259094539646
2011,03454,31,4,-0.1406991257223751,0.06847469487388122
2012,03454,32,3,-0.022532232975429303,0.014978669980562727
2013,03454,21,2,-0.0615627526474438,0.05813209763157162
2014,03454,45,5,0.0943291583028679,0.03917370649106303
2015,03454,30,2,0.12520911353848851,0.05769131950207469
2016,03454,35,5,0.1369533964980392,0.010158620901590905
2018,03454,28,2,0.14229075314945488,0.03062945603178241
2019,03454,34,1,0.1871192366700814,0.01343269359322072
2020,03454,53,13,0.1143466824907041,0.035040470614394435
2021,03454,28,2,0.0992030438775724,0.01418048701862276
2022,03454,48,5,0.1320998220158594,0.06142040363717011
2023,03454,38,9,0.1397428671286296,0.06135402656524621
2024,03454,41,15,-0.177481417706896,0.028603904280040213
1995,03455,40,2,,0.0031951433820592698
1981,03456,20,0,,
1982,03456,20,2,,
1984,03456,30,0,,
1985,03456,9,1,,
1986,03456,12,0,,
1987,03456,12,0,,
1990,03456,51,7,,0.0042230912537393
1994,03456,35,4,,0.003271512649303659
1995,03456,39,6,,0.04661283733728437
1999,03456,35,3,,0.028412258380751444
2006,03456,15,0,0.0237588540354299,0.12638386676847208
2010,03456,11,2,-0.30545045521947845,0.15147655911512092
2011,03456,33,4,-0.14395474949004322,0.053113432886360556
2012,03456,34,2,-0.0225306150768342,0.045597032238191046
2013,03456,21,2,-0.0587606173064494,0.014939710321864596
2014,03456,48,5,0.1023688827091911,0.034465544693099606
2015,03456,31,2,0.0825793027219112,0.053722059137538865
1981,03457,21,0,,
1982,03457,19,1,,
1983,03457,34,4,,
1984,03457,30,0,,
1985,03457,8,0,,
1986,03457,11,0,,
1987,03457,12,0,,
1988,03457,48,3,,
1989,03457,48,2,,0.0048174778094928405
1990,03457,51,5,,0.0029670068834559693
1991,03457,19,3,,0.006112357352860277
1992,03457,36,1,,0.08494498345786403
1993,03457,32,9,,0.029647175622864442
1994,03457,35,3,,0.003383075824878464
1995,03457,40,4,,0.0029080334423845873
1996,03457,12,0,,0.06735449144150515
1997,03457,30,3,,0.012846342332208473
1998,03457,45,3,,0.09059086378737542
1999,03457,35,3,,0.010640041925359113
2000,03457,45,1,,0.05761750393092237
2001,03457,28,6,0.0985913996413913,0.0030800505128284104
2002,03457,42,11,0.0074660829642723,0.0026480876834793755
2003,03457,20,0,-0.0903220742553315,0.05680321451871182
2004,03457,31,3,0.004036967798708299,0.04322893527328083
2005,03457,28,1,0.004773155601414201,0.01041992677263797
2006,03457,12,0,0.0740165787489766,0.08253806071590396
2008,03457,47,8,-0.0646229813709891,0.02348067900892412
2010,03457,8,1,-0.24826847431078192,0.05089996373417147
2011,03457,29,5,-0.1877069554288793,0.07378415170295036
2012,03457,33,1,-0.0631893477960825,0.0046706382660722506
2013,03457,20,2,-0.056420875036339295,0.05989325998777574
2014,03457,44,5,0.0932327621854596,0.020424420203622902
2015,03457,32,2,0.1668824128022813,0.05766434495568061
2020,03457,57,12,0.0151043424922596,0.013079669233221436
1981,03458,19,0,,
1982,03458,19,1,,
1983,03458,32,4,,
1984,03458,27,0,,
1985,03458,7,0,,
1986,03458,11,0,,
1987,03458,12,0,,
1988,03458,46,3,,
1989,03458,43,2,,0.04862622151078588
1990,03458,50,6,,0.003141295470251932
1991,03458,21,2,,0.031530166558611954
1992,03458,33,1,,0.16163730130334783
1993,03458,28,8,,0.039799499220726134
1994,03458,33,2,,0.00236708800833215
1995,03458,38,5,,0.02522413067117044
1996,03458,12,1,,0.4848035853295078
1997,03458,27,2,,0.03153442341319753
1998,03458,46,1,,0.11864747576330503
1999,03458,33,3,,0.0300333985429034
2000,03458,40,1,,0.08758015587702396
2001,03458,29,6,0.18037794866447548,0.047260077242632745
2002,03458,38,12,0.0480730028923022,0.02571895455130681
2003,03458,18,0,-0.0692114471061952,0.23748074438102212
2004,03458,31,3,-0.0751473823509736,0.06052865238531531
2005,03458,28,2,0.008909950583470001,0.06865696414499607
2006,03458,13,0,0.0473973688914186,0.15351733463807032
2007,03458,45,7,0.12498106768886061,0.040359102962925185
2008,03458,46,7,-0.0464945072544586,0.03953546753322794
2010,03458,8,2,-0.2774629849268443,0.15095225397330786
2011,03458,27,5,-0.169378002012121,0.08379299917595212
2012,03458,31,3,-0.023418017673287498,0.03332427918686133
2013,03458,19,2,-0.1551483498753789,0.1146806455794659
2014,03458,44,7,0.0243371189672624,0.042066174098398426
2015,03458,31,1,0.2293577277938785,0.0929529204420034
2016,03458,31,4,0.0664046718379295,0.024399447891728144
1981,03459,15,0,,
1982,03459,18,1,,
1983,03459,29,4,,
1984,03459,25,0,,
1985,03459,5,0,,
1986,03459,11,0,,
1987,03459,10,0,,
1988,03459,46,3,,
1989,03459,38,2,,0.05912526125807134
1990,03459,49,6,,0.009317341297402417
1991,03459,17,2,,0.049357397865849466
1992,03459,32,1,,0.1856645793711811
1993,03459,24,7,,0.048338124868134796
1994,03459,30,3,,0.0021825007093127305
1995,03459,34,6,,0.04402672457200402
1996,03459,12,0,,0.5679681848626926
1997,03459,30,4,,0.04853146541472122
1998,03459,40,2,,0.12307895170730902
1999,03459,32,2,,0.047905229308843764
2000,03459,36,2,,0.11185749442504687
2001,03459,28,5,0.206290400303859,0.06864826051779935
2002,03459,38,12,-0.020731313281215802,0.03624723240610178
2003,03459,16,0,-0.0329104177151725,0.14390426596637773
2004,03459,29,6,-0.1301765314544177,0.07268780903665815
2005,03459,26,1,0.0213880050128431,0.099802416153572
2006,03459,13,0,-0.0324188182823194,0.15656486257506666
2007,03459,46,11,0.1129445005159508,0.038217862119081646
2008,03459,43,7,-0.0845919209255118,0.05768264809429053
2009,03459,18,0,-0.004944485057633299,0.09483324886619107
2010,03459,11,2,-0.2355405495323098,0.14358032930306497
2011,03459,27,3,-0.1078789604322734,0.08596842691551855
2012,03459,29,3,0.009066486961116501,0.061771466970292496
2013,03459,18,2,-0.07218259303004,0.07900787433589937
2014,03459,45,8,0.0777074839310426,0.0473430898054306
2015,03459,30,2,0.1570019779409848,0.08028534498144754
2017,03459,24,2,0.044160204567390705,0.05950684503827044
2018,03459,26,0,0.2165299329315854,0.060026449658282244
2019,03459,31,2,0.2128332531614709,0.04315944244198902
2020,03459,51,12,0.1228560395763728,0.06229219341623388
2021,03459,28,2,0.0619433262856428,0.020377086642171385
2022,03459,47,6,0.13722407205336282,0.07438257873247862
2023,03459,35,9,0.0844043747040259,0.08061651939860254
2024,03459,41,15,-0.17387599835822548,0.028877576002587325
1981,03460,18,0,,
1982,03460,19,1,,
1983,03460,31,5,,
1984,03460,26,0,,
1985,03460,6,0,,
1986,03460,11,0,,
1987,03460,12,0,,
1988,03460,45,3,,
1989,03460,40,2,,0.05806293248256776
1990,03460,49,5,,0.014299567622219579
1991,03460,19,2,,0.0658495728915112
1992,03460,33,1,,0.1871260147445553
1993,03460,27,7,,0.042439815420208214
1994,03460,32,3,,0.00324211113308542
1995,03460,35,6,,0.04379372016738371
1996,03460,10,0,,0.8039756531430164
1997,03460,29,4,,0.05258394083950682
1999,03460,33,2,,0.053480115061948275
2000,03460,37,2,,0.1082480160808758
2001,03460,30,5,0.16575989107391909,0.06432071702453988
2003,03460,15,0,-0.0565610714679441,0.13019630478289873
2004,03460,30,7,-0.1108592323673989,0.06456081737826257
2005,03460,27,2,0.0066835015403636025,0.09846104314230522
2008,03460,44,8,-0.08018700796963049,0.055432070920275
2010,03460,10,2,-0.25280730823023045,0.15994665110704956
2011,03460,28,5,-0.1311610783752562,0.09772034796198617
2012,03460,28,3,-0.014709615141170699,0.04207559499023031
2013,03460,18,3,-0.0492828660640713,0.09016425951917417
2014,03460,44,8,-0.015999124184140602,0.056664983965181534
2015,03460,30,2,0.18608172590872502,0.0791050330848229
2012,03461,32,3,-0.0484259686854056,0.0049318419443293675
2013,03461,20,2,-0.0474807088068679,0.04737516343701445
2015,03461,32,1,0.1915259111294026,0.0384214912666315
2015,03462,39,4,0.1992868197467347,0.002827918341029984
1981,05116,18,0,,
1982,05116,21,1,,
1983,05116,32,5,,
1984,05116,29,1,,
1985,05116,9,1,,
1986,05116,12,1,,
1987,05116,11,0,,
1988,05116,53,4,,
1989,05116,41,3,,0.06099952248220413
1990,05116,50,10,,0.030602452353871334
1991,05116,20,4,,0.09097721840680117
1992,05116,34,3,,0.20656272269964365
1993,05116,27,8,,0.07301070997272258
1994,05116,35,4,,0.00813377691977692
1995,05116,42,12,,0.05536827661027846
1996,05116,18,0,,1.4193912528968
1997,05116,30,6,,0.03599281910913133
1998,05116,40,5,,0.0862123126139196
1999,05116,37,5,,0.049627311529259095
2000,05116,43,2,,0.09382775563410292
2001,05116,30,8,0.1235948799627696,0.06210483883149869
2002,05116,41,12,-0.046743180727541904,0.0460566145940862
2003,05116,21,2,-0.029780358463399104,0.07660282845567327
2004,05116,30,6,-0.0895675086735134,0.07398304249929637
2005,05116,27,2,0.006807997938965998,0.06617071875368818
2006,05116,18,0,0.0041586934849354995,0.0992570314177342
2007,05116,49,18,0.1345874346647321,0.04217054635465844
2008,05116,47,8,-0.055416886214422395,0.07242310857283223
2009,05116,24,0,-0.035342344385294794,0.06684558582317564
2010,05116,18,5,-0.2149556057493874,0.07763278480862096
2011,05116,33,7,-0.1955842583776266,0.0581746377715155
2012,05116,34,3,-0.051479003374988404,0.06794478971171893
2013,05116,21,2,-0.1096757235840079,0.03696764538333729
2014,05116,52,7,0.1300156271454741,0.05843770954605641
2015,05116,29,4,0.12938978622278718,0.0663737918421636
2016,05116,40,9,0.1214256316222434,0.03913934739454094
2018,05116,36,3,0.1486676512144881,0.06260420219244824
2019,05116,39,0,0.1606249231427728,0.06251353894924545
2020,05116,49,16,0.1486035618473757,0.055779587900369076
2021,05116,36,9,0.109823696508688,0.029166871207784772
2022,05116,43,8,0.1720085151845192,0.0691789370372211
2023,05116,39,13,0.049852948660249405,0.11111668997787554
2024,05116,43,20,-0.0728891821963734,0.04328228282897675
1983,05124,24,2,,
1984,05124,19,0,,
1987,05124,11,0,,
2004,05124,25,4,-0.1196150284288587,0.05043798318659697
2005,05124,24,1,0.0857077776399693,0.02741260495641671
2006,05124,13,0,0.013170828459635402,0.0695396699572022
2007,05124,48,9,0.1874281743227304,0.0120544423196196
2008,05124,41,6,0.0459703324995564,0.03470937279774489
2009,05124,16,0,-0.10615295908682451,0.035429931640624995
1981,05154,25,0,,
1982,05154,22,1,,
1983,05154,36,6,,
1984,05154,32,0,,
1985,05154,8,1,,
1986,05154,13,1,,
1987,05154,13,0,,
1988,05154,55,4,,
1989,05154,44,3,,0.04474447200437717
1990,05154,52,7,,0.014658970418747598
1991,05154,21,4,,0.03935747493068151
1992,05154,36,4,,0.18242007135216032
1993,05154,33,7,,0.06438811845035965
1994,05154,37,5,,0.011439952016200036
1995,05154,46,11,,0.04019972457003491
1996,05154,18,0,,0.27944415420644925
1997,05154,31,6,,0.034179353192571156
1998,05154,47,3,,0.10105641255284088
1999,05154,38,4,,0.036271397721513415
2000,05154,46,4,,0.08867448492763666
2001,05154,32,8,0.1155399996299008,0.04313568987696411
2002,05154,43,15,-0.0455424144872036,0.03967298199316983
2003,05154,23,2,-0.0525762518791137,0.08152630259125104
2004,05154,35,6,-0.0298519256089865,0.06045177294741698
2005,05154,29,3,-0.003681414853334999,0.06865696598593682
2006,05154,21,0,0.0436212338216295,0.12956155249713272
2007,05154,49,15,0.10767245170608389,0.053693949371316774
2008,05154,48,9,-0.0589590583837024,0.05813991673657067
2009,05154,24,0,-0.0453276658803943,0.1024569768996148
2010,05154,18,3,-0.20619250622625,0.07354716021392861
2011,05154,36,4,-0.13872290578429672,0.04927495168884896
2012,05154,36,3,-0.0707583484424991,0.04208266653845889
2013,05154,25,3,-0.1494169370451725,0.03884920030869947
2014,05154,52,7,0.08580019479150061,0.04011237148317488
2015,05154,29,3,0.090893563206428,0.05707143215380329
2016,05154,41,9,0.1397344272687539,0.02170703781512605
2017,05154,30,6,0.0381396820263268,0.052691890106987195
2018,05154,37,5,0.16885058595622432,0.047607646016457
2019,05154,41,1,0.1409953761810545,0.04252095241575908
2020,05154,52,19,0.1158441178015914,0.04846003073281143
2021,05154,37,5,0.1252968644046965,0.0236305664661142
2022,05154,49,7,0.15040277185433742,0.06789526732723707
2023,05154,38,12,0.1155372672591995,0.10394859623250509
2024,05154,44,18,-0.0875421073167732,0.035699639679263796
1981,05158,11,0,,
1982,05158,20,0,,
1983,05158,28,2,,
1984,05158,27,1,,
1985,05158,9,0,,
1986,05158,11,0,,
1987,05158,11,0,,
1988,05158,47,2,,
1989,05158,39,3,,0.02874400211260843
1990,05158,44,7,,0.010170763898747754
1991,05158,20,3,,0.038701575690658574
1992,05158,34,2,,0.13672185073968623
1993,05158,24,7,,0.0304877647376231
1994,05158,34,3,,0.002151405136479763
1995,05158,37,9,,0.0347927972395512
1996,05158,17,1,,0.47943015040223863
1997,05158,27,5,,0.018830828376942037
1998,05158,38,4,,0.07251198953595307
1999,05158,36,3,,0.02527031319827201
2000,05158,37,2,,0.06829033014999362
2001,05158,29,6,0.0967009611311177,0.037096174183623154
2002,05158,37,11,-0.015554406907204506,0.020346497985604232
2003,05158,18,2,-0.0040378090345059015,0.04329538304514889
2004,05158,29,6,-0.1161803931840046,0.047057065518012454
2005,05158,26,2,0.032255398643799,0.03678405154248898
2006,05158,15,0,0.01970589026803947,0.07955558350723727
2007,05158,50,13,0.15809138529826,0.016155992176386916
2008,05158,44,6,0.005537723302686204,0.03867697882459517
2009,05158,20,0,-0.0479399223917102,0.0534759016115352
2010,05158,15,4,-0.1893004620281192,0.0513772627077019
2011,05158,30,3,-0.11311478989471929,0.02714228002055616
2012,05158,30,2,-0.0464880250907201,0.03704786358354136
2013,05158,20,2,-0.3135097911844235,0.010804279119049421
2014,05158,52,6,0.1801547338800561,0.03575650825597634
2015,05158,30,3,0.1165767767660743,0.03356899829089331
1981,05162,16,0,,
1982,05162,21,1,,
1983,05162,32,5,,
1984,05162,29,1,,
1985,05162,9,1,,
1986,05162,12,1,,
1987,05162,11,0,,
1988,05162,50,4,,
1989,05162,39,3,,0.06657295472464991
1990,05162,49,10,,0.04142365303777378
1991,05162,20,4,,0.100631016851723
1992,05162,32,3,,0.23855567665758404
1993,05162,26,8,,0.08147832417048803
1994,05162,35,4,,0.01192210725010725
1995,05162,42,12,,0.05678399164222284
1996,05162,16,0,,1.509890537941916
1997,05162,29,7,,0.04068150573437493
1998,05162,40,5,,0.09178706617565005
1999,05162,37,5,,0.05627075814104384
2000,05162,42,2,,0.09046466621543706
2001,05162,30,8,0.10459788113254441,0.0902953153559475
2002,05162,41,12,-0.0689453720012339,0.04814478700708829
2003,05162,19,2,-0.03353877232013561,0.08016493369234254
2004,05162,30,6,-0.0699215412191124,0.08346461581761891
2005,05162,27,3,-0.0098976643762043,0.07908331464652425
2006,05162,16,0,0.0223072928692367,0.10603209761683248
2007,05162,49,18,0.1275027942692311,0.04613978360170465
2008,05162,44,8,-0.060018716325608304,0.07913098133136821
2009,05162,24,0,-0.0718554772981108,0.06981992088251375
2010,05162,16,5,-0.1367855869549178,0.08661382829412184
2011,05162,33,7,-0.2000396244455127,0.06332383101822989
2012,05162,34,3,-0.0894039340639734,0.07254863858720734
2013,05162,20,2,-0.10921301137122441,0.049072169475433185
2014,05162,51,8,0.12475076358774781,0.05615510280560622
2015,05162,29,4,0.1270495745293666,0.07544376801152738
2016,05162,39,9,0.12143567407204281,0.04654997518610422
2017,05162,28,6,0.018147017590641003,0.08218198738389021
2018,05162,36,3,0.1819938965525189,0.06832877191124291
2019,05162,38,0,0.1617304285045698,0.077617871413004
2020,05162,47,16,0.1308408250309701,0.06477139412822938
2021,05162,36,9,0.08667640933825721,0.033319469948483116
2022,05162,42,8,0.1573861249273743,0.07804596978581724
2023,05162,38,13,0.10284103766337839,0.12621902194644355
2024,05162,43,20,-0.0552500196918458,0.0490773194105726
1981,05166,23,0,,
1982,05166,23,1,,
1983,05166,33,5,,
1984,05166,32,1,,
1985,05166,7,1,,
1986,05166,13,1,,
1987,05166,12,0,,
1988,05166,53,4,,
1989,05166,40,3,,0.05776299460036352
1990,05166,52,10,,0.030592476138049433
1991,05166,20,5,,0.09329977654945314
1992,05166,35,4,,0.2022653472437342
1993,05166,28,7,,0.07265145159379073
1994,05166,38,4,,0.0022588150256375506
1995,05166,44,11,,0.05665276456794723
1996,05166,16,1,,1.3093516078017924
1997,05166,29,6,,0.037832422297135154
1998,05166,41,3,,0.08183524183006537
1999,05166,38,5,,0.047804196778274306
2000,05166,45,2,,0.11510564567606571
2001,05166,30,6,0.1229682733501332,0.06685206261771198
2002,05166,43,13,-0.058448507146718405,0.04634651334399213
2003,05166,21,3,-0.0127873280140786,0.07847823839690408
2004,05166,31,6,-0.0380020241810619,0.07635827155263715
2005,05166,27,4,0.0175793775176371,0.06993846399897642
2006,05166,21,0,0.0276718717672933,0.10331597775153338
2007,05166,49,17,0.1228700490368155,0.04324083310191613
2008,05166,46,8,-0.0416558775473396,0.07800440445817108
2009,05166,25,0,-0.022683947232703502,0.07019271309947467
2010,05166,17,5,-0.0998819939109031,0.0762407301626723
2011,05166,35,6,-0.1736622857410797,0.055603129294851464
2012,05166,35,3,-0.07974664455365091,0.07287605091274493
2013,05166,21,2,-0.1590901634174215,0.03424433201422632
2014,05166,52,7,0.1278057314607657,0.060752884565364415
2015,05166,30,3,0.121408421843969,0.06447834540602364
2016,05166,40,8,0.10613488196335821,0.03894942146630589
2017,05166,31,6,0.0356268884021946,0.07364579321581988
2018,05166,36,2,0.1350249544719964,0.06555125684912162
2019,05166,39,1,0.1373882904698555,0.06101871293419937
2021,05166,37,8,0.0639300770583011,0.02866807854513542
2022,05166,41,8,0.1341695053495186,0.07194838657890512
2023,05166,38,11,0.0854010775543306,0.11196140144737896
2024,05166,43,20,-0.1254620168105077,0.04485584659247678
1981,05170,21,0,,
1982,05170,22,1,,
1983,05170,34,6,,
1984,05170,29,1,,
1985,05170,8,1,,
1986,05170,13,1,,
1987,05170,12,0,,
1988,05170,55,4,,
1989,05170,42,3,,0.0440530728079332
1990,05170,52,10,,0.014770538799657201
1991,05170,21,5,,0.0418852157943067
1992,05170,34,3,,0.1265572765807135
1993,05170,27,8,,0.06389337449618386
1994,05170,38,4,,0.015801230375354407
1995,05170,44,10,,0.04131284349569525
1996,05170,19,0,,0.26078615545837214
1997,05170,30,6,,0.035168355019940034
1998,05170,42,5,,0.0969278088355604
1999,05170,38,6,,0.03512077054655046
2000,05170,45,2,,0.08437242753533503
2001,05170,31,8,0.11620069642740401,0.04709382151734115
2002,05170,43,12,-0.013056118600109405,0.04101639256127661
2003,05170,22,2,-0.0630167652305557,0.08165693944568501
2004,05170,33,6,-0.0363232902699788,0.06730965989876585
2005,05170,28,2,-0.007525323014092299,0.06307277047460347
2006,05170,18,0,0.019779489287286702,0.09543556263269638
2007,05170,49,17,0.1083720171319914,0.059723636981810234
2008,05170,47,9,-0.0442111166465562,0.06385874414021678
2009,05170,24,0,-0.0640657220409,0.08084152397844328
2010,05170,18,4,-0.2334459311521328,0.0680577272878873
2011,05170,35,5,-0.1124109116410659,0.051601134328358216
2012,05170,36,4,-0.0601018686441131,0.049825518516245816
2013,05170,24,2,-0.2075668627694748,0.039062572679812946
2014,05170,52,6,0.1250177816300557,0.04434793956372866
2015,05170,29,2,0.0948291892826776,0.0624679075702516
2016,05170,40,9,0.1536917428015372,0.025042624643524435
2017,05170,30,6,0.0686634480967468,0.06165804335328532
2018,05170,37,5,0.175462337543013,0.0470441582431115
2019,05170,42,1,0.1594668028786085,0.048300275339872654
2022,05170,47,7,0.15887709042392661,0.0681147097510734
2023,05170,38,13,0.1053358408326561,0.1046654500712343
2024,05170,44,19,-0.0990225353314142,0.03640806248758854
1981,05315,12,0,,
1982,05315,21,2,,
1983,05315,30,6,,
1984,05315,31,1,,
1985,05315,11,1,,
1986,05315,11,1,,
1987,05315,11,1,,
1988,05315,49,4,,
1989,05315,38,4,,0.049012704265905586
1990,05315,48,11,,0.04082676462446946
1991,05315,20,3,,0.04826449624817261
1992,05315,35,5,,0.12173711353980171
1993,05315,23,9,,0.07538400166317473
1994,05315,35,5,,0.017637938222818405
1995,05315,39,14,,0.05383486561082999
1996,05315,17,0,,0.7935423253328583
1997,05315,28,9,,0.046976983362077715
1998,05315,39,5,,0.0816000212162198
1999,05315,38,4,,0.045688153611393695
2000,05315,40,6,,0.06641519697420424
2001,05315,26,11,0.060475024288342304,0.0607769966547413
2002,05315,38,13,-0.0659942333530672,0.04866581437601726
2003,05315,20,3,-0.0507498967071319,0.07790328799400235
2004,05315,28,7,-0.0894125128083932,0.09500056785477372
2005,05315,26,4,-0.007708471977634503,0.08528148783250242
2006,05315,16,0,0.0294015605915163,0.13138597626752965
2008,05315,43,11,-0.050693049799529696,0.07139310821535547
2009,05315,22,0,-0.10846466287234831,0.09327883742365048
2010,05315,16,6,-0.1031111636804922,0.09705487280852527
2011,05315,31,6,-0.1579230113527764,0.06801508253804488
2012,05315,33,5,-0.0496592129891436,0.07352368032644556
1981,05316,11,0,,
1982,05316,22,2,,
1983,05316,31,6,,
1984,05316,30,1,,
1985,05316,11,0,,
1986,05316,11,0,,
1987,05316,11,0,,
1988,05316,52,2,,
1989,05316,40,4,,0.04455357910136943
1990,05316,46,9,,0.01759921241743904
1991,05316,20,3,,0.06242459917650035
1992,05316,34,3,,0.15467003559170212
1993,05316,24,8,,0.046146538636057055
1994,05316,36,3,,0.0026462888906817264
1995,05316,40,12,,0.04375342266885503
1996,05316,18,1,,0.7810479188527458
1997,05316,27,5,,0.02537779574391099
1998,05316,39,6,,0.06251801312907868
1999,05316,38,3,,0.02912469648443319
2000,05316,39,2,,0.06877377708724416
2001,05316,30,7,0.0887165085710244,0.04893124491790623
2002,05316,37,12,-0.033105270019408606,0.03577942975087421
2003,05316,20,3,-0.002197837755830205,0.05994959574127442
2004,05316,30,6,-0.1071350929675293,0.06503708411302946
2005,05316,26,4,0.0421199782310762,0.04725395675745173
2006,05316,15,0,0.04777004812141471,0.10283130127783653
2007,05316,50,18,0.1304429290110929,0.031567830725462306
2008,05316,45,6,-0.024796009304887404,0.05492669006907485
2009,05316,22,0,-0.0952143784689729,0.06369352332485156
2010,05316,17,4,-0.0858381744447051,0.07911151467283689
2011,05316,34,5,-0.15526936963190707,0.050419011485647695
2012,05316,32,3,-0.0633693606690909,0.05694930651200826
2013,05316,21,2,-0.2457428999429293,0.03236120865813971
2014,05316,53,7,0.11798604157657538,0.042051603959582684
2015,05316,31,3,0.1686544402425763,0.06812609036452154
1981,05334,15,0,,
1982,05334,23,0,,
1983,05334,25,2,,
1984,05334,21,0,,
1985,05334,9,0,,
1986,05334,9,0,,
1987,05334,13,0,,
1988,05334,40,2,,
1989,05334,41,3,,0.0036881315925352217
1990,05334,47,5,,0.002539766392287237
1991,05334,22,2,,0.005092946269416858
1992,05334,30,3,,0.034230605351324064
1993,05334,25,1,,0.0035245520294370585
1994,05334,34,3,,0.0018380663541953865
1995,05334,36,5,,0.017536192068595927
1996,05334,18,0,,0.009692928039702233
1997,05334,28,2,,0.004178217697676702
1998,05334,36,1,,0.06347397452050958
1999,05334,32,1,,0.010630811661524596
2000,05334,36,2,,0.061592838726534926
2001,05334,28,4,0.1207291861881065,0.006545273657891637
2002,05334,36,5,-0.0838085074891327,0.0019073413568826414
2003,05334,19,1,-0.0399625385590263,0.013517682971262013
2004,05334,26,2,-0.1256406209049088,0.049535398261266614
2005,05334,25,0,-0.010314868873386902,0.007384950851383105
2006,05334,14,0,-0.008387092349267301,0.047234757813725575
2007,05334,49,6,0.1225029351952097,0.0023312740412635507
2008,05334,43,4,-0.0728243044094346,0.028357399887799537
2009,05334,17,0,-0.0271581890288173,0.015497877963705652
2010,05334,16,2,-0.1603420711144016,0.009674554571758
2011,05334,28,3,-0.10864617734443571,0.026167923693229535
2012,05334,32,1,-0.0888967909570247,0.01798999135942284
2013,05334,17,2,-0.1691701695611275,0.003422301771725627
2014,05334,49,4,0.1476436069730861,0.020000341180798235
2015,05334,24,2,0.1006506140366561,0.01725231840822883
2016,05334,37,1,0.1352902108207829,0.003868265031683839
2017,05334,26,1,0.020158154839353,0.008913949775228646
2018,05334,29,0,0.1566772900231577,0.018602575573171937
2019,05334,35,2,0.1322281235399794,0.0032689139360338923
2020,05334,47,8,0.15074469443016908,0.017680284981376065
2021,05334,26,1,0.1137636714197363,0.0021994312740171444
2022,05334,34,4,0.1599804771142831,0.0213836031638812
2023,05334,38,5,0.1056908740302983,0.0608853789707675
2024,05334,43,6,-0.008518508019853998,0.02744742523948355
1981,05358,17,0,,
1982,05358,21,1,,
1983,05358,33,5,,
1984,05358,31,1,,
1985,05358,10,0,,
1986,05358,12,1,,
1987,05358,12,0,,
1988,05358,51,4,,
1989,05358,43,3,,0.03288780872306884
1990,05358,50,7,,0.016842327995188987
1991,05358,21,3,,0.07299339221787282
1992,05358,36,3,,0.19439032298526185
1993,05358,25,7,,0.04045402628082091
1994,05358,35,4,,0.0023234200743494425
1995,05358,40,9,,0.06390850646681212
1996,05358,18,0,,0.6112985443471884
1997,05358,31,5,,0.054440692962432084
1998,05358,40,2,,0.0938874915795754
1999,05358,37,4,,0.03878238178492034
2000,05358,44,3,,0.11748452081708126
2001,05358,31,6,0.1015372828307466,0.0814226226932602
2002,05358,41,11,-0.0896582091139137,0.03781108718786349
2003,05358,21,2,-0.0435670710018876,0.0685245216237142
2004,05358,29,5,-0.0865838153650214,0.06649358863495985
2005,05358,28,1,-0.0356843044046037,0.07197997618632748
2006,05358,18,0,-0.022750000283632103,0.13821349852413664
2007,05358,50,12,0.10895742116326951,0.03703285111973358
2008,05358,45,7,-0.08987695358172701,0.06611142606560252
2009,05358,24,0,-0.0551847984289808,0.07035898813617608
2010,05358,19,5,-0.1400950255002287,0.07564475830531163
2011,05358,34,6,-0.10815920560631029,0.045786754085898905
2012,05358,34,3,-0.09784466885933191,0.07927847479325975
2013,05358,20,2,-0.109441533466255,0.026292262788940143
2014,05358,50,6,0.1333699083338222,0.052335007496251876
2015,05358,29,3,0.1119137326791132,0.05680426059854146
2016,05358,40,6,0.1224626735132576,0.03275126501688534
2017,05358,27,4,0.016170640336475,0.05863365517515686
2018,05358,36,2,0.1961907919348055,0.06483124922702552
2019,05358,40,0,0.1041946187020009,0.04975579033755554
2020,05358,48,11,0.1250743901216401,0.05733956741633488
2021,05358,38,7,0.1312622966606493,0.024569124785114773
2022,05358,43,5,0.1560666725378053,0.06188241433195669
2023,05358,37,8,0.1058897237133077,0.10762844523483281
2024,05358,44,16,0.0281454330849999,0.04198827677033735
1981,05362,12,0,,
1982,05362,21,2,,
1983,05362,30,6,,
1984,05362,30,1,,
1985,05362,12,1,,
1986,05362,11,1,,
1987,05362,11,0,,
1988,05362,49,4,,
1989,05362,39,3,,0.05595082104349981
1990,05362,49,10,,0.044705342573350605
1991,05362,22,3,,0.10499346739945041
1992,05362,35,5,,0.23592482931116068
1993,05362,25,9,,0.06628661153508655
1994,05362,35,4,,0.015379257438331781
1995,05362,39,13,,0.07198688961929046
1996,05362,19,0,,0.9967417831682251
1997,05362,30,7,,0.042936673600434114
1998,05362,40,3,,0.0921185542269246
1999,05362,37,4,,0.06090520573566085
2000,05362,41,5,,0.10061621303459159
2001,05362,27,9,0.084456252858972,0.09619284927412933
2002,05362,39,12,-0.08570216675638301,0.0512229609013781
2003,05362,20,2,-0.048518201343214995,0.08264366093986862
2004,05362,28,5,-0.0818908687791641,0.0939855248464545
2005,05362,26,4,-0.0233670505504245,0.09597128994044432
2006,05362,17,0,-0.008076781028281,0.14550949093521326
2007,05362,50,17,0.1152531401060466,0.0567518690349947
2008,05362,43,9,-0.0803174366123466,0.08153997046903962
2009,05362,22,0,-0.0784362300686149,0.09126169385674228
2010,05362,15,5,-0.1414555491958233,0.11593981493597531
2011,05362,32,7,-0.1262747392272087,0.06737705484560688
2012,05362,34,5,-0.07992839243280819,0.0952402291420026
2013,05362,19,2,-0.0967678605586568,0.057078443288443775
2014,05362,50,9,0.1364857973999437,0.05938933797909408
2015,05362,30,4,0.1197850730865084,0.08435292106898694
2016,05362,40,9,0.12136497128465071,0.04993824298413805
2017,05362,29,6,0.0192023135271255,0.08533555313202917
2018,05362,35,4,0.19673069322537579,0.08022541749238545
2019,05362,38,1,0.1212031803819628,0.0820631141370168
2020,05362,48,18,0.1208523796601877,0.07478732978785575
2021,05362,36,8,0.1159905734638761,0.039733583872688896
2022,05362,44,8,0.1447790819227869,0.08865561399377239
2023,05362,39,14,0.0969526527021814,0.1482118383685392
2024,05362,43,19,0.020069166933309,0.05623022756235209
1981,05366,5,0,,
1982,05366,18,0,,
1983,05366,18,0,,
1984,05366,7,0,,
1985,05366,5,0,,
1986,05366,8,0,,
1987,05366,5,0,,
1988,05366,28,0,,
1989,05366,26,2,,0.0041178953436898395
1990,05366,37,3,,0.0027214549987005054
1991,05366,16,1,,0.005611514828427934
1992,05366,22,0,,0.005657948710694936
1993,05366,20,1,,0.013583265417006248
1994,05366,25,0,,0.00325463622930865
1995,05366,28,1,,0.0028815205207483887
1996,05366,12,0,,0.02665387280771896
1997,05366,21,2,,0.01162756896601843
1998,05366,33,0,,0.09305374841045654
1999,05366,27,1,,0.00680174940994824
2000,05366,26,0,,0.05324606488146655
2001,05366,18,2,0.11210552275246741,0.0068011017784881155
2002,05366,30,3,-0.0671959337100107,0.002848089999643989
2003,05366,11,0,-0.0782661901080877,0.0060953309764720225
2004,05366,20,1,-0.0475283256731327,0.07523352656490985
2005,05366,19,0,-0.0295018952271545,0.004763401831051664
2006,05366,7,0,-0.0315059878302491,0.048863273425392637
2007,05366,45,3,0.1346064572672547,0.0030029624224297276
2008,05366,35,0,-0.0904216877701452,0.008050119429590018
2009,05366,12,0,-0.07090632333160231,0.0074451293963489085
2010,05366,13,0,-0.1687947221587732,0.022886437497139193
2011,05366,22,0,-0.11109937057998831,0.01658899759827136
2012,05366,21,1,-0.1304018054903592,0.009534160898499323
2013,05366,14,1,-0.1251299346089653,0.012051968086388507
2014,05366,42,0,0.1604023082471262,0.004707705531723462
2015,05366,11,2,0.1131149144259031,0.0072691587766005785
2016,05366,31,0,0.12076231187402942,0.003517522538525666
2017,05366,17,0,0.013826235567880901,0.005541332801365385
2018,05366,20,0,0.18838885662542199,0.007326195177165715
2019,05366,26,2,0.10215909562903061,0.0065230933813433005
2020,05366,42,2,0.124315608933173,0.021607265210817433
2021,05366,20,0,0.1184620911829594,0.004497211728728188
2022,05366,24,1,0.1488663907210071,0.01262694492378487
2023,05366,33,3,0.11201874575622979,0.05207310786313166
2024,05366,38,3,0.0641136375059848,0.02496943984170627
1981,05370,18,0,,
1982,05370,23,1,,
1983,05370,32,5,,
1984,05370,32,1,,
1985,05370,10,1,,
1986,05370,12,1,,
1987,05370,14,0,,
1988,05370,51,4,,
1989,05370,43,3,,0.05502192200040147
1990,05370,51,8,,0.03131580455695897
1991,05370,21,4,,0.08554411164019092
1992,05370,35,6,,0.18575859630215877
1993,05370,28,7,,0.06526295828990436
1994,05370,35,5,,0.0033787451711735712
1995,05370,41,12,,0.07133238505558114
1996,05370,20,1,,0.7849142214305803
1997,05370,31,7,,0.05489606027160613
1998,05370,40,4,,0.07783980227229222
1999,05370,38,4,,0.045998926591470354
2000,05370,43,5,,0.11429826128579905
2001,05370,33,7,0.1106189001365025,0.09816815391389938
2002,05370,42,12,-0.0878843713702579,0.04128963667232598
2003,05370,23,2,-0.027595239724902,0.08488691675408071
2004,05370,31,5,-0.0971668955535109,0.07525481737945909
2005,05370,28,4,-0.013891266303410903,0.07967226276587741
2006,05370,18,0,-0.012159946478582498,0.1067258090095533
2007,05370,50,16,0.1089558889615338,0.046846285143428
2008,05370,47,8,-0.07009165012404639,0.07416779434676163
2009,05370,24,0,-0.0395387730203388,0.06656094948342524
2010,05370,20,5,-0.10811628992907399,0.08265794054026862
2011,05370,34,7,-0.1360420074956895,0.05439551247531861
2012,05370,33,4,-0.0782847506300036,0.06968957953597578
2013,05370,21,2,-0.0599617827116761,0.03615231025936741
2014,05370,51,8,0.1428115796426164,0.0648128350584756
2015,05370,31,4,0.11440053879731549,0.06813069620253163
2016,05370,40,9,0.11719536742551862,0.03900517689386368
2017,05370,29,5,0.018067816033085,0.07641951981050818
2018,05370,36,2,0.15777527213467818,0.06615467240713142
2019,05370,40,1,0.1256284972518992,0.06921460500558758
2020,05370,48,15,0.1311243510649275,0.059401164444805726
2021,05370,38,6,0.08277683236406161,0.030611060624468472
2022,05370,45,7,0.1517934005547512,0.06795131860844726
2023,05370,38,12,0.07415348904788409,0.11729595707721618
2024,05370,43,20,-0.0421789600732823,0.045861469996584046
1983,05374,16,2,,
1981,05378,11,0,,
1983,05378,25,3,,
1984,05378,25,1,,
1986,05378,10,0,,
1987,05378,11,0,,
1988,05378,40,2,,
1989,05378,36,3,,0.040131482136433576
1990,05378,43,7,,0.010330061015144292
1991,05378,19,3,,0.04570456031591015
1993,05378,23,8,,0.029145060361454388
1995,05378,36,9,,0.03972321969335821
1996,05378,15,0,,0.9765470216108351
1998,05378,37,4,,0.0474875403523426
1999,05378,35,2,,0.0284271520886222
2000,05378,33,2,,0.07174726192154511
1981,05382,13,0,,
1982,05382,20,1,,
1983,05382,30,5,,
1984,05382,31,1,,
1985,05382,11,1,,
1986,05382,12,1,,
1987,05382,13,0,,
1988,05382,48,3,,
1989,05382,37,4,,0.044024700762464994
1990,05382,47,9,,0.023755578516178762
1991,05382,20,3,,0.061163607348591
1992,05382,35,3,,0.14549720534011443
1993,05382,24,9,,0.04445246446174726
1994,05382,35,4,,0.011798139031732095
1995,05382,39,13,,0.04917940708657007
1996,05382,16,0,,0.9189204489166277
1997,05382,29,7,,0.03636511586846171
1998,05382,38,5,,0.07592075574782839
1999,05382,37,3,,0.033559918070620816
2000,05382,38,3,,0.06995032689528777
2001,05382,27,10,0.1149960182421915,0.060412411628052984
2002,05382,38,13,-0.0584331679748551,0.03617875803408691
2003,05382,18,2,-0.0633113638103463,0.06531616913149188
2004,05382,27,7,-0.0673129671362632,0.06976070698449874
2005,05382,25,3,0.0122293248482877,0.07509335958855569
2006,05382,15,0,0.020920132921587203,0.08856665341699556
2007,05382,50,19,0.1367394958563671,0.038396569479850755
2008,05382,42,7,-0.07948212911591121,0.05895321370309951
2009,05382,20,0,-0.0726860239795807,0.05078100429226417
2010,05382,16,5,-0.1484012053317964,0.08016315900141453
2011,05382,33,6,-0.1454920536850895,0.05501790999120559
2012,05382,30,4,-0.09546641599947339,0.04978285702143935
2013,05382,22,2,-0.08496797186369609,0.04616402430098082
2014,05382,53,7,0.11332781024513991,0.049272188191590266
2015,05382,31,4,0.1059328940396048,0.06152386415312746
2016,05382,40,10,0.09778045437078492,0.03728308377591228
2017,05382,30,6,0.027802426494991598,0.06358856245795022
2018,05382,35,3,0.1982948877601671,0.051219853594870156
2019,05382,39,1,0.1041501130940342,0.06495169799735499
2020,05382,49,16,0.1234490028362268,0.05945607261644859
2021,05382,36,4,0.102413309977167,0.03472101237304457
2022,05382,46,7,0.1094662621505075,0.094924492880736
2023,05382,38,14,0.0913900230192179,0.11661381354763735
1981,05515,15,0,,
1982,05515,18,0,,
1983,05515,28,4,,
1984,05515,27,0,,
1985,05515,6,1,,
1986,05515,13,0,,
1987,05515,10,0,,
1988,05515,46,3,,
1989,05515,37,3,,0.07288071952936444
1990,05515,47,8,,0.02384767270288397
1991,05515,18,3,,0.07927663427550177
1992,05515,34,1,,0.2107035881197765
1993,05515,26,8,,0.04905754532976955
1994,05515,32,3,,0.010704255208920611
1995,05515,38,8,,0.05472895275107384
1996,05515,14,0,,0.6400689406349949
1997,05515,27,5,,0.03915712325692363
1998,05515,41,4,,0.10190645228215768
1999,05515,35,2,,0.04016203366599563
2000,05515,37,3,,0.07317262191802132
2001,05515,27,6,0.18424079081549471,0.05079774531422271
2002,05515,39,12,-0.0274299666584251,0.05333622291829809
2004,05515,29,7,-0.1862571897709015,0.0860969861308677
2005,05515,26,2,0.0314025930355918,0.10824045039744346
2006,05515,13,0,-0.008088775187844198,0.10551340289218379
2007,05515,47,14,0.050976893401991,0.04830929272453092
2008,05515,40,8,-0.0556189194684326,0.07862652719665272
2009,05515,19,0,-0.005882732628107498,0.11461006158319448
2011,05515,29,4,-0.07636087975683839,0.07108124079420257
2012,05515,27,2,-0.0183255623899715,0.04821782266769468
1981,05554,17,0,,
1982,05554,22,2,,
1983,05554,32,5,,
1984,05554,28,0,,
1985,05554,8,1,,
1986,05554,13,0,,
1987,05554,10,0,,
1988,05554,51,3,,
1989,05554,42,3,,0.05812697448848282
1990,05554,49,7,,0.015239653666855547
1991,05554,19,3,,0.06555877844593798
1992,05554,36,1,,0.183255221270592
1993,05554,27,8,,0.06565743800793998
1994,05554,37,4,,0.02139618344105879
1995,05554,41,11,,0.0422892996069737
1996,05554,15,0,,0.4382359028635268
1997,05554,30,6,,0.03248686145618628
1998,05554,42,4,,0.0975697036634269
1999,05554,36,2,,0.03683296973291254
2000,05554,41,3,,0.08611956218096858
2001,05554,27,7,0.12081538530564931,0.03892171434362885
2002,05554,44,13,0.008728211734175192,0.04134067507916707
2003,05554,20,0,-0.0463468663167695,0.08077882809887595
2004,05554,32,6,-0.1063396541515898,0.0671477377680044
2005,05554,28,1,-0.0057931221962316,0.06553521781219748
2006,05554,15,0,-0.0030533470565582976,0.09637894912365212
2007,05554,49,16,0.0972906057937535,0.05703784631710074
2008,05554,45,9,-0.050559606774994596,0.06588561017259255
2009,05554,23,0,-0.010207552170195299,0.09504515507377297
2010,05554,14,3,-0.2716368004848063,0.08044267016940365
2011,05554,32,4,-0.06954875295709509,0.05953681397913308
2012,05554,34,2,-0.0539171838449355,0.03796057508939213
2013,05554,21,3,-0.17490529258613668,0.04140215107553777
2014,05554,50,7,0.09102092673618059,0.04749376609994849
2015,05554,30,2,0.09024493624159691,0.06099965588055726
2016,05554,38,8,0.1323211537754796,0.0249784752700488
2017,05554,27,5,0.0784836294811692,0.056468662331038005
2018,05554,32,3,0.1460279569407309,0.04675804088071468
2019,05554,38,0,0.1865080334044312,0.04585949913338757
2020,05554,52,18,0.1126249812475384,0.05235866434695118
2021,05554,34,3,0.1712632356205751,0.0236579746548993
2022,05554,47,8,0.12278051031415552,0.06784739327217125
2023,05554,38,12,0.1141960026210169,0.10546817825609948
2024,05554,42,18,-0.13024039067713938,0.03406617273362557
1981,05558,13,0,,
1982,05558,18,0,,
1983,05558,30,5,,
1984,05558,26,0,,
1985,05558,5,0,,
1986,05558,10,0,,
1987,05558,10,0,,
1988,05558,47,3,,
1989,05558,36,3,,0.07994986173909795
1990,05558,46,7,,0.02289113970879687
1991,05558,18,3,,0.07617363878171095
1992,05558,32,1,,0.24047049853372432
1993,05558,25,7,,0.06877635084855614
1994,05558,31,3,,0.009438656506621292
1995,05558,37,8,,0.07007151057186008
1996,05558,14,0,,0.9101431828811973
1997,05558,24,5,,0.058241054323548924
1998,05558,40,4,,0.09722738607791136
1999,05558,34,2,,0.03841404500350594
2000,05558,36,3,,0.09636361779275827
2001,05558,25,6,0.1828443947731682,0.04598172323759791
2002,05558,38,13,-0.0006143870512436977,0.048456708797397066
2003,05558,16,0,-0.0485019129463672,0.08966743512155093
2004,05558,28,7,-0.1262535557353775,0.09255521866625045
2005,05558,25,1,0.0224077210632848,0.10070664267306496
2006,05558,11,0,-0.0331005290762465,0.17123541193424688
2007,05558,47,13,0.0896700054651234,0.04715504315250379
2009,05558,20,0,-0.008199118062039098,0.13640357254387608
2012,05558,28,2,-0.0312716966136531,0.058158530787805605
2013,05558,18,3,-0.1758787898899951,0.04396133636411693
2014,05558,46,5,0.14565879607529408,0.05762287605834411
2015,05558,28,2,0.0945284252211509,0.06868324144914492
1981,05562,15,0,,
1982,05562,19,2,,
1983,05562,31,4,,
1984,05562,27,1,,
1985,05562,8,1,,
1986,05562,13,1,,
1987,05562,11,0,,
1988,05562,50,3,,
1989,05562,38,3,,0.08007990517546969
1990,05562,48,9,,0.028174654712238602
1991,05562,18,5,,0.08111453834036282
1992,05562,35,2,,0.2605140296192362
1993,05562,24,9,,0.07094017805413433
1994,05562,33,4,,0.017822684150481768
1995,05562,40,11,,0.07193764625772048
1996,05562,15,0,,0.7016022609715779
1997,05562,28,5,,0.059312027506086364
1998,05562,41,4,,0.10162762842606271
1999,05562,37,3,,0.04041664834046019
2000,05562,38,3,,0.10236101560051117
2001,05562,27,6,0.1759723148705659,0.05166310490085277
2002,05562,39,13,-0.0030186088756211024,0.05445585824916669
2003,05562,19,2,-0.045508432698472295,0.09251769575281803
2004,05562,30,7,-0.10776335397684621,0.0953341899344556
2005,05562,26,3,0.0173789612937677,0.11750210902812037
2006,05562,13,0,0.0218000524136275,0.10816528340450382
2007,05562,48,16,0.0685779407703925,0.05576822999147278
1981,05566,19,1,,
1982,05566,19,0,,
1983,05566,33,5,,
1984,05566,27,0,,
1985,05566,6,1,,
1986,05566,12,0,,
1987,05566,10,0,,
1988,05566,48,3,,
1989,05566,38,2,,0.06210086836810335
1990,05566,49,7,,0.01597520018724529
1991,05566,20,3,,0.06790737094620589
1992,05566,34,1,,0.19779866205140162
1993,05566,28,8,,0.04365450136628837
1994,05566,33,3,,0.00216459586995108
1995,05566,36,9,,0.047552709833115187
1996,05566,14,0,,0.5212383528143911
1997,05566,30,5,,0.03282308877096563
1998,05566,43,4,,0.10261061798381382
1999,05566,34,2,,0.03611768393684608
2000,05566,39,3,,0.08995070669945682
2001,05566,28,5,0.1698077135332648,0.06788422825668221
2002,05566,38,13,-0.0221956069309312,0.04438930150535436
2003,05566,16,0,-0.010522706570916997,0.08621943249058633
2004,05566,31,7,-0.1499857755368275,0.07222536196704457
2005,05566,26,1,0.021222229801999,0.10705978513569732
2006,05566,14,0,-0.0302912623596683,0.16365386929382567
2007,05566,46,13,0.0760978020389665,0.04588958523526364
2008,05566,43,8,-0.0565961733774664,0.07133148489080751
2009,05566,21,0,-0.0208705684727549,0.14651842964186115
2010,05566,13,2,-0.21923775004741272,0.09265603226276661
2011,05566,29,4,-0.093484938152219,0.06829571415085434
2012,05566,30,3,-0.0012810735810072985,0.06820167785316476
2013,05566,21,2,-0.1543766897890585,0.03347719078822154
2014,05566,46,7,0.1322963639446448,0.05219224440894569
2015,05566,31,2,0.0993527293255402,0.060559728199320505
2016,05566,36,6,0.1062465256462636,0.029847919890970406
2017,05566,26,4,0.0590385642510223,0.06336374338444836
2019,05566,33,2,0.2060759300933892,0.052310407872274596
2023,05566,36,12,0.1142217747300781,0.0899342463446805
1981,05570,16,0,,
1982,05570,20,1,,
1983,05570,29,4,,
1984,05570,26,0,,
1985,05570,7,0,,
1986,05570,13,0,,
1987,05570,10,0,,
1988,05570,48,3,,
1989,05570,38,3,,0.07690192361728491
1990,05570,48,9,,0.02066770417872318
1991,05570,19,2,,0.07395835806331547
1992,05570,33,2,,0.22131641483182918
1993,05570,26,8,,0.0547421804091848
1994,05570,32,3,,0.0027616108476074095
1995,05570,39,7,,0.059892760474998634
1996,05570,13,0,,0.5543426566592393
1997,05570,30,5,,0.04371931816856
1998,05570,41,4,,0.09461173009849455
1999,05570,36,2,,0.046210600762549445
2000,05570,39,3,,0.10789940157532597
2001,05570,28,5,0.19001101702952328,0.06469520162364199
2002,05570,37,12,-0.0012621588665555974,0.045991446544032887
2003,05570,18,0,-0.0330347857583532,0.08131931275451208
2004,05570,29,6,-0.1060846299410729,0.07637696133390828
2005,05570,26,2,0.0332468729105807,0.10428336923353079
2006,05570,12,0,0.0004922855095449985,0.10855151876811356
2007,05570,48,14,0.0432099671047288,0.04775406452863094
2008,05570,43,7,-0.1027228253817548,0.07154876612103174
2009,05570,19,0,-0.0216566959217316,0.09831034182204032
2010,05570,13,2,-0.1349090545935483,0.08105651825748404
2011,05570,30,4,-0.1222802832623722,0.062440827389443655
2012,05570,29,3,-0.026700989925140202,0.07445509215979015
2013,05570,21,3,-0.1232829740990555,0.036006498474900485
2014,05570,46,8,0.1553770698632006,0.05968968587407139
2015,05570,32,2,0.1055566110749314,0.06407559733646691
1981,05754,11,0,,
1982,05754,19,1,,
1983,05754,27,4,,
1984,05754,22,0,,
1985,05754,8,0,,
1986,05754,10,0,,
1987,05754,11,0,,
1988,05754,43,4,,
1989,05754,37,3,,0.06280909997068308
1990,05754,48,8,,0.016607132927229987
1991,05754,16,3,,0.0654104990894188
1992,05754,33,2,,0.18407380928359823
1993,05754,23,8,,0.054077985611510795
1994,05754,30,3,,0.00612755766040563
1995,05754,36,9,,0.062042171850289936
1996,05754,10,0,,0.5844804228509587
1997,05754,27,5,,0.03185642974787787
1998,05754,41,4,,0.08938070924739533
1999,05754,32,2,,0.0540459106737703
2000,05754,33,2,,0.08871104217098717
2001,05754,26,6,0.2123619279040993,0.08322668230277185
2002,05754,35,12,0.03075820725770089,0.04783005377975727
2003,05754,14,0,-0.0169071891591512,0.07381029401123947
2004,05754,26,7,-0.08104026145744711,0.08693750609696614
2005,05754,25,3,0.014463421569517899,0.07561476468758589
2006,05754,10,0,-0.026019786791563602,0.14088570301326625
2007,05754,46,13,0.0765685748780401,0.044952209773539926
2008,05754,39,6,-0.0789103837582319,0.06705099362259423
2009,05754,17,0,-0.1015535837784862,0.08655923137154929
2010,05754,12,2,-0.2177208182738284,0.09920184758201847
2011,05754,29,3,-0.0734783939415047,0.0706139140302056
2012,05754,28,2,-0.0291447564772121,0.06667878648874964
2013,05754,18,2,-0.086652761591423,0.04776495025130782
2014,05754,45,9,0.099427376038632,0.06733643473962725
2015,05754,28,3,0.1524385721777405,0.07501607374415065
2018,05754,27,1,0.20831376709287408,0.07110865413450762
2020,05754,50,14,0.1280083892667478,0.06524530137586905
2021,05754,30,2,0.1013456699971761,0.03216213961986569
2023,05754,35,11,0.09571282161709949,0.09662123484071239
1981,05758,13,0,,
1982,05758,19,1,,
1983,05758,28,3,,
1984,05758,23,0,,
1985,05758,9,0,,
1986,05758,10,0,,
1987,05758,10,0,,
1988,05758,41,3,,
1989,05758,40,2,,0.045241438099023895
1990,05758,48,5,,0.004328193659504904
1991,05758,17,2,,0.04090806825962846
1992,05758,32,1,,0.1708316713300763
1993,05758,23,7,,0.04325105370269459
1994,05758,30,3,,0.0031093077126377816
1995,05758,35,7,,0.045256845448910926
1996,05758,10,0,,0.41547764839893686
1997,05758,28,4,,0.03997510685572412
1998,05758,41,3,,0.10658623731315742
1999,05758,32,2,,0.05239587031611359
2000,05758,32,1,,0.1121994170746201
2001,05758,27,4,0.2450837295239845,0.06276712408323101
2002,05758,36,11,0.0575465698764463,0.03158864202313098
2003,05758,14,0,-0.0445163384683249,0.08924098361675524
2004,05758,26,5,-0.166972301442537,0.09506466168471354
2005,05758,26,2,0.051873737775135195,0.07645816548646989
2006,05758,11,0,-0.057158204706585995,0.16020361306797185
2007,05758,45,9,0.0582206398841384,0.03632185675411482
2008,05758,43,6,-0.11984776967345709,0.0545871919972997
2009,05758,17,0,-0.0190110609528012,0.09091328262214748
2010,05758,11,2,-0.2374519918745832,0.12621634678156415
2011,05758,28,3,-0.0940233058837527,0.07653880418059313
2012,05758,27,3,0.0011728851989502992,0.060436562639117015
2013,05758,17,2,-0.0833038336704971,0.04678709847496277
2014,05758,43,5,0.1112239206783057,0.05015974164724164
2015,05758,31,1,0.1638547856106761,0.07604571785429722
2017,05758,20,2,0.0813694621161147,0.06732495279826155
2018,05758,27,1,0.2413309857612189,0.04881175201675804
2019,05758,29,1,0.2158814538053001,0.0359999888854525
2020,05758,50,9,0.1417545901023808,0.05760913687572075
2021,05758,26,2,0.004476318489036804,0.01925137224136167
2023,05758,34,8,0.0873293913258294,0.07286643443212897
2024,05758,40,14,-0.17736955887678849,0.02726381971094962
1981,05762,5,0,,
1982,05762,14,0,,
1983,05762,22,2,,
1984,05762,11,0,,
1985,05762,5,0,,
1986,05762,9,0,,
1987,05762,6,0,,
1988,05762,28,3,,
1989,05762,28,2,,0.015997217709738703
1990,05762,41,3,,0.0026584962216122453
1991,05762,15,2,,0.04163559816612876
1992,05762,27,0,,0.12750431020122602
1993,05762,19,5,,0.03705951184123504
1994,05762,25,2,,0.003026826765623723
1995,05762,28,5,,0.044354046909746994
1996,05762,6,0,,13.2434435
1997,05762,20,2,,0.044797933513027854
1998,05762,38,1,,0.1203846291110745
1999,05762,28,2,,0.0692554056796504
2000,05762,29,1,,0.2036493907468948
2001,05762,23,3,0.2870871133256954,0.0894464428963479
2002,05762,30,7,0.0490576412480428,0.0464739814279288
2003,05762,12,0,-0.1221926058395387,0.12011639921036711
2004,05762,19,4,-0.0420840001080368,0.06739531535384313
2005,05762,21,1,0.030577353081521895,0.10796135265700481
2006,05762,8,0,-0.0797143144149648,0.28556617513858196
2007,05762,42,9,0.0815504493048264,0.037147109648810885
2008,05762,35,3,-0.0796311985170232,0.0473206060524292
2009,05762,11,0,-0.07646758828953261,0.09386702361991257
2010,05762,5,1,-0.1628321159053146,0.10806330113601847
2011,05762,19,3,-0.06667091236136531,0.06642432615985398
2012,05762,25,2,0.0083604567408379,0.05960490260576071
2013,05762,15,1,-0.1641090078578085,0.10317368785183112
2014,05762,38,3,0.12081821479406299,0.04251258691376492
2015,05762,19,1,0.1969642300348322,0.13761871204537873
2016,05762,26,4,0.1497556400675432,0.03992337684943429
2017,05762,13,1,0.0656051694133948,0.059913599682375536
2018,05762,19,0,0.09161596885817372,0.06257304259499784
2019,05762,26,1,0.1641807475581023,0.03395324977523931
2020,05762,42,7,0.197452275171414,0.09635534783941159
2021,05762,20,1,-0.03418777635186641,0.029596297969421294
2022,05762,35,4,0.1121493069614504,0.13889343684641267
2023,05762,33,4,-0.016387926977590297,0.0736828811216154
2024,05762,38,10,-0.12006161993685749,0.027149308175368165
1981,05766,8,0,,
1982,05766,18,0,,
1983,05766,25,2,,
1984,05766,19,0,,
1985,05766,6,0,,
1986,05766,9,0,,
1987,05766,8,0,,
1988,05766,37,3,,
1989,05766,34,2,,0.021769690232696013
1990,05766,44,3,,0.0025817111581556257
1991,05766,16,2,,0.02237138444854368
1992,05766,31,0,,0.10555986926931174
1993,05766,23,3,,0.027606878871785246
1994,05766,27,2,,0.0029396893336312217
1995,05766,31,5,,0.03822284797414408
1996,05766,9,0,,9.454272
1997,05766,23,2,,0.028965919482492466
1998,05766,39,1,,0.21966162769874514
1999,05766,30,2,,0.05189812132079208
2000,05766,30,1,,0.1769541535810944
2001,05766,25,5,0.29478851023621244,0.0983615413484263
2002,05766,31,8,0.0441472830141428,0.018391576341043308
2003,05766,12,0,-0.033893192734540396,0.05881537427153079
2004,05766,22,3,-0.1781286677200169,0.0868359872305606
2005,05766,24,0,0.0127401863618949,0.08297895891335527
2006,05766,8,0,-0.1121971447683669,0.251950900932982
2007,05766,44,10,0.0261475391880055,0.03172106542145138
2008,05766,37,3,-0.052707736259601,0.04386882023858255
2009,05766,15,0,-0.0770809222213609,0.08479714134948493
2010,05766,9,2,-0.2041845984061531,0.10745003447432218
2011,05766,24,2,-0.12224773519305208,0.06218863263389762
2012,05766,25,2,0.0373821531556445,0.05526507107548803
2013,05766,18,2,-0.1383973623198635,0.0366198280076829
2014,05766,42,2,0.09315929652350569,0.049130367495127114
2015,05766,26,1,0.14583296596931938,0.06854119606067541
2016,05766,28,3,0.048121866859716,0.0217663214158082
2017,05766,17,1,0.020330125794569304,0.03956943638556574
2018,05766,21,0,0.19281802736754738,0.03420862078564731
2019,05766,30,1,0.246439950259576,0.02023062048137641
2020,05766,45,8,0.1798791922389255,0.07658845959759586
2021,05766,21,1,0.1138209028510839,0.016677196010274113
2022,05766,42,4,0.0816308875482727,0.07037218680889813
2023,05766,33,4,0.10391533761924421,0.053089037666319734
2024,05766,39,8,-0.1280773653647051,0.025315952578894366
1981,05770,19,0,,
1982,05770,20,1,,
1983,05770,32,4,,
1984,05770,23,0,,
1985,05770,9,0,,
1986,05770,12,0,,
1987,05770,13,0,,
1988,05770,45,3,,
1989,05770,42,2,,0.05234084443370564
1990,05770,49,6,,0.013853394441849602
1991,05770,22,2,,0.059827702832887214
1992,05770,34,1,,0.18823422730324252
1993,05770,26,7,,0.038847178449231363
1994,05770,32,3,,0.0031093077126377816
1995,05770,37,8,,0.05975463188418629
1996,05770,11,0,,0.6114695101885838
1997,05770,32,4,,0.03471218981402974
1998,05770,42,3,,0.10034235098726703
1999,05770,36,2,,0.043010143208385455
2000,05770,38,2,,0.10886681103862922
2001,05770,29,4,0.2328330555596342,0.07548625261341387
2002,05770,40,11,0.0338558815626008,0.044595127552432064
2003,05770,15,0,-0.07642096875293819,0.11951287788147912
2004,05770,30,6,-0.1477457437238295,0.10362826902546897
2005,05770,28,2,0.0854418920714376,0.09973318219588859
2006,05770,13,0,-0.0626563481174296,0.2000480398415596
2007,05770,47,9,0.1125377028702932,0.0448379065282291
2008,05770,44,6,-0.0812642783728201,0.0646198717358618
2009,05770,18,0,0.020936394364331902,0.07348541029043994
2010,05770,13,2,-0.2565814235459024,0.09971534795665231
2011,05770,28,4,-0.1410145664252146,0.07660880471112526
2012,05770,29,3,-0.013507660772757201,0.06779548071166511
2013,05770,20,2,-0.0864534970909052,0.044586104103233284
2014,05770,44,7,0.11175503301043699,0.07012180782180781
2015,05770,31,1,0.1723906961294051,0.07588371341817948
1981,05774,12,0,,
1982,05774,21,0,,
1983,05774,26,3,,
1984,05774,22,0,,
1985,05774,9,0,,
1986,05774,11,0,,
1987,05774,12,0,,
1988,05774,46,4,,
1989,05774,39,3,,0.03498257780550357
1990,05774,49,5,,0.005360966916616713
1991,05774,18,3,,0.04070892185631996
1992,05774,34,3,,0.1502371504105893
1993,05774,25,8,,0.03290740093993284
1994,05774,29,3,,0.0027781867886105456
1995,05774,38,6,,0.04546479556047873
1996,05774,14,0,,16.336981
1997,05774,32,4,,0.040284993635377866
1998,05774,40,3,,0.12449994442446632
1999,05774,33,3,,0.07705683881518807
2000,05774,33,2,,0.12586204279404828
2001,05774,27,4,0.2519840770591451,0.0727274175006125
2002,05774,36,12,-0.016521136155060203,0.030731533236833315
2003,05774,18,0,-0.0250344883883188,0.08003781880156254
2004,05774,26,7,-0.0071816067025753,0.08639683026809007
2005,05774,26,2,-0.0826513372433546,0.058510700380555634
2006,05774,12,0,-0.07384648868948221,0.13326432601880878
2007,05774,46,11,0.074313655912998,0.03124347935433719
2008,05774,42,4,-0.0791043483864183,0.04862622890364614
2009,05774,20,0,-0.0922406456091709,0.07147339104332477
2010,05774,14,2,-0.12478344561814,0.09774680128742118
2012,05774,29,2,-0.015135092186148802,0.08643607344806727
2013,05774,19,2,-0.20378263869672408,0.054220153626098555
2014,05774,47,4,0.137985870029884,0.04300315224126066
2015,05774,29,3,0.1735037016237126,0.10130578596205525
2016,05774,35,5,0.12094399963118779,0.029885771332492643
1983,05914,22,2,,
1987,05914,10,0,,
1987,05954,11,0,,
1990,05954,42,5,,0.002146991635320589
1983,05958,14,0,,
1985,05958,4,0,,
1986,05958,4,0,,
1987,05958,4,0,,
1989,05958,13,0,,0.0033619943350395457
1990,05958,26,2,,0.0022727169421957174
1991,05958,11,0,,0.004761632668609413
2007,05958,38,3,0.207315164703481,0.002848089999643989
2014,05958,27,0,0.1372959446119079,0.003238362942765174
2024,05958,36,2,-0.0889126419838809,0.005360369560393079
1981,05962,5,0,,
1982,05962,16,0,,
1983,05962,17,2,,
1984,05962,10,0,,
1985,05962,5,0,,
1986,05962,9,0,,
1987,05962,8,0,,
1988,05962,27,1,,
1989,05962,28,2,,0.0027461965178228157
1990,05962,41,3,,0.0019488732589253524
1992,05962,28,0,,0.01515962925364296
1993,05962,21,1,,0.006523263588773463
1997,05962,22,1,,0.005727458869685993
1998,05962,35,1,,0.11378904953609513
1999,05962,29,2,,0.003758400669709138
2004,05962,21,2,-0.1541551519866659,0.0376581751667541
2005,05962,21,0,-0.0034577379831617003,0.0023928482551350523
2006,05962,6,0,-0.1136040475425142,0.028658379940324347
2007,05962,45,6,0.1500852244949831,0.0015854141894569957
2008,05962,38,3,0.009977346820390996,0.01782590594977246
2009,05962,12,0,-0.0597865134013659,0.0033340445961805186
1983,05966,13,0,,
1987,05966,4,0,,
1981,05970,4,0,,
1983,05970,15,0,,
1987,05970,3,0,,
1981,05974,13,0,,
1982,05974,19,0,,
1983,05974,29,4,,
1984,05974,24,1,,
1985,05974,9,0,,
1986,05974,11,0,,
1987,05974,13,0,,
1988,05974,49,3,,
1989,05974,44,3,,0.03678773361279537
1990,05974,49,5,,0.008765537630733474
1991,05974,20,3,,0.027896947679411865
1992,05974,36,2,,0.11574895297397605
1993,05974,25,8,,0.035851186668568055
1994,05974,32,3,,0.001885369532428356
1995,05974,36,10,,0.030847799878367263
1996,05974,15,0,,0.3252289826212889
1997,05974,32,5,,0.02774340284544923
1998,05974,40,4,,0.1006940192313006
1999,05974,34,2,,0.029480229154319984
2000,05974,36,2,,0.0984855542703701
2001,05974,28,4,0.25076222532201653,0.0918392854368932
2002,05974,35,11,-0.004300602510556702,0.027666342162378576
2003,05974,17,1,-0.0549156357498742,0.05735436504104297
2004,05974,26,7,-0.0349635554292332,0.0600471470444553
2005,05974,25,3,-0.059222596079486906,0.05562524144501129
2006,05974,10,0,-0.0494688492030197,0.11023176346447876
2007,05974,46,11,0.1085860642996517,0.03352630546229925
2008,05974,46,5,-0.1191406487405505,0.04681215731155387
2009,05974,22,0,-0.0057318730721789,0.04910562747994323
2010,05974,15,1,-0.06305226742782549,0.08687889333808535
2011,05974,30,3,-0.05666493388628119,0.04148256515306703
2012,05974,28,2,-0.047720642679461106,0.04098825984525833
2013,05974,19,2,-0.22935853344835838,0.024508682844948948
2014,05974,49,8,0.1639106684497265,0.043059623959571934
2015,05974,30,3,0.1617105713179779,0.052351052068029584
2016,05974,40,5,0.109095826054694,0.028896132147638174
2017,05974,24,5,0.0684182028985518,0.04964084452052737
2018,05974,34,1,0.1404699236910588,0.04141056025215182
2019,05974,36,1,0.13985275611377268,0.030495059068183412
2020,05974,51,12,0.11378593596709,0.055267227951601314
2021,05974,27,2,0.1039259090169931,0.02151654437214454
2022,05974,45,5,0.0688202565127886,0.06549896154925625
2023,05974,38,9,0.0175008782366506,0.07162300331871806
2024,05974,41,15,-0.1280595796541462,0.027694610127857906
1981,05978,12,0,,
1982,05978,20,1,,
1983,05978,28,4,,
1984,05978,25,1,,
1985,05978,10,1,,
1986,05978,11,0,,
1987,05978,12,0,,
1988,05978,49,3,,
1989,05978,43,3,,0.0509950869138743
1990,05978,46,6,,0.020724307440156298
1991,05978,20,3,,0.07434698700469207
1992,05978,36,2,,0.182163337466134
1993,05978,26,9,,0.05273496987828368
1994,05978,33,4,,0.008488515627380365
1995,05978,39,12,,0.043545465524086814
1996,05978,16,0,,0.31611023093447904
1997,05978,29,5,,0.02865722097997278
1998,05978,40,6,,0.07435652348993288
1999,05978,35,3,,0.03691414594641919
2000,05978,36,2,,0.08306501470116308
2001,05978,27,8,0.1982731678390299,0.08127484903934126
2002,05978,36,12,0.024835469198543604,0.039183488262814876
2003,05978,15,2,-0.042704031450417596,0.07599989812550938
2004,05978,25,7,-0.1219163758578085,0.07452251634066072
2005,05978,25,3,0.028206728044896,0.06623174339581514
2006,05978,12,0,-0.005321527054828398,0.09675950918381299
2007,05978,48,16,0.1020725259927564,0.04256125117690135
2008,05978,44,8,-0.052995059546313394,0.06127851714502102
2009,05978,20,0,-0.037130247814872494,0.0960522787015979
2010,05978,16,5,-0.1450680824810714,0.07960692408216605
2011,05978,30,4,-0.0940394281661858,0.052867570364704033
2012,05978,28,3,-0.056142121462567904,0.056963069318583026
2013,05978,18,2,-0.2208372135736846,0.045400908504461886
2014,05978,50,8,0.177773850352443,0.05036522661919759
2015,05978,31,3,0.1093949334197559,0.059171124148464205
2016,05978,39,9,0.1343496174487252,0.0430069775357386
2020,05978,51,17,0.11997832222989199,0.05175659767779285
2023,05978,39,11,0.0410296260241597,0.08386296229315489
1981,06411,9,0,,
1982,06411,12,1,,
1983,06411,21,4,,
1984,06411,25,1,,
1985,06411,8,1,,
1986,06411,13,0,,
1987,06411,7,1,,
1988,06411,33,3,,
1989,06411,32,1,,0.08706804733727809
1990,06411,37,3,,0.08674648401261675
1991,06411,18,1,,0.18757336075826223
1992,06411,22,2,,0.3116546419622155
1993,06411,20,5,,0.15363048693328363
1994,06411,31,3,,0.04350701511840521
1995,06411,32,9,,0.12453997687594577
1996,06411,7,0,,0.38864137451307734
1997,06411,23,3,,0.13259436850026596
1998,06411,34,2,,0.18809747086905995
1999,06411,29,1,,0.0741241191510591
2000,06411,31,4,,0.13271568380450866
2001,06411,26,3,0.1711295541725924,0.09903597929981335
2002,06411,32,9,-0.0883878058783579,0.08650128869374314
2003,06411,12,1,-0.003377886461595897,0.12147274975662378
2004,06411,24,6,-0.0469163257077273,0.12173997741389046
2005,06411,23,1,0.0779145141868593,0.15880999160369436
2006,06411,14,0,0.09406105456224881,0.2863639274772168
2007,06411,43,10,0.1635326678190016,0.08581425814969026
2008,06411,29,7,-0.087507726096668,0.13911370371594453
2009,06411,10,0,-0.0324047621840305,0.24231473948569204
2010,06411,10,2,-0.1708757513753226,0.1285282858839162
2011,06411,23,4,-0.0735965355393871,0.15247747454104907
2012,06411,26,2,0.054344083693788396,0.13097495407609452
2013,06411,19,1,-0.1575059633387613,0.1036845298281092
2014,06411,44,3,0.10237736730417399,0.1188711352311129
2015,06411,19,4,-0.02450226957215379,0.1675264258740948
1981,06414,10,0,,
1982,06414,10,0,,
1983,06414,20,1,,
1984,06414,19,0,,
1985,06414,4,0,,
1986,06414,11,0,,
1987,06414,6,0,,
1988,06414,28,2,,
1989,06414,30,1,,0.08902683691097552
1990,06414,34,4,,0.055862914705998655
1991,06414,15,1,,0.0766423676012461
1992,06414,26,0,,0.24474890384719591
1993,06414,15,3,,0.17130021252004027
1994,06414,28,2,,0.03367160916795989
1995,06414,27,8,,0.0994575398447078
1996,06414,6,0,,0.4091409046606415
1997,06414,22,3,,0.092459169831796
1998,06414,32,0,,0.10598779179497367
1999,06414,27,2,,0.06554933303524853
2000,06414,30,2,,0.10024796716133495
2001,06414,25,5,0.1409347667626163,0.10187571254490498
2002,06414,30,8,-0.0418702852487209,0.08747090894229197
2003,06414,12,1,-0.0016479631081980986,0.09586465292128186
2004,06414,23,4,-0.052519466185329905,0.13313690940955608
2005,06414,21,1,0.1073912679986661,0.14891316329279156
2006,06414,15,0,0.033476299144625,0.21806556582104025
2007,06414,41,7,0.16187034125219502,0.07774669677647893
2008,06414,27,3,-0.1044915335593375,0.1337429905802264
2009,06414,10,0,-0.020349870703643302,0.14754159838522724
2010,06414,8,3,-0.2643110771190594,0.10987749998806973
2011,06414,22,3,-0.1248629237388657,0.11333830423871376
2012,06414,28,2,0.0134913538166906,0.14597091572009535
2013,06414,19,1,-0.129084541096747,0.10768981300668677
2014,06414,37,3,0.11012764085693191,0.09389510778213558
2015,06414,17,3,0.054049991860564105,0.10834507033840089
2021,06414,24,1,0.0727340512819714,0.08887736122454357
2022,06414,34,4,0.0267946151044676,0.1770821828274689
2023,06414,31,4,0.1308854030893765,0.2109148043108338
2024,06414,38,5,0.0311418163041687,0.07773125815200514
1981,06431,9,0,,
1982,06431,13,1,,
1983,06431,21,2,,
1984,06431,20,0,,
1985,06431,7,0,,
1986,06431,13,0,,
1987,06431,5,1,,
1988,06431,29,2,,
1989,06431,29,2,,0.06851109152713081
1990,06431,33,3,,0.06047461814468231
1991,06431,18,1,,0.09400069213886537
1992,06431,21,0,,0.2451273195178112
1993,06431,19,4,,0.16301805517201284
1994,06431,31,2,,0.03089124199442065
1995,06431,27,8,,0.09814952214571986
1996,06431,6,0,,0.33768255481410864
1997,06431,22,3,,0.15915534099795134
1998,06431,28,1,,0.12324179265502361
1999,06431,25,1,,0.0715951635918223
2000,06431,29,3,,0.09099604598215257
2001,06431,25,3,0.11677805779125211,0.13680885423970346
2002,06431,29,10,-0.056254861324530794,0.05938719364471237
2003,06431,11,1,-0.045822377454382696,0.09478332355818621
2004,06431,23,4,0.0110436997644276,0.12072361023068655
2005,06431,18,1,0.0809684271131211,0.13560849123578878
2006,06431,10,0,0.0394651005416084,0.24197462444173773
2007,06431,41,9,0.1904723661868822,0.05890138421902974
2008,06431,27,5,-0.1035598285606866,0.09597964883134738
2009,06431,10,0,-0.027919387408135002,0.09480378706961035
2010,06431,9,2,-0.17637703852623648,0.08840164697637165
2011,06431,20,4,-0.015765610381593898,0.07072904376155677
2012,06431,23,2,0.0032374965216685997,0.10774324704605943
2013,06431,15,1,-0.0717559275907633,0.08349926344833877
2014,06431,41,2,0.1088543082206585,0.08612903771760155
2015,06431,14,3,0.0498632238997976,0.11246846764219508
2019,06431,21,2,-0.0498962720502234,0.13400587044268264
1981,06432,9,0,,
1982,06432,12,1,,
1983,06432,21,4,,
1984,06432,25,0,,
1985,06432,8,1,,
1986,06432,13,0,,
1987,06432,7,1,,
1988,06432,32,2,,
1989,06432,32,1,,0.0847807475644014
1990,06432,37,3,,0.07067521182509742
1991,06432,18,1,,0.1514834255218612
1992,06432,21,1,,0.3028032013891055
1993,06432,20,5,,0.15075202137907462
1994,06432,31,3,,0.041522869375195115
1995,06432,32,9,,0.12077188752152433
1996,06432,7,0,,0.3796636060100167
1997,06432,23,3,,0.12578846371465108
1998,06432,34,2,,0.16879338232984703
1999,06432,29,1,,0.07214867898642609
2000,06432,31,3,,0.12619540972204973
2001,06432,26,3,0.1491002155938923,0.10412195859962671
2002,06432,32,9,-0.1005116456205041,0.0784127552140505
2003,06432,12,1,-0.0239039894864223,0.1151796248059568
2004,06432,24,5,-0.0268868187736101,0.12103667105841019
2005,06432,22,1,0.0694965447519359,0.15575729219143578
2006,06432,14,0,0.037881908238432,0.2641147484530153
2007,06432,43,9,0.2021229562566943,0.08310842134660304
2008,06432,29,6,-0.1063031384503936,0.13938177758682105
2009,06432,10,0,-0.0300619656637297,0.23282721452436
2010,06432,10,2,-0.2171279129069787,0.12402652738118798
2011,06432,23,4,-0.058196287863180596,0.13253892093713085
2012,06432,26,2,0.016512785008173998,0.12325414358874447
2013,06432,19,1,-0.0957611088912608,0.10097636501516682
2014,06432,44,2,0.1234843082166506,0.11218492754453291
2015,06432,19,4,0.0584325723785966,0.1609339730774357
2016,06432,37,6,0.056028231343895306,0.08330107235867844
2017,06432,15,4,0.0191564084453659,0.15590713149744706
2018,06432,29,2,0.1869490615659471,0.10671137620862774
2019,06432,22,1,-0.0540843309604082,0.1937194481607757
2020,06432,39,11,0.1331990587559479,0.12306437411875294
2021,06432,25,2,-0.0017706376454374,0.10839374470840181
2022,06432,33,7,0.0634191496249626,0.16903256610800746
2023,06432,30,7,0.1381981104809818,0.23582274372073223
2024,06432,39,10,-0.0207539743995514,0.07929816320935759
1981,06433,10,0,,
1982,06433,11,2,,
1983,06433,23,5,,
1984,06433,27,1,,
1985,06433,5,0,,
1986,06433,12,1,,
1987,06433,6,2,,
1988,06433,31,3,,
1989,06433,32,2,,0.13765658607426012
1990,06433,36,3,,0.11184289923602167
1991,06433,17,3,,0.13430161002969315
1992,06433,26,1,,0.27302748053462134
1993,06433,18,6,,0.2145659999215594
1994,06433,32,3,,0.06381705009957028
1995,06433,31,9,,0.15569338203827107
1996,06433,6,0,,0.5034299521480781
1997,06433,22,5,,0.18686132022863514
1998,06433,30,3,,0.20783572257180016
1999,06433,29,2,,0.1051383185356836
2000,06433,29,4,,0.15546159826349332
2001,06433,25,5,0.1358168279537777,0.14506085191928383
2002,06433,30,11,-0.0591962184392219,0.13547199898485746
2003,06433,14,3,-0.04648101074109699,0.17128367821139104
2004,06433,25,5,-0.011339849877983399,0.17647639466457432
2005,06433,23,1,0.0714300883842846,0.19561122587513102
2006,06433,15,0,0.0577452191793902,0.39257364914282955
2007,06433,43,14,0.1774925589697382,0.1505725590463102
2008,06433,28,7,-0.1104328043623997,0.18199097074685408
2009,06433,12,0,-0.0176159695476278,0.20806566187638745
2010,06433,9,4,-0.2271823023229881,0.2623580370455615
2011,06433,22,5,-0.043947384036259904,0.16367396403440188
2012,06433,27,3,0.0132839550893187,0.19703567966564967
2013,06433,21,2,-0.024676235880918204,0.1489295126381577
2014,06433,40,4,0.1069922995064789,0.15740214893685878
2015,06433,20,4,0.026216184769671205,0.17225603259166405
2016,06433,37,6,0.0435716271258347,0.1433994906080866
2017,06433,17,4,0.032935050389380396,0.22272722500820172
2018,06433,28,6,0.17456285774627098,0.14668304505894017
2019,06433,24,2,-0.053212226422043596,0.2888762527630534
2020,06433,39,11,0.1284715631762926,0.17997537610328018
2021,06433,27,6,0.0187637890765998,0.1805870935130581
2022,06433,36,9,0.0463758708932091,0.24357608266220937
2023,06433,30,6,0.1227863500343661,0.2856791792099281
2024,06433,38,17,-0.043740740664073796,0.10955564508908586
1981,06434,5,0,,
1982,06434,8,0,,
1983,06434,18,1,,
1984,06434,10,0,,
1985,06434,4,0,,
1986,06434,8,0,,
1987,06434,3,0,,
1988,06434,20,0,,
1989,06434,23,1,,0.005646973786747681
1990,06434,31,1,,0.00321557883634633
1991,06434,12,1,,0.033615735307393695
1992,06434,19,0,,0.1618893854413485
1993,06434,14,1,,0.27422822900543004
1994,06434,24,1,,1.0
1995,06434,22,2,,0.06590070138459861
1996,06434,4,0,,0.7231723773173391
1997,06434,17,2,,0.07531189048712679
1998,06434,27,0,,0.07768042480976624
1999,06434,20,0,,0.05473299357924466
2000,06434,27,1,,0.1708388674684928
2001,06434,21,1,0.1652208202360279,0.035146643381721035
2002,06434,28,4,-0.0556556834223146,0.017897686222808174
2003,06434,10,0,-0.023873351134410997,0.04467106886439478
2004,06434,20,1,0.0105494969792088,0.10218039229365052
2005,06434,21,0,0.0654766799087463,0.06924977003899621
2006,06434,7,0,-0.006688932862420401,0.18712488856815387
2007,06434,37,4,0.1757624256974486,0.01876792186442317
2008,06434,22,1,-0.0428165706823823,0.06676077059395187
2009,06434,6,0,-0.0477588182111644,0.028366793770622296
2010,06434,6,1,-0.3030361415302378,0.059042544333752056
2011,06434,17,1,-0.0792020132419327,0.0806985814462172
2012,06434,26,1,0.0378524458647883,0.1044467663471169
2013,06434,14,1,-0.21768359478533,0.04900585654463866
2014,06434,32,2,0.1673565282991341,0.04166426693310896
2015,06434,10,3,0.0989332348999483,0.08479860676034488
2017,06434,12,1,0.0951705503640716,0.05488774349719262
2018,06434,23,0,0.13351786792825698,0.061855587944017784
2019,06434,19,1,0.0657956887386444,0.08299089314940379
2020,06434,35,5,0.1816608681769391,0.10111941327386946
2021,06434,15,0,-0.08730555887479399,0.05646615410094682
2022,06434,27,2,0.0494179749745479,0.11592563725340733
2023,06434,30,0,0.1532206248795979,0.12815725465313027
2024,06434,36,3,0.0015924466458413994,0.06090354407507033
1981,06435,5,0,,
1982,06435,6,0,,
1983,06435,19,2,,
1984,06435,10,0,,
1985,06435,5,0,,
1986,06435,10,0,,
1987,06435,3,0,,
1988,06435,24,2,,
1989,06435,25,2,,0.056710402107300294
1990,06435,33,3,,0.02025504503920679
1991,06435,14,1,,0.09174135005253858
1992,06435,16,0,,0.2036616737742828
1993,06435,14,2,,0.5851312514507115
1994,06435,28,1,,0.012605646237453342
1995,06435,24,2,,0.07047925744041793
1996,06435,3,0,,1.1812579314869487
1997,06435,20,2,,0.09933246056033346
1998,06435,26,1,,0.09437280247887982
1999,06435,23,1,,0.05582321647797026
2000,06435,25,2,,0.11467661508749619
2001,06435,23,2,0.1344128172392528,0.08397093795760426
2002,06435,29,4,-0.07335465933825759,0.05826795466387994
2003,06435,7,1,-0.0913498561088064,0.08029627188098526
2004,06435,21,1,-0.022297748154672798,0.07343319613565144
2005,06435,20,0,0.09231651958824359,0.068010692427149
2006,06435,11,0,0.0373195695175966,0.36243443378119006
2007,06435,39,6,0.24392258634526992,0.058272856647799465
2008,06435,24,2,-0.0671813030513691,0.0835891795120767
2009,06435,7,0,-0.025750724602127496,0.05773907995481361
2010,06435,6,1,-0.22035583482545282,0.16884793884376492
2011,06435,16,3,-0.13318701601776808,0.09133013638654144
2012,06435,23,2,0.0191005590315985,0.11835401630523582
2013,06435,15,1,-0.12351619330360522,0.10473449292882973
2014,06435,33,3,0.1447031228400098,0.05276327083308742
2015,06435,14,3,0.0809093649528743,0.16160035448486657
2016,06435,30,3,0.0533457601527862,0.05188493573886426
2017,06435,13,3,0.0779966252129773,0.1370456657660127
2018,06435,23,0,0.15042097185410158,0.10960772208888811
2019,06435,18,1,0.028795437972430102,0.10533081230647605
1981,06436,10,0,,
1982,06436,10,1,,
1983,06436,20,1,,
1984,06436,19,0,,
1985,06436,5,0,,
1986,06436,11,0,,
1987,06436,6,1,,
1988,06436,29,2,,
1989,06436,30,1,,0.10739796368448137
1990,06436,35,4,,0.07080656939117139
1991,06436,15,2,,0.10234497691168998
1992,06436,26,0,,0.2748467506520372
1993,06436,15,3,,0.17910423921554008
1994,06436,28,2,,0.040286450996776885
1995,06436,27,9,,0.112017014030786
1996,06436,6,0,,0.4451308701045543
1997,06436,22,4,,0.11868851026511378
1998,06436,32,1,,0.12723194596205423
1999,06436,27,2,,0.08194750974985718
2000,06436,30,2,,0.11753382082305494
2001,06436,25,5,0.1196965439827201,0.10800644415958474
2002,06436,30,9,-0.0664289210707644,0.09728644215574082
2003,06436,12,1,-0.0285343274484324,0.11351841540475352
2004,06436,23,4,-0.0385801891178491,0.14103795754157836
2005,06436,22,1,0.0939101613857816,0.15881784297610085
2006,06436,15,0,0.0656518302629086,0.23177233168291564
2007,06436,42,8,0.14174446759967452,0.0934470893848152
2008,06436,27,5,-0.10571921886562341,0.1525026122061268
2009,06436,10,0,-0.027550419791855005,0.14673797387669582
2010,06436,8,3,-0.2781296504409214,0.12763872915583
2011,06436,22,4,-0.12006009059990111,0.1292473663164281
2012,06436,28,2,0.0094989805770698,0.163677258916468
2013,06436,19,1,-0.055913442266207494,0.11820403574175986
2014,06436,37,4,0.11727115007244601,0.1126623602960691
2015,06436,17,3,0.08776060055823841,0.15123963195982973
1981,06437,4,0,,
1982,06437,9,0,,
1983,06437,19,1,,
1984,06437,9,0,,
1985,06437,6,0,,
1986,06437,9,0,,
1987,06437,5,0,,
1988,06437,26,2,,
1989,06437,26,1,,0.05460377098524674
1990,06437,32,3,,0.03369871305991464
1991,06437,15,1,,0.08343313344110131
1992,06437,18,0,,0.19735777348738523
1993,06437,16,4,,0.8338197350666134
1994,06437,28,2,,0.10448894242547979
1995,06437,26,4,,0.08786491417700722
1996,06437,4,0,,2.363785308489929
1997,06437,21,2,,0.09839294540813366
1998,06437,30,0,,0.09656758124076809
1999,06437,23,1,,0.06497428013196246
2000,06437,26,3,,0.0828030871266601
2001,06437,24,2,0.18171626047944622,0.10019819190403653
2002,06437,29,5,-0.0808863828540935,0.05459212683347713
2003,06437,9,1,-0.0098355843021017,0.10025740846371142
2004,06437,21,1,0.0201379728632896,0.09627888276376563
2005,06437,18,0,0.0734907068722445,0.13771780619913224
2006,06437,9,0,-0.0353571563985139,0.2567712183436003
2007,06437,40,7,0.24746032438943122,0.04895322076589394
2008,06437,26,3,-0.050248030127254206,0.08793942755791727
2009,06437,8,0,-0.0014517091202220006,0.12341307384238573
2010,06437,8,2,-0.2066159224335459,0.17662157627400116
2011,06437,17,2,-0.1444093377316554,0.08595936853826845
2012,06437,23,2,0.0031278007416345,0.11512381943858264
2013,06437,13,1,-0.245485158976051,0.07034957311024145
2014,06437,36,3,0.1341059820158532,0.05192655516590235
2015,06437,11,3,0.0908956182776782,0.13792006618133687
1981,06438,10,0,,
1982,06438,10,1,,
1983,06438,23,4,,
1984,06438,26,1,,
1985,06438,6,0,,
1986,06438,11,0,,
1987,06438,6,1,,
1988,06438,33,3,,
1989,06438,33,2,,0.1308575467655129
1990,06438,37,3,,0.09913130917525383
1991,06438,16,3,,0.10361594078097572
1992,06438,26,2,,0.43076911587415045
1993,06438,15,5,,0.18716689976689976
1994,06438,31,4,,0.04664619205705152
1995,06438,29,9,,0.1406050096217745
1996,06438,6,0,,0.73561956801897
1997,06438,22,3,,0.14402594747550795
1998,06438,33,3,,0.20438507009834694
1999,06438,30,2,,0.09132033962169359
2000,06438,30,3,,0.15839098362029944
2001,06438,24,5,0.139824382749752,0.13292904595948593
2002,06438,33,10,-0.10671442035967199,0.10509010930841912
2003,06438,12,2,-0.008716303001821496,0.1285344090345308
2004,06438,24,5,-0.024895408559287104,0.14463962030840852
2006,06438,16,0,0.053754083475238204,0.3153128946232394
2007,06438,42,9,0.17308392933519462,0.10475718084978786
2008,06438,29,7,-0.07188774619066221,0.15133420990658608
2009,06438,11,0,-0.0357273705941452,0.1658992745139776
2010,06438,8,3,-0.2234317966605638,0.2877405793386311
2011,06438,23,4,-0.07114532354225829,0.19638812114479232
2012,06438,26,3,0.020050499225882798,0.13497857753372158
2013,06438,20,2,-0.025376312579776003,0.11818738178633975
2014,06438,40,5,0.1031806973976962,0.1328341676497784
2015,06438,20,4,0.0859945770423673,0.1408902917116839
1981,06439,10,0,,
1982,06439,10,0,,
1983,06439,19,1,,
1984,06439,16,0,,
1985,06439,5,0,,
1986,06439,10,0,,
1987,06439,6,0,,
1988,06439,23,2,,
1989,06439,26,1,,0.0537477694235589
1990,06439,33,3,,0.022657287157287154
1991,06439,14,1,,0.10018636770963234
1992,06439,21,0,,0.23107025319232963
1993,06439,15,1,,0.2202920370236379
1994,06439,26,1,,0.00392041237367513
1995,06439,27,3,,0.0909280424568842
1996,06439,6,0,,0.3407243793922847
1997,06439,21,3,,0.04975771578228937
1998,06439,31,0,,0.08941477904793042
1999,06439,26,1,,0.04952127561780133
2000,06439,28,2,,0.12506045395593218
2001,06439,23,3,0.13545564371114122,0.08668141947240503
2002,06439,29,6,-0.0154048068433955,0.06129783482741162
2003,06439,12,1,-0.019517968248012996,0.08360256659777508
2004,06439,21,0,-0.044510592811437905,0.09441325943412902
2005,06439,21,0,-0.004013590441254898,0.1600494890914112
2006,06439,13,0,-0.0716305483198795,0.3059951024423628
2007,06439,40,6,0.2399907241026239,0.05785040218689123
2008,06439,24,3,-0.035754556790651704,0.09687247497725204
2009,06439,10,0,-0.028089822799084,0.08085450315095363
2010,06439,7,2,-0.3020754739679805,0.1404305386501953
2011,06439,20,3,-0.0661597107997239,0.09670907955018741
2012,06439,27,2,0.0567807113436509,0.18433806080398102
2013,06439,17,1,-0.1692319619639859,0.07873637782007675
2014,06439,35,2,0.1857219659910491,0.05471966914509242
2015,06439,16,3,0.0541831142768752,0.13673905553510818
1981,06440,7,0,,
1982,06440,9,0,,
1983,06440,20,2,,
1984,06440,12,0,,
1985,06440,4,0,,
1986,06440,9,0,,
1987,06440,5,1,,
1988,06440,26,2,,
1989,06440,29,2,,0.07391730086610819
1990,06440,34,5,,0.04911231023642369
1991,06440,15,2,,0.09370004776309505
1992,06440,22,0,,0.2682174406006702
1993,06440,14,6,,0.12310026098901099
1994,06440,28,2,,0.030466410378670483
1995,06440,27,9,,0.07273411596055869
1996,06440,6,0,,0.4089074538197345
1997,06440,21,3,,0.09213761570329568
1998,06440,30,3,,0.10740904136271874
1999,06440,26,1,,0.07152448335185502
2000,06440,28,2,,0.08957760183407976
2001,06440,23,4,0.09793151553159421,0.10113987511090795
2002,06440,30,8,-0.0368427169857591,0.07223805504667191
2003,06440,12,1,-0.03278521257917699,0.09055956566208304
2004,06440,22,4,-0.015830204300901797,0.11316388355253433
2005,06440,21,1,0.0978091506978509,0.12746224675494425
2006,06440,15,0,0.05959908216384931,0.22377943315381899
2007,06440,41,9,0.18515019037424468,0.06284220981058766
2008,06440,27,6,-0.042009904821971006,0.1073388333809116
2009,06440,8,0,-0.030828064497324205,0.11561311330298432
2010,06440,8,3,-0.2787537677490493,0.11906043532371959
2011,06440,20,4,-0.1368205188059497,0.09030156262895815
2012,06440,25,2,0.0012257727727977,0.13583466611635625
2013,06440,17,1,-0.1954543815206946,0.09092269627514218
2014,06440,38,5,0.1491376306065713,0.08920291196081098
2015,06440,12,4,0.1496631076447917,0.13517635926017443
2016,06440,28,8,0.013960749546227703,0.07268649385749386
2017,06440,15,5,0.0670149592657605,0.1278898225920402
2018,06440,25,1,0.1475306268896511,0.10025986619139894
2019,06440,19,1,0.0367078481645687,0.14234468129210573
2020,06440,40,13,0.15871946216098198,0.11732597136158096
2021,06440,21,1,-0.032337488232346806,0.08518881353012606
2022,06440,34,5,0.081195014576914,0.15109877416782938
2023,06440,29,6,0.12164793877295381,0.19198603501439818
2024,06440,38,12,-0.0470112896755841,0.06662862441878689
1981,06531,6,0,,
1982,06531,9,0,,
1983,06531,19,1,,
1984,06531,10,0,,
1985,06531,5,0,,
1986,06531,9,0,,
1987,06531,4,0,,
1988,06531,22,2,,
1989,06531,22,2,,0.10691200342456109
1990,06531,32,2,,0.039941822161920215
1991,06531,15,1,,0.08711582513991832
1992,06531,20,0,,0.2512265085442601
1993,06531,14,2,,0.22929469807298591
1994,06531,23,2,,0.028042290221617566
1995,06531,23,6,,0.10089075456354105
1996,06531,4,0,,3.8513526663835465
1997,06531,18,3,,0.07488331759871161
1998,06531,28,0,,0.11115168061644745
1999,06531,22,1,,0.17364849683188782
2000,06531,29,2,,0.11935954175168406
2001,06531,24,5,0.13883563219438738,0.09515022744610517
2002,06531,29,8,0.039018951228799496,0.06678314030019523
2003,06531,12,1,-0.04625275314892349,0.2358971589379108
2004,06531,22,2,0.012804178023955422,0.17463523301416808
2005,06531,21,1,0.082836784853153,0.14340475562090763
2006,06531,9,0,0.0485116362991233,0.464719924139968
2007,06531,36,7,0.14355816977767621,0.05835229494324648
2008,06531,26,3,0.002893507790940393,0.11364440220490402
2009,06531,7,0,-0.020868635109396398,0.19793788676634508
2010,06531,6,1,-0.2773395986305952,0.10741203786172886
2011,06531,21,4,-0.0664573739831778,0.1422504274059166
2012,06531,24,2,0.0162180363021798,0.16297885329201053
2013,06531,16,1,-0.2832007297166862,0.07613395212219122
2014,06531,35,3,0.1445911648852397,0.07622732247913531
2015,06531,12,3,0.1269060613164586,0.16811340217682222
2017,06531,14,2,0.0532534277863893,0.16030400206059436
2018,06531,24,0,0.1171775302028869,0.12536062067579595
2019,06531,18,0,0.0930711608572049,0.139780271387568
2020,06531,37,8,0.1238299586596841,0.11098058375024052
2021,06531,16,1,0.0189809842530885,0.07960487560890744
2022,06531,33,4,0.0914909340757548,0.15195058917638374
2023,06531,31,5,0.0944250762957379,0.1463842252372911
1981,06532,5,0,,
1982,06532,9,0,,
1983,06532,19,1,,
1984,06532,11,0,,
1985,06532,5,0,,
1986,06532,9,0,,
1987,06532,4,0,,
1988,06532,23,2,,
1989,06532,24,2,,0.06749565497133177
1990,06532,35,3,,0.02084201551255099
1991,06532,14,1,,0.0744942554895267
1992,06532,27,0,,0.1787865480617994
1993,06532,14,3,,0.06883236678142064
1994,06532,23,2,,0.0026688551278715215
1995,06532,22,6,,0.059267770382695505
1996,06532,7,0,,2.643659781802775
1997,06532,19,3,,0.042444490918539364
1998,06532,28,2,,0.05108602762229253
1999,06532,24,1,,0.06300250539700143
2000,06532,30,2,,0.11062833948090882
2001,06532,24,6,0.15792980552705588,0.06973507417241127
2002,06532,30,8,-0.0007707690006066997,0.03299075832709581
2003,06532,12,1,-0.0333723825965966,0.07670522662990517
2004,06532,22,2,0.0204839734995893,0.0852806763652982
2005,06532,22,1,0.050565260499320905,0.06851240790869007
2006,06532,10,0,0.0263755836930119,0.19624305285480517
2007,06532,38,8,0.1866409563071999,0.03954430972719757
2008,06532,25,3,-0.0525144655035551,0.06850063961688589
2009,06532,8,0,-0.038586616322504395,0.07667165927917453
2010,06532,7,1,-0.2513801339204954,0.07241339014134907
2011,06532,21,4,-0.0512660241624174,0.084830285048422
2012,06532,27,2,0.0299439550775824,0.10322239104221481
2013,06532,17,1,-0.2798844889037335,0.041680214430129835
2014,06532,35,3,0.1676176078087753,0.042759594519680054
2015,06532,12,3,0.1263074192151491,0.08895930945837209
1981,06533,11,0,,
1982,06533,10,1,,
1983,06533,21,3,,
1984,06533,18,0,,
1985,06533,6,0,,
1986,06533,11,0,,
1987,06533,7,1,,
1988,06533,31,2,,
1989,06533,31,3,,0.0721149069130495
1990,06533,38,5,,0.0436495629755392
1991,06533,16,3,,0.09463283526149502
1992,06533,28,1,,0.22828853722754539
1993,06533,16,5,,0.14621189659116907
1994,06533,30,4,,0.02256020983953447
1995,06533,29,8,,0.07843766639237135
1996,06533,9,0,,3.3354553534086158
1997,06533,23,4,,0.07866969696969696
1998,06533,31,3,,0.09687976312748749
1999,06533,26,2,,0.06575892782393382
2000,06533,33,2,,0.1003540170002742
2001,06533,26,6,0.1571651221272365,0.09665266585930102
2002,06533,32,8,-0.024886784592996196,0.07488240745534559
2003,06533,16,2,-0.007776578071416795,0.07980948933577708
2004,06533,22,4,-0.012800913218047301,0.10352823410641109
2005,06533,23,1,0.061327467441770506,0.13771833890350565
2006,06533,14,0,0.0844225515711887,0.2802978359492189
2007,06533,43,10,0.1581912238425484,0.06525804605458521
2008,06533,27,6,-0.0874934681068595,0.10624650228112101
2009,06533,11,0,-0.0327631410874388,0.09888899682550698
2010,06533,9,3,-0.2828143666211826,0.11028822038688034
2011,06533,24,4,-0.05110057039629759,0.1180977764184126
2012,06533,30,2,0.015514244263114102,0.16614528971012443
2013,06533,21,1,-0.2216477120844661,0.08667174982231698
2014,06533,40,4,0.1506952066114986,0.07062854394018526
2015,06533,17,3,0.1468378892694401,0.14143936554153008
1981,06534,4,0,,
1982,06534,9,0,,
1983,06534,17,1,,
1984,06534,8,0,,
1985,06534,5,0,,
1986,06534,9,0,,
1987,06534,4,0,,
1988,06534,22,1,,
1989,06534,22,2,,0.04331447460692404
1990,06534,32,3,,0.014930416484345904
1991,06534,15,1,,0.06626077402102187
1992,06534,24,0,,0.19452995048186997
1993,06534,14,3,,0.11386101113967438
1994,06534,19,2,,0.003108698760872674
1995,06534,21,2,,0.05772426136363637
1996,06534,5,0,,18.299309
1997,06534,18,3,,0.04905827427500815
1998,06534,30,1,,0.07517025249747962
1999,06534,23,1,,0.06845122369326272
2000,06534,26,2,,0.1398654852069296
2001,06534,22,4,0.1769273947202423,0.07477921268800748
2002,06534,30,6,0.09424021983610811,0.0346742119811211
2003,06534,11,1,-0.025405350897337902,0.18617484824126176
2004,06534,19,1,0.0599703733085503,0.11018469137961183
2005,06534,20,1,0.0686714960852657,0.08985078535352262
2006,06534,7,0,0.0411066232468415,0.21424722619469336
2007,06534,37,5,0.1199745018595596,0.03623278005948166
2008,06534,27,2,-0.002051137809661499,0.07626467333990285
2009,06534,7,0,-0.06599101327237221,0.0951336262673663
2010,06534,7,1,-0.2441044534215015,0.19051807731397313
2011,06534,18,2,-0.054424824441829896,0.08406606490019089
2012,06534,23,2,0.028145929088861196,0.09504484529625455
2013,06534,15,1,-0.2409475970155677,0.06767552372745372
2014,06534,31,2,0.1158775633167353,0.05180998852111848
2015,06534,10,3,0.1124223964090823,0.08020642316835963
1981,06535,4,0,,
1982,06535,7,0,,
1983,06535,16,0,,
1984,06535,3,0,,
1985,06535,5,0,,
1986,06535,5,0,,
1987,06535,3,0,,
1988,06535,19,0,,
1989,06535,16,2,,0.004054985604801103
1990,06535,27,2,,0.0028388364177291013
1991,06535,11,1,,0.005665561882099658
1992,06535,15,0,,0.0797473933324187
1993,06535,11,0,,0.03895356418222076
1994,06535,18,0,,0.004962582130734264
1995,06535,18,1,,0.009893190893487632
1996,06535,2,0,,0.25448870941336976
1997,06535,18,0,,0.004381007456474691
1998,06535,29,0,,0.057197925732108496
1999,06535,17,0,,0.017570475573450983
2000,06535,19,1,,0.06808966703890243
2001,06535,18,1,0.1580549207257859,0.024297938125040927
2002,06535,28,2,-0.0209070693607325,0.003035638394754417
2003,06535,8,0,-0.1651813773685826,0.010616206603465185
2004,06535,16,0,0.0671553431842695,0.061070794610107004
2005,06535,14,0,-0.0118639694661495,0.019555121123774184
2006,06535,5,0,-0.022095633602569505,0.09443809821057013
2007,06535,35,3,0.2890588703965403,0.010187148942024913
2008,06535,23,1,-0.011734796176720505,0.04151195865000046
2009,06535,5,0,-0.1074515009035108,0.07258454328296203
2010,06535,6,1,-0.1842686427712733,0.010892536774753929
2011,06535,15,0,-0.051174031992202884,0.0747169428547023
2012,06535,20,0,0.0314657079400356,0.055632113261569804
2013,06535,13,0,-0.24926959794350098,0.023249247421665394
2014,06535,29,0,0.1597251941734128,0.013455794766017791
2015,06535,8,1,0.017735106156792607,0.06685741876846171
2017,06535,11,0,0.0852390835770612,0.026939843478616235
2018,06535,18,0,0.0485473486422571,0.02800557206075828
2019,06535,15,0,0.0707600468318439,0.01704308944537909
2021,06535,13,0,0.12687263494379641,0.026982286102748373
2022,06535,23,2,0.0843700485931463,0.08190320282376726
2023,06535,28,2,0.0885507581490062,0.08048997949402704
2024,06535,34,3,-0.0771437178881031,0.028920536709345655
1981,06631,4,0,,
1982,06631,10,0,,
1983,06631,18,1,,
1984,06631,8,0,,
1985,06631,7,0,,
1986,06631,9,0,,
1987,06631,3,0,,
1988,06631,22,0,,
1989,06631,23,2,,0.0037231468036784694
1990,06631,32,2,,0.004012053317698732
1991,06631,14,1,,0.024323793904013256
1992,06631,21,0,,0.11461230913348947
1993,06631,12,1,,0.15144906124961527
1994,06631,20,1,,0.005693107354925392
1995,06631,22,2,,0.027475803677399293
1996,06631,5,0,,8.8031073
1997,06631,19,2,,0.02072865050429784
1998,06631,34,1,,0.06128189946668133
1999,06631,20,0,,0.030479309392451276
2000,06631,25,1,,0.0856979608452685
2001,06631,21,3,0.24005869858183798,0.048542632628150194
2002,06631,29,4,0.0015484700085335971,0.011221500027295555
2003,06631,8,0,-0.1688512292589255,0.037869946808510635
2004,06631,18,1,0.035793517179860096,0.057150337722847916
2005,06631,17,0,0.012422671718717998,0.04043264672006
2006,06631,6,0,-0.0977585476960848,0.10525146220308322
2007,06631,39,4,0.34747198492342357,0.022369710226853787
2008,06631,28,2,0.0023194967354003976,0.04624241283968392
2009,06631,5,0,-0.1380770235255833,0.07088035962687178
2010,06631,7,1,-0.1940865459016992,0.05214933677372052
1981,06632,4,0,,
1982,06632,9,0,,
1983,06632,16,1,,
1984,06632,8,0,,
1985,06632,6,0,,
1986,06632,7,0,,
1987,06632,3,0,,
1988,06632,20,1,,
1989,06632,19,2,,0.0789735316008187
1990,06632,32,2,,0.023965904993501323
1991,06632,14,1,,0.07754894593692153
1992,06632,20,0,,0.18792773466018223
1993,06632,12,1,,0.13857826775811988
1994,06632,20,1,,0.003977724741447892
1995,06632,21,2,,0.05703495356183113
1996,06632,3,0,,19.868141
1997,06632,19,2,,0.07608550087698318
1998,06632,32,2,,0.06892968505538519
1999,06632,21,1,,0.06562161775448269
2000,06632,21,1,,0.15596903328471023
2001,06632,19,2,0.2078730819474383,0.0914501426514143
2002,06632,29,4,0.025979015280610997,0.038993344342691284
2003,06632,8,0,-0.143639249254125,0.16443631905380066
2004,06632,15,1,-0.027148807707346297,0.09400521927115503
2005,06632,17,0,-0.04549577735990411,0.06887725191147692
2006,06632,5,0,-0.0537107920160332,0.22417069421911023
2007,06632,38,5,0.3355017783905697,0.07980520530980302
2008,06632,26,2,-0.021511259674212496,0.07602275202919714
2009,06632,5,0,-0.1486514604464532,0.12307728371667538
2010,06632,7,1,-0.1956268665342239,0.18039865800503715
2011,06632,12,2,-0.05751406467003839,0.09998608900347494
2012,06632,22,2,0.0767136333796183,0.10361934027674354
2013,06632,15,1,-0.2303599653774883,0.11551492296845041
2014,06632,29,4,0.10363776519010301,0.0509022601101809
2015,06632,10,2,0.1307319248440027,0.15223213002566297
1981,06633,5,0,,
1982,06633,11,0,,
1983,06633,19,2,,
1984,06633,9,0,,
1985,06633,5,0,,
1986,06633,7,0,,
1987,06633,4,0,,
1988,06633,23,1,,
1989,06633,23,2,,0.0041524100587981266
1990,06633,35,2,,0.005956151402443802
1991,06633,15,1,,0.03861637710054116
1992,06633,24,0,,0.1521638911921256
1993,06633,12,2,,0.038272578890097934
1994,06633,20,0,,0.0036452979301998347
1995,06633,25,1,,0.04631843832819141
1996,06633,4,0,,11.0868025
1997,06633,20,1,,0.03302037631665816
1998,06633,36,1,,0.08404599180411149
1999,06633,24,1,,0.07740927999169983
2000,06633,27,1,,0.12117577792364462
2001,06633,20,3,0.239699619569515,0.07767549160772279
2002,06633,30,7,0.058029129799651205,0.040785681266612736
2003,06633,8,0,-0.1400942057522144,0.10715370476557039
2004,06633,16,2,0.0517817249999611,0.0790340591792549
2005,06633,20,1,-0.003092818994048601,0.06891044632768362
2006,06633,8,0,-0.028150019948283603,0.3193447212543554
2007,06633,38,5,0.2310959375086324,0.04101833287839498
2008,06633,30,3,-0.1168355127361363,0.06122442775603584
2009,06633,7,0,-0.07372631668265439,0.14150936163655276
2010,06633,5,1,-0.1343109123612912,0.12844508378286815
2011,06633,18,2,-0.0788269887864678,0.08378704082146836
2012,06633,23,2,0.0479540587983006,0.08030355838463947
2013,06633,14,1,-0.1853245793828591,0.07344564248797004
2014,06633,33,1,0.11046118204176371,0.038501666263359983
2015,06633,12,1,0.2024215114358187,0.1010597155786907
2016,06633,23,3,0.14482606282853938,0.0482366686695852
2017,06633,12,1,-0.005750775836736898,0.062408914215036665
2018,06633,17,0,0.05611142484956411,0.08259642683447843
2019,06633,24,0,0.1128157151823736,0.06491488531172163
2020,06633,37,7,0.1871275259133086,0.07227777467550194
2021,06633,21,0,-0.082791188264912,0.03965396198775961
2022,06633,28,4,0.0368043466772729,0.16837435006042137
2023,06633,31,4,0.0943827433277233,0.11151015970304741
2024,06633,36,6,-0.0782401641868192,0.03955653860344091
1981,06634,4,0,,
1982,06634,8,0,,
1983,06634,18,1,,
1984,06634,9,0,,
1985,06634,5,0,,
1986,06634,7,0,,
1987,06634,3,0,,
1988,06634,21,0,,
1989,06634,20,2,,0.02323763743952661
1990,06634,33,2,,0.01585864798275331
1991,06634,15,1,,0.07262712330489166
1992,06634,19,0,,0.22572118286490736
1993,06634,13,1,,0.11464507399577167
1994,06634,20,0,,0.003937783028155149
1995,06634,22,2,,0.05847066249816123
1996,06634,3,0,,16.846986
1997,06634,18,1,,0.0747120618305745
1998,06634,31,1,,0.08822328325353586
1999,06634,22,1,,0.09365693153104529
2000,06634,24,1,,0.1360966373068245
2001,06634,21,2,0.2061033811331189,0.09476221415484834
2002,06634,29,5,0.0671525940251806,0.041394666037290535
2003,06634,9,0,-0.1328015946725331,0.10630277808132686
2004,06634,19,1,0.0554346623310186,0.0953883906851107
2005,06634,19,0,-0.06123814995123021,0.0851755027309222
2006,06634,6,0,0.0393837233529596,0.31375315008513743
2007,06634,37,4,0.26120660696139564,0.06434153226225939
2008,06634,25,2,-0.07886054095841591,0.08043246390312063
2009,06634,5,0,-0.0986927605790946,0.16541376020463416
2010,06634,8,1,-0.2060339836542071,0.17546715617784914
2011,06634,17,3,-0.08446757447552919,0.12563672889855598
2012,06634,22,2,0.060570950198400406,0.12069533637417394
2013,06634,14,1,-0.2272180136227781,0.1272587065409546
2014,06634,30,2,0.08669000233775401,0.046288480548932955
2015,06634,9,3,0.1696388736983213,0.15758347710281786
2016,06634,25,2,0.09360947912936779,0.0841255019242361
2017,06634,13,1,0.018192234540136,0.11355291506932136
2018,06634,18,0,0.0744714963559649,0.12330564689874136
2019,06634,20,0,0.10690863375600561,0.09258273708512262
2020,06634,35,6,0.1944290589396633,0.09330324866079143
2021,06634,16,0,0.0274380884489939,0.06232656855068527
2022,06634,30,3,0.1011584426107765,0.13385608340612742
2023,06634,30,2,0.0928739551247674,0.1269391133199198
2024,06634,35,6,-0.1195820650300366,0.04837568101190979
1981,06635,4,0,,
1982,06635,8,0,,
1983,06635,16,0,,
1984,06635,3,0,,
1985,06635,5,0,,
1986,06635,6,0,,
1987,06635,4,0,,
1988,06635,17,0,,
1989,06635,16,2,,0.005007448579762397
1990,06635,30,2,,0.003657751506993621
1991,06635,11,0,,0.009135423518234306
1992,06635,21,0,,0.11536478691808127
1993,06635,11,0,,0.016438622482530273
1994,06635,17,0,,0.0042515651074051634
1995,06635,21,1,,0.048261535991304776
1996,06635,3,0,,0.10499804680777834
1997,06635,18,1,,0.005859998769400258
1998,06635,32,0,,0.06194734584497825
1999,06635,20,0,,0.034912593570017754
2000,06635,22,1,,0.09602053667481951
2001,06635,15,1,0.1335711910112142,0.022427440926803023
2002,06635,29,3,0.067382459723553,0.0048398962326247725
2003,06635,8,0,-0.1348608106635756,0.04280961331100058
2004,06635,15,0,0.0886073485091794,0.10986930388593792
2005,06635,17,0,-0.025054979745696395,0.04529683589560243
2006,06635,5,0,-0.032087239594794696,0.19429735787321065
2007,06635,37,4,0.1972488497455459,0.01140416140543508
2008,06635,25,2,-0.0338300099028098,0.05634558193045705
2009,06635,5,0,-0.06107369448569049,0.05473210791276976
2010,06635,5,0,-0.21606245136971247,0.0647478491676524
2011,06635,14,0,-0.12268505547020078,0.06551907401739053
2012,06635,22,2,0.033077986988796396,0.06205638145657462
2013,06635,13,1,-0.2312311477039343,0.009272072283937248
2014,06635,29,0,0.10530126923625222,0.03407579918708118
2015,06635,8,1,0.14018752184651972,0.05212351382410599
2024,06635,35,5,-0.0820474644844866,0.04158380150824348
1981,06636,4,0,,
1982,06636,9,0,,
1983,06636,18,2,,
1984,06636,8,0,,
1985,06636,5,0,,
1986,06636,7,0,,
1987,06636,3,0,,
1988,06636,20,0,,
1989,06636,19,2,,0.008371283150281275
1990,06636,33,2,,0.004025067988612156
1991,06636,14,1,,0.04996709319132751
1992,06636,20,0,,0.15809728586323252
1993,06636,11,1,,0.04341536442774012
1994,06636,15,0,,0.00422507837520386
1995,06636,21,2,,0.04586395469787947
1996,06636,1,0,,9.41969
1997,06636,19,0,,0.026092849905919816
1998,06636,33,1,,0.07316772677901388
1999,06636,22,0,,0.03330255706718494
2000,06636,23,1,,0.10007368072126496
2001,06636,18,2,0.22629987781768302,0.06025299132748011
2002,06636,29,3,0.0240512442037232,0.015900433212339544
2003,06636,9,0,-0.1531967862528556,0.07784315812818807
2004,06636,14,0,-0.00021761212956280043,0.08189323870573871
2005,06636,17,0,-0.0036351696804436014,0.05733688574341325
2006,06636,6,0,-0.0937234282981809,0.2093085219956908
2007,06636,36,4,0.30151511512580886,0.031563753413764786
2008,06636,27,3,-0.032746900295301,0.06837610122868146
2009,06636,5,0,-0.1401622774264517,0.13338896129451028
2010,06636,4,1,-0.1634361244254092,0.07699061659560512
2011,06636,12,1,-0.07343586602791338,0.08715904930581969
2012,06636,23,2,0.0880892286988705,0.09775076109865845
2013,06636,14,1,-0.22734837082143328,0.07142313077977769
2014,06636,31,1,0.039925460783083504,0.03785381022221118
2015,06636,9,1,0.1931488620489987,0.10699828207847296
2016,06636,22,2,0.096967714546832,0.054657760038703436
2017,06636,11,1,-0.0150196640165398,0.06359722700026063
2018,06636,17,0,0.11500543024965071,0.08156155736192444
2019,06636,20,1,0.1263159285997567,0.04797011877849393
2020,06636,37,6,0.1932426266411889,0.07822729371865642
2021,06636,15,0,0.0642868119936895,0.04946798924963702
2022,06636,28,2,0.0659049490275709,0.12315798009433289
2023,06636,30,3,0.1033686175788585,0.15056634207406916
2024,06636,34,6,-0.088832167941624,0.04274762056342511
1981,07131,9,0,,
1982,07131,17,0,,
1983,07131,19,1,,
1984,07131,13,0,,
1985,07131,5,0,,
1986,07131,9,0,,
1987,07131,6,0,,
1988,07131,31,1,,
1989,07131,28,2,,0.005114644762348031
1990,07131,41,3,,0.0032774205389390337
1991,07131,17,1,,0.02283319769484855
1992,07131,25,0,,0.12110448373607055
1993,07131,22,1,,0.10155991539600848
1994,07131,25,3,,1.0
1995,07131,32,3,,0.059117559810588326
1996,07131,12,0,,0.14235846646873085
1997,07131,23,3,,0.06716434378994574
1998,07131,34,0,,0.19821932023040056
1999,07131,27,1,,0.04337897987695776
2000,07131,28,2,,0.09736364710096522
2003,07131,13,1,-0.058784612023077595,0.030678491835546957
2005,07131,23,0,-0.0028453189212219038,0.0320011545704766
2017,07131,18,1,0.0283742779689058,0.06333967485299205
1981,07132,7,0,,
1982,07132,17,0,,
1981,07133,8,0,,
1982,07133,15,0,,
1983,07133,18,1,,
1984,07133,12,0,,
1985,07133,9,0,,
1986,07133,10,0,,
1987,07133,6,1,,
1988,07133,26,2,,
1989,07133,27,2,,0.11591149202418002
1990,07133,34,4,,0.054660792330682634
1991,07133,16,1,,0.09032701135944778
1992,07133,22,1,,0.35327659060726785
1993,07133,15,5,,0.12980319726157097
1994,07133,24,3,,0.029932942689377396
1995,07133,32,7,,0.11442521547123491
1996,07133,10,0,,0.4759389854668278
1997,07133,22,2,,0.07318158839453862
1998,07133,34,1,,0.11386485601288888
1999,07133,28,1,,0.09318646004932757
2000,07133,31,2,,0.11173365945365256
2001,07133,26,4,0.07090786429082199,0.09286575600565238
2002,07133,30,8,-0.011099316131576109,0.07199803887029535
2003,07133,12,2,-0.025929051245952406,0.1285765428525731
2004,07133,21,4,-0.0142699065434114,0.13059003013005402
2005,07133,21,1,0.059737381870359,0.11812090213451468
2006,07133,14,0,0.0832364926435463,0.2750191543616201
2007,07133,41,7,0.2201766839098424,0.07901984741995555
2008,07133,29,5,-0.047232863889729096,0.1510757265219432
2009,07133,12,0,0.014370597782145,0.13859399568210518
2016,07133,33,2,-0.0745070330622558,0.08420753700777243
2018,07133,24,1,0.2732968462108847,0.1265250774904322
2019,07133,22,1,0.0423267722606794,0.18973771077751148
2022,07133,30,4,0.067441020065121,0.21357528317524635
1981,07134,6,0,,
1982,07134,13,0,,
1981,07135,9,0,,
1982,07135,16,0,,
1999,07135,28,1,,0.05956412432452037
2005,07135,21,1,-0.0240343096437376,0.06965834782966017
1981,07137,9,0,,
1982,07137,16,1,,
1983,07137,18,1,,
1984,07137,15,0,,
1985,07137,6,0,,
1986,07137,9,0,,
1987,07137,8,0,,
1988,07137,29,2,,
1989,07137,28,3,,0.04980637224984149
1990,07137,39,4,,0.027034862317352023
1991,07137,16,3,,0.09961851218593329
1992,07137,24,2,,0.20618569419173347
1993,07137,22,1,,0.1122730499561788
1994,07137,27,2,,0.0028784516907623668
1995,07137,34,7,,0.08154765240613572
1996,07137,11,0,,1.1619701190174725
1997,07137,23,3,,0.06745641523042106
1998,07137,35,1,,0.07019578918364283
1999,07137,31,1,,0.06905809145991261
2000,07137,31,2,,0.14593758391264136
2001,07137,23,6,0.14355751184207,0.06593349875930521
2002,07137,31,7,0.002932290370956492,0.04445823109524872
2003,07137,14,2,-0.11224222762678009,0.1168566736058972
2004,07137,24,2,0.027156527376173502,0.12245824614268576
2005,07137,22,1,-0.0396163931872033,0.05701190804931812
2006,07137,11,0,0.0585187958109232,0.2246283345819354
2007,07137,46,6,0.2367466457297994,0.05863304473304473
2008,07137,32,4,-0.081943697816208,0.09204741873065017
2009,07137,12,0,-0.0454184136628155,0.08593197385416258
2010,07137,13,2,-0.2988105722779836,0.16940539762504497
2011,07137,24,3,-0.17914363320600682,0.0883565097201383
2012,07137,26,2,-0.0745515932724988,0.18164676949048497
2014,07137,48,2,0.1283340700239334,0.06468676526466548
2015,07137,16,3,0.11676398750806849,0.07550673355493885
2016,07137,34,1,0.004308739572041698,0.06580331288343558
2017,07137,18,3,-0.0026686079924650025,0.11680868941549657
2018,07137,24,1,0.1924865199361794,0.14011409810666495
2019,07137,27,1,0.0867959137202748,0.11112356158619965
2020,07137,41,9,0.14893171810565892,0.089355027242521
2021,07137,24,2,0.0759380252854513,0.04830328945519935
2022,07137,32,4,0.028131798424634702,0.14207889868656348
2023,07137,33,4,0.17153297639218118,0.16112491302799162
2024,07137,41,8,0.0982886455916645,0.05461074209546036
1981,07138,10,0,,
1982,07138,18,0,,
1983,07138,19,2,,
1984,07138,15,0,,
1985,07138,7,0,,
1986,07138,10,0,,
1987,07138,7,0,,
1988,07138,29,1,,
1989,07138,27,2,,0.024706593757994368
1990,07138,38,4,,0.008021886906038654
1991,07138,17,2,,0.04076557392452513
1992,07138,25,0,,0.1239385860704425
1993,07138,19,3,,0.031046704512109793
1994,07138,27,3,,0.0018203331209611358
1995,07138,30,6,,0.03921022533360636
1996,07138,13,0,,1.6450769867549668
1997,07138,20,5,,0.021201569732447707
1998,07138,33,2,,0.066390744537023
1999,07138,27,1,,0.03449910655333955
2000,07138,32,2,,0.09550273549892306
2003,07138,13,1,-0.0254179511045321,0.05808438503321689
2005,07138,23,1,0.0024929544980406976,0.055208156987612875
1981,07140,6,0,,
1982,07140,11,0,,
1981,07141,9,0,,
1982,07141,13,0,,
1983,07141,20,2,,
1984,07141,17,0,,
1985,07141,6,0,,
1986,07141,10,0,,
1987,07141,8,0,,
1988,07141,28,2,,
1989,07141,29,3,,0.03584054685725884
1990,07141,38,5,,0.022492817025684887
1991,07141,16,1,,0.08295134845168158
1992,07141,27,0,,0.12212529727378191
1993,07141,18,2,,0.10010825269249317
1994,07141,26,3,,0.002217983409484097
1995,07141,33,7,,0.06420640957344566
1996,07141,12,0,,2.2998436755990075
1997,07141,22,3,,0.038556555841723246
1998,07141,34,1,,0.06545154461927032
1999,07141,28,1,,0.04691472033699976
2000,07141,34,2,,0.12991734326055496
2003,07141,14,1,-0.043398472984245304,0.07340314549693841
2005,07141,23,1,-0.059948314216390096,0.04422726425011019
1981,07143,5,0,,
1982,07143,11,0,,
1981,07231,8,0,,
1982,07231,16,0,,
1983,07231,19,1,,
1984,07231,21,0,,
1985,07231,10,0,,
1986,07231,10,0,,
1987,07231,7,1,,
1988,07231,30,2,,
1989,07231,28,2,,0.017227850267471884
1990,07231,38,3,,0.006791553280344875
1991,07231,18,1,,0.03854633637389525
1992,07231,26,0,,0.1481214099356301
1993,07231,21,3,,0.059300516809087656
1994,07231,27,2,,0.002328153192480065
1995,07231,34,5,,0.04629746843267327
1996,07231,11,0,,0.5660490695085096
1997,07231,24,4,,0.05770065774522598
1998,07231,33,1,,0.06832010370825231
1999,07231,30,1,,0.04828930673793496
2000,07231,34,2,,0.09690876765297869
2003,07231,14,2,-0.0565940935256819,0.05667158660184574
2005,07231,21,0,-0.02425616173489,0.04096604080413517
1981,07232,8,0,,
1982,07232,14,0,,
2005,07232,16,0,0.0423014543751348,0.007629219912263971
1981,07233,6,0,,
1982,07233,14,0,,
1981,07235,8,0,,
1982,07235,16,0,,
1994,07235,27,2,,0.0025005188576629656
1981,07314,11,0,,
1982,07314,12,2,,
1983,07314,25,6,,
1984,07314,28,1,,
1985,07314,8,2,,
1986,07314,12,1,,
1987,07314,8,3,,
1988,07314,34,5,,
1989,07314,31,2,,0.12047928138620179
1990,07314,36,5,,0.13687822350468903
1991,07314,19,5,,0.15407712675882876
1992,07314,28,2,,0.27271939332501555
1993,07314,22,7,,0.206681941534128
1981,07315,11,0,,
1982,07315,10,1,,
1983,07315,21,2,,
1984,07315,21,1,,
1985,07315,6,0,,
1986,07315,11,0,,
1987,07315,8,1,,
1988,07315,31,2,,
1989,07315,32,2,,0.12470722414143465
1990,07315,34,5,,0.09230907482610269
1991,07315,15,3,,0.09713807127593577
1992,07315,28,1,,0.27317316064306185
1993,07315,15,3,,0.1909712159582343
1994,07315,31,4,,0.04651442691644072
1995,07315,29,8,,0.12594131381424398
1981,07316,10,0,,
1982,07316,14,1,,
1983,07316,21,3,,
1984,07316,24,0,,
1985,07316,10,0,,
1986,07316,11,0,,
1987,07316,9,3,,
1988,07316,32,2,,
1989,07316,32,2,,0.09389855067700803
1990,07316,35,4,,0.08681807628046322
1991,07316,19,1,,0.14313123742743836
1992,07316,25,1,,0.2418324616971126
1993,07316,21,4,,0.16307167619226084
1994,07316,30,4,,0.04778946582080632
1995,07316,32,8,,0.11951665496949739
1981,07318,11,0,,
1982,07318,15,2,,
1983,07318,26,7,,
1984,07318,28,1,,
1985,07318,10,2,,
1986,07318,12,1,,
1987,07318,9,3,,
1988,07318,33,5,,
1989,07318,31,2,,0.10652519108280255
1990,07318,36,5,,0.1313933253138398
1991,07318,19,5,,0.15134728175398562
1992,07318,27,2,,0.24307431005476607
1993,07318,22,5,,0.17339118269530032
1994,07318,33,3,,0.07124956054919473
1981,07319,11,0,,
1982,07319,12,2,,
1983,07319,25,6,,
1984,07319,27,1,,
1985,07319,8,1,,
1986,07319,12,1,,
1987,07319,8,3,,
1988,07319,33,3,,
1989,07319,30,2,,0.10482539598171575
1990,07319,36,3,,0.124561358717812
1991,07319,19,4,,0.14027415560823916
1992,07319,26,2,,0.25573495009357455
1993,07319,22,6,,0.18921119164576963
1994,07319,34,3,,0.06553363965196989
1995,07319,32,10,,0.15560717486128006
1981,07331,11,0,,
1982,07331,10,1,,
1983,07331,24,3,,
1984,07331,26,1,,
1985,07331,8,0,,
1986,07331,11,0,,
1987,07331,6,2,,
1988,07331,30,3,,
1989,07331,31,2,,0.1421737928451846
1990,07331,33,3,,0.10184642314528151
1991,07331,16,3,,0.11574603229130881
1992,07331,24,1,,0.4344024549918167
1993,07331,19,4,,0.2094993060973106
1994,07331,31,3,,0.05318855641907444
1995,07331,31,9,,0.17336224478104448
1996,07331,6,0,,0.5348253556324489
1997,07331,20,4,,0.17463580106425639
1998,07331,30,2,,0.21136544318703473
1999,07331,30,2,,0.10560054249547922
2000,07331,30,3,,0.1546108642578125
2001,07331,25,5,0.1129257154858916,0.13212341461236157
2002,07331,30,9,-0.0637346875206371,0.12974184299915859
2003,07331,14,2,-0.03530165652711689,0.20817707130987173
2004,07331,24,6,-0.0019988275829794,0.166330024223016
2005,07331,23,1,0.068706422516718,0.21539684128667375
2006,07331,14,0,0.0635294257038492,0.3661929746038061
2007,07331,43,11,0.159874665945573,0.14883277712791576
2008,07331,26,7,-0.1331297708652614,0.17090151651845167
2009,07331,13,0,-0.017664634565818002,0.2937058979573791
2010,07331,9,2,-0.2358562868513574,0.2421735011909493
2011,07331,21,4,-0.0414559889078696,0.15580708463160545
2012,07331,27,2,-0.0206729045139406,0.26972917507124916
2013,07331,20,1,-0.11479395430226491,0.1478342570254939
2014,07331,37,3,0.1172823347383927,0.1427250612564932
2015,07331,19,4,0.0784920972230672,0.16588320020696568
2016,07331,37,5,0.043264155512014395,0.12699261404530968
2017,07331,15,4,0.0354545660709556,0.18917775384038965
2018,07331,27,3,0.2174240176716826,0.14361792865899933
2019,07331,25,1,-0.0424116935103576,0.28872460087600404
2020,07331,38,11,0.13249918691821722,0.15524510528765847
2021,07331,26,3,0.0333664949854186,0.15786307513104253
2022,07331,36,7,0.053716479258778295,0.23621397633977634
2023,07331,30,5,0.1211396847369957,0.30611237286461934
2024,07331,37,9,-0.0120353416199506,0.10724651075508433
1981,07333,9,0,,
1982,07333,15,0,,
1983,07333,19,1,,
1984,07333,11,0,,
1985,07333,10,0,,
1986,07333,9,0,,
1987,07333,7,1,,
1988,07333,26,2,,
1989,07333,26,1,,0.054968779690647215
1990,07333,33,2,,0.03564488897991781
1991,07333,17,1,,0.08257131630242019
1992,07333,22,1,,0.24723912718771307
1993,07333,17,3,,0.16457232121161028
1994,07333,24,3,,0.05044752411823725
1995,07333,29,6,,0.10106557145280777
1996,07333,7,0,,2.4394812030075186
1997,07333,22,2,,0.07502668870551012
1998,07333,32,1,,0.08616091188950827
1999,07333,28,1,,0.075665307647153
2000,07333,28,2,,0.0910141158782749
2001,07333,24,2,0.1025900091688282,0.06299696979232222
2002,07333,30,5,-0.025282538825153508,0.0506756794764313
2003,07333,11,1,-0.012706540784073801,0.1380006792709159
2004,07333,21,1,0.0024612865052241997,0.11497741784831428
2005,07333,21,0,0.06848989733653499,0.08142842377524108
2006,07333,11,0,0.0742704297218924,0.25316652241365234
2007,07333,41,6,0.2246271071627094,0.06220489504498073
2008,07333,28,2,-0.0648305954885465,0.11886757853534362
2009,07333,12,0,0.0073324217789575,0.13022515141991883
2010,07333,12,4,-0.23450995178531636,0.13034246554593118
2011,07333,20,4,-0.0734607841700151,0.0993483163265306
2012,07333,23,2,-0.011117559091218102,0.17762709185478615
2013,07333,14,1,-0.2046359943750502,0.12375943217463962
2014,07333,37,2,0.1652021773985139,0.06352060261451802
2015,07333,15,3,-0.009992268893080108,0.12410946638471357
2016,07333,33,2,0.0396455467921683,0.07483314120129768
2017,07333,14,3,0.027434973992519,0.15191934733581822
2018,07333,26,1,0.2331841116037296,0.11108885745394066
2019,07333,24,1,-0.0047838149721183,0.16570249557326247
2020,07333,38,8,0.095152437806414,0.10256976287419176
2021,07333,23,0,-0.014268114474950602,0.06147071241674595
2022,07333,30,4,0.0710080729002756,0.16363676697881624
2023,07333,31,5,0.1172012760559384,0.16208460329720084
2024,07333,38,6,-0.0803790853641822,0.06701315660910384
1981,07334,12,0,,
1982,07334,15,2,,
1983,07334,25,5,,
1984,07334,29,1,,
1985,07334,12,2,,
1986,07334,11,1,,
1987,07334,9,3,,
1988,07334,32,3,,
1989,07334,32,2,,0.10336751347443146
1990,07334,36,5,,0.1144970328973901
1991,07334,19,4,,0.13716847005726282
1992,07334,28,1,,0.2477810842663524
1993,07334,23,4,,0.172628579905681
1994,07334,33,4,,0.06627901438881993
1995,07334,35,8,,0.12648247314149977
1996,07334,12,0,,0.256696871061428
1997,07334,22,5,,0.1497932009847572
1998,07334,34,4,,0.20119735838696887
1999,07334,30,3,,0.11114033944134619
2000,07334,33,5,,0.10692814566316608
2001,07334,28,7,0.1053415186586894,0.11442000586057167
2002,07334,33,7,-0.1268931795692121,0.12751601093545703
2003,07334,14,2,0.015415484546880201,0.16156773575621705
2004,07334,25,5,-0.0582522721086354,0.19738482605477423
2005,07334,24,1,0.0420031975227615,0.15597604846241622
2006,07334,13,0,0.0065848077460735985,0.31824877972070015
2007,07334,50,12,0.1806807086389654,0.1416464556784764
2008,07334,30,7,-0.15044930085570501,0.16465884402921438
2009,07334,14,0,-0.08537652507601401,0.18045559074622067
2010,07334,12,6,-0.004823784862397602,0.16548995877583333
2011,07334,25,8,-0.0339983662727744,0.16469461065521057
2012,07334,27,2,-0.009908180861124199,0.16028435178645364
2013,07334,18,1,0.0117537301270993,0.12406169694699382
2014,07334,41,2,0.0725525485847171,0.1349856038699565
2015,07334,19,4,0.1054319818310503,0.1873504256181597
2016,07334,40,5,0.046804008040657104,0.14036342182012976
2017,07334,17,3,0.0430764427169674,0.23230943541523122
2018,07334,32,4,0.1702379899341428,0.10409703514255944
2019,07334,29,3,-0.016193803564851998,0.2553590029277814
2020,07334,41,12,0.10906649634329979,0.17706610356049005
2021,07334,26,7,0.0009241409147884017,0.14966353908355795
2022,07334,36,9,0.045761631324018004,0.23469891852919972
2023,07334,31,7,0.0921633789938518,0.25538224956063266
2024,07334,41,17,0.0083938472467531,0.12397904569553143
1981,07335,7,0,,
1982,07335,15,0,,
1983,07335,18,1,,
1984,07335,8,0,,
1985,07335,10,0,,
1986,07335,8,0,,
1987,07335,6,1,,
1988,07335,25,2,,
1989,07335,23,1,,0.052733371078570145
1990,07335,35,3,,0.03351810879898133
1991,07335,17,1,,0.08336397013800009
1992,07335,22,1,,0.28790624842583995
1993,07335,16,4,,0.18772565664546306
1994,07335,23,3,,0.06794195800672297
1995,07335,29,6,,0.08783480593907779
1996,07335,8,0,,0.37444727612476647
1997,07335,22,3,,0.07549787832876986
1998,07335,31,1,,0.08434939515546959
1999,07335,24,1,,0.06266338991329833
2000,07335,28,2,,0.0814535798980776
2003,07335,10,1,0.018310001545297702,0.11816617873290633
2005,07335,18,0,0.1159092578199554,0.07576946255848344
1981,07336,6,0,,
1982,07336,13,0,,
2005,07336,17,0,0.061309032769475295,0.056833177377518126
1981,07337,10,0,,
1982,07337,15,1,,
1983,07337,20,1,,
1984,07337,19,0,,
1985,07337,11,0,,
1986,07337,9,0,,
1987,07337,8,2,,
1988,07337,27,2,,
1989,07337,34,1,,0.06748581616231737
1990,07337,35,4,,0.05779945292916866
1991,07337,18,1,,0.0940664360338032
1992,07337,25,1,,0.2071925489729195
1993,07337,22,4,,0.1250362021581277
1994,07337,31,3,,0.029362513936490895
1995,07337,31,6,,0.08628534233593935
1996,07337,9,0,,0.19581978218791019
1997,07337,22,4,,0.08704824323367705
1998,07337,33,2,,0.12672164356673982
1999,07337,26,2,,0.09195310289064078
2000,07337,29,2,,0.0942634175900277
2001,07337,25,2,0.09685415723638671,0.10389847643860445
2002,07337,31,8,-0.11562992563163141,0.08355625070966277
2003,07337,11,3,-0.005590285018825095,0.09562712613864444
2004,07337,23,4,-0.0563844712862357,0.1284171725440806
2005,07337,20,1,0.0682548612400874,0.1029793102281332
2006,07337,12,0,0.0219616825437002,0.240659236139327
2007,07337,44,6,0.20115627767385053,0.07272629763627592
2008,07337,29,2,-0.1624078256207906,0.11098348870500331
2009,07337,13,0,-0.0637525648094506,0.1258937110075854
2010,07337,12,4,-0.049644712314045304,0.11822606847741968
2011,07337,24,5,-0.0327233843566965,0.10776333465818762
2012,07337,25,2,-0.020830198720158802,0.14014359189353898
2013,07337,13,1,-0.022729672032912998,0.15936017997376767
2014,07337,39,3,0.0748220203238623,0.07994869606224947
2015,07337,15,3,0.0982574572172544,0.16934965450561926
2016,07337,37,4,0.060118445274498396,0.08083758264348019
2017,07337,15,3,0.022304859011828097,0.12949817109144543
2018,07337,28,1,0.17184435125500372,0.08648174152167394
2019,07337,26,2,-0.014763178030336999,0.1620491583150642
2020,07337,39,9,0.11464927704844691,0.10915361259139919
2021,07337,24,3,0.007045829437811003,0.0795279412468303
2022,07337,31,6,0.0511603715831378,0.17524124420278267
2023,07337,31,4,0.1200025446099067,0.17014720077220077
2024,07337,41,8,0.0063205833653096,0.07657509757432063
1981,07338,11,0,,
1982,07338,12,2,,
1983,07338,25,6,,
1984,07338,27,1,,
1985,07338,8,2,,
1986,07338,12,1,,
1987,07338,8,3,,
1988,07338,34,5,,
1989,07338,30,2,,0.11468612735197195
1990,07338,36,5,,0.12737175297180314
1991,07338,19,5,,0.14627406631977583
1992,07338,27,2,,0.26877581097941355
1993,07338,22,7,,0.2017456288001099
1994,07338,35,4,,0.07147037589207156
1995,07338,33,13,,0.14725917628557017
1996,07338,9,0,,0.2531524558725686
1997,07338,22,5,,0.17390858795349654
1998,07338,30,4,,0.23278264540971425
1999,07338,28,4,,0.1145128353320811
2000,07338,30,8,,0.12446948839809897
2001,07338,26,6,0.1001420081382964,0.13042415914929206
2002,07338,32,12,-0.1115004728600737,0.1437424658243579
2003,07338,13,3,0.007815900563442502,0.16251125029420227
2004,07338,26,5,-0.041097166805814295,0.21977443042537853
2005,07338,24,1,0.0561911999703026,0.17048633301868635
2006,07338,15,1,-0.0029236369275082996,0.2880451349141456
2007,07338,45,16,0.1558537809065056,0.1561003877804748
2008,07338,26,8,-0.1553570950331741,0.18061395056556348
2009,07338,13,0,-0.0652509026272714,0.2618903726667959
2010,07338,11,6,-0.034336915366903704,0.19811655828238786
2011,07338,21,8,-0.0133224169855698,0.19016440721945496
2012,07338,27,4,0.0027042798181625,0.1903297838012262
2013,07338,20,1,0.0505163401691142,0.1376032956521739
2014,07338,41,6,0.0696560219880631,0.1584800417587816
2015,07338,20,4,0.11343534697495311,0.21200787480063799
2016,07338,40,9,0.0016807417014986017,0.15131525515743757
2017,07338,15,4,0.07293873164278569,0.2578447416732232
2018,07338,31,7,0.1871583264962259,0.11679561988835518
1981,07339,11,0,,
1982,07339,10,2,,
1983,07339,21,3,,
1984,07339,23,1,,
1985,07339,7,0,,
1986,07339,11,1,,
1987,07339,6,2,,
1988,07339,29,3,,
1989,07339,30,2,,0.1464741331835404
1990,07339,32,3,,0.1090853292340328
1991,07339,16,3,,0.1319552387495706
1992,07339,22,1,,0.43969721767594105
1993,07339,19,4,,0.2135448244713611
1994,07339,31,3,,0.058467824744780524
1995,07339,30,9,,0.18571228335510287
1996,07339,5,0,,0.5497264633794693
1997,07339,20,4,,0.18412914133368016
1998,07339,29,3,,0.22449761491327866
1999,07339,30,3,,0.11358405809581218
2000,07339,30,3,,0.16044465332031252
2001,07339,25,5,0.1174672304111974,0.1395467763784685
2002,07339,30,10,-0.0622337230742495,0.13586953161519524
2003,07339,14,2,-0.025823021738173302,0.17090024131059028
2004,07339,24,6,0.0041371496155796,0.1764127150305867
2005,07339,23,1,0.0705610569745222,0.22205746200070697
2006,07339,14,0,0.047397817622533,0.39084812843975864
2007,07339,42,13,0.1746549951698631,0.15997478841257826
2008,07339,26,7,-0.1137604345733616,0.18073516776216864
2009,07339,13,0,-0.016740783087170398,0.30527596014973324
2010,07339,9,4,-0.2473255060601326,0.19351617422483178
2011,07339,20,5,-0.0465642473239572,0.16340099140779907
2012,07339,27,3,-0.015596493090027499,0.29478064365003964
2013,07339,20,1,-0.1282483096632461,0.15792100287231084
2014,07339,37,3,0.1207049906887118,0.14806507889836326
2015,07339,19,4,0.0855725030139669,0.1707685864890211
2016,07339,36,5,0.004161215206359904,0.14058024128594443
2017,07339,13,4,0.0498353453734834,0.20214448295241663
2018,07339,25,4,0.2203956059983584,0.14600600589643292
2019,07339,24,1,-0.061294020041017895,0.30014924598022574
2020,07339,37,12,0.1536497883242492,0.17140932117527863
2021,07339,25,4,0.0186379010564681,0.17493552708211998
2022,07339,34,8,0.045621406665576694,0.24911783243907168
2023,07339,30,5,0.11351257253086851,0.30611237286461934
2024,07339,37,17,0.0098964599995973,0.11198824095142032
1981,07340,6,0,,
1982,07340,14,0,,
1991,07340,18,1,,0.0795631485463214
1992,07340,23,1,,0.23373142702649274
1993,07340,18,5,,0.1713443252340381
1994,07340,26,3,,0.011022447508502144
1995,07340,27,6,,0.07502243158366981
1996,07340,7,0,,0.2477273781902552
1997,07340,19,3,,0.0615323708838713
1998,07340,31,1,,0.07378991117641835
1999,07340,20,1,,0.05271324868474302
2000,07340,26,2,,0.07376646947819265
2003,07340,9,2,0.025382961440610703,0.11014953226667722
1981,08111,6,0,,
1982,08111,8,1,,
1983,08111,19,6,,
1984,08111,11,1,,
1985,08111,8,0,,
1986,08111,9,1,,
1987,08111,5,2,,
1988,08111,26,5,,
1989,08111,21,1,,0.08347570165433471
1990,08111,30,4,,0.07261011004998631
1991,08111,13,3,,0.07295301511297322
1992,08111,16,2,,0.19143976421857575
1993,08111,21,6,,0.1257045799758
1994,08111,31,3,,0.03628532586135326
1995,08111,27,9,,0.10567724564917666
1996,08111,3,0,,0.3409523669718241
1997,08111,18,6,,0.10350039488320355
1998,08111,27,2,,0.12885978722703467
1999,08111,20,3,,0.06944526292351653
2000,08111,22,3,,0.07098456147332582
2001,08111,24,3,0.11923058023153,0.12122388713111656
2002,08111,29,9,-0.108559405709886,0.07883334471645359
2004,08111,20,2,-0.031032260689655502,0.11366632140242862
2007,08111,39,15,0.2301053623907375,0.0780857945848625
2008,08111,21,5,-0.1789536403291027,0.11303698405026583
2016,08111,34,7,0.06875775839750681,0.08217252897918485
2017,08111,12,2,0.0443214937646326,0.1531029656781073
2018,08111,26,3,0.16867833453564568,0.08024235316391787
2019,08111,14,1,-0.0079165743717436,0.145814715423179
2020,08111,32,13,0.13739928823535058,0.11303483940737535
2021,08111,20,6,0.0567678365354485,0.11676577560240965
2022,08111,30,7,-0.0111856814464848,0.189259199416241
2024,08111,39,12,0.0362396856201343,0.08816131119642222
1981,08115,4,0,,
1982,08115,8,0,,
1983,08115,16,2,,
1984,08115,6,0,,
1985,08115,9,0,,
1986,08115,8,0,,
1987,08115,5,2,,
1988,08115,21,3,,
1989,08115,16,1,,0.04090587852005313
1990,08115,27,2,,0.021079807673087304
1991,08115,13,2,,0.08448336002847483
1992,08115,11,1,,0.20013813185129067
1993,08115,17,5,,0.13137982789319605
1994,08115,23,2,,0.002994313853602108
1995,08115,24,7,,0.06038172071475843
1996,08115,2,0,,0.21814749463346447
1997,08115,17,2,,0.05827515497943757
1998,08115,25,2,,0.07302061215694182
1999,08115,14,2,,0.05101535054745274
2000,08115,17,1,,0.08459406338760932
2001,08115,19,2,0.1936450296802171,0.07740080170753293
2002,08115,28,5,-0.0653529866658502,0.059204182450209523
2003,08115,10,2,-0.03557015385570649,0.08550385945133407
2004,08115,15,2,-0.009545280053979099,0.09538225031075435
2005,08115,16,0,0.0992259693979725,0.057146473080941104
2006,08115,5,0,-0.166433590221718,0.17989252138457856
2007,08115,35,5,0.2716768080173083,0.04762481181881368
2008,08115,22,1,-0.1516313291124442,0.08926366436254818
2009,08115,5,0,-0.0635846602953043,0.05681310789928189
2010,08115,10,2,-0.08637092559594839,0.08711662162826118
2011,08115,16,4,-0.158612124212711,0.0661087931483464
2012,08115,18,1,0.025695739854776502,0.13040883043951634
2013,08115,9,1,-0.23658232762030532,0.05390626592435184
2014,08115,24,1,0.1381382608097027,0.04541647530895888
2015,08115,10,2,0.068230268195692,0.12769051674802223
2016,08115,29,6,0.0717944746120179,0.0497560860624906
2017,08115,11,0,0.0942918712200859,0.09764024336086687
2019,08115,10,1,0.0120294915201739,0.1035818318829808
1981,08116,5,0,,
1982,08116,11,1,,
1983,08116,17,3,,
1984,08116,13,1,,
1985,08116,9,0,,
1986,08116,9,1,,
1987,08116,7,2,,
1988,08116,27,4,,
1989,08116,22,1,,0.049936911707214385
1990,08116,31,3,,0.03773103468492383
1991,08116,14,2,,0.09552169185710507
1992,08116,15,2,,0.1961248907416123
1993,08116,21,6,,0.14890739757724242
1994,08116,31,3,,0.020660948587648217
1995,08116,30,10,,0.08371779583428703
1996,08116,4,0,,0.28938892854643433
1997,08116,21,4,,0.09931563063336776
1998,08116,27,2,,0.10545881854100414
1999,08116,20,2,,0.07414119689380086
2000,08116,21,3,,0.06491598691224587
2001,08116,24,2,0.1389990336101819,0.10581734042457133
2002,08116,30,6,-0.1082825389202927,0.0771124185321621
2003,08116,10,2,-0.0366073343244582,0.07917574167872649
2004,08116,19,2,-0.0297616538353847,0.11675096313966384
2005,08116,18,1,0.0868187795705164,0.08619912530309004
2006,08116,6,0,-0.04725445114300229,0.2510101856872774
1981,08117,4,0,,
1982,08117,11,0,,
1999,08117,19,2,,0.05968128112489015
1981,08118,9,0,,
1982,08118,13,1,,
1983,08118,22,5,,
1984,08118,15,2,,
1985,08118,11,0,,
1986,08118,10,1,,
1987,08118,7,3,,
1988,08118,29,6,,
1989,08118,25,2,,0.07004449934602529
1990,08118,34,4,,0.07503865009593082
1991,08118,17,3,,0.08821041431209857
1992,08118,20,2,,0.1961947578186967
1993,08118,22,6,,0.12778581598013883
1994,08118,33,4,,0.04019595116062771
1995,08118,30,9,,0.10264998301548019
1996,08118,5,0,,0.19257915547489413
1997,08118,25,6,,0.10753082804198522
1998,08118,29,4,,0.13359260278159865
1999,08118,23,3,,0.07298430814956153
2000,08118,24,3,,0.07310846630733506
2001,08118,25,5,0.10906831855338621,0.09429084806411309
2002,08118,31,8,-0.15811955384748722,0.07814846427013894
2003,08118,11,2,-0.004797272305065003,0.10119527438952404
2004,08118,21,4,-0.026842126133727603,0.10776033908323929
2005,08118,18,1,0.0649601157212731,0.08785634442200835
2006,08118,12,0,-0.011857781475973696,0.19886322503008422
2007,08118,43,15,0.2789480749856597,0.07335593249067751
2008,08118,24,5,-0.182142850550915,0.1088816120906801
2009,08118,9,0,-0.0654814199481448,0.12760326450818135
2010,08118,10,4,-0.0647748700473187,0.12162632170978628
2011,08118,17,5,-0.0396327377922082,0.09873090336235509
2012,08118,24,2,0.028415137204895,0.10804570808538054
2013,08118,12,2,-0.17114828663559029,0.09086491541312454
2014,08118,37,7,0.1070891404312669,0.09350994801282675
2015,08118,14,4,0.1237413319360227,0.1270477783338162
2016,08118,37,7,0.1257681962304282,0.08206125730994153
2017,08118,13,2,0.025355939034208897,0.14506939914331748
2018,08118,28,3,0.1587913023894001,0.08108996252240509
2019,08118,20,3,-0.0368351455511959,0.14496988743235814
2020,08118,35,13,0.12416407667308091,0.10739483298011909
2021,08118,25,7,0.07503440428833061,0.12073886853290342
2022,08118,32,8,-0.0026915148396828986,0.18888915509111762
2023,08118,30,8,0.1285172342306226,0.1975381168340352
2024,08118,40,16,0.0497047874487345,0.08751932683268512
1981,08119,4,0,,
1982,08119,8,0,,
1983,08119,17,3,,
1984,08119,7,1,,
1985,08119,7,0,,
1986,08119,8,0,,
1987,08119,7,2,,
1988,08119,24,3,,
1989,08119,20,1,,0.050403271126151714
1990,08119,29,3,,0.044006251134801444
1991,08119,13,2,,0.09185735424681858
1992,08119,15,1,,0.22439595828018852
1993,08119,19,6,,0.10131815008726003
1994,08119,29,3,,0.02393908096196953
1995,08119,24,9,,0.07288782001030304
1996,08119,2,0,,0.28490154254477273
1997,08119,17,4,,0.10764782720054639
1998,08119,25,3,,0.10893294117647058
1999,08119,16,2,,0.07360706751763521
2000,08119,22,4,,0.04801231628979974
2001,08119,22,3,0.1273536831387304,0.10143296605700647
2002,08119,27,9,-0.1443142567747723,0.06532933969738546
2003,08119,6,2,-0.041095011740684195,0.11615717033724704
2004,08119,18,2,-0.008278679808225702,0.1258775561077204
2005,08119,18,2,0.044306740798337595,0.09776290432725941
2006,08119,6,0,-0.060658324098997796,0.2733843291922878
2007,08119,35,10,0.2666941092503673,0.05556262839616909
2008,08119,21,4,-0.1527852515112506,0.10116294399955356
2009,08119,4,0,-0.0552773112828899,0.08552141202391175
2010,08119,9,3,-0.1130268265721482,0.10457949163611308
2011,08119,18,5,-0.07183710927256891,0.11075066897611262
2012,08119,22,2,0.0185116038051949,0.13477009657203187
2015,08119,7,2,0.059718155814593304,0.15405881550676886
2016,08119,26,7,0.139265819791569,0.05975849831484499
2019,08119,11,1,0.006284978231413001,0.13970645670079862
2020,08119,29,13,0.1674460312064224,0.11054109369421407
1981,08121,7,0,,
1982,08121,9,1,,
1983,08121,20,4,,
1999,08121,23,3,,0.07098541619533248
1981,08125,7,0,,
1982,08125,9,1,,
1983,08125,20,4,,
1984,08125,12,1,,
1985,08125,7,0,,
1986,08125,12,1,,
1987,08125,7,3,,
1988,08125,27,4,,
1989,08125,26,1,,0.0840109557712751
1990,08125,33,3,,0.08745720868992758
1991,08125,18,3,,0.10498258021722909
1992,08125,19,2,,0.1923547209579375
1993,08125,19,6,,0.1364667282569094
1994,08125,32,4,,0.04517324977372004
1995,08125,28,9,,0.10235843799691195
1996,08125,4,0,,0.32217774692429324
1997,08125,23,6,,0.12408920912229313
1998,08125,28,3,,0.16773245246735521
1999,08125,23,3,,0.06990131915560119
2000,08125,25,4,,0.08135842048718456
2001,08125,26,4,0.10139020541652691,0.1087073011858919
2002,08125,28,10,-0.19137836786689622,0.08455336695457269
2003,08125,11,2,-0.04020559438483409,0.11167773302754001
2004,08125,21,5,-0.025520632107511702,0.11590688313838005
2005,08125,18,2,0.0813148657293422,0.11920266386260077
2006,08125,10,0,-0.0019961911880508956,0.23689914781535013
2007,08125,42,13,0.2812281254410318,0.09988082010888452
2008,08125,23,6,-0.1548027579443867,0.11001315400446389
2009,08125,8,0,-0.0709660412251424,0.1505870943425745
2010,08125,11,4,-0.0816248010766111,0.14751479506826395
2011,08125,17,5,-0.0406944384235441,0.11668160256860953
2012,08125,24,3,0.0486972417324443,0.15703864292945505
2013,08125,14,1,-0.0805792990930341,0.09866020213056542
2014,08125,27,4,0.1371901537835691,0.11213107705294258
2015,08125,14,3,0.1388497500713683,0.14076640921586595
2016,08125,35,7,0.12313328230888651,0.08882876669323095
2017,08125,12,4,0.0340609285438461,0.14579543336798736
2018,08125,27,3,0.1511669127485406,0.09958604561793225
2019,08125,17,1,-0.0357108110368173,0.15018451368162675
2020,08125,33,13,0.1177462884975361,0.10484808493086109
2021,08125,20,5,0.0322388383275352,0.13941131992580297
2022,08125,30,8,0.002119602661982599,0.17734462987134067
2023,08125,29,9,0.1163398677488869,0.2033833207357017
2024,08125,39,16,-0.006762628664668998,0.09609354943979113
1981,08126,5,0,,
1982,08126,8,0,,
1983,08126,18,3,,
1984,08126,9,0,,
1985,08126,7,0,,
1986,08126,9,0,,
1987,08126,5,1,,
1988,08126,25,3,,
1989,08126,23,1,,0.057957111156629784
1990,08126,29,2,,0.05691862685061778
1991,08126,16,1,,0.10723775541609934
1992,08126,16,1,,0.2640071450761106
1993,08126,17,5,,0.11835707520965054
1994,08126,30,2,,0.029984130725743623
1995,08126,25,8,,0.08263147669928216
1996,08126,4,0,,0.3183531051571938
1997,08126,21,2,,0.13924239010382153
1998,08126,27,1,,0.1252695300057336
1999,08126,17,2,,0.08504512195121951
2000,08126,24,3,,0.058994169339601915
2001,08126,24,2,0.172481613153772,0.11187848071633405
2002,08126,27,8,-0.1380252432181912,0.09861488427146559
2003,08126,8,1,-0.0567861177548494,0.15842335452826947
2004,08126,20,4,0.012528191764838995,0.1520652522915209
2005,08126,18,0,0.1258342938150474,0.10723776138117498
2006,08126,8,0,-0.1256069507947732,0.2950767839126048
2007,08126,39,10,0.3063552586591667,0.06190901568363321
2008,08126,23,3,-0.1277273388567825,0.10976201923076923
2009,08126,6,0,-0.04955358786939219,0.10666328987824836
2010,08126,8,3,-0.18238454040339303,0.09735368058824943
2011,08126,16,4,-0.004571722307626799,0.07631752386818602
2012,08126,22,2,0.09387537301660201,0.10389502792987114
2013,08126,11,1,-0.1636040672761891,0.07949570601576945
2014,08126,28,2,0.111982089003427,0.08045219713071201
2015,08126,9,3,0.04859395475659781,0.17770918404124952
2016,08126,32,5,0.1582760465440419,0.06860315137323772
2017,08126,13,1,0.0709836564732732,0.11734335618799556
2018,08126,25,1,0.1472420240048604,0.08176296952150734
2019,08126,15,1,0.0022812439135072,0.1154332069833716
2020,08126,30,12,0.1341445537015751,0.0967060832248617
2021,08126,20,2,0.0230945293734096,0.09197019761875537
2022,08126,30,8,0.021822102145976595,0.154181237515678
2023,08126,28,5,0.12604798005623952,0.16371918226200163
2024,08126,36,10,-0.0720488419011383,0.07401173433688232
1981,08127,4,0,,
1982,08127,7,0,,
1983,08127,16,1,,
1984,08127,6,0,,
1985,08127,6,0,,
1986,08127,7,0,,
1987,08127,4,1,,
1988,08127,21,2,,
1989,08127,19,1,,0.04730148002566982
1990,08127,26,2,,0.03634541598212811
1991,08127,14,1,,0.09990411466764137
1992,08127,12,1,,0.21825511164513867
1993,08127,14,4,,0.2014374738218088
1994,08127,26,2,,0.052361030088177885
1995,08127,20,8,,0.09050140783552112
1996,08127,1,0,,0.8141674204676121
1997,08127,16,2,,0.2162705372307142
1998,08127,24,0,,0.1084503491575373
1999,08127,14,2,,0.08644425960877716
2000,08127,21,3,,0.08326410093488283
2001,08127,18,1,0.23192819049664032,0.09141836469194774
2002,08127,28,8,-0.2134947996318155,0.11585121077658388
2003,08127,5,1,-0.1637287648810808,0.17474795668588972
2004,08127,16,1,-0.024608621068724603,0.12660255645725843
2005,08127,14,0,0.1202387178185204,0.0927503533402431
2006,08127,3,0,-0.1991420175065483,2.298934691106585
2007,08127,35,8,0.3678682981755099,0.05704852969172389
2008,08127,22,1,-0.09430052665759028,0.09096207004673432
2009,08127,3,0,0.008191338472794903,0.15865655841840529
2010,08127,6,2,-0.24226276123682589,0.13105429151544512
2019,08127,10,1,0.0379910613817601,0.1269367066622816
2022,08127,22,6,0.040310467057470094,0.1344391813265795
2023,08127,27,3,0.1509825350993306,0.18078842971526946
2024,08127,33,10,-0.008492053355117499,0.076486228056199
1981,08128,4,0,,
1982,08128,8,0,,
1983,08128,17,1,,
1984,08128,8,0,,
1985,08128,10,0,,
1986,08128,9,0,,
1987,08128,5,1,,
1988,08128,25,2,,
1989,08128,23,1,,0.0834730730459057
1990,08128,31,2,,0.06635854053756002
1991,08128,16,1,,0.10348285285340363
1992,08128,17,0,,0.28831284815204006
1993,08128,15,6,,0.17308386964960668
1994,08128,28,2,,0.11891419470149038
1995,08128,24,8,,0.1243906615961921
1996,08128,2,0,,0.7766264207591679
1997,08128,20,2,,0.15227745809475215
1998,08128,27,2,,0.14873774673803947
1999,08128,18,1,,0.08206268646648125
2000,08128,22,3,,0.11036513424397595
2001,08128,24,2,0.2282019150020808,0.16365055712415275
2002,08128,28,8,-0.0980617188747745,0.09358657849412065
2003,08128,8,1,-0.1160148208797646,0.14212890557718144
2004,08128,18,1,0.0157510166767384,0.14437795577232582
2005,08128,17,0,0.1209400746417244,0.1126558187863674
2006,08128,8,0,-0.098826983962497,0.2641720086688719
2007,08128,38,8,0.2900120425165744,0.07540870308936348
2008,08128,25,3,-0.08998253782422999,0.12198983157486262
2009,08128,5,0,-0.0027031133020256008,0.2121408628176835
2010,08128,7,3,-0.1410865435907292,0.09676818892707506
2011,08128,15,3,-0.11955928795488019,0.11787801692744307
2012,08128,23,2,0.0302852669201845,0.15209087402375548
2013,08128,13,1,-0.13870953535945202,0.15520022840514686
2014,08128,28,2,0.1166598217230056,0.09236877309136052
2015,08128,9,3,0.0887125867700555,0.1688562511411841
2016,08128,30,5,0.1051389402867338,0.08224265596895156
2017,08128,12,3,0.0414242527488384,0.16574818762638213
2018,08128,25,0,0.16498373497700228,0.11343157996192862
2019,08128,18,1,0.0149009734394863,0.1664811354362329
2020,08128,34,9,0.157561380056218,0.12120043826593938
2021,08128,16,1,-0.007137768133724302,0.09682077452136144
2022,08128,31,6,0.018004343937225498,0.1592531214584873
2023,08128,27,4,0.0922377545823192,0.19085789663494881
2024,08128,37,10,-0.0597407943961105,0.07382688520579782
1981,08135,4,0,,
1982,08135,6,0,,
1983,08135,14,2,,
1984,08135,5,0,,
1985,08135,6,0,,
1986,08135,5,0,,
1987,08135,4,0,,
1988,08135,17,3,,
1989,08135,14,1,,0.0031258791535119248
1990,08135,18,2,,0.020800663064018832
1991,08135,11,1,,0.11343896152963878
1992,08135,8,1,,0.27214479511769835
1993,08135,15,3,,0.13473486397941456
1994,08135,21,2,,0.006410174228535531
1995,08135,17,3,,0.06214201282841032
1996,08135,0,0,,1.0997532677704467
1997,08135,12,1,,0.06247090241307109
1998,08135,22,0,,0.08653643656084058
1999,08135,11,1,,0.24832810220417179
2000,08135,17,2,,0.0830371850319669
2001,08135,11,0,0.234854909647958,0.0505024083084198
2002,08135,25,4,-0.1165371408450118,0.058896596084258616
2003,08135,4,1,-0.17532338978837508,0.059338382901543724
2004,08135,14,1,-0.0223484507038263,0.08995918006916313
2007,08135,28,6,0.3858750715316092,0.052406044139940544
1981,08136,4,0,,
1982,08136,8,0,,
1983,08136,16,2,,
1984,08136,6,0,,
1985,08136,6,0,,
1986,08136,8,0,,
1987,08136,6,0,,
1988,08136,24,2,,
1989,08136,18,1,,0.02522523331191148
1990,08136,25,2,,0.020132084062533247
1991,08136,13,2,,0.08531673067595398
1992,08136,12,1,,0.18696858192108026
1993,08136,14,4,,0.15223320211894545
1994,08136,26,2,,0.02227561932040987
1995,08136,20,5,,0.06681506395661713
1996,08136,2,0,,1.5478195313410794
1997,08136,17,2,,0.07986099269135519
1999,08136,14,2,,0.13477615151568018
2000,08136,21,2,,0.3122087297064281
2002,08136,26,7,-0.1613090469452803,0.07636259994876152
2004,08136,17,1,-0.0503028680572281,0.0783351120379457
2005,08136,16,0,-0.0951820881408767,0.18694070843119398
2007,08136,36,7,0.3725385526771091,0.06034247421640567
1981,08212,11,0,,
1982,08212,17,2,,
1999,08212,25,3,,0.07020330078369068
1981,08215,11,0,,
1982,08215,15,2,,
1983,08215,26,7,,
1984,08215,28,1,,
1985,08215,11,1,,
1986,08215,14,1,,
1987,08215,12,3,,
1988,08215,35,7,,
1989,08215,29,2,,0.08590594948601746
1990,08215,37,5,,0.1097517051674292
1991,08215,20,4,,0.13050004328754475
1992,08215,27,2,,0.2012875993102174
1993,08215,23,6,,0.14283895894039733
1994,08215,37,3,,0.055590666194631294
1995,08215,33,10,,0.1150983527131783
1996,08215,9,0,,0.21625810444418245
1997,08215,26,6,,0.14016303363601484
1998,08215,29,4,,0.19708636853106987
1999,08215,29,3,,0.08002032308298468
2000,08215,31,5,,0.0906468897805474
2001,08215,27,6,0.12690343821616862,0.12084075158042613
2002,08215,34,11,-0.1485208536063934,0.10307795105614621
2003,08215,14,2,0.010961592014424405,0.1365373127999265
2004,08215,26,5,-0.0519991845520439,0.1553991105351515
2005,08215,24,1,0.045067132809410604,0.1332160626836435
2006,08215,13,0,-0.0152885216643351,0.23770185013303635
2007,08215,47,16,0.2030460760227945,0.11926149345497819
2008,08215,32,8,-0.1517566014859809,0.1344021328147416
2009,08215,11,0,-0.09371003728701441,0.15092900786448882
2010,08215,12,5,-0.0206099747121958,0.1583239081305513
2011,08215,24,7,-0.034164404941311996,0.14255716980231115
2012,08215,28,5,0.010950832402608301,0.12622336212483962
2013,08215,19,2,-0.014780417679623195,0.11530079075812569
2014,08215,43,4,0.1069675452404222,0.13537404761904762
2015,08215,18,3,0.1129477214823915,0.15993385774144625
2016,08215,38,8,0.0546015264658943,0.10464511675225269
2017,08215,20,4,0.0369264839333117,0.20654675091660815
2018,08215,32,5,0.18009257807699702,0.09152220794810775
2019,08215,30,3,-0.033321198743982,0.18895900540608898
2020,08215,42,16,0.0774459381874674,0.15576257914401415
2021,08215,29,8,0.0587527176854032,0.13338394880132126
2022,08215,36,8,0.0330937028904386,0.1956120048109449
2023,08215,31,12,0.06654366195494289,0.2360923191528986
2024,08215,40,21,0.010146747290204601,0.10352616139625845
1981,08216,12,0,,
2001,08216,29,6,0.1388419541517245,0.10975940214669164
1981,08225,4,0,,
1982,08225,8,0,,
1983,08225,17,0,,
1984,08225,5,0,,
1985,08225,6,0,,
1986,08225,6,0,,
1987,08225,5,0,,
1988,08225,22,2,,
1989,08225,21,1,,0.03691202257232969
1990,08225,28,4,,0.024861912287633348
1991,08225,14,1,,0.07565583291059527
1992,08225,14,0,,0.2109151520288057
1993,08225,13,2,,0.3096405623215641
1994,08225,23,1,,0.024303442187238632
1995,08225,20,3,,0.06412846140797286
1996,08225,1,0,,0.33803002981167746
1997,08225,18,3,,0.07910438419263567
1998,08225,27,0,,0.07949962726899996
1999,08225,19,0,,0.07157207952965405
2000,08225,22,1,,0.07109443148500866
2001,08225,20,2,0.1665325859035851,0.06948049271510531
2002,08225,27,3,-0.1642655737413179,0.07127887045148248
2003,08225,5,1,-0.08110680727429449,0.11934831425679358
2004,08225,17,1,0.021718199037238695,0.10531187958614296
2005,08225,14,1,0.11671392260645119,0.0745730736034786
2006,08225,5,0,-0.0390348464982682,0.23822444894573985
2007,08225,36,5,0.321710883897608,0.04939500628451186
2008,08225,22,1,-0.0937456954588003,0.07110243367166988
2009,08225,4,0,-0.06429800495069769,0.05226848722542325
2010,08225,7,2,-0.1664258155559209,0.0901291404421851
2011,08225,16,1,-0.07053155501110671,0.0803598388698819
2012,08225,21,1,0.0651085828644519,0.10348830910710516
2014,08225,27,2,0.150451086284241,0.04283170454258197
2017,08225,11,3,0.1055051182527655,0.13566046464063142
2018,08225,24,0,0.06651193214889439,0.09956636496152414
2019,08225,13,0,-0.0059153774322840995,0.08854124347413384
2020,08225,30,7,0.1705269141643623,0.07538573030557891
2021,08225,16,0,-0.026487984451996502,0.06071398664748288
2022,08225,24,4,0.0268124345779319,0.10627526238736416
2023,08225,27,3,0.1736191001797087,0.12550053047059034
2024,08225,37,5,-0.0681283999909428,0.05840639516751201
1981,08226,5,0,,
1982,08226,10,1,,
1983,08226,20,2,,
1984,08226,13,0,,
1985,08226,7,1,,
1986,08226,11,0,,
1987,08226,5,1,,
1988,08226,28,2,,
1989,08226,27,2,,0.08019167568928617
1990,08226,33,4,,0.07385120115047085
1991,08226,17,1,,0.12436163585904478
1992,08226,18,1,,0.26966967808930425
1993,08226,18,6,,0.17426292458177697
1994,08226,27,2,,0.033352654119680955
1995,08226,26,8,,0.10187631024560682
1996,08226,5,0,,0.41819234645240366
1997,08226,22,3,,0.10597063427032785
1998,08226,28,2,,0.16160521837981867
1999,08226,24,1,,0.06243786440378325
2000,08226,25,3,,0.10759617767921206
2001,08226,25,3,0.13206844634221002,0.13118680618985717
2002,08226,27,10,-0.15931398355026322,0.0645714613029842
2003,08226,10,1,-0.011170166725853893,0.09577764594593968
2004,08226,22,4,-0.0273824001878274,0.1506924041562164
2005,08226,17,1,0.087285905285866,0.12365163135317822
2006,08226,10,0,-0.0176000360189858,0.27372482067938825
2007,08226,40,10,0.2160346906460473,0.07389139522751247
2008,08226,24,5,-0.1256518389640642,0.09538568973418882
2009,08226,8,0,-0.0823601657930349,0.1722481274078742
2010,08226,9,2,-0.06693648671250821,0.1049703719463356
2011,08226,19,4,-0.0285016300015899,0.10475917936074669
2012,08226,22,2,0.0083618466295041,0.11816791266168268
2013,08226,14,1,-0.0633639667011198,0.09146504230041275
2014,08226,35,2,0.1162594899569281,0.09789599989254244
2015,08226,13,3,0.1174781258695213,0.1169223009685802
2016,08226,33,6,0.06450310583728819,0.06840152896338066
2017,08226,13,3,0.0590046846108283,0.13766821233354123
2018,08226,27,1,0.14239539551566072,0.08372885418806932
2019,08226,17,2,-0.0302787549170911,0.15354551400886152
2020,08226,36,11,0.10995860572314181,0.10745441365979382
2021,08226,23,2,-0.013793293658452999,0.09163271379425822
2022,08226,30,7,0.0407621872571165,0.15293584770276028
2023,08226,28,7,0.1034307085741506,0.17144645003181186
2024,08226,38,11,-0.0008939690174720001,0.0697997081398349
1981,08235,3,0,,
1982,08235,8,0,,
1999,08235,13,0,,0.012079791676849302
1981,08236,6,0,,
1982,08236,13,1,,
1983,08236,21,2,,
1984,08236,20,0,,
1985,08236,11,0,,
1986,08236,10,0,,
1987,08236,9,2,,
1988,08236,29,3,,
1989,08236,26,1,,0.05498119792947308
1990,08236,37,3,,0.04707901966651252
1991,08236,17,2,,0.09804624268901262
1992,08236,19,1,,0.21420693000078783
1993,08236,23,5,,0.1450074655746919
1994,08236,30,2,,0.020827802126605434
1995,08236,32,9,,0.09176652381010524
1996,08236,9,0,,0.23647323943661974
1997,08236,23,4,,0.09744119479886508
1998,08236,30,3,,0.1313744912451269
1999,08236,23,3,,0.06074940391209382
2000,08236,25,3,,0.06802108821635544
2001,08236,24,5,0.15265837497551832,0.10778654092071611
2002,08236,31,7,-0.1416111062147388,0.07002191024912764
2003,08236,12,2,0.031171619080251102,0.07506501664445767
2004,08236,20,3,-0.0193698385009037,0.09792854645714166
2005,08236,19,1,0.0423227305125652,0.07261720645866988
2006,08236,11,0,-0.0675651317528764,0.17104383954499996
2009,08236,10,0,-0.0695839721503964,0.08251720693984704
1981,08237,3,0,,
1982,08237,10,0,,
1984,08237,4,0,,
1981,08311,7,0,,
1982,08311,15,1,,
1999,08311,23,2,,0.07704439388379206
1981,08315,3,0,,
1982,08315,9,0,,
1983,08315,11,0,,
1984,08315,4,0,,
1986,08315,6,0,,
1987,08315,4,0,,
1988,08315,16,2,,
1989,08315,15,0,,0.0025273267201617487
1990,08315,21,2,,0.0030602377192660325
1991,08315,9,2,,0.003100530035609587
1992,08315,7,0,,0.01116598462412875
1993,08315,18,3,,0.004490597810833568
1994,08315,19,1,,0.003392498507300657
1995,08315,21,2,,0.002100006510020181
1996,08315,5,0,,0.011061640994441525
1997,08315,13,2,,0.004849519412626209
1998,08315,22,0,,0.0029100602236963296
1999,08315,10,0,,0.0037036488348320762
2000,08315,19,1,,0.007144855728889133
2001,08315,16,1,0.1708544392737343,0.003408525403739834
2002,08315,28,2,-0.0801588341536109,0.0037035802510286694
2003,08315,8,1,0.0039078318773968015,0.009001588780419744
2004,08315,12,0,-0.043091141756254295,0.009783272784030054
2005,08315,10,0,0.0034283118065129986,0.005460586849268691
2006,08315,6,0,-0.0744593849362215,0.01796122172230155
2007,08315,27,4,0.1551606824380371,0.002338853026475816
1981,08316,5,0,,
1982,08316,14,1,,
1983,08316,16,2,,
1984,08316,16,0,,
1985,08316,15,0,,
1986,08316,9,0,,
1987,08316,9,1,,
1988,08316,31,2,,
1989,08316,22,1,,0.03721086122978291
1990,08316,34,5,,0.05063007553025371
1991,08316,19,4,,0.06837272886356123
1992,08316,18,2,,0.1547646313151785
1993,08316,25,6,,0.0870021325488259
1994,08316,28,3,,0.014834924002533249
1995,08316,34,9,,0.056545431021360795
1996,08316,10,0,,0.2232146358470174
1997,08316,22,4,,0.05457583814443432
1998,08316,29,3,,0.058324949169772954
1999,08316,20,2,,0.060772004892966365
2000,08316,29,3,,0.03735681557622404
2001,08316,22,5,0.1519268705094447,0.06867559127439725
2002,08316,32,4,-0.08133779697597669,0.05457785109228712
2003,08316,11,2,-0.018602598441703803,0.056300855961010775
2004,08316,18,4,-0.0347676348580613,0.06509530249302531
1981,08317,6,0,,
1982,08317,13,1,,
1983,08317,21,3,,
1984,08317,21,1,,
1987,08317,7,3,,
1988,08317,32,2,,
1989,08317,22,1,,0.04948812327894221
1991,08317,16,4,,0.06894382558183822
1992,08317,15,2,,0.15954696159337867
1993,08317,24,6,,0.08814550015268509
1994,08317,30,3,,0.03861333837104812
1999,08317,23,3,,0.06229895964640893
2004,08317,19,4,-0.0263865636858759,0.1082369839534036
2006,08317,10,0,-0.0316401440522431,0.2095083061474746
1981,08325,3,0,,
1999,08325,13,0,,0.05892064056067437
1981,08326,2,0,,
1999,08326,9,0,,0.011488711732828607
1981,08327,3,0,,
1981,08335,3,0,,
1982,08335,5,0,,
1983,08335,12,1,,
1984,08335,4,0,,
1985,08335,6,0,,
1986,08335,4,0,,
1987,08335,6,0,,
1988,08335,12,1,,
1989,08335,12,0,,0.05253446324155106
1990,08335,18,3,,0.04746596799955166
1991,08335,10,1,,0.17533325221717502
1992,08335,7,1,,0.23128532915164582
1993,08335,15,2,,0.1000545710399912
1994,08335,21,1,,0.020001668647012666
1995,08335,19,4,,0.06898521179348525
1997,08335,10,2,,0.06849467313467314
1998,08335,24,0,,0.09337852773529821
1999,08335,11,1,,0.0603863468361916
2002,08335,27,3,-0.0514184163205047,0.06875696106808521
2005,08335,8,0,-0.09097670182530679,0.06887291711041568
1981,08336,4,0,,
1982,08336,12,0,,
1999,08336,15,1,,0.018177032562480558
1981,08337,3,0,,
1982,08337,9,0,,
1983,08337,11,0,,
1984,08337,3,0,,
1987,08337,5,0,,
1988,08337,16,1,,
1989,08337,15,0,,0.0024111346196736528
1991,08337,11,1,,0.015384281800706749
1999,08337,10,0,,0.016220814141958438
2004,08337,11,0,-0.0339983850288716,0.02668519336337926
1981,08415,3,0,,
1982,08415,7,0,,
1999,08415,11,0,,0.006549045804026354
1981,08416,4,0,,
1982,08416,10,0,,
1983,08416,16,3,,
1984,08416,8,1,,
1985,08416,13,0,,
1986,08416,7,0,,
1987,08416,8,2,,
1988,08416,23,4,,
1989,08416,17,1,,0.04393366677874916
1990,08416,30,3,,0.05496337421720583
1991,08416,14,2,,0.10538280572530376
1992,08416,13,2,,0.21899753771211675
1993,08416,20,5,,0.12542822881295562
1999,08416,15,2,,0.07975996553704767
2009,08416,3,0,-0.1235096754596647,0.09180269932679605
2024,08416,37,10,0.08352161310855011,0.08958156221436235
1981,08417,4,0,,
1999,08417,15,2,,0.055827043844533804
1981,08421,3,0,,
1982,08421,5,0,,
1983,08421,14,2,,
1984,08421,3,0,,
1986,08421,4,0,,
1988,08421,14,3,,
1993,08421,15,2,,0.11199182350596873
1999,08421,11,1,,0.10149556129448795
1981,08425,3,0,,
1982,08425,5,0,,
1983,08425,14,1,,
1984,08425,3,0,,
1985,08425,7,0,,
1986,08425,4,0,,
1987,08425,3,0,,
1988,08425,14,3,,
1989,08425,14,1,,0.01838262512252354
1990,08425,19,3,,0.026815068243858053
1991,08425,9,1,,1.0027681524746386
1992,08425,6,1,,0.17406725958866034
1993,08425,15,2,,0.1006887838454859
1994,08425,20,2,,0.004355552458273807
1995,08425,18,5,,0.04880354169384357
1996,08425,0,0,,0.17588593023255814
1997,08425,13,1,,0.12141657658770602
1998,08425,21,0,,0.09760831276914889
1999,08425,11,1,,0.0898268434078498
2000,08425,15,2,,0.06410501165501166
2001,08425,12,0,0.2699298428147295,0.09056675615527827
2002,08425,25,5,-0.0806678392155162,0.07161791330947624
2003,08425,5,1,-0.1551354956106231,0.08351102427969839
2004,08425,12,1,-0.054886390357365,0.1014863529773134
2005,08425,11,0,0.014206603410051692,10.435415
2006,08425,3,0,-0.2228052805379723,0.394467565485362
2007,08425,29,6,0.4309493065821452,0.07872210320132214
2008,08425,20,1,-0.07496861622304929,0.07161501988188897
2009,08425,1,0,-0.24505207397269008,18.441362
2010,08425,6,2,-0.1488198135484487,0.12871717993214019
2011,08425,11,1,-0.1406564627191485,0.10990076068117416
2012,08425,13,0,0.0368898232183689,16.020802500000002
2016,08425,20,1,0.2357664901312586,0.052966789553000965
2018,08425,19,0,0.2918516499171192,0.06765189723745028
2019,08425,6,0,-0.048231203072624004,0.09097401317991832
2020,08425,17,9,0.2691754032249254,0.11173747652219394
2021,08425,16,0,-0.05711849453408818,0.08901621518806765
1981,08426,2,0,,
1982,08426,4,0,,
1983,08426,12,1,,
1984,08426,3,0,,
1985,08426,4,0,,
1986,08426,3,0,,
1987,08426,3,0,,
1988,08426,11,2,,
1989,08426,10,0,,0.012435743343157024
1990,08426,16,3,,0.032214076027697276
1991,08426,8,2,,0.933743363937293
1992,08426,5,1,,0.21803432419822208
1993,08426,13,1,,0.1173253519863689
1994,08426,16,1,,0.008613486997941377
1995,08426,14,2,,0.07140153225588132
1996,08426,0,0,,18.098534
1997,08426,8,0,,0.12478581582688358
1998,08426,19,0,,0.25811133215720133
1999,08426,8,1,,0.14254718600564026
2000,08426,8,0,,15.155612
2001,08426,10,0,0.2546765252585349,19.94225
2002,08426,24,3,-0.0446036299355653,0.5776377425336986
2003,08426,4,1,-0.13854612083539028,0.09605922619047619
2004,08426,11,0,-0.0076044333221305,0.12028674086683251
2005,08426,8,0,0.02075817604187989,10.069343
2006,08426,2,0,-0.24010507775911513,0.31688313076749947
2007,08426,27,3,0.40659269381678476,0.11592050266763332
2008,08426,15,1,-0.0767577846884564,0.12607120567767588
2009,08426,1,0,-0.3120711800194773,1.4309299151471384
2010,08426,6,2,-0.1721824123758087,0.17132257478571836
1981,08435,3,0,,
1982,08435,3,0,,
1983,08435,12,1,,
1984,08435,4,0,,
1985,08435,4,0,,
1986,08435,4,0,,
1987,08435,5,0,,
1988,08435,14,0,,
1989,08435,14,0,,0.028113311563580483
1990,08435,18,2,,0.02332096371388792
1991,08435,10,0,,0.11421972102666382
1992,08435,9,0,,0.18904226891125236
1993,08435,16,2,,0.05777364456430764
1994,08435,22,1,,0.007397794396273098
1995,08435,21,3,,0.0452135617048197
1996,08435,0,0,,0.11262049766903226
1997,08435,12,2,,0.03890144604603768
1998,08435,25,0,,0.06017539297686075
1999,08435,11,1,,0.0431685152701737
2000,08435,18,0,,0.03987254133150087
2001,08435,14,0,0.21421607868186798,0.059167528293594104
2002,08435,29,2,-0.1336743004832634,0.0626961987928599
2003,08435,6,1,-0.0439591891093123,0.043273747630563374
2004,08435,12,2,-0.0445725886113731,0.0690746760659489
2005,08435,10,0,-0.0948954604018442,0.03563581236207302
2006,08435,4,0,-0.20407358649815152,0.07443158169281176
2007,08435,33,4,0.4034495889932801,0.05438911709303033
1981,08436,2,0,,
1982,08436,4,0,,
1999,08436,10,1,,0.09906002736315125
2002,08436,25,1,-0.0681996588815653,0.0845846465064423
2003,08436,4,1,-0.1574546513908737,0.04634363808197374
2004,08436,11,0,-0.0156192810439469,0.0681922180180087
2005,08436,6,0,-0.0741656863680865,9.758658
2006,08436,5,0,-0.27982795591726367,0.22791256516881825
1981,08437,2,0,,
1982,08437,5,0,,
1984,08437,1,0,,
1991,08437,9,0,,0.10723996961768927
1999,08437,7,0,,0.05550065806619755
1981,09161,4,0,,
1982,09161,4,0,,
1983,09161,14,2,,
1984,09161,4,1,,
1985,09161,4,0,,
1986,09161,3,1,,
1987,09161,4,0,,
1988,09161,16,2,,
1989,09161,12,1,,0.09128828673743718
1990,09161,17,3,,0.08083790307827537
1991,09161,12,2,,0.19613694355028657
1992,09161,9,1,,0.3553151692436272
1993,09161,10,5,,0.08479037184045866
1994,09161,21,2,,0.04646853613177471
1995,09161,18,7,,0.12865310230502053
1996,09161,1,0,,0.4442619840799004
1997,09161,12,3,,0.12825552825552824
1998,09161,21,1,,0.16042248414376323
1999,09161,6,1,,0.12403805915690834
2000,09161,14,3,,0.11904716482742429
2001,09161,10,1,0.1791533294171952,0.15569582425817935
2002,09161,23,8,-0.0649432206903853,0.13898854747623557
2003,09161,4,1,-0.150323981495851,0.12023776689026616
2004,09161,12,1,-0.0150053982291387,0.13230670142616166
2005,09161,8,0,-0.1666486953767181,0.1282778843209618
2006,09161,3,0,-0.1956990409160484,0.23980812091536885
2007,09161,35,7,0.33956369797732533,0.10306951415207075
2008,09161,16,3,-0.028161362773945514,0.12582772066103115
2009,09161,3,0,-0.1629038199218107,0.19168099772167566
2010,09161,5,1,-0.1497150309061352,0.24900141579252202
2011,09161,10,1,-0.19774154728983112,0.1641980201808576
2012,09161,13,0,0.09240880574453049,0.22198677762827862
2013,09161,9,1,0.058599769006563,0.15598025009668687
2014,09161,14,2,0.18802870490831772,0.18094323676620291
2015,09161,4,1,-0.035680794418852385,0.23966583131988534
2016,09161,18,4,0.1766185676459033,0.09764773800157357
1981,09162,3,0,,
1982,09162,2,0,,
1983,09162,13,2,,
1984,09162,4,1,,
1985,09162,3,0,,
1986,09162,2,1,,
1987,09162,5,0,,
1988,09162,11,1,,
1989,09162,10,2,,0.09520449251395853
1990,09162,8,2,,0.36462202034657626
1991,09162,4,0,,30.029884
1992,09162,4,1,,0.3069847885018669
1993,09162,12,3,,0.11511636725682871
1994,09162,16,1,,0.2680070371310158
1995,09162,16,7,,0.1425472327850655
1996,09162,0,0,,0.5380423550282737
1997,09162,10,3,,0.4242481815670749
1998,09162,19,1,,0.23691906824574144
1999,09162,7,1,,0.11570127631915857
2000,09162,13,3,,0.10695644998088727
2001,09162,10,0,0.1666853499921711,0.26942053818685324
2002,09162,19,5,-0.038305488382088096,0.14124298587389694
2003,09162,6,1,-0.1121340104490522,0.38918310519203103
2004,09162,11,2,-0.2052549038259566,0.2926006047452094
2005,09162,10,0,0.1437061350861641,0.20018541070344353
2006,09162,4,0,-0.25079698431123804,0.7003124843543252
2007,09162,31,7,0.4220578818108274,0.15281149780606976
2008,09162,13,3,-0.1047622800211244,0.1111365031698365
2009,09162,2,0,-0.16077855004867692,0.3145320860174309
2010,09162,6,0,-0.012241068196424,0.3769941813572993
2011,09162,12,3,-0.0695427893170027,0.2048395181617158
2012,09162,15,1,0.0576527600834618,0.2846209181850661
2013,09162,8,1,-0.1109963196038739,0.14237459678091308
2014,09162,8,1,0.1107072780617817,0.1905978947725557
2015,09162,3,3,0.018389021475821915,0.19086393019605755
2016,09162,18,8,0.1990067847293065,0.11330449589409795
1981,09171,3,0,,
1982,09171,1,0,,
1983,09171,12,2,,
1984,09171,2,0,,
1985,09171,3,0,,
1986,09171,2,0,,
1987,09171,5,0,,
1988,09171,5,1,,
1989,09171,7,2,,0.12051736287742844
1990,09171,11,1,,0.30786699082907615
1991,09171,3,0,,0.6883410335887089
1992,09171,5,1,,0.16796872023964124
1993,09171,9,2,,0.07693750625375227
1994,09171,16,1,,0.19165302381148552
1995,09171,15,5,,0.12150956839401898
1996,09171,1,0,,0.32225231960739203
1997,09171,10,4,,0.33924248492368064
1998,09171,21,2,,0.10558153989001816
1999,09171,6,0,,0.12582212660879977
2000,09171,11,3,,0.1034390808981265
2001,09171,11,0,-0.029609048321366183,0.17755768023521015
2002,09171,17,4,-0.008569701310585903,0.11452656600221749
2003,09171,4,2,-0.16732312826554901,0.20117678822826066
2004,09171,14,1,-0.0195859001538273,0.19055072883053298
2005,09171,10,1,0.0875801354010906,0.1420235740414578
2006,09171,3,0,-0.3693839320809137,22.141048
2007,09171,32,6,0.4995116661566695,0.11112197669288693
2008,09171,14,4,-0.0513289916750731,0.1219904166423187
2009,09171,1,0,-0.09612447843187559,0.18389375759397894
2010,09171,5,1,-0.15314458076362458,0.27711525146261606
2011,09171,6,2,-0.18691989515154078,0.1888671091536919
2012,09171,15,0,0.0906927731848663,0.1469715824375409
2013,09171,9,2,-0.2117574878013039,0.12708919721407624
2014,09171,15,4,0.2164845632123755,0.160617848445423
2015,09171,4,3,0.0752436124075359,0.1524597506218303
2016,09171,23,6,0.2733458887851933,0.0899395174209051
1981,09172,0,0,,
1982,09172,0,0,,
1985,09172,1,0,,
1986,09172,0,0,,
1991,09172,0,0,,1.0
1992,09172,0,1,,2.1540337000000003
1993,09172,3,1,,1.0
1994,09172,4,0,,1.0
2007,09173,11,2,0.5065174257197939,5.260124
2008,09173,7,0,-0.1132724310226222,0.019763487174318008
2009,09173,0,0,-0.3808448716157844,3.415741
1981,09174,3,0,,
1982,09174,4,0,,
1983,09174,12,2,,
1984,09174,4,1,,
1985,09174,3,0,,
1986,09174,3,1,,
1987,09174,4,1,,
1988,09174,15,4,,
1989,09174,13,2,,0.10790945921955278
1990,09174,15,2,,0.36789807593637763
1991,09174,12,1,,2.1302204777695066
1992,09174,7,1,,0.24154664896036473
1993,09174,11,5,,0.16217699209466996
1994,09174,18,1,,0.22356522675960017
1995,09174,17,8,,0.143602547531021
1996,09174,1,0,,2.970123579304496
1997,09174,10,3,,0.15566865193183735
1998,09174,23,2,,0.14865044789950577
1999,09174,10,1,,0.16393781177253078
2000,09174,12,4,,0.11007272368143436
2001,09174,11,0,0.1646197524211804,0.15443346500557073
2002,09174,23,5,-0.0368362720765762,0.12304606680817065
2003,09174,4,1,-0.17495008410449397,0.24123181981013797
2004,09174,13,2,-0.1311832663283231,0.22569894445698804
2005,09174,8,0,0.0780665349643205,0.1977812280275057
2006,09174,4,0,-0.2489901511015445,0.19433352192914
2007,09174,30,8,0.4598484807057463,0.12771411760716903
2008,09174,15,3,-0.1078576702656369,0.1607442814167329
2009,09174,2,0,-0.1656931602036377,0.31353416687977204
2010,09174,6,0,-0.11836234211507729,0.2699552107576933
2011,09174,11,2,-0.08597865048980768,0.20532100423979488
2012,09174,15,2,0.051472711751077,0.23136744445385504
2013,09174,8,1,-0.17617767850805233,0.07320829913569775
2014,09174,12,1,0.1443199080959982,0.17864588662430894
2015,09174,4,3,-0.04593918761652019,0.2224816299060846
2016,09174,19,7,0.2697693129734339,0.11083443512132465
2018,09174,17,3,0.1781894189543896,0.14623673322471142
2019,09174,6,1,-0.0076326569914370035,0.1454609092785633
2022,09174,18,5,0.1319569974559949,0.17535209016628997
1981,09175,3,0,,
1982,09175,3,0,,
1983,09175,13,2,,
1984,09175,5,0,,
1985,09175,3,0,,
1986,09175,2,0,,
1987,09175,6,0,,
1988,09175,10,1,,
1989,09175,11,2,,0.2478793571279482
1990,09175,11,3,,0.316910720540007
1991,09175,7,1,,22.454433
1992,09175,4,1,,0.28372249768210583
1993,09175,12,3,,0.11237230700380399
1994,09175,17,1,,0.18964465293968932
1995,09175,17,7,,0.10705097925527426
1996,09175,1,0,,0.4253303759845446
1997,09175,11,4,,0.387536169900521
1998,09175,21,1,,0.10821138199636411
1999,09175,8,1,,0.12986971207760797
2000,09175,15,3,,0.08139211351262167
2001,09175,11,0,0.1744401794540073,0.15353946739146576
2002,09175,20,5,-0.008578818268015098,0.09557848194812453
2003,09175,7,2,-0.117479855670982,0.16705407946683165
2004,09175,15,2,-0.07078851809173681,0.15570202494873545
2005,09175,13,1,0.1328659402006494,0.133453665032383
2006,09175,6,0,-0.3658582857138605,0.5335936544342508
2007,09175,33,8,0.46429978956735973,0.08475374548104612
2008,09175,16,3,-0.082204110541074,0.09569822868517831
2009,09175,4,0,-0.250544030372534,0.1069114535456336
2010,09175,7,1,-0.0815723503331541,0.16599459734358385
2011,09175,14,3,-0.0802757625661304,0.13440854372619562
2012,09175,16,1,0.0849224578496993,0.20394565708664558
2013,09175,9,1,-0.19666159938971423,0.10094235071824427
2014,09175,11,1,0.1458690125615252,0.13021297979481392
2015,09175,4,3,-0.09913882963514878,0.15699116440350458
2016,09175,21,7,0.25907482704669327,0.10067524704798593
1981,09176,4,0,,
1982,09176,4,0,,
1983,09176,14,1,,
1984,09176,4,0,,
1985,09176,4,0,,
1986,09176,3,0,,
1987,09176,4,0,,
1988,09176,16,2,,
1989,09176,12,1,,0.07441811979980235
1990,09176,18,3,,0.0860297480852186
1991,09176,12,1,,0.1523936889900814
1992,09176,9,1,,0.26069272557780704
1993,09176,10,3,,0.10842101491220815
1994,09176,21,2,,0.09423034006376196
1995,09176,18,4,,0.11420463109146406
1996,09176,1,0,,0.3594952115834697
1997,09176,12,1,,0.14590888930888932
1998,09176,21,1,,0.16189878028947796
1999,09176,6,1,,0.1289976815320507
2000,09176,14,0,,0.1094416676449871
2001,09176,10,1,0.211910557448473,0.1280722643477509
2002,09176,23,6,-0.10169063124677301,0.13161727470677276
2003,09176,4,1,-0.228840192923438,0.18871419851371474
2004,09176,12,1,-0.039202583189188,0.15488911209937126
2005,09176,8,0,-0.1231993599879943,0.10359481179459908
2006,09176,3,0,-0.23676878692944797,0.7058271373807613
2007,09176,35,6,0.3755050266634268,0.08812645020314794
2008,09176,16,3,-0.02082008678526731,0.1130239243012718
2009,09176,3,0,-0.2085776989678771,0.2770802643684
2010,09176,5,1,-0.1767171399814507,0.17979018383851386
2011,09176,10,1,-0.1792295565517027,0.12820103846034261
2012,09176,14,0,0.11457747990529539,0.16048957990731053
2013,09176,9,1,0.010222064285526897,0.11858737484422673
2014,09176,14,2,0.2258877782714226,0.12606008228707158
2015,09176,4,1,-0.08282274364670739,0.20512191380569755
2016,09176,18,3,0.17692238929995022,0.07759121333033607
2017,09176,7,0,0.0706832557278107,0.12786367293479278
2018,09176,17,0,0.196676410669289,0.08488451964619215
2019,09176,4,0,0.0865282799857727,0.1710132900354802
2020,09176,21,7,0.3040695960787314,0.18395028426418616
2021,09176,11,0,-0.07377944988217561,0.17734685357521499
2022,09176,16,3,0.0765644088832936,0.19263642008527548
2023,09176,20,2,0.14617211357919221,0.2630354632858096
2024,09176,31,6,0.1848918692938372,0.08528521902780874
1981,09177,3,0,,
1982,09177,4,0,,
1983,09177,11,1,,
1984,09177,4,1,,
1985,09177,3,0,,
1986,09177,2,1,,
1987,09177,4,1,,
1988,09177,12,2,,
1989,09177,9,2,,0.09406935291782452
1990,09177,15,2,,0.388462250702936
1991,09177,10,1,,1.7774148480385594
1992,09177,9,1,,0.24015537449262128
1993,09177,11,4,,0.13844439435561504
1994,09177,19,1,,0.19822143531633615
1995,09177,18,6,,0.13890259683519812
1996,09177,1,0,,2.553334983221476
1997,09177,11,3,,0.15745760530679934
1998,09177,21,2,,0.13690691936366475
1999,09177,8,1,,0.15127298094271938
2000,09177,16,3,,0.09581528716900611
2001,09177,12,0,0.12872292292737872,0.16973651002781437
2002,09177,25,5,-0.017647203967200105,0.11947961364219163
2003,09177,5,1,-0.18547684184101898,0.36161677913511403
2004,09177,13,2,-0.10207369283415879,0.20345956395348835
2005,09177,9,1,0.127563874801261,0.18388172957920793
2006,09177,4,0,-0.3594662897532117,0.3095792749338728
2007,09177,36,9,0.4959164372985202,0.14629554821603014
2008,09177,17,2,-0.0858655613101826,0.14366880263639695
2009,09177,2,0,-0.2058123230225024,0.28041208356761316
2010,09177,6,1,-0.0992362649625423,0.23506623585331957
2011,09177,9,2,-0.037014605099851994,0.19380981971352165
2012,09177,16,1,0.0757455677635329,0.17230108955620513
2013,09177,8,1,-0.2201216989030038,0.06457783017766676
2014,09177,14,1,0.1548170856420356,0.17196186818080608
2015,09177,3,2,-0.030682129675561914,0.16614474768143284
2016,09177,22,6,0.2668039697322424,0.07875511648400066
2020,09177,20,8,0.2057852492621608,0.15550979336088522
2021,09177,11,1,0.061136675387541306,0.18032998650796586
1981,09178,3,0,,
1982,09178,4,0,,
1983,09178,11,2,,
1984,09178,3,2,,
1985,09178,3,0,,
1986,09178,2,1,,
1987,09178,4,1,,
1988,09178,13,3,,
1989,09178,10,2,,0.1040353133531641
1990,09178,15,2,,0.4337330295831028
1991,09178,11,2,,2.4083368747681204
1992,09178,8,1,,0.24102635595502928
1993,09178,11,5,,0.1707517750639023
1994,09178,19,2,,0.24739698989785822
1995,09178,17,7,,0.1462165637944751
1996,09178,1,0,,3.0279252728799326
1997,09178,10,3,,0.16975601043947539
1998,09178,22,3,,0.15674877147382527
1999,09178,9,1,,0.1717110863907313
2000,09178,13,3,,0.12486083129584354
2001,09178,11,0,0.1484488520458869,0.15283612258953166
2002,09178,24,5,-0.037132313028198,0.1196005227866803
2003,09178,5,1,-0.1940490691285069,0.2664737386608799
2004,09178,14,3,-0.1206209384753984,0.22552346652298444
2005,09178,9,0,0.1191881801845349,0.28943672014260247
2006,09178,3,0,-0.3175197345268933,0.20512165260989546
2007,09178,32,8,0.46663437823689,0.12809651299464542
2008,09178,16,4,-0.08289902417655601,0.1631410381062787
2009,09178,2,0,-0.18334278307622298,0.376224166812254
2010,09178,6,0,-0.03953029742283701,0.28201437788018435
2011,09178,10,2,-0.1334555516451015,0.211781194220341
2012,09178,15,2,0.0817965537526095,0.24164817382622925
2013,09178,8,1,-0.17821348051761432,0.07494343448307643
2014,09178,12,1,0.1301878021285883,0.1624611410071313
2015,09178,3,2,-0.032781186561292086,0.22566374569941486
2016,09178,21,7,0.2524942721261123,0.09474366452463338
2017,09178,7,1,0.0719444412029056,0.15843827880808503
1981,09179,4,0,,
1982,09179,5,0,,
1983,09179,16,1,,
1984,09179,5,1,,
1985,09179,3,0,,
1986,09179,4,0,,
1987,09179,5,0,,
1988,09179,15,1,,
1989,09179,12,1,,0.09197290161961041
1990,09179,16,2,,0.2690100388500388
1991,09179,9,1,,27.003962
1992,09179,6,0,,0.31756359886237523
1993,09179,13,4,,0.10293697163995935
1994,09179,19,1,,0.2082953466825496
1995,09179,16,9,,0.13629194096411132
1996,09179,1,0,,0.4775917589041096
1997,09179,12,3,,0.19536041946886046
1998,09179,21,1,,0.17903551224426537
1999,09179,11,1,,0.14488641832707672
2000,09179,15,2,,0.09140543084615657
2001,09179,11,0,0.2044310902507053,0.16056373199680557
2002,09179,24,4,-0.014726651074202596,0.13423349071451054
2003,09179,7,1,-0.1349318882511102,0.24935903737839227
2004,09179,17,2,-0.170371549630038,0.17155123291396207
2005,09179,11,0,0.061344305195384904,0.14661185786598505
2006,09179,5,0,-0.2774245615957234,0.6599121998007895
2007,09179,32,7,0.46725865587880533,0.09549749726406405
2008,09179,17,3,-0.1021680482526814,0.10421791961233362
2009,09179,2,0,-0.1257409725550805,0.3415405748144262
2010,09179,6,0,-0.0689683141815547,0.39266424558815183
2011,09179,16,2,-0.15648840120228438,0.17047652685054063
2012,09179,15,2,0.040668777539916295,0.20185223470525826
2013,09179,10,1,-0.1503900602626228,0.13316617993518218
2014,09179,13,1,0.1403648495067006,0.15765563341933972
2015,09179,5,2,-0.0633075034691081,0.1850530493014027
2016,09179,22,8,0.2757946066055076,0.09100704591985026
2017,09179,8,0,0.0500385160065325,0.14185502461640456
1981,09181,3,0,,
1982,09181,2,0,,
1983,09181,13,1,,
1984,09181,3,1,,
1985,09181,3,0,,
1986,09181,2,0,,
1987,09181,2,0,,
1988,09181,12,1,,
1989,09181,10,1,,0.012615971628133629
1990,09181,13,2,,0.09608782260996002
1991,09181,6,1,,17.077078
1992,09181,5,0,,0.26277891405107784
1993,09181,12,3,,17.562317
1994,09181,13,1,,0.027051160588031264
1995,09181,14,6,,0.061246581869456786
1996,09181,0,0,,11.642371
1997,09181,8,2,,0.12785747297461433
1998,09181,17,1,,0.1605392175512016
1999,09181,8,1,,0.15422193971346135
2000,09181,10,1,,12.803916
2001,09181,9,0,0.23854624075575198,18.292114
2002,09181,20,4,-0.06229986336106649,0.17155762299671076
2003,09181,6,1,-0.129521579518588,0.6087759787798408
2004,09181,12,1,-0.1265798717623259,0.1453509995480305
2005,09181,7,0,-0.013513439869608498,13.611271
2006,09181,2,0,-0.3173160515828988,10.000216
2007,09181,28,5,0.4352840575155007,0.07712285805062309
2008,09181,15,3,-0.1127919703695446,0.06825862272038308
2009,09181,1,0,-0.2275424521173363,1.1643626080325367
2010,09181,6,2,-0.1362282057410521,0.12185180303669338
2011,09181,14,2,-0.0962818850875827,0.10042711410232441
2012,09181,14,1,0.09973598795055881,0.1448137653775026
2013,09181,7,1,-0.14940404388868758,0.11275481000229795
2014,09181,9,2,0.12687509363085409,0.08210758899220438
2015,09181,4,1,-0.0834447191191793,0.09898703006721334
2016,09181,20,4,0.2681146165219424,0.06163976670560213
2017,09181,6,1,0.09260561503124429,0.13361182991443596
2018,09181,17,2,0.23208325948252762,0.0859213551555931
2019,09181,4,0,0.0305107153279464,0.113682650998231
2020,09181,19,8,0.266358428271518,0.11361586943258084
2021,09181,13,2,0.1184370987940267,0.0913476724528565
2022,09181,13,4,0.1326876129661368,0.10887542063772208
2023,09181,20,2,0.2683411895963005,0.07622803332281838
1981,09183,3,0,,
1982,09183,1,0,,
1983,09183,12,2,,
1984,09183,2,0,,
1985,09183,3,0,,
1986,09183,2,0,,
1987,09183,4,0,,
1988,09183,6,1,,
1989,09183,10,2,,0.12219141597063098
1990,09183,7,1,,0.3003853966612498
1991,09183,3,1,,33.67637
1992,09183,5,1,,0.27756143604234734
1993,09183,10,4,,0.14399971344652193
1994,09183,16,1,,0.19151238638003173
1995,09183,16,6,,0.13073948388517992
1996,09183,1,0,,0.6057559180244027
1997,09183,10,3,,0.2944005575245082
1998,09183,21,2,,0.11657364391807892
1999,09183,7,1,,0.19279549696480827
2000,09183,13,3,,0.09495618615209989
2001,09183,9,0,-0.02438656802489869,0.16333913430913244
2002,09183,19,5,-0.0068703760657311055,0.11580851507291638
2003,09183,4,2,-0.17285674845960047,0.20897485200955446
2004,09183,14,2,-0.0976818690183123,0.19983341722161996
2005,09183,10,1,0.1621713873808545,0.16953255210937135
2006,09183,3,0,-0.3781359400178888,21.217243
2007,09183,33,6,0.5054939796592969,0.11935746941430586
2008,09183,15,4,-0.05682217458651519,0.11290894750452547
2009,09183,2,1,-0.1399577731462334,0.22027423594132028
2010,09183,6,1,-0.1487882118144046,0.2571246842516683
2011,09183,7,2,-0.127973603089885,0.20012036464417418
2012,09183,16,1,0.09710618179793629,0.19998099478194262
2013,09183,9,2,-0.2249469606500523,0.1208975803492413
2014,09183,15,3,0.2057750439730782,0.16319453431108238
2015,09183,4,3,-0.03156933930950512,0.14331287231965084
2016,09183,23,8,0.2823142002368707,0.094196764980502
1981,09184,3,0,,
1982,09184,2,0,,
1983,09184,14,2,,
1984,09184,4,1,,
1985,09184,3,0,,
1986,09184,2,1,,
1987,09184,5,0,,
1988,09184,11,1,,
1989,09184,10,2,,0.08542972278530532
1990,09184,10,2,,0.23331773636561617
1991,09184,4,0,,22.596375
1992,09184,4,1,,0.29097301075818793
1993,09184,12,3,,0.08644861434569932
1994,09184,16,1,,0.17563283994474047
1995,09184,16,7,,0.10853911002107568
1996,09184,0,0,,0.4313685330967957
1997,09184,10,3,,0.27458731547125803
1998,09184,19,1,,0.18988869692948415
1999,09184,7,1,,0.09167026452108487
2000,09184,13,3,,0.08269319812020776
2001,09184,10,0,0.1917034804482829,0.23486742092989363
2002,09184,19,5,-0.0350177481591109,0.12299709560916597
2003,09184,6,1,-0.11015075440739251,0.29755220367060464
2004,09184,11,2,-0.17415827522016372,0.23819879421967463
2005,09184,10,0,0.16416488988721029,0.1715716020470119
2006,09184,4,0,-0.29565457304721887,0.5565740085112469
2007,09184,31,7,0.4498134307197761,0.12331457565701924
2008,09184,13,3,-0.0909190731892584,0.09247424090757424
2009,09184,2,0,-0.2412705758542001,0.19371451517830823
2010,09184,6,0,-0.040942549409147905,0.2355381764412183
2011,09184,12,3,-0.0820948711749192,0.1577045508667213
2012,09184,15,1,0.07604988527739259,0.23589089853519116
2013,09184,8,1,-0.1322025065505228,0.12204178956665404
2014,09184,8,1,0.13212997020583092,0.1391660404138075
2015,09184,3,3,-0.0672939657665754,0.15923314091138835
2016,09184,18,8,0.2331653682502852,0.10643656770389902
1981,09185,4,0,,
1982,09185,5,0,,
1983,09185,13,2,,
1984,09185,5,1,,
1985,09185,3,0,,
1986,09185,6,1,,
1987,09185,4,1,,
1988,09185,17,3,,
1989,09185,13,1,,0.090346415893924
1990,09185,17,2,,0.1947671552682695
1991,09185,12,3,,0.24233873563673303
1992,09185,10,1,,0.3794639733651361
1993,09185,11,5,,0.08696998431143137
1994,09185,23,2,,0.055683206276162224
1995,09185,19,11,,0.1155300551706441
1996,09185,2,0,,0.4048419671064858
1997,09185,11,4,,0.13233059679112313
1998,09185,23,3,,0.1578982375546623
1999,09185,8,1,,0.13307297351391018
2000,09185,15,4,,0.1406484049085506
2001,09185,11,0,0.1735693700324378,0.19281200279294441
2002,09185,24,6,-0.052721848813886404,0.13407244221134137
2003,09185,4,1,-0.1951871047189529,0.10763853635270208
2004,09185,13,3,-0.0742560265323258,0.14606097284052322
2005,09185,10,0,-0.1168324246585001,0.1959039854510886
2006,09185,3,0,-0.185260254866002,0.1914677617653396
2007,09185,33,7,0.34479901843422067,0.12861971036298664
2008,09185,15,3,-0.04495527349326951,0.14748863133325285
2009,09185,3,0,-0.10669480457478031,0.1725159052101873
2010,09185,6,3,-0.134506954676928,0.2867043387334737
2011,09185,11,2,-0.1656893840201335,0.18002676567488068
2012,09185,18,1,0.0657002340269091,0.2508473008586245
2013,09185,9,1,-0.05152846181578169,0.18881130710311617
2014,09185,12,3,0.18126631648820452,0.15652833745235203
2015,09185,5,1,-0.0502856210154001,0.30304567602259386
2016,09185,19,6,0.2060801415163413,0.10210364893195081
2017,09185,8,0,0.005430516475475499,0.20887195323055974
2018,09185,19,2,0.2135080608929587,0.10700367655045075
2019,09185,6,1,0.0779943114400286,0.2139714850938535
2020,09185,23,9,0.2742200145011469,0.22613592133670304
2021,09185,11,1,-0.0749326941626269,0.22485615812055987
2022,09185,18,8,0.1171137408017908,0.2668357460660189
2024,09185,31,9,0.17948606830919198,0.10299597558521699
1981,09186,4,0,,
1982,09186,5,0,,
1983,09186,17,2,,
1984,09186,8,1,,
1985,09186,4,0,,
1986,09186,7,1,,
1987,09186,4,1,,
1988,09186,19,3,,
1989,09186,15,1,,0.0853264292597181
1990,09186,18,2,,0.2128432999835985
1991,09186,13,3,,0.26511908128084927
1992,09186,11,1,,0.34395753487705777
1993,09186,13,5,,0.08237958332240035
1994,09186,25,2,,0.05430852713178295
1995,09186,20,10,,0.13626331271324255
1996,09186,2,0,,0.37725436626174647
1997,09186,13,4,,0.20780080205447393
1998,09186,25,2,,0.141634885580982
1999,09186,9,1,,0.12712326504597704
2000,09186,18,4,,0.1288089176291069
2001,09186,13,0,0.167486784018422,0.1747718799226363
2002,09186,25,6,-0.0638936109740993,0.11017383128905346
2003,09186,5,1,-0.23915771916915599,0.10151120303877745
2004,09186,16,3,-0.1142108298097142,0.119082208570391
2005,09186,12,0,-0.09218580916838981,0.17269032386835165
2006,09186,6,0,-0.21738306879613728,0.19703388254343357
2007,09186,36,8,0.3443560935451115,0.11705737105828277
2008,09186,18,3,-0.06065426063143371,0.14228009666980707
2009,09186,3,0,-0.1734869474551199,0.16820174153024064
2010,09186,6,1,-0.0714099456635584,0.27011962950807716
2011,09186,12,2,-0.150428796273477,0.18791841342089863
2012,09186,18,1,0.08681526894626769,0.23281726785279064
2013,09186,10,1,-0.0944037226900169,0.09143865130345673
2014,09186,17,1,0.1750129156773364,0.1599038050258421
2015,09186,5,1,-0.06310177729236749,0.293516997618461
2016,09186,23,6,0.203776590092418,0.09878462854698418
2017,09186,8,0,0.051898090219999894,0.18400942390782524
2018,09186,23,4,0.2254301301041616,0.10441388994720514
2019,09186,10,1,0.0604774038653179,0.13581067435565494
2021,09186,10,0,-0.027066987748498895,0.1526183693030734
2022,09186,20,6,0.1009004947801074,0.2041302143930976
1981,09187,3,0,,
1982,09187,2,0,,
1985,09187,2,0,,
1986,09187,2,0,,
1987,09187,3,0,,
1988,09187,0,1,,
1989,09187,6,3,,0.19235235155790711
1990,09187,1,4,,0.4450306472813111
1991,09187,1,0,,1.731044220767459
1992,09187,1,1,,0.1833713513191793
1993,09187,4,4,,0.11051129567286941
1994,09187,7,1,,0.23903182495344508
1996,09187,0,0,,0.23656267631721423
1997,09187,5,2,,0.27108325111937465
1998,09187,12,4,,0.09594327016826827
2010,09187,5,0,-0.17713224622443718,0.11647647005325439
2011,09187,8,3,-0.23928954678560782,0.1438872046471634
2012,09187,8,1,0.0852657256551912,0.15453381121788057
2013,09187,8,1,-0.2376961250296085,0.07380658394322856
2014,09187,7,3,0.1979421163652741,0.1183559426061813
2015,09187,3,2,-0.053253522364765604,0.1097120216876785
1981,09188,3,0,,
1982,09188,2,0,,
1983,09188,11,1,,
1984,09188,3,1,,
1985,09188,3,0,,
1986,09188,2,0,,
1987,09188,3,0,,
1988,09188,11,1,,
1989,09188,9,1,,0.07031964507186109
1990,09188,8,2,,0.09251257187257188
1991,09188,5,1,,16.426619000000002
1992,09188,4,0,,0.25483053744562556
1993,09188,11,4,,0.07662642746825524
1994,09188,13,1,,0.07184431240191351
1995,09188,14,8,,0.06886905393926525
1996,09188,0,0,,0.24012063561643834
1997,09188,9,3,,0.08303519034064248
1998,09188,17,1,,0.08588382413721843
1999,09188,7,1,,0.1034303847017679
2000,09188,8,1,,0.07585515105699286
2001,09188,8,0,0.2253890035850449,0.1021005249810361
2002,09188,17,4,-0.0308813678034153,0.09858343450694726
2003,09188,4,1,-0.1067508665213203,0.14536394557823132
2004,09188,10,1,-0.20603206978264021,0.1066915617066464
2005,09188,7,0,0.11430081196996895,0.11159723349872197
2006,09188,3,0,-0.3366482095178814,0.15915952337034714
2007,09188,30,7,0.468756302929464,0.06270618296540478
2008,09188,14,2,-0.0857271463365248,0.06535041322314049
2009,09188,1,0,-0.23688333773468562,0.15743163556459286
2010,09188,6,0,-0.04691012782479401,0.11165051353345061
2011,09188,11,2,-0.10824275136957728,0.10424653780368934
2012,09188,13,1,0.1094234097667131,0.13995646006831775
2013,09188,7,1,-0.1491169703636813,0.041310993912866696
2014,09188,7,1,0.14465116341940262,0.08053224561528506
2015,09188,4,1,-0.12187511853257657,0.11410139168297187
2016,09188,16,8,0.26893471834615457,0.0729981267307379
1981,09189,3,0,,
1982,09189,3,0,,
1983,09189,8,1,,
1984,09189,1,0,,
1985,09189,2,0,,
1986,09189,1,0,,
1987,09189,5,0,,
1988,09189,1,0,,
1989,09189,7,1,,0.0411500660706486
1990,09189,3,2,,0.16158077639197083
1991,09189,3,0,,0.5858597678032726
1992,09189,2,1,,0.09886973373463194
1993,09189,5,0,,0.06206245756958589
1994,09189,10,0,,0.06425808530558035
1995,09189,8,1,,0.0424156589668062
1996,09189,0,0,,0.27669628035659394
1997,09189,5,2,,10.850645
1998,09189,10,3,,16.77932
1999,09189,4,0,,0.07086043088527082
2000,09189,6,3,,0.1397931985004568
2001,09189,8,0,0.097982209253772,0.1269306660190638
2002,09189,14,2,0.0027495719855950007,0.06892085082563672
2003,09189,4,0,-0.134504315032618,0.13880022366981765
2004,09189,7,0,-0.043237420452584996,0.0930301751424351
2005,09189,4,0,0.04962790025533329,0.08813821765033293
2006,09189,1,0,-0.3935589485067517,8.593074999999999
2007,09189,24,2,0.5132667567016551,0.046755147331902135
2008,09189,13,1,-0.07010326255616839,0.044876971986834074
2009,09189,1,0,-0.2314712282889111,0.032768006880240806
2010,09189,4,0,-0.1306589659461615,0.06475893494349749
2011,09189,8,0,-0.2098113458369359,0.06661001731601732
2012,09189,8,0,0.10197654594548289,0.07897706262062702
2013,09189,10,1,-0.197799459209108,0.04967790697155008
2014,09189,15,3,0.2189323025491908,0.04815037438311872
2015,09189,3,2,-0.017235486115077303,0.08028766961398383
2016,09189,14,7,0.3000915722222582,0.04086426840158183
1985,09190,4,0,,
1986,09190,3,0,,
1995,09190,10,4,,0.06131607781753131
1981,09263,3,0,,
1982,09263,1,0,,
1983,09263,10,1,,
1984,09263,1,1,,
1985,09263,2,0,,
1986,09263,3,0,,
1987,09263,4,0,,
1988,09263,13,2,,
1989,09263,8,2,,0.06976244027336952
1990,09263,10,1,,27.026817
1991,09263,8,0,,0.273741062997437
1992,09263,6,1,,0.2636247441543797
1993,09263,9,4,,0.0986956238015711
1994,09263,18,1,,0.12359735846328118
1995,09263,16,3,,0.11757630534545425
1996,09263,1,0,,0.4187464530382855
1997,09263,6,3,,0.19552062343508866
1998,09263,19,1,,0.18188905703598102
1999,09263,2,0,,0.27200539324098866
2000,09263,10,2,,0.16992521603736863
2001,09263,7,1,0.150317806718933,0.21947055244195357
2002,09263,19,8,-0.1819778837505324,0.1374882549522933
2003,09263,3,1,-0.2162845842501093,0.2541994848287838
2004,09263,11,2,-0.0543909181375753,0.22417043678539114
2005,09263,6,0,-0.0883065127731721,0.510960245430142
2006,09263,2,0,-0.18381693885185751,0.5236212069682198
2007,09263,30,10,0.32179435253591826,0.1394782571791241
2008,09263,13,5,-0.0967603267768242,0.11273396505957158
2009,09263,2,0,-0.046399000099471094,0.30573118534848226
2010,09263,2,1,-0.1677085137870848,0.23868475717962787
2011,09263,4,0,-0.0992368936971722,0.2742444284110951
2012,09263,15,0,0.004862265807461803,0.19250133201776026
2013,09263,10,1,-0.049082982914327014,0.1616478359908884
2014,09263,12,0,0.1584191494883943,0.24065068609823034
2015,09263,3,1,0.12169874963285629,0.20092412234319304
2016,09263,17,4,0.1224937627770015,0.09493437144974068
1981,09271,2,0,,
1982,09271,2,0,,
1983,09271,9,2,,
1984,09271,2,0,,
1985,09271,2,0,,
1986,09271,2,0,,
1987,09271,5,0,,
1988,09271,8,1,,
1989,09271,8,2,,0.07984783778276865
1990,09271,12,2,,0.12477319071412593
1991,09271,3,0,,0.10296489742657497
1992,09271,7,1,,0.1762661587603416
1993,09271,9,3,,0.06649582391214064
1994,09271,17,1,,0.09161786366987902
1995,09271,14,1,,0.07477299001434255
1996,09271,0,0,,0.2147458761612094
1997,09271,5,3,,0.10871220031185658
1998,09271,19,2,,0.11351347855193367
1999,09271,3,0,,0.0988455013054422
2000,09271,7,0,,0.08393840323289851
2001,09271,6,0,0.1112231521625925,0.20785514970767138
2002,09271,17,5,-0.1341505023946074,0.07783982916664846
2003,09271,1,1,-0.2325234093045454,0.21743203048019444
2004,09271,11,1,-0.0627336251857528,0.12342379365297813
2005,09271,4,0,0.03833421396468151,0.2170954548170574
2006,09271,3,0,-0.2176407519432153,0.5916655130168454
2007,09271,27,6,0.36742132289170826,0.0964825134297751
2008,09271,14,3,-0.04834355863205699,0.08815696518049972
2009,09271,2,0,-0.1160384680300306,0.18741923662885746
2010,09271,5,0,-0.20026524267225568,0.14265976796110622
2011,09271,5,0,-0.10572895030608391,0.19332566215495567
2012,09271,10,0,0.010563130690257803,0.10558053137196037
2013,09271,10,1,-0.10696832710873641,0.1032115007058669
2014,09271,13,0,0.1555998813382287,0.12525308487832457
2015,09271,3,1,0.2062251404742035,0.135542131203711
2016,09271,15,4,0.14129947653561709,0.08125080216802169
2017,09271,4,1,0.027061134569354002,0.16919449115595417
2018,09271,8,0,0.1401226766641966,0.07208497283545176
2019,09271,4,0,0.004052851982475403,0.09010471069533113
2020,09271,17,7,0.24236961077268598,0.16243367803695163
2021,09271,12,0,0.0012342246430199072,0.13507195574515313
2022,09271,9,3,0.0677709378711593,0.11106728625552227
2023,09271,19,3,0.2157750104335599,0.14289970803473248
2024,09271,29,5,0.2097035705835436,0.06018913528460727
1981,09272,2,0,,
1982,09272,4,0,,
1983,09272,11,0,,
1984,09272,4,0,,
1985,09272,2,0,,
1986,09272,1,0,,
1987,09272,6,0,,
1988,09272,9,0,,
1989,09272,8,0,,0.004799823366500112
1990,09272,18,1,,1.0
1991,09272,9,0,,0.1961486640926641
1992,09272,7,1,,0.11568587854625294
1993,09272,12,3,,0.03987362953270287
1994,09272,17,0,,0.007341658774383487
1981,09273,3,0,,
1982,09273,5,0,,
1983,09273,15,3,,
1984,09273,3,1,,
1985,09273,4,0,,
1986,09273,6,1,,
1987,09273,4,0,,
1988,09273,19,2,,
1989,09273,13,1,,0.08332652523527985
1990,09273,18,3,,0.0880593373464872
1991,09273,12,2,,0.233056648439826
1992,09273,11,1,,0.34923865548912436
1993,09273,11,5,,0.09239289193752451
1994,09273,22,2,,0.05080785334664257
1995,09273,19,8,,0.1304701619509736
1996,09273,2,0,,0.44007074642529187
1997,09273,12,3,,0.1365167964584475
1998,09273,23,3,,0.1568129213483146
1999,09273,7,1,,0.12536822428602817
2000,09273,18,3,,0.11851059820609992
2001,09273,15,1,0.1830908410589262,0.1520783324696263
2002,09273,24,8,-0.0800891605070762,0.1356126616398936
2003,09273,4,1,-0.20352656482451728,0.18985363461937746
2004,09273,13,2,-0.1060548249523649,0.13308399664698592
2005,09273,10,0,-0.1509378122215475,0.12607705526551577
2006,09273,3,0,-0.2320130573876305,0.24257239043216305
2007,09273,37,7,0.3898414190875264,0.09679521224913726
2008,09273,18,3,-0.03909177440622591,0.129221982328083
2009,09273,3,0,-0.1175272813533441,0.18194324488064947
2010,09273,5,1,-0.17023878166194528,0.24213797701690395
2011,09273,10,1,-0.18141628137757743,0.1670429174633916
2012,09273,18,0,0.057063564771969305,0.224931581893794
2013,09273,9,1,-0.1054891953188796,0.153530474354298
2014,09273,17,2,0.1992327136508397,0.15695828550438498
2015,09273,4,1,-0.013707813806655283,0.24095487637113494
2016,09273,20,4,0.1905747653507833,0.09435853101289032
2017,09273,8,1,0.06907738460620849,0.17509090865859023
2018,09273,20,2,0.1799771193600301,0.10353139638555922
2019,09273,7,0,0.0950413674115652,0.18930323454164158
2020,09273,24,8,0.2980847696505664,0.23160991267173853
2021,09273,12,0,-0.051937541911440004,0.22892482792492047
2022,09273,16,4,0.062112929884970094,0.2322095699598267
2023,09273,22,2,0.2052332597398805,0.26281670013613423
2024,09273,33,7,0.23166295515593788,0.09349577106729154
1981,09274,3,0,,
1982,09274,3,0,,
1983,09274,11,1,,
1984,09274,3,1,,
1985,09274,4,0,,
1986,09274,3,1,,
1987,09274,4,0,,
1988,09274,12,3,,
1989,09274,12,2,,0.11299186198530897
1990,09274,12,2,,0.2572464906067658
1991,09274,11,2,,0.20651621395348838
1992,09274,7,1,,0.2612108629390896
1993,09274,11,4,,0.25298398177266074
1994,09274,21,2,,0.21907266780845114
1995,09274,18,9,,0.1342926170681447
1996,09274,1,0,,2.9161987123875623
1997,09274,11,3,,0.24099835840864134
1998,09274,22,3,,0.1984660258055177
1999,09274,4,1,,0.28519863205866075
2000,09274,15,3,,0.14400254715610797
2001,09274,9,0,0.0635741973994398,0.206217817214979
2002,09274,23,5,-0.0626687993181731,0.1380470749045573
2003,09274,3,1,-0.2242603156391191,0.26204411359955965
2004,09274,12,1,-0.1997307244115156,0.23251403245100147
2005,09274,8,0,0.0713654912449105,0.32183918552325025
2006,09274,4,0,-0.2950117524052993,0.5416407333391259
2007,09274,35,8,0.4029448738753208,0.1336344591518717
2008,09274,14,3,-0.0663543952729864,0.17368944384557033
2009,09274,2,0,-0.1229597866148465,0.36401619963262594
2010,09274,4,0,-0.1401738409859799,0.262334718172724
2011,09274,7,2,-0.1513667217518449,0.20768698509673242
2012,09274,16,0,0.0496695629235244,0.22168355481452812
2013,09274,8,1,-0.18422523433735993,0.16087214444221226
2014,09274,12,1,0.1933878092520157,0.23473901137313075
2015,09274,4,1,-0.019513347928199698,0.250200258354013
2016,09274,18,5,0.2222347360541882,0.09592122061431103
2017,09274,8,1,0.0388645950409894,0.3009441798847077
2018,09274,15,2,0.24408808704912652,0.10511246576027818
2019,09274,4,0,0.0617681218713562,0.21021408455957777
2020,09274,21,8,0.3012523863761976,0.25615109712810585
2021,09274,11,0,-0.0034014773088374,0.20963942430904947
2022,09274,13,5,0.08212669631038791,0.21552487955363434
2023,09274,20,1,0.22980869736379458,0.24649856486028887
2024,09274,33,8,0.2289711412129104,0.10828253565890975
1981,09275,3,0,,
1982,09275,3,0,,
1983,09275,10,1,,
1984,09275,3,0,,
1985,09275,3,0,,
1986,09275,5,0,,
1987,09275,7,0,,
1988,09275,11,1,,
1989,09275,8,2,,0.04863223430209148
1990,09275,15,1,,0.07711535428557532
1991,09275,7,0,,0.09753647190571495
1992,09275,10,1,,0.16641480358681934
1993,09275,11,4,,0.06520622261477979
1994,09275,24,1,,0.05415157741960125
1995,09275,15,5,,0.09009807745568685
1996,09275,1,0,,0.13330514097780513
1997,09275,8,3,,0.13799010139480347
1998,09275,22,0,,0.14210191331988506
1999,09275,9,0,,0.12543575076608784
2000,09275,9,1,,0.11946814050601817
2001,09275,10,0,-0.003849727713292797,0.2044258219507924
2002,09275,22,7,-0.1034411661968441,0.09906425954524013
2003,09275,2,1,-0.2527697253897865,0.18000727602238156
2004,09275,11,1,-0.0640634599531328,0.1005691459793939
2005,09275,7,0,0.0252049542307428,0.1161800590168654
2006,09275,3,0,-0.2439597547659767,0.2193073473747422
2007,09275,31,8,0.4116804258458718,0.11742572758060518
2008,09275,20,3,-0.030169693972895192,0.10186363498835134
2009,09275,2,0,-0.1356358187994905,0.15366304618699464
2010,09275,6,0,-0.24597149872442528,0.2850752945345026
2011,09275,12,0,-0.0909846942177016,0.16755481030825212
2012,09275,15,0,0.0509695467612581,0.14510484737353035
2013,09275,9,1,-0.1560208900722709,0.12109339684791973
2014,09275,18,0,0.1835315566563103,0.1553531181321544
2015,09275,4,1,0.1764870249176995,0.16100673359451523
2016,09275,16,6,0.17006056442833561,0.09238635102550138
1981,09276,1,0,,
1982,09276,1,0,,
1983,09276,8,0,,
1984,09276,1,0,,
1985,09276,1,0,,
1986,09276,0,0,,
1987,09276,2,0,,
1988,09276,6,0,,
1989,09276,4,0,,0.0102138786182665
1990,09276,4,1,,1.0
1991,09276,3,0,,0.05742670916243145
1992,09276,3,0,,0.03256443656189444
1993,09276,8,1,,0.006355864874312772
1994,09276,8,0,,1.0
2003,09276,1,0,-0.2294224146775363,0.05783972777038024
2004,09276,7,0,-0.13112042849820682,0.015651569030930488
2005,09276,0,0,0.083687427958181,1.0
2006,09276,0,0,-0.2186804083558578,1.0
1981,09277,3,0,,
1982,09277,1,0,,
1983,09277,11,2,,
1984,09277,3,0,,
1985,09277,3,0,,
1986,09277,2,0,,
1987,09277,3,0,,
1988,09277,9,1,,
1989,09277,9,2,,0.07766692414388823
1990,09277,13,1,,30.106451
1991,09277,5,1,,0.5382266576527273
1992,09277,7,1,,0.14973935742518898
1993,09277,12,4,,0.06143967309771986
1994,09277,19,1,,0.5514672916124178
1995,09277,16,5,,0.10527639757271395
1996,09277,2,0,,0.4364647523016221
1997,09277,9,3,,0.11594275529125904
1998,09277,21,1,,0.11076590901192088
1999,09277,6,0,,0.12459930111148534
2000,09277,14,3,,0.0879496566651739
2001,09277,9,0,0.05379350045551781,0.221822422752809
2002,09277,21,4,-0.042264523507618,0.10642308115369703
2003,09277,4,2,-0.24388096020376732,0.2597707397486091
2004,09277,14,0,-0.0688085283757349,0.23278544290202186
2005,09277,11,0,0.0847778126931766,0.19349475303095523
2006,09277,2,0,-0.351863884580865,1.2741595748500842
2007,09277,37,7,0.5174425756002934,0.11605020776681228
2008,09277,15,4,-0.05116854649739909,0.13025864426810738
2009,09277,2,0,-0.1174835582689858,0.18142478850371302
2010,09277,3,0,-0.16714796815980493,0.1957208248757097
2011,09277,7,2,-0.152105121335368,0.17378722535463376
2012,09277,16,0,0.0647251349120051,0.12481677830351215
2013,09277,11,1,-0.20835150121580678,0.155107767266925
2014,09277,10,1,0.2269298394928561,0.13245297621635724
2015,09277,4,2,0.06214747773830179,0.15365764990486025
2016,09277,18,5,0.2761021965659795,0.08002002057993193
2017,09277,6,2,0.010745414524103603,0.22957060652293781
2018,09277,13,1,0.1710418037713786,0.07742743638302967
2019,09277,4,0,0.026983532875655206,0.12122067932299281
2020,09277,21,7,0.24895618450444548,0.15354470800533515
2021,09277,9,2,-0.035997889266627,0.19581715653754073
1981,09278,3,0,,
1982,09278,1,0,,
1983,09278,10,1,,
1984,09278,1,1,,
1985,09278,2,0,,
1986,09278,3,0,,
1987,09278,4,0,,
1988,09278,13,2,,
1989,09278,8,2,,0.06749251256634838
1990,09278,10,1,,26.391867
1991,09278,8,0,,0.2727613266269681
1992,09278,6,1,,0.25546521563370994
1993,09278,9,4,,0.09871144306302962
1994,09278,18,1,,0.12528576317755657
1995,09278,16,3,,0.11624167402352605
1996,09278,1,0,,0.4086350248184764
1997,09278,6,3,,0.19509780962152237
1998,09278,19,1,,0.17931362844366464
1999,09278,2,0,,0.26723851834607276
2000,09278,10,2,,0.16307814713896457
2001,09278,7,1,0.1421648310052826,0.21621423218574862
2002,09278,19,8,-0.1427801007495812,0.12467619434374894
2003,09278,3,1,-0.2322922285738336,0.24856361047789127
2004,09278,11,2,-0.0693856419151051,0.21997689322275982
2005,09278,6,0,-0.07394745323658101,0.498913375090545
2006,09278,2,0,-0.2213024594113559,0.5191499829951253
2007,09278,30,10,0.35230535769809757,0.13936381173583753
2008,09278,13,5,-0.0824833488022437,0.11767940613618123
2009,09278,2,0,-0.0770162535982345,0.30115434966932336
2010,09278,2,1,-0.2103639762160198,0.23033785418520744
2011,09278,4,0,-0.1226200374135134,0.27213163379830047
2012,09278,15,0,-0.0008074761424228978,0.19381191415885546
2013,09278,10,1,-0.062427929656049916,0.16242805549803274
2014,09278,12,0,0.1862121575228065,0.23844179047979558
2015,09278,3,1,0.1190181044328977,0.20161725523980534
2016,09278,17,4,0.138881564077291,0.0951306248456409
2017,09278,6,1,0.0057957342530503,0.24095494852279706
2018,09278,10,1,0.20792888317457062,0.10275275515093435
2019,09278,2,0,0.07748092939845919,0.1821850843992596
2020,09278,19,7,0.2709727315091783,0.2577524334401658
2021,09278,12,0,0.0325012509237603,0.20640832599377607
2022,09278,12,3,0.0753379636318499,0.20125566059294564
2023,09278,18,3,0.2085045345646984,0.20647061974227293
2024,09278,32,6,0.19871286352299838,0.09029863646297547
1981,09279,3,0,,
1982,09279,3,0,,
1983,09279,12,2,,
1984,09279,3,1,,
1985,09279,2,0,,
1986,09279,5,1,,
1987,09279,4,0,,
1988,09279,13,3,,
1989,09279,11,2,,0.09540831168949418
1990,09279,11,1,,19.077923
1991,09279,10,3,,0.13619986392556357
1992,09279,9,1,,0.20772252381028863
1993,09279,12,4,,0.2015321011256795
1994,09279,21,1,,0.6568671685211288
1995,09279,19,6,,0.11137411197198452
1996,09279,2,0,,0.39966620654880086
1997,09279,8,3,,0.1852145946603778
1998,09279,20,3,,0.14946776893010105
1999,09279,6,0,,0.18693320244939932
2000,09279,15,2,,0.14833993020855518
2001,09279,11,0,0.07678298002313849,0.2516926378316399
2002,09279,23,6,-0.1183799804525639,0.13605640787230747
2003,09279,3,1,-0.2595681976769941,0.21121692074500567
2004,09279,14,0,-0.120954378236364,0.20578436578253098
2005,09279,9,0,0.123882254548801,0.2344626303605506
2006,09279,2,0,-0.2665829455244524,0.6626677743694614
2007,09279,36,7,0.37760566346757307,0.13146249781964067
2008,09279,14,5,-0.0710520645485648,0.12847251899652526
2009,09279,2,0,-0.0888344242947826,0.2774266118596331
2010,09279,6,1,-0.2006960805207633,0.19406627648796052
2011,09279,7,2,-0.1510417484060046,0.23685242969946804
2012,09279,17,0,0.025943848765583102,0.1917697830007563
2013,09279,10,1,-0.15664345844941052,0.1529265462138469
2014,09279,14,0,0.19670063367595558,0.20687360873682528
2015,09279,3,1,0.1165634198402112,0.19724751878108138
2016,09279,21,5,0.1832521482133776,0.09986692236438371
2017,09279,8,1,0.002556984462945104,0.3016547553513792
2018,09279,14,2,0.20407807544442672,0.12323031988772824
2019,09279,4,0,0.1005425887862999,0.21045679283232765
2020,09279,24,7,0.26063869717199717,0.26618638387172355
2021,09279,11,1,-0.009678783646046504,0.21554707579213964
2022,09279,15,7,0.0876281425376975,0.21613851576640947
2023,09279,18,3,0.1878428599497756,0.23379935815727856
2024,09279,33,6,0.21980376486816477,0.0882409527443872
1983,09361,14,1,,
1984,09361,4,0,,
1985,09361,3,0,,
1986,09361,5,0,,
1981,09363,3,0,,
1982,09363,5,0,,
1981,09371,3,0,,
1982,09371,4,0,,
1983,09371,14,1,,
1984,09371,4,0,,
1985,09371,3,0,,
1986,09371,5,0,,
1987,09371,3,0,,
1988,09371,16,2,,
1989,09371,11,1,,0.08220119203372582
1990,09371,18,3,,0.1077643959384081
1991,09371,11,1,,0.22907047593387347
1992,09371,10,1,,0.4756758868573215
1993,09371,10,4,,0.22405514067279522
1994,09371,20,1,,0.11873419558508257
1995,09371,16,1,,0.13388242224197028
1996,09371,1,0,,2.5271060891977717
1997,09371,9,1,,23.941164
1998,09371,22,1,,0.14536244463970321
1999,09371,6,0,,0.424348229926264
2000,09371,13,0,,20.98581
2001,09371,13,1,0.2088974713962071,0.1633255146002872
2002,09371,27,3,-0.0876485959856799,0.13895829132769089
2003,09371,3,1,-0.1506558218582369,0.2530032014266304
2004,09371,11,1,-0.0544773002940434,0.14754155710702088
2005,09371,11,0,-0.06522306606541492,0.22244208344130606
2006,09371,3,0,-0.1897271484065558,0.5098227701822917
2007,09371,34,6,0.39694017709545937,0.0863344660464598
2008,09371,18,3,0.016470631289769,0.11062759251183893
2009,09371,2,0,-0.17154743548011192,0.19697223220489232
2010,09371,5,1,-0.2580274597366797,0.2543395042646975
2011,09371,10,0,-0.1433303414471162,0.16691333509118075
2012,09371,17,0,0.10344346696105479,24.494707
2013,09371,9,1,-0.0678970659651309,0.13815607269053404
2014,09371,13,1,0.1331109517776107,0.12426292258901171
2015,09371,5,1,0.0477003148271455,0.6570541740674957
2016,09371,17,2,0.1544491216930628,0.09606254412341483
1981,09372,3,0,,
1982,09372,3,0,,
1983,09372,14,1,,
1984,09372,4,0,,
1985,09372,2,0,,
1986,09372,5,0,,
1987,09372,5,0,,
1988,09372,17,1,,
1989,09372,10,2,,0.06276578301456584
1990,09372,17,1,,0.07723527594091835
1991,09372,10,0,,0.17370602895589685
1992,09372,9,1,,0.13482287074829932
1993,09372,10,3,,0.11646929166558517
1994,09372,22,1,,0.07289614202104015
1995,09372,17,3,,0.07889911224256667
1996,09372,1,0,,0.2932297797191105
1997,09372,9,1,,0.08564691295224773
1998,09372,21,1,,0.09180900240982288
1999,09372,6,0,,0.09349528605198332
2000,09372,15,1,,0.11392545608585145
2001,09372,11,1,0.1249113954503856,0.08235556014313239
2002,09372,25,4,-0.024185317676702497,0.08281362538970768
2003,09372,3,1,-0.26903928744911837,0.19654398851387908
2004,09372,11,1,0.005537826210078299,0.13979714282967534
2005,09372,9,0,-0.11958012271795242,0.11128679631868871
2006,09372,3,0,-0.251452231040925,0.3093769916284094
2007,09372,35,7,0.4184061820593997,0.07031444214934496
2008,09372,19,3,-0.0300303011084552,0.10249025993954894
2009,09372,3,0,-0.18565068627766151,0.17534537081919535
2010,09372,3,1,-0.2669884158740128,0.1294079897859759
2011,09372,10,0,-0.0798116960070333,0.13984288310836984
2012,09372,17,0,-0.09624199584481119,0.06880773765852635
2013,09372,11,1,-0.08854469809808639,0.07273447142969425
2014,09372,15,0,0.2516035304849567,0.13540904473529988
2015,09372,4,1,0.016680247850014096,0.13644955300750597
1981,09373,4,0,,
1982,09373,5,0,,
1983,09373,14,1,,
1984,09373,4,0,,
1985,09373,4,0,,
1986,09373,5,0,,
1987,09373,3,0,,
1988,09373,19,2,,
1989,09373,11,1,,0.0631647974352448
1990,09373,20,3,,0.04518673384683693
1991,09373,12,1,,0.13336876270209602
1992,09373,8,0,,0.3235924649848851
1993,09373,11,4,,0.13143405806617017
1994,09373,25,1,,0.03624549706039551
1995,09373,19,2,,0.09437626057324731
1996,09373,0,0,,0.6715945986272754
1997,09373,11,1,,0.09089412322917373
1998,09373,21,1,,0.10414925581025151
1999,09373,7,1,,0.16021495327102803
2000,09373,15,0,,0.13770905166372324
2001,09373,13,1,0.2364214305891755,0.09053537333193966
2002,09373,25,1,-0.108305546857134,0.09489176568081793
2003,09373,4,0,-0.21824500282472878,0.21909755842343911
2004,09373,12,1,-0.1208943522357283,0.12284758016371713
2005,09373,11,0,-0.1100279549058045,0.24860856657040292
2006,09373,3,0,-0.1956885858290096,0.4309568260392951
2007,09373,36,5,0.38086511451108906,0.07327791197784717
2008,09373,20,2,-0.014119447457678916,0.08484659502557167
2009,09373,2,0,-0.2195193295264451,0.1757312469783183
2010,09373,6,1,-0.209649348864234,0.20433439759384578
2011,09373,11,0,-0.15682747061473862,0.10515731932835269
2012,09373,15,0,0.0224198052215061,0.196300078713595
2013,09373,9,1,-0.005124831527592605,0.11055299749630969
2014,09373,19,1,0.20344837817006262,0.09170428962579862
2015,09373,5,1,-0.053021085180550986,0.19450295101430415
2016,09373,21,2,0.2125611642182297,0.0898517377694303
1981,09374,3,0,,
1982,09374,6,0,,
1983,09374,14,0,,
1984,09374,4,0,,
1985,09374,3,0,,
1986,09374,5,0,,
1987,09374,4,0,,
1988,09374,16,1,,
1989,09374,12,1,,0.06071107121423095
1990,09374,16,2,,0.20076007500360593
1991,09374,12,1,,0.12266166600868536
1992,09374,11,1,,0.14545862619228955
1993,09374,10,2,,0.17440301017892876
1994,09374,20,0,,0.03857196173451195
1995,09374,16,2,,0.08280489197444378
1996,09374,0,0,,0.8795672476159158
1997,09374,10,1,,0.09826212736920366
1998,09374,19,1,,0.10679026984747751
1999,09374,7,0,,0.08665828679787227
2000,09374,13,0,,0.10018093134548131
2001,09374,12,1,-0.01918403178469931,0.12261099925230398
2002,09374,29,4,-0.13803755747226032,0.08681592047863206
2016,09374,18,2,0.07623608921665749,0.08919879271536729
1981,09375,3,0,,
1982,09375,2,0,,
1983,09375,13,1,,
1984,09375,2,1,,
1985,09375,3,0,,
1986,09375,6,1,,
1987,09375,4,0,,
1988,09375,15,2,,
1989,09375,11,1,,0.11249822660733862
1990,09375,13,3,,23.468435
1991,09375,11,1,,0.27895551177870803
1992,09375,9,1,,0.3979777017257617
1993,09375,11,3,,0.18034223648764833
1994,09375,20,2,,0.18129677029708666
1995,09375,17,8,,0.17193644803963382
1996,09375,1,0,,3.1349364960776986
1997,09375,9,3,,0.3303929709356543
1998,09375,20,2,,0.15810041277427764
1999,09375,3,0,,0.27369078144078146
2000,09375,15,2,,0.1504826294137104
2001,09375,10,1,0.1978129053839843,0.19090032839575183
2002,09375,21,6,-0.0937543314152125,0.10715199026560147
2003,09375,3,1,-0.2231754135809694,0.295420639472951
2004,09375,13,0,-0.039222568916418905,0.2628786443264554
2005,09375,8,0,-0.1209235000913113,0.35961407471209367
2006,09375,3,0,-0.2220672144399346,0.776148787486116
2007,09375,34,7,0.3860678603642199,0.16966745825342155
2008,09375,15,3,-0.0414713631581987,0.14163885905517937
2009,09375,2,0,-0.1512533033519216,0.49619124209406107
2010,09375,4,1,-0.2175576905016618,0.219841706129748
2011,09375,7,0,-0.1508115731399235,0.19825786837410342
2012,09375,17,0,0.0079512587684318,0.14878131246739698
2013,09375,8,1,-0.09717002359677242,0.10648657372920435
2014,09375,12,1,0.2045183162195114,0.1874865389661506
2015,09375,4,1,0.07561483911267369,0.18458978167095505
2016,09375,17,3,0.1656957909560175,0.1043549719681322
2017,09375,7,0,0.0318092321526725,0.17310446964643095
2018,09375,15,2,0.16569770370995682,0.13712736425803418
2019,09375,4,0,0.10409418551404309,0.19945588900750816
2020,09375,20,7,0.29147915126299917,0.30402426056836174
2021,09375,10,0,-0.020970587597530496,0.23739928468080432
2022,09375,14,3,0.0677087764629302,0.20582610757930103
2023,09375,20,2,0.2189108966591787,0.250766220158999
2024,09375,30,6,0.1814066532232358,0.10227560562617118
1981,09376,3,0,,
1982,09376,4,0,,
1983,09376,14,1,,
1984,09376,4,0,,
1985,09376,3,0,,
1986,09376,7,0,,
1987,09376,5,0,,
1988,09376,17,0,,
1989,09376,14,2,,0.0654150157025036
1990,09376,19,1,,0.054271389268131236
1991,09376,12,1,,0.1311679371336587
1992,09376,15,1,,0.1540176040960771
1993,09376,12,3,,0.10597899240718142
1994,09376,23,1,,0.090499666795272
1995,09376,17,1,,0.093233502392207
1996,09376,1,0,,0.33192559829858836
1997,09376,10,1,,0.10260291380223668
1998,09376,24,1,,0.11112408977024361
1999,09376,7,0,,0.0969500190686046
2000,09376,14,0,,0.13626098589316848
2001,09376,14,1,0.1725769646388326,0.10773633105365177
2002,09376,28,2,-0.0643030279115694,0.09437146387534624
2003,09376,3,0,-0.2028847131236861,0.15574701406174943
2004,09376,12,1,-0.0086838873312967,0.13509288793356589
2005,09376,12,0,-0.07121121333359369,0.2076134103810809
2006,09376,4,0,-0.2109751714647507,0.5215220722971847
2007,09376,35,6,0.4090124013246036,0.07727451830371157
2008,09376,18,2,0.007162533320974884,0.10163380456349205
2009,09376,3,0,-0.2053574994143508,0.1969189866920849
2010,09376,5,1,-0.251048990707991,0.1871325636215371
2011,09376,11,0,-0.1163023624317431,0.15878195976217802
2012,09376,17,0,-0.034032989705130495,0.13561058284413938
2013,09376,10,1,-0.0776138142587215,0.1002468407990561
2014,09376,15,0,0.17229765707842237,0.1299957778489605
2015,09376,4,1,0.08014937934832479,0.17254317082924348
2016,09376,20,3,0.141943998386666,0.09190453849348491
1981,09377,3,0,,
1982,09377,4,0,,
1983,09377,12,0,,
1984,09377,2,0,,
1985,09377,2,0,,
1986,09377,2,0,,
1987,09377,4,0,,
1988,09377,14,0,,
1989,09377,9,1,,0.014548455543031108
1990,09377,11,1,,2.6628933
1991,09377,7,1,,0.0765742992499013
1992,09377,7,0,,0.15838910974783021
1993,09377,10,1,,0.11698367311428823
1994,09377,15,0,,0.0036571696067262656
1995,09377,14,2,,0.045730637203126416
1996,09377,0,0,,0.45086594322043194
1997,09377,4,0,,0.09897072932261909
1998,09377,18,0,,0.1616926693607961
2003,09377,2,0,-0.0656124602625479,0.12834206517888772
2004,09377,10,0,-0.0548972965094172,0.13355611205287582
2005,09377,8,0,-0.09745382912591459,0.1527012536360594
2006,09377,1,0,-0.1706412319812994,0.6321478250710698
2007,09377,29,2,0.4666396462401989,0.060541065275692384
2008,09377,16,1,0.09603956658302981,0.07244653147765576
2009,09377,2,0,-0.1704165037243162,0.19143000248447206
2010,09377,4,0,-0.1760178355247605,0.1593107380387331
2011,09377,9,0,-0.0502042093007795,0.09133375188692192
2012,09377,12,0,-0.0072008106839581,0.09252810646989063
2013,09377,8,0,-0.0898044268635283,0.09343185801404144
2014,09377,10,0,0.17122933565495949,0.06375408643518338
2015,09377,3,1,0.012430652705032796,0.12839568030469703
2016,09377,13,0,0.022256218300588798,0.05943062132772076
1981,09471,4,0,,
1982,09471,6,0,,
1983,09471,19,2,,
1984,09471,7,0,,
1985,09471,4,0,,
1986,09471,10,0,,
1987,09471,4,0,,
1988,09471,24,2,,
1989,09471,18,2,,0.10208836697404554
1990,09471,27,3,,0.07673955704102293
1991,09471,13,1,,0.15808588478236127
1992,09471,14,1,,0.3529516841092265
1993,09471,13,5,,0.17838463094393975
1994,09471,25,2,,0.04033981907194551
1995,09471,23,7,,0.10766218899661253
1996,09471,2,0,,0.5987486981559763
1997,09471,16,1,,0.16237362387178828
1998,09471,25,1,,0.2013206326689836
1999,09471,15,2,,0.11327262743014037
2000,09471,22,3,,0.1391417666532231
2001,09471,18,1,0.2357287737008426,0.20484712884796685
2002,09471,28,8,-0.019895904292718702,0.07568075117370891
2003,09471,8,1,-0.1553717090349282,0.12566762323259498
2004,09471,18,2,-0.0506298870735039,0.12912406859342296
2005,09471,17,0,0.02038614986020909,0.09320930633656148
2006,09471,6,0,-0.0665053797133405,0.329752858939487
2007,09471,36,9,0.3545006685151668,0.0811050541248579
2008,09471,26,3,-0.020979336304991894,0.14673386256955454
2009,09471,4,0,-0.0671642906877469,0.144523559097781
2010,09471,6,3,-0.18923011111092458,0.12467196455825565
2011,09471,12,3,-0.1994151764548217,0.14458435490512844
2012,09471,22,2,0.1032736784709277,0.10020394442592735
2013,09471,12,1,-0.1730527100593508,0.09390986352216917
2014,09471,27,3,0.057307030174796,0.11891734888379156
2015,09471,9,1,0.1330292909749399,0.2458343576974396
2016,09471,24,4,0.07871422184031239,0.08824482583656797
2017,09471,12,3,0.0654858457938951,0.15329559386185052
2018,09471,20,0,0.2152674468245541,0.13279718255887157
2020,09471,32,9,0.2420626669647881,0.18186369068961392
2021,09471,13,3,-0.09047923717175668,0.17990154136520917
2022,09471,25,5,0.014009213782824399,0.19983410241693045
1981,09472,4,0,,
1982,09472,6,0,,
1983,09472,14,0,,
1984,09472,4,0,,
1985,09472,3,0,,
1986,09472,8,0,,
1987,09472,4,0,,
1988,09472,17,1,,
1989,09472,15,2,,0.06055418071009741
1990,09472,20,5,,0.0572576244787218
1991,09472,11,1,,0.1424309877350516
1992,09472,13,0,,0.16384083987618994
1993,09472,10,3,,0.14672476686482855
1994,09472,23,1,,0.029315607193372395
1995,09472,16,2,,0.06607282803367814
1996,09472,1,0,,2.0981820122081363
1997,09472,11,1,,0.0911118947752754
1998,09472,24,1,,0.06530266562354728
1999,09472,12,0,,0.05785468183739067
2000,09472,18,1,,0.19764407160110828
2001,09472,13,1,0.1544445069283182,0.0920844453711426
2002,09472,29,4,-0.09142803282714071,0.07681257175556208
2003,09472,4,1,-0.09560750845647631,0.1337990258973426
2004,09472,13,1,-0.020030133117688198,0.10345369012707722
2005,09472,14,0,-0.1366902405442848,0.07507367105019448
2006,09472,4,0,-0.2062336435148449,0.30128764975151917
2007,09472,36,5,0.3905382471607215,0.058359982667099984
2008,09472,23,1,0.09103642137878198,0.08267040337830389
2009,09472,3,0,-0.110057450021861,0.13029653461051244
2010,09472,6,2,-0.1989705193150294,0.11932332412754204
2011,09472,11,0,-0.04744324351457879,0.08525585878382874
2012,09472,17,0,0.07669985569505319,0.09021694207547265
2013,09472,10,1,-0.1374691666028053,0.07575049965287275
2014,09472,19,2,0.1579478103908577,0.0725580192940569
2015,09472,8,1,-0.002121646331937302,0.15868480396648443
2016,09472,21,2,0.0252037907664361,0.0685714606980596
1981,09474,4,0,,
1982,09474,6,0,,
1983,09474,16,2,,
1984,09474,4,0,,
1985,09474,4,0,,
1986,09474,9,0,,
1987,09474,5,0,,
1988,09474,18,2,,
1989,09474,13,2,,0.0732266182127815
1990,09474,23,5,,0.04660677759330771
1991,09474,12,1,,0.12047166566316211
1992,09474,14,0,,0.1962678249743253
1993,09474,11,3,,0.09882228578976317
1994,09474,23,2,,0.022495044874728864
1995,09474,20,2,,0.07675893669569737
1996,09474,1,0,,0.502458687125555
1997,09474,14,2,,0.08703341674349181
1998,09474,26,1,,0.10955024746265253
1999,09474,13,0,,0.06273849467962064
2000,09474,19,1,,0.09668952901403233
2001,09474,14,1,0.24331116730973168,0.12304174929205305
2002,09474,29,5,-0.013847875177606897,0.08209217786247783
2003,09474,5,1,-0.1997665242233509,0.10554381348283182
2004,09474,13,1,-0.004797014055316389,0.08068208996427152
2005,09474,15,0,-0.1088131677849412,0.07999821573602993
2006,09474,5,0,-0.1075868006759707,0.21562075015541893
2007,09474,36,5,0.372575245892477,0.06860960459303671
2008,09474,23,4,0.03340408656242799,0.08152835863567487
2009,09474,3,0,-0.07648471858290261,0.08566644016610041
2010,09474,6,2,-0.1934403458759519,0.11868195058905404
2011,09474,11,0,-0.1140198402870044,0.09920780942509053
2012,09474,20,0,0.121147601027499,0.09129449693999418
2013,09474,10,1,-0.1515524338175656,0.05624504305402081
2014,09474,22,2,0.0692229890287342,0.07939310697288146
2015,09474,9,1,0.0747387171001606,0.1596117710217763
2016,09474,21,2,0.0758020819205268,0.05851752382224597
1981,09475,4,0,,
1982,09475,5,0,,
1983,09475,12,0,,
1984,09475,0,0,,
1985,09475,2,0,,
1986,09475,2,0,,
1987,09475,4,0,,
1988,09475,15,0,,
1989,09475,6,0,,0.003658681594087571
1990,09475,14,0,,0.006774149844194553
1991,09475,8,1,,0.023368314314160987
1992,09475,9,0,,0.060404068606857035
1993,09475,9,0,,0.029356449040050137
1994,09475,14,0,,0.006769357824869945
1995,09475,13,1,,0.027892698067820288
1996,09475,0,0,,1.67663574
1997,09475,9,2,,0.025070741013915522
1998,09475,23,0,,0.11586595811628153
1999,09475,6,0,,0.03009740896943378
2000,09475,12,1,,0.1251914555665958
2001,09475,9,0,0.11339578225351281,0.08265863024123828
2002,09475,23,0,-0.2110637889926614,0.014771112997042068
2003,09475,2,0,-0.1675878861322716,0.01827597022215171
2004,09475,8,0,-0.053079741982473505,0.06809562663749173
2005,09475,10,0,-0.1048248721311006,0.05675226145429129
2006,09475,1,0,-0.1644640446359252,0.11154364186242789
2007,09475,30,0,0.5096306913273252,0.0061163516324105145
2008,09475,19,1,0.1075975882295449,0.03716131155662098
2009,09475,2,0,-0.1515039772999477,0.04946146097654748
2010,09475,5,0,-0.1395801216954121,0.007716168459389806
2011,09475,10,0,-0.055644280725001605,0.05393097478085792
2012,09475,10,0,-0.0789613568357901,0.008484313176488272
2013,09475,8,0,-0.07046088120830701,0.0211205961180496
2014,09475,12,0,0.1827901913670072,0.00684568889673862
2015,09475,5,1,-0.007126027479265995,0.06166787654594493
1981,09476,4,0,,
1982,09476,5,0,,
1983,09476,13,0,,
1984,09476,1,0,,
1985,09476,3,0,,
1986,09476,3,0,,
1987,09476,4,0,,
1988,09476,15,0,,
1989,09476,9,1,,0.006843424218941186
1990,09476,20,0,,0.007473699259661373
1991,09476,7,1,,0.05877534629263183
1992,09476,12,0,,0.13031925045626644
1993,09476,9,1,,0.1100369319955407
1994,09476,15,1,,0.006186568341473828
1995,09476,16,2,,0.04683879170089986
1996,09476,0,0,,10.017562
1997,09476,14,2,,0.047017279215055795
1998,09476,23,0,,0.09233408354252627
1999,09476,10,0,,0.0579776594648131
2000,09476,14,1,,0.09905871988999054
2001,09476,12,1,0.0394481863622487,0.07427343312553661
2002,09476,27,0,-0.093330720493506,0.042592339860416495
2003,09476,4,0,-0.1427450605130735,0.06243385749790923
2004,09476,10,1,-0.06906984024861221,0.05857307429967323
2005,09476,10,0,-0.1151002214640632,0.051409051706766615
2006,09476,4,0,-0.1371041301366916,0.1181558516268581
1981,09477,4,0,,
1982,09477,7,0,,
1983,09477,14,2,,
1984,09477,3,0,,
1985,09477,3,0,,
1986,09477,5,0,,
1987,09477,4,0,,
1988,09477,16,1,,
1989,09477,12,2,,0.04994893353538316
1990,09477,20,5,,0.038430921495529256
1991,09477,9,1,,0.09853046416306635
1992,09477,13,0,,0.19122860104150866
1993,09477,10,2,,0.15663089233753644
1994,09477,21,1,,0.04259386157648998
1995,09477,18,2,,0.07200672536243005
1996,09477,0,0,,2.402362601768362
1997,09477,14,2,,0.06462234879584017
1998,09477,23,1,,0.09304529589032023
1999,09477,11,0,,0.058151743017754484
2000,09477,16,1,,0.07468877660000534
2001,09477,11,1,0.05715250027034811,0.09687310385571057
2002,09477,28,4,-0.1195698605332092,0.07523905685707263
2003,09477,4,1,-0.0697581699194151,0.0920377278507842
2004,09477,13,1,-0.043901571095689096,0.09275472877911521
2005,09477,13,0,-0.1262701017252741,0.07017048785806003
2006,09477,4,0,-0.1320830962211011,0.20230717363477382
2007,09477,35,6,0.4004082305613388,0.05807383296438697
2008,09477,22,3,0.09176717399546369,0.07865367095770265
2009,09477,3,0,-0.1221833813335685,0.14245691952389414
2010,09477,5,1,-0.1838359419746867,0.13472230877083657
2011,09477,11,0,-0.05521613686868049,0.0869711718371024
2012,09477,18,0,0.011872061621807,0.09202432378165964
2013,09477,11,1,-0.1074448768636185,0.08798914039589444
2014,09477,17,2,0.17914979731744302,0.06726019355509046
2015,09477,6,1,0.1127936862000284,0.15881334760885082
2016,09477,19,2,-0.0069629242394555,0.06696768928649356
1981,09478,4,0,,
1982,09478,6,0,,
1983,09478,15,3,,
1984,09478,4,0,,
1985,09478,3,0,,
1986,09478,7,0,,
1987,09478,4,0,,
1988,09478,18,2,,
1989,09478,12,2,,0.07406853635269507
1990,09478,23,5,,0.048011391933634684
1991,09478,9,1,,0.11992187718179886
1992,09478,13,0,,0.22820272516495332
1993,09478,10,2,,0.18877749326145551
1994,09478,21,1,,0.07903513652756312
1995,09478,17,2,,0.08996594502964418
1996,09478,1,0,,2.846286579114387
1997,09478,14,2,,0.08862098116890572
1998,09478,23,1,,0.11200876227624156
1999,09478,13,0,,0.07600716739047726
2000,09478,19,1,,0.14029096690957008
2001,09478,16,1,0.1494918368185567,0.1281506273656603
2002,09478,27,5,-0.022552598928495204,0.08828353526976035
2003,09478,5,1,-0.11906984018592279,0.08340673200008396
2004,09478,14,1,-0.0341043486328367,0.10328598966276903
2005,09478,15,0,-0.022787339430126397,0.09441658562847241
2006,09478,4,0,-0.0690173069323393,0.248884025726131
2007,09478,35,6,0.3659178503137246,0.06608203182928638
2008,09478,23,2,0.019252818437466,0.09952664304719624
2009,09478,3,0,-0.1393182145855525,0.15908350843784885
2010,09478,6,2,-0.2375868843587395,0.13457775126167645
2011,09478,11,0,-0.12247022789686529,0.1029149143065516
2012,09478,20,0,0.0897952078905645,0.11665036257023524
2013,09478,11,1,-0.1800793119806525,0.06917184815479939
2014,09478,22,3,0.11428769696622809,0.065685819769495
2015,09478,7,2,0.2075032927721921,0.17015662004514276
2016,09478,22,2,0.060388958215785195,0.06559032385553609
1981,09479,3,0,,
1982,09479,4,0,,
1983,09479,12,0,,
1984,09479,0,0,,
1985,09479,1,0,,
1986,09479,1,0,,
1987,09479,4,0,,
1988,09479,13,0,,
1989,09479,6,0,,0.007155737470303689
1990,09479,7,0,,0.008133288329137912
1991,09479,7,1,,0.10133396601902658
1992,09479,6,0,,0.08765468637346792
1993,09479,9,0,,0.05819132724957968
1994,09479,13,0,,0.00801667468334135
2003,09479,2,0,-0.079088714650879,0.050233832450978164
2004,09479,9,0,-0.0600133396978903,0.06280269626274831
2005,09479,10,0,-0.063211761198277,0.06326594531763279
2006,09479,2,0,-0.1355782998195871,0.17768010997702538
1981,09562,4,0,,
1982,09562,7,0,,
1983,09562,20,2,,
1984,09562,8,0,,
1985,09562,5,0,,
1986,09562,11,0,,
1987,09562,4,0,,
1988,09562,23,2,,
1989,09562,19,2,,0.10725257648244352
1990,09562,27,2,,0.08866075304787392
1991,09562,13,2,,0.10162460096797446
1992,09562,12,1,,0.24718438138850274
1993,09562,13,6,,0.1276958246147993
1994,09562,27,2,,0.04650180351768247
1995,09562,22,7,,0.09859578520825868
1996,09562,2,0,,0.5228158609451385
1997,09562,15,1,,0.11681263862928348
1998,09562,25,2,,0.17998810034723578
1999,09562,14,2,,0.12242379934233849
2000,09562,21,4,,0.1595075417723165
2001,09562,17,1,0.2407822724425454,0.21288299592197488
2002,09562,28,7,-0.018713118642074894,0.09692347870814476
2003,09562,5,1,-0.27292600712461523,0.1403680581803016
2004,09562,17,2,0.0189258714503969,0.15730768045917373
2005,09562,17,0,-0.008380993076672602,0.11092344595095206
2006,09562,5,0,-0.065678645147404,0.25414805403024704
2007,09562,37,8,0.3136812602979526,0.09585542131781866
2008,09562,23,3,-0.06190807466115789,0.12889680791610506
2009,09562,4,0,-0.0566912539279808,0.24159090190354557
2010,09562,6,3,-0.1698400505385149,0.22197988279304004
2011,09562,11,4,-0.1440295584953828,0.14508528304837873
2012,09562,23,2,0.0915129778689639,0.22528356807511737
2013,09562,13,1,-0.17108877490448168,0.10291080450268654
2014,09562,24,4,0.12473596296047909,0.15762051879084968
2015,09562,9,1,0.09320398362197689,0.2634476935795601
2016,09562,26,5,0.046830473977576906,0.10246673688879032
1981,09564,4,0,,
1982,09564,7,0,,
1983,09564,20,2,,
1984,09564,8,1,,
1985,09564,5,0,,
1986,09564,11,0,,
1987,09564,4,1,,
1988,09564,23,2,,
1989,09564,19,2,,0.058159331983211535
1990,09564,27,2,,0.09131277876895628
1991,09564,13,2,,0.1300602649915903
1992,09564,12,1,,0.2557021138277864
1993,09564,12,6,,0.1095195675607127
1994,09564,27,2,,0.050408258088788564
1995,09564,22,7,,0.10599480662678833
1996,09564,2,0,,0.5246181030477151
1997,09564,15,1,,0.1152011214953271
1998,09564,25,2,,0.15678467480784986
1999,09564,14,2,,0.08173398127854817
2000,09564,21,4,,0.14740037801740552
2001,09564,17,1,0.15881423510070541,0.18132962637682293
2002,09564,28,7,-0.0885915449266174,0.10328552906833385
2003,09564,5,1,-0.18456182070250107,0.1384322663469183
2004,09564,17,2,-0.0509328161356193,0.16173878007652895
2005,09564,17,0,0.062284867260960795,0.09912768462436095
2006,09564,5,0,-0.020318678200518303,0.17776081452064288
2007,09564,37,9,0.2709924710168294,0.09245827742671826
2008,09564,23,3,-0.09201212283925471,0.11196906538676484
2009,09564,4,0,-0.1517717671497268,0.17402863072432037
2010,09564,6,3,-0.09502157765619011,0.13001951673308113
2011,09564,11,4,-0.0772956013714317,0.1478734000019551
2012,09564,23,2,0.0562845010144817,0.12321273570836785
2013,09564,13,1,0.030120794738415897,0.09134419294449442
2014,09564,24,4,0.0739117178178025,0.15955991319444446
2015,09564,9,2,0.0693333211004655,0.26358070516472837
2016,09564,26,5,0.032479936472722,0.100714014857523
1981,09565,4,0,,
1982,09565,7,0,,
1983,09565,20,2,,
1984,09565,6,1,,
1985,09565,5,0,,
1986,09565,9,0,,
1987,09565,5,0,,
1988,09565,24,2,,
1989,09565,19,2,,0.05831359263906315
1990,09565,23,2,,0.06096044610065879
1991,09565,14,3,,0.11646501351252649
1992,09565,13,1,,0.23161647967780377
1993,09565,13,6,,0.09729981691688025
1994,09565,28,2,,0.04483038122596038
1995,09565,21,7,,0.10025222445852984
1996,09565,2,0,,0.3864133692636557
1997,09565,16,1,,0.10435133411253966
1998,09565,26,2,,0.1248158228620227
1999,09565,13,2,,0.07756015427978044
2000,09565,20,3,,0.11753929789077067
2001,09565,16,0,0.1806481129134266,0.15994653419088048
2002,09565,28,7,-0.052130322224298906,0.10059536625574361
2003,09565,6,1,-0.26349439889637366,0.11528588931136459
2004,09565,16,1,-0.06689791344394701,0.13310985022708946
2005,09565,17,0,0.09946506604600719,0.0805216242688445
2006,09565,4,0,-0.062710528844512,0.17573174584865064
2007,09565,39,8,0.3108636718882379,0.08851202571957174
2008,09565,22,3,-0.0712069967081762,0.10925847413882103
2009,09565,3,0,-0.1725610668445402,0.14765947955390335
2010,09565,6,4,-0.1779642772570244,0.22082666741250398
2011,09565,13,4,-0.1879558599915983,0.13008468044353677
2012,09565,23,2,0.0835954010844846,0.21003918372565
2013,09565,10,1,0.018793960097545,0.14486445973835893
2014,09565,25,3,0.1258783101170608,0.1553324886151813
2015,09565,8,1,0.029646429889951115,0.2231184749172863
2016,09565,27,5,0.12290521335497151,0.09265976422061815
1981,09571,4,0,,
1982,09571,7,0,,
1983,09571,16,1,,
1984,09571,5,0,,
1985,09571,6,0,,
1986,09571,8,0,,
1987,09571,4,0,,
1988,09571,23,2,,
1989,09571,18,1,,0.04751232894050505
1990,09571,28,2,,0.02648906355836532
1991,09571,14,1,,0.11698390296881919
1992,09571,11,0,,0.2385029099531974
1993,09571,11,4,,0.1546929815190685
1994,09571,28,2,,0.046579385844208204
1995,09571,20,3,,0.10139307603454584
1996,09571,0,0,,0.7143723287829041
1997,09571,17,1,,0.11361401905394929
1998,09571,27,0,,0.10733886665156207
1999,09571,13,1,,0.10791430502060949
2000,09571,20,2,,0.16929591921611684
2001,09571,15,0,0.2199150420343777,0.08788264124358215
2002,09571,28,4,-0.1052647609105847,0.08704995453798174
2003,09571,5,1,-0.21336144690629022,0.18557048265460033
2004,09571,16,1,-0.056472091057841504,0.11274091280972418
2005,09571,13,0,0.0273581603049127,0.09121789567403374
2006,09571,4,0,-0.16471477245151028,0.4676634508651649
2007,09571,35,7,0.3250955574853288,0.0746730102342891
2008,09571,25,2,-0.0666407533126877,0.07909891135303265
2009,09571,3,0,-0.0786218578518265,0.17193312279398104
2010,09571,6,2,-0.220059800808003,0.12712667146408477
2011,09571,14,1,-0.16233428266450742,0.08803663686364466
2012,09571,20,0,0.08742346065654691,0.17754039465284818
2013,09571,10,1,-0.0533934161659597,0.12583517630127128
2014,09571,23,2,0.1512278069329132,0.07018320193245838
2015,09571,8,1,0.027088840995706298,0.210170556912861
2016,09571,24,3,0.16950529053802899,0.05956220385674931
2017,09571,9,0,0.08259645188663141,0.1406548183962483
2018,09571,21,0,0.2136597240580113,0.1133889350142521
2019,09571,12,0,0.050400400600551294,0.10391685875911304
2020,09571,27,7,0.264087426051092,0.15868821897617794
2021,09571,17,1,-0.06796794258794771,0.09507540529409561
2022,09571,22,6,0.0469613911303547,0.15893993839835727
2023,09571,26,2,0.1235708347905644,0.185156603276715
2024,09571,33,8,0.0883102372521388,0.07093052444942143
1981,09572,4,0,,
1982,09572,7,0,,
1983,09572,20,2,,
1984,09572,8,1,,
1985,09572,5,0,,
1986,09572,11,0,,
1987,09572,4,0,,
1988,09572,23,2,,
1989,09572,19,2,,0.10116807059767348
1990,09572,27,2,,0.08435259069283377
1991,09572,13,2,,0.10069559605945148
1992,09572,12,1,,0.24540998037451958
1993,09572,13,6,,0.1276558651956122
1994,09572,27,2,,0.045184918171557564
1995,09572,22,7,,0.09831085811946966
1996,09572,2,0,,0.5157275707937672
1997,09572,15,1,,0.11524249221183801
1998,09572,25,2,,0.17230913737271272
1999,09572,14,2,,0.12172643865423612
2000,09572,21,4,,0.15870559224274847
2001,09572,17,1,0.25517106769879916,0.21795849252921465
2002,09572,28,7,-0.016331431008452496,0.0952858578386533
2003,09572,5,1,-0.26686171121301816,0.1368684752433954
2004,09572,17,2,0.0090174588082529,0.15489550230235424
2005,09572,17,0,0.039931318512729796,0.11026442172334593
2006,09572,5,0,-0.0618876783024543,0.25013153950716255
2007,09572,37,8,0.3309946104381763,0.09521979511733429
2008,09572,23,3,-0.042066426093731596,0.12868532824879186
2009,09572,4,0,-0.0614441957507339,0.23916520707900019
2010,09572,6,3,-0.1850405874636294,0.20066672937399274
2011,09572,11,4,-0.1510773630392128,0.14462556673216223
2012,09572,23,2,0.0856820870054122,0.22385636932707353
2013,09572,13,1,-0.1760834566582765,0.10298600325788335
2014,09572,25,4,0.08920236450206559,0.13330446180555555
2015,09572,9,1,0.11826439088487459,0.2632439867725755
2016,09572,26,5,0.0162536360673637,0.10088271149794878
1981,09573,4,0,,
1982,09573,7,0,,
1983,09573,20,2,,
1984,09573,8,0,,
1985,09573,5,0,,
1986,09573,11,0,,
1987,09573,4,0,,
1988,09573,23,2,,
1989,09573,19,1,,0.08603591323999882
1990,09573,27,2,,0.07119482233125185
1991,09573,14,2,,0.09092917996773418
1992,09573,13,1,,0.24462020606754437
1993,09573,13,5,,0.10762305814469597
1994,09573,27,2,,0.04260292513167796
1995,09573,22,6,,0.09727006092014223
1996,09573,2,0,,0.4706483511449383
1997,09573,17,1,,0.1064892523364486
1998,09573,26,2,,0.14899364051344077
1999,09573,14,2,,0.0772179799676369
2000,09573,21,4,,0.14294810851978787
2001,09573,18,1,0.173542936030285,0.16854817272030564
2002,09573,28,6,-0.048815879286811706,0.09786763282718612
2003,09573,5,1,-0.2543792297600379,0.1284387015001238
2004,09573,17,1,-0.0432593389402845,0.1471813752513133
2005,09573,17,0,0.0778731805472253,0.09024490627546863
2006,09573,5,0,-0.0434983795486081,0.3934349384190798
2007,09573,37,8,0.3138226966361174,0.08314100437045903
2008,09573,23,3,-0.08004830404709111,0.10604449521680528
2009,09573,4,0,-0.15795474452638408,0.1426140056022409
2010,09573,6,3,-0.2152636981841892,0.18201090550075633
2011,09573,13,4,-0.16879963310506071,0.1331993235383247
2012,09573,23,1,0.09055184904658761,0.11296742336371167
2013,09573,14,1,-0.1178700424788949,0.08797400014587538
2014,09573,25,4,0.1079774252369024,0.14519499565972224
2015,09573,9,1,0.09453562207016258,0.2773846992903867
2016,09573,26,5,0.08298171040033331,0.09345767269098569
2017,09573,11,1,0.0712104091737083,0.17587952471960097
2018,09573,21,1,0.2993706648082726,0.13064193773381522
2019,09573,13,1,0.1131261708585726,0.19066495451451204
2020,09573,30,9,0.2444922648184562,0.20639900873468525
2021,09573,15,2,-0.12311145549767281,0.2025160367443437
2022,09573,26,7,0.039823903507227,0.20462680456798102
2023,09573,27,6,0.09920611997930609,0.2536272132430663
2024,09573,34,8,0.1328552522618783,0.09629055477835097
1981,09574,4,0,,
1982,09574,7,0,,
1983,09574,19,0,,
1984,09574,5,0,,
1985,09574,4,0,,
1986,09574,9,0,,
1987,09574,4,0,,
1988,09574,23,2,,
1989,09574,16,1,,0.04240713100601613
1990,09574,23,3,,0.030477069344157955
1991,09574,14,1,,0.11514867721290126
1992,09574,13,0,,0.21219008830077574
1993,09574,12,4,,0.14054292451981062
1994,09574,23,1,,0.36853631583637825
1995,09574,19,3,,0.07764001291581364
1996,09574,1,0,,0.7142601228422554
1997,09574,15,1,,0.08668562752167569
1998,09574,25,2,,0.08725316806443269
1999,09574,12,1,,0.08341409816810957
2000,09574,19,0,,0.12346567857267553
2001,09574,16,1,0.25340276922806293,0.0919161287460349
2002,09574,29,3,-0.1005528829062845,0.08824483274373777
2003,09574,5,1,-0.1607236767438923,0.15105799499556058
2004,09574,15,1,-0.0472385549605259,0.12317631507853807
2005,09574,15,0,-0.08911315281562102,0.09410403056822383
2006,09574,5,0,-0.1406880367256333,0.40727329405056073
2007,09574,37,6,0.4024838505118393,0.06614605883538459
2008,09574,24,3,0.005687823146750981,0.08897606293581263
2009,09574,3,0,-0.1241312942275438,0.18585255487890548
2010,09574,6,2,-0.2080555593747788,0.09955156432787905
2011,09574,11,0,-0.1220440003349952,0.10749988692615021
2012,09574,19,0,0.1137349647292239,0.13249221183800625
2013,09574,11,1,-0.0710933052227059,0.08293989304812834
2014,09574,22,2,0.1113859704548592,0.08619636389112692
2015,09574,9,1,0.011794285210066702,0.1956337011418533
2016,09574,23,2,0.1594470786094589,0.08469594249864973
1981,09575,4,0,,
1982,09575,8,0,,
1983,09575,20,1,,
1984,09575,7,0,,
1985,09575,5,0,,
1986,09575,9,0,,
1987,09575,3,0,,
1988,09575,24,2,,
1989,09575,21,1,,0.09297637638435186
1990,09575,30,2,,0.05285752421806451
1991,09575,14,1,,0.10696412909096895
1992,09575,14,0,,0.32622503037998885
1993,09575,11,4,,0.17535146545999053
1994,09575,26,2,,0.034136248617256636
1995,09575,21,4,,0.11547659294680215
1996,09575,2,0,,0.47572635711589284
1997,09575,19,1,,0.13255362228781523
1998,09575,29,0,,0.17499497817144877
1999,09575,14,0,,0.09563994267408531
2000,09575,22,3,,0.10864458683681655
2001,09575,19,1,0.2695456529516218,0.1896167375054961
2002,09575,28,7,-0.024891790335277997,0.0839958432592116
2003,09575,6,1,-0.2787138600669496,0.11529348487447301
2004,09575,18,0,-0.0038121309286923,0.10343249937296213
2005,09575,17,0,0.07948373549541249,0.10420161182832553
2006,09575,5,0,-0.08984831124395459,0.31220612580883333
2007,09575,36,7,0.3376526949847726,0.07406495990413862
2008,09575,26,2,-0.05946444881925529,0.13616466482308257
2009,09575,4,0,-0.019755907044228603,0.16692711378585784
2010,09575,7,3,-0.1698732773896205,0.2218732489715149
2011,09575,15,4,-0.1282618124073051,0.11933395302038483
2012,09575,23,1,0.04298930759586719,0.1811656085274337
2013,09575,12,1,-0.1840911715702688,0.13364491779671184
2014,09575,28,3,0.1263086316897449,0.11441491504141935
2015,09575,10,2,0.048528959404634295,0.21099006655083108
2016,09575,26,4,0.0698101565923269,0.10514911076589935
2017,09575,11,1,0.0240713671197883,0.15560638372996258
2018,09575,24,0,0.2261922255944766,0.12398437654974867
2019,09575,15,0,0.0303465143969094,0.17272319222571106
2020,09575,31,8,0.2370539545338884,0.17818091405764386
2021,09575,18,2,-0.0096785449313855,0.12229341461344799
2022,09575,29,5,0.0310325018597965,0.19045250525562193
2023,09575,27,4,0.0959435215842179,0.23849304778455613
2024,09575,36,7,-0.0086029690665205,0.07664320892154966
1981,09576,4,0,,
1982,09576,7,0,,
1983,09576,18,2,,
1984,09576,5,1,,
1985,09576,5,0,,
1986,09576,8,0,,
1987,09576,4,0,,
1988,09576,24,2,,
1989,09576,17,2,,0.06815947825177748
1990,09576,23,2,,0.06201405089156173
1991,09576,14,2,,0.19932335110656635
1992,09576,11,1,,0.23753826490773844
1993,09576,11,5,,0.09923573172220188
1994,09576,26,1,,0.04626272700715712
1995,09576,21,6,,0.10031800294391542
1996,09576,1,0,,0.39027916496111337
1997,09576,16,1,,0.18559017086881505
1998,09576,25,2,,0.13180694969704362
1999,09576,13,1,,0.12303324090239977
2000,09576,18,3,,0.12063987779015235
2001,09576,16,0,0.2207712131872947,0.16205567760469994
2002,09576,28,7,-0.0898407320012421,0.11744211165343241
2003,09576,5,1,-0.2640218742206771,0.14942207586456635
2004,09576,15,1,-0.0500621186859231,0.1429564247048023
2005,09576,15,0,-0.05730108216635221,0.11839572192513369
2006,09576,3,0,-0.1535615172587732,0.33981819043017775
2007,09576,35,8,0.3327850903245323,0.087228073155197
2008,09576,22,3,-0.049769566456123016,0.11123238927698821
2009,09576,3,0,-0.19245875819286673,0.14916088781981193
2010,09576,6,3,-0.2417825419311995,0.22408150758578682
2011,09576,11,3,-0.2063475040350956,0.14238209083811215
2012,09576,21,1,0.10181713911262899,0.21205925499784267
2013,09576,9,1,0.007960100500001996,0.14539102263663797
2014,09576,23,2,0.1805745217622635,0.15961331728840752
2015,09576,8,1,0.019514815270486013,0.23167172289819438
2016,09576,24,5,0.164362719781321,0.09240902984866642
2017,09576,8,0,0.0852962410673315,0.15661612461939015
1981,09577,4,0,,
1982,09577,6,0,,
1983,09577,16,1,,
1984,09577,5,0,,
1985,09577,4,0,,
1986,09577,7,0,,
1987,09577,4,0,,
1988,09577,21,2,,
1989,09577,15,1,,0.04107751480247193
1990,09577,21,2,,0.031707777281144246
1991,09577,12,1,,0.11055760762607626
1992,09577,11,0,,0.3117907311700415
1993,09577,10,4,,0.16273826595621455
1994,09577,25,3,,0.04937558272792387
1995,09577,19,3,,0.09695577538551062
1996,09577,1,0,,0.5026596802676828
1997,09577,11,1,,0.09651773002754821
1998,09577,23,0,,0.08728534712526971
1999,09577,10,1,,0.10641423878118345
2000,09577,18,1,,0.21419226390336152
2001,09577,14,0,0.25082334595394584,0.09473638984018265
2002,09577,25,5,-0.1225766434114086,0.09582977647096018
2003,09577,6,1,-0.23557585091906802,0.12827831282015623
2004,09577,14,1,-0.0592283180403662,0.11372538025463895
2005,09577,12,0,0.0395101137706359,0.2354087354812933
2006,09577,3,0,-0.18174007966844918,0.3767597268611297
2007,09577,34,6,0.3308127794953065,0.07155108539365247
2008,09577,19,2,-0.0627192089983327,0.09017184520054915
2009,09577,3,0,-0.1767036583256807,0.1519697246193591
2010,09577,6,2,-0.1812093563880166,0.16101501756085745
2011,09577,12,2,-0.2151995682647667,0.0900085586426357
2012,09577,20,0,0.0584123286440849,0.1959434702270966
2013,09577,9,1,-0.02177416023308651,0.11747961828763119
2014,09577,21,2,0.1945093362234911,0.07028096489048244
2015,09577,5,1,-0.005039285307603003,0.21976123804555728
2016,09577,21,3,0.1968727005287454,0.05344183280471228
2018,09577,22,0,0.2311830027354007,0.07793831191573049
2019,09577,12,1,0.0310456161399871,0.09509602893581211
1981,09671,8,0,,
1982,09671,9,0,,
1983,09671,20,2,,
1984,09671,16,0,,
1985,09671,6,0,,
1986,09671,12,0,,
1987,09671,5,1,,
1988,09671,28,2,,
1989,09671,31,2,,0.06770627531089846
1990,09671,35,5,,0.04139223345001629
1991,09671,15,1,,0.08821909202839703
1992,09671,22,0,,0.2335155249191728
1993,09671,14,5,,0.3305233542235792
1994,09671,30,2,,0.05899515539482081
1995,09671,27,5,,0.08565807916682981
1996,09671,5,0,,1.532798397300717
1997,09671,20,2,,0.11651845953866741
1998,09671,28,2,,0.13408650744930672
1999,09671,25,1,,0.07303891198148461
2000,09671,29,2,,0.08863060653988372
2001,09671,23,3,0.16237255753018698,0.13547529811162418
2002,09671,31,7,-0.13740994197816447,0.09111270983213429
2003,09671,9,1,-0.0510987151927826,0.10458378394429349
2004,09671,22,2,0.0078060416385375,0.0858862268169354
2005,09671,22,1,0.0918058946309755,0.07791581646635086
2006,09671,15,0,0.049771175680739896,0.2783307314992536
2007,09671,40,8,0.2611710627641136,0.060074598590735814
2008,09671,26,4,-0.0838587388611177,0.09531418659222397
2009,09671,9,0,0.006026552837310301,0.10009272624576378
2010,09671,8,1,-0.1822912252007419,0.11151938283166109
2011,09671,21,3,-0.1092717198214743,0.10537897284660439
2012,09671,23,2,0.0163448871336414,0.11477529029968056
2013,09671,17,1,-0.081677874347129,0.08188604837785167
2014,09671,37,4,0.14471941441841,0.07792884212940401
2015,09671,18,3,0.08043103848274441,0.13815001918403888
2016,09671,30,5,0.0526694999585961,0.06271022058651164
1981,09672,4,0,,
1982,09672,6,0,,
1983,09672,18,1,,
1984,09672,4,0,,
1985,09672,4,0,,
1986,09672,8,0,,
1987,09672,3,0,,
1988,09672,20,2,,
1989,09672,17,1,,0.08625975723622782
1990,09672,26,1,,0.03320453999467116
1991,09672,12,1,,0.1451044649146077
1992,09672,12,0,,0.3746476525003871
1993,09672,10,2,,0.31041739241803284
1994,09672,21,1,,0.06960011155925515
1995,09672,19,3,,0.09438598696993943
1996,09672,1,0,,2.8250077423350883
1997,09672,16,2,,0.11655700433285492
1998,09672,21,0,,0.11790130491174647
1999,09672,15,0,,0.07431453836996947
2000,09672,22,1,,0.09082561139244187
2001,09672,16,1,0.1944896919272212,0.11532085462557362
2002,09672,27,4,-0.0018084306735100947,0.053205909842718106
2003,09672,5,1,-0.1737445590471568,0.08780602500947329
2004,09672,17,1,0.059261121911539795,0.12884465799374462
2005,09672,15,0,0.1608258936371432,0.08559432138669709
2006,09672,6,0,-0.0364636605439023,0.2960885217915244
2007,09672,35,4,0.2821980332433328,0.07266443168971215
2008,09672,21,2,-0.028509303912551395,0.09608195709832769
2009,09672,4,0,0.014803055075628901,0.10222569033530571
2010,09672,7,2,-0.2342982471245456,0.1336791467530714
2011,09672,11,1,-0.09965033686295899,0.0972869911520741
2012,09672,22,2,0.0830105605999468,0.10778714618714617
2013,09672,11,1,-0.1660759999767912,0.12294542475979492
2014,09672,23,4,0.1468044839608314,0.07255127160723705
2015,09672,8,2,0.0958164590355208,0.1531879368215325
2016,09672,22,2,-0.0407349582093584,0.08079685246169338
2017,09672,9,3,0.07731486322682829,0.1582378030059989
2018,09672,21,0,0.1271887791864535,0.14010998232050031
2019,09672,14,0,0.0788438800848533,0.12489851549694532
2020,09672,29,6,0.2473213699569498,0.10635963688844688
2021,09672,12,0,-0.07779052456914799,0.07728745643050221
2022,09672,21,4,0.054595275378667506,0.1443163144240649
2023,09672,29,3,-0.0638277890548887,0.15664654761554528
2024,09672,32,6,-0.0865786572501068,0.05875471430921703
1981,09673,4,0,,
1982,09673,6,0,,
1983,09673,15,1,,
1984,09673,3,0,,
1985,09673,3,0,,
1986,09673,7,0,,
1987,09673,3,0,,
1988,09673,18,2,,
1989,09673,12,1,,0.07188670114185226
1990,09673,20,2,,0.025868679426954158
1991,09673,8,1,,0.13414359300028222
1992,09673,13,0,,0.2863186874615686
1993,09673,10,2,,0.17371557558456552
1994,09673,19,1,,0.06342544110529326
1995,09673,20,2,,0.09189193315136354
1996,09673,0,0,,26.409212
1997,09673,14,2,,0.08895702154667717
1998,09673,22,0,,0.1168805558450582
1999,09673,14,0,,0.089077668788397
2000,09673,20,2,,0.0937293270414185
2001,09673,16,0,0.1567850317297444,0.12040684797033736
2002,09673,27,4,-0.0060565802710580985,0.07819952844090775
2003,09673,5,1,-0.2321533245893545,0.11730523420245363
2004,09673,16,1,0.0175838407466059,0.1162018502159276
2005,09673,15,0,0.15483030775719808,0.10347093958603466
2006,09673,4,0,-0.06433308732504289,0.26941989099347036
2007,09673,35,5,0.3635741052609347,0.07080824181649237
2008,09673,21,2,0.0103991343346833,0.10352142744669038
2009,09673,4,0,-0.0379603726620807,0.1152681295561254
2010,09673,6,2,-0.2089010617283694,0.1225009991336991
2011,09673,11,2,-0.1110124430561866,0.10482073028431568
2012,09673,21,2,0.04285738128549629,0.08168835925342216
2013,09673,12,1,-0.171759556969016,0.07596911823105597
2014,09673,19,5,0.152192448663298,0.0635504857087784
2015,09673,7,2,0.15888276303125048,0.17864907438955138
2016,09673,20,2,0.0259202275426692,0.08837650172839506
2017,09673,8,2,-0.031076199565683298,0.1698364276973712
2018,09673,17,0,0.0989419974989086,0.12700602868502212
2019,09673,14,0,0.057814359142195404,0.1918854119203351
2020,09673,27,6,0.2560233835044471,0.1285000756419701
2021,09673,9,0,-0.0813160308374429,0.09074089867669001
2022,09673,23,4,0.038438985331947007,0.15258816658647809
2023,09673,29,3,0.1078385749705934,0.20987403580884667
2024,09673,30,6,-0.055548883795738094,0.064052051665391
1981,09674,4,0,,
1982,09674,6,0,,
1983,09674,18,1,,
1984,09674,4,0,,
1985,09674,4,0,,
1986,09674,6,0,,
1987,09674,4,0,,
1988,09674,20,2,,
1989,09674,15,2,,0.08946671995232013
1990,09674,25,3,,0.051241760017233955
1991,09674,10,1,,0.11188459041931716
1992,09674,12,0,,0.31120163094602504
1993,09674,11,3,,0.19489117262816472
1994,09674,21,2,,0.20704104649884575
1995,09674,20,3,,0.09243817161445124
1996,09674,1,0,,3.174351742408804
1997,09674,14,2,,0.1242977700648094
1998,09674,23,0,,0.16053639633202335
1999,09674,14,0,,0.10267858404328968
2000,09674,21,1,,0.12017741571040874
2001,09674,16,0,0.2134556665671425,0.18033568095229935
2002,09674,27,5,-0.042224216644686896,0.10784435642267905
2003,09674,5,1,-0.2093155349959579,0.11145435878843234
2004,09674,15,1,0.0156036570728602,0.1463116580310881
2005,09674,17,0,0.11716759393410309,0.10595885872521386
2006,09674,5,0,-0.0090145064645733,0.28982051748481935
2007,09674,36,8,0.34496007516285154,0.06975116004805519
2008,09674,22,3,-0.031851996140823194,0.12202778349141054
2009,09674,4,0,0.015842870559476998,0.17386874064639388
2010,09674,7,2,-0.2340010188963608,0.19636351344129122
2011,09674,11,2,-0.1864351634746759,0.13099429341296812
2012,09674,21,2,0.0845777543268664,0.16296078308861814
2013,09674,11,1,-0.19097799335382848,0.11732539007497733
2014,09674,24,4,0.1592609355909386,0.1111176521409999
2015,09674,9,2,0.1932769928893176,0.19358151009143193
2016,09674,26,3,0.0293899612668951,0.10712123051541257
2017,09674,10,2,0.0037266553031843,0.1710974885844749
2018,09674,19,0,0.0805565734410994,0.1282766601073654
2019,09674,16,0,0.0898510346217839,0.19038319760187625
2020,09674,30,8,0.2350737356644549,0.16978488263785393
2021,09674,13,0,-0.012644181407488901,0.157749995430535
2022,09674,25,5,0.0378135246082317,0.1861978924683666
2023,09674,29,4,0.0033082894685642003,0.26581857419831356
2024,09674,31,6,-0.0654357090993763,0.0824705067622617
1981,09675,5,0,,
1982,09675,8,0,,
1983,09675,21,1,,
1984,09675,11,0,,
1985,09675,5,0,,
1986,09675,10,0,,
1987,09675,4,1,,
1988,09675,27,2,,
1989,09675,25,1,,0.10637724118441297
1990,09675,30,2,,0.06478250743158347
1991,09675,14,1,,0.06945231353368941
1992,09675,15,0,,0.22614277400581959
1993,09675,13,7,,0.12760174697769455
1994,09675,26,2,,0.03883196474833457
1995,09675,24,7,,0.08472238643888226
1996,09675,3,0,,0.4736630036630037
1997,09675,19,1,,0.15127531334289057
1998,09675,25,1,,0.1341341817386231
1999,09675,18,1,,0.11558377503143717
2000,09675,23,3,,0.08403786572950661
2001,09675,20,2,0.2363858486946238,0.20746206105760692
2002,09675,29,8,-0.051858458653576196,0.08946404286034144
2003,09675,8,1,-0.2312883800716198,0.09299714302962059
2004,09675,20,2,-0.0127871555876811,0.11729310896720115
2005,09675,17,0,0.11108435265620958,0.12050703705948917
2006,09675,8,0,-0.0785574031825407,0.3783864534859778
2007,09675,40,8,0.30902829442446866,0.0762885950544225
2008,09675,25,4,-0.0762781900201891,0.11937685580569124
2009,09675,4,0,-0.0043247518710006,0.17391569000878995
2010,09675,7,3,-0.19486864381754948,0.11439750518114326
2011,09675,15,3,-0.1373533652872192,0.13501614239230808
2012,09675,23,2,0.0361974282750053,0.1809843420900359
2013,09675,15,1,-0.1097643110089234,0.092096820167411
2014,09675,29,4,0.12472964020300689,0.10790021407634291
2015,09675,12,3,0.1721479901090904,0.24376529558701082
2016,09675,28,4,0.0965859026891916,0.08772654148620926
2017,09675,14,3,-0.0114675787320867,0.153680018841685
2018,09675,23,0,0.1877490061787477,0.09440086559847932
2019,09675,20,1,-0.016339698204523502,0.21002110548742672
2020,09675,35,9,0.2046879274825032,0.18839977206692712
2021,09675,17,2,0.0792631540675103,0.11828226440628373
2022,09675,34,6,0.024719856455779902,0.17233427909519222
2023,09675,29,6,0.0438128722198204,0.2156831527332163
2024,09675,37,10,-0.059539337019048094,0.08047135297304053
1981,09676,5,0,,
1982,09676,8,0,,
1983,09676,19,1,,
1984,09676,10,0,,
1985,09676,8,0,,
1986,09676,10,0,,
1987,09676,5,1,,
1988,09676,28,2,,
1989,09676,30,1,,0.06927630627064509
1990,09676,33,5,,0.04927723748242755
1991,09676,15,1,,0.08197173629034825
1992,09676,19,0,,0.26009290926696815
1993,09676,18,4,,0.29108451757666415
1994,09676,30,2,,0.0416454835998496
1995,09676,25,6,,0.09784694733230401
1996,09676,4,0,,0.3471675859640887
1997,09676,22,3,,0.1175258543341808
1998,09676,30,2,,0.1322412563642675
1999,09676,23,1,,0.07552643358735582
2000,09676,26,3,,0.09269690241145818
2001,09676,23,4,0.1833932715151722,0.13308786032078362
2002,09676,29,9,-0.11988906736920979,0.07634310482437998
2003,09676,7,1,-0.0662294237678113,0.1598323532308619
2004,09676,21,2,0.029420590971249404,0.09824249477543767
2005,09676,18,1,0.11055710311639991,0.09663693032670874
2006,09676,13,0,0.036329693287769596,0.2224232207356158
2007,09676,40,8,0.2675291960613473,0.06798787100772448
2008,09676,26,4,-0.1011553255933728,0.10017952742842193
2009,09676,8,0,0.0050238367017756014,0.12908459119496857
2010,09676,8,2,-0.16617322793299572,0.11150511015029854
2011,09676,19,3,-0.12161055499223108,0.10387045359773897
2012,09676,23,2,-0.0060492094558186,0.07881675461326228
2013,09676,15,1,-0.1604157009162749,0.0859165648613185
2014,09676,36,3,0.14822901195858149,0.08068614762118848
2015,09676,17,3,0.1281325459148403,0.16452390741273692
2016,09676,30,6,0.06326562901195901,0.06625983355939218
2017,09676,15,4,0.0669356066252402,0.11779931764705882
2018,09676,27,1,0.15266714998958247,0.09767626376760717
2019,09676,21,0,-0.028011036000449997,0.14539221181072481
2020,09676,37,11,0.1525299277507818,0.09800498932284911
1981,09677,4,0,,
1982,09677,6,0,,
1983,09677,18,1,,
1984,09677,6,0,,
1985,09677,4,0,,
1986,09677,10,0,,
1987,09677,3,0,,
1988,09677,21,2,,
1989,09677,20,1,,0.07072171139384867
1990,09677,29,4,,0.047097613608448205
1991,09677,13,1,,0.07900828975186378
1992,09677,13,0,,0.25461712258425917
1993,09677,11,5,,0.28056977245582104
1994,09677,22,2,,0.18183789984557688
1995,09677,23,4,,0.09332537864533054
1996,09677,1,0,,1.6238026602400706
1997,09677,17,2,,0.11356007757016692
1998,09677,23,1,,0.13209592946362966
1999,09677,18,1,,0.07873906388768163
2000,09677,23,2,,0.09183258333127774
2001,09677,19,3,0.1912416868174138,0.13581577820095767
2002,09677,28,7,-0.081079549321343,0.07999640009290084
2003,09677,7,1,-0.09151160189391461,0.1045192457399879
2004,09677,18,1,0.0401266021928483,0.09398958239283212
2005,09677,16,1,0.15363554185200778,0.08713368788799215
2006,09677,8,0,-0.0557899650113135,0.21777838321513954
2007,09677,36,8,0.2620231050846495,0.06630850793509822
2008,09677,21,3,-0.072652963390887,0.08385368684112257
2009,09677,4,0,0.0298728590489188,0.1447030878593533
2010,09677,6,1,-0.2102211636058156,0.16857791895076593
2011,09677,12,3,-0.11726340132271429,0.11302702254985195
2012,09677,22,2,0.051361065510378404,0.0777986799495711
2013,09677,12,1,-0.08232433405675871,0.1404539232536793
2014,09677,27,4,0.1346193768816612,0.0988583752819497
2015,09677,6,3,0.17081259977563062,0.16781740141781123
2016,09677,28,4,0.0070976888929976,0.06114308989796856
2017,09677,11,3,0.016312853440767,0.15542752141475547
2018,09677,22,0,0.1804014113798991,0.11126663904950548
2019,09677,16,1,0.022930904238773697,0.1368246401335848
2020,09677,34,10,0.17016369374658702,0.1221575433241631
2021,09677,12,1,-0.13484458540318642,0.08835113861702808
2022,09677,28,4,0.0452339764007973,0.1439202382614361
2023,09677,28,3,0.0730270256077544,0.16290383957793952
2024,09677,34,5,-0.0901818268651523,0.0611534617738366
1981,09678,4,0,,
1982,09678,6,0,,
1983,09678,19,1,,
1984,09678,7,0,,
1985,09678,4,0,,
1986,09678,10,0,,
1987,09678,3,0,,
1988,09678,25,2,,
1989,09678,19,1,,0.1224543473426729
1990,09678,27,3,,0.08123153962664333
1991,09678,10,1,,0.14447897612094143
1992,09678,14,0,,0.38851803903436877
1993,09678,12,4,,0.19443606331727462
1994,09678,23,2,,0.03726110208843242
1995,09678,21,5,,0.1182765487874539
1996,09678,3,0,,1.2739057037801806
1997,09678,16,2,,0.1560428767150686
1998,09678,24,1,,0.13309179304839996
1999,09678,18,1,,0.12443995349374622
2000,09678,23,2,,0.12281585514095944
2001,09678,16,2,0.2179860676994712,0.21334347595786005
2002,09678,27,7,-0.0505239544773871,0.1042256284662242
2003,09678,7,1,-0.2051593535197948,0.11806183040163444
2004,09678,17,2,-0.0024632515180894,0.17725496457051465
2005,09678,18,0,0.134514690240402,0.13166781212283762
2006,09678,8,0,-0.0219734191459822,0.3090717314189189
2007,09678,38,8,0.32088575185259527,0.08028275152290618
2008,09678,23,4,-0.0743577117921643,0.1434798662704309
2009,09678,4,0,0.009204105172152201,0.2291076128423106
2010,09678,7,3,-0.20577872218372428,0.1870875619501284
2011,09678,11,3,-0.1485919283679891,0.1409558363668099
2012,09678,22,2,0.0634699591496015,0.1890243948367502
2013,09678,13,1,-0.09194105611282288,0.10054914941421922
2014,09678,28,4,0.16024337205394248,0.10669977252199511
2015,09678,11,2,0.18469539595606238,0.22663302559854284
2016,09678,26,5,0.0458587451051429,0.0937938412435723
2017,09678,11,3,-0.044446456667897496,0.1617410474913826
2018,09678,20,0,0.0963404653260265,0.14133804832870256
2019,09678,18,0,0.0394316932694016,0.22425138038895692
2020,09678,32,8,0.2080494353842699,0.18924396962012668
2021,09678,12,2,-0.009171830182256903,0.16579720121292393
2022,09678,29,5,0.0343881178421004,0.1829467307532941
2023,09678,29,4,0.0475311542731459,0.24171805256148785
2024,09678,34,8,-0.0662262693562073,0.08353000538502961
1981,09679,5,0,,
1982,09679,7,0,,
1983,09679,21,1,,
1984,09679,11,0,,
1985,09679,5,0,,
1986,09679,10,0,,
1987,09679,3,1,,
1988,09679,25,2,,
1989,09679,25,1,,0.1251434659865058
1990,09679,30,3,,0.09014282181278595
1991,09679,15,1,,0.1678611617488027
1992,09679,15,0,,0.35399278702680737
1993,09679,14,7,,0.29281569002413155
1994,09679,28,2,,0.12278983262873122
1995,09679,24,7,,0.1402811087070332
1996,09679,3,0,,0.83148300211611
1997,09679,18,2,,0.19362119117735443
1998,09679,25,1,,0.1850775274901249
1999,09679,18,1,,0.11388776021228089
2000,09679,23,2,,0.13575365138423984
2001,09679,20,2,0.2271977110990116,0.1962615025951175
2002,09679,28,8,-0.0657957587832453,0.11600208594353958
2003,09679,7,1,-0.1077400977834068,0.1367110314494977
2004,09679,20,3,-0.013599061776440699,0.12288956571539075
2005,09679,17,1,0.124766373638713,0.13978815900824407
2006,09679,10,0,-0.0234712402495108,0.365910997399547
2007,09679,39,9,0.2742259833112993,0.09331474341360797
2008,09679,23,3,-0.1047355869362071,0.15132641201776298
2009,09679,5,0,-0.0077814944107531,0.2687189615459369
2010,09679,7,2,-0.1579985329026567,0.10590239010057635
2011,09679,15,3,-0.1189497346624386,0.14497646778409343
2012,09679,23,2,0.0138296725169792,0.2136126142961586
2013,09679,15,1,-0.120022210005156,0.10094890710382515
2014,09679,30,3,0.10299053276906939,0.10950946961290936
2015,09679,12,3,0.1726341922687308,0.23092998609774357
2016,09679,29,6,0.0952016592527337,0.09067093439363817
2017,09679,12,3,0.013154715950137699,0.1873330637151732
2018,09679,24,1,0.1846209493222345,0.13859728206827976
2019,09679,20,1,-0.0220179294981025,0.20454325658698735
2020,09679,35,9,0.1449689964191706,0.14151773736591036
2021,09679,15,1,-0.040079132704711695,0.10398727074758003
2022,09679,31,6,0.011687670825411098,0.173706813575178
2023,09679,28,5,0.1012622553619075,0.22133358045193047
2024,09679,35,10,-0.0713589330227687,0.08046762412802627
1981,09761,4,0,,
1982,09761,4,0,,
1983,09761,14,1,,
1984,09761,6,1,,
1985,09761,3,0,,
1986,09761,3,1,,
1987,09761,4,0,,
1988,09761,14,2,,
1989,09761,13,1,,0.07040614422915244
1990,09761,17,4,,0.18979790008234973
1991,09761,13,3,,0.5634238498853883
1992,09761,7,1,,0.23997967636884457
1993,09761,14,5,,0.10289691587663508
1994,09761,20,3,,0.19352152288032237
1995,09761,18,12,,0.13233740747116543
1996,09761,0,0,,0.3683551420977305
1997,09761,10,3,,0.136495561042524
1998,09761,23,2,,0.16123088674858851
1999,09761,9,1,,0.16068785695546003
2000,09761,15,2,,0.17277420301580879
2001,09761,11,0,0.2024704892557932,0.1476465390441483
2002,09761,26,4,-0.029360767933584393,0.14107237164479774
2003,09761,4,2,-0.054361960693399096,0.20152155946148095
2004,09761,16,2,-0.1335300561805352,0.24655917143927636
2005,09761,7,0,-0.03888743984204891,22.342747
2006,09761,4,0,-0.245610402334528,0.7396783360303114
2007,09761,30,7,0.3947793306441863,0.13302431951492782
2008,09761,16,3,-0.1036366397781464,0.13706017303212922
2009,09761,3,0,-0.1262967945992639,0.30406409363243697
2010,09761,6,2,-0.0971709539858637,0.17798151001540832
2011,09761,14,2,-0.1461585613035061,0.17172176179217769
2012,09761,14,2,0.0561996708240024,0.3170734263742523
2013,09761,9,1,-0.1450086565513423,0.0651046838880535
2014,09761,11,2,0.11637913444945738,0.14529501127119476
2015,09761,5,2,-0.03453283139691399,0.23518585347749024
2016,09761,20,5,0.247349748929232,0.10754315241129517
1981,09771,4,0,,
1982,09771,6,0,,
1983,09771,15,1,,
1984,09771,7,1,,
1985,09771,3,0,,
1986,09771,3,1,,
1987,09771,4,0,,
1988,09771,15,2,,
1989,09771,13,1,,0.059459505652651255
1990,09771,19,4,,0.27630808958835307
1991,09771,13,3,,0.18239257956181035
1992,09771,8,1,,0.24128198904871004
1993,09771,15,5,,0.10219123595713059
1994,09771,22,3,,0.09386837407427047
1995,09771,18,12,,0.13405726745854132
1996,09771,1,0,,0.33229171948476793
1997,09771,11,3,,0.1341186282578875
1998,09771,24,2,,0.1578536255950404
1999,09771,9,1,,0.08434218922285762
2000,09771,16,2,,0.09479197322678275
2001,09771,12,0,0.19140803106723092,0.1306577014408758
2002,09771,26,4,-0.010030385608495604,0.11365758853222784
2003,09771,4,1,-0.1705776046280062,0.20901707803540268
2004,09771,16,2,-0.1028739353771744,0.17734348678672396
2005,09771,8,0,-0.041330111311161086,0.15655598820059
2006,09771,4,0,-0.2354120093426427,17.834772
2007,09771,30,6,0.472286708998196,0.10065092772133326
2008,09771,18,3,-0.0721031392585719,0.1133783488002366
2009,09771,3,0,-0.14217207676967442,0.30944166882302593
2010,09771,7,2,-0.0889476814821639,0.25336853706557094
2011,09771,14,2,-0.0943418084563771,0.17574930224221366
2012,09771,15,1,0.029838429959917003,0.24351085974691786
2013,09771,9,1,-0.1665128895456649,0.0652492717193707
2014,09771,12,2,0.1504441175405359,0.13407809554283343
2015,09771,5,2,-0.1102608946741436,0.21417365217119846
2016,09771,22,5,0.28145072744145627,0.10510946070163227
2017,09771,8,1,0.0209664980489003,0.13987102557342473
2018,09771,19,3,0.2399142210099724,0.09484541682503485
2019,09771,6,1,-0.014945235348505302,0.12782551237725315
2020,09771,22,10,0.245123012019421,0.1354962966979832
2021,09771,13,3,-0.003638792153358189,0.1512598272328434
2022,09771,15,6,0.1608547423588247,0.13887572218617728
2023,09771,22,4,0.2780031707302577,0.1389250601917251
2024,09771,34,8,0.2706019047812276,0.09148606060606061
1981,09772,4,0,,
1982,09772,8,0,,
1983,09772,15,1,,
1984,09772,6,1,,
1985,09772,3,0,,
1986,09772,4,1,,
1987,09772,5,0,,
1988,09772,16,3,,
1989,09772,14,1,,0.05114204822954822
1990,09772,17,4,,0.06759899076393955
1991,09772,12,2,,0.08590216673272559
1992,09772,8,1,,0.23153711229835358
1993,09772,15,4,,0.06461152884049441
1994,09772,21,2,,0.05782471255060728
1995,09772,18,12,,0.09530505527337915
1996,09772,1,0,,0.15067656420135692
1997,09772,12,3,,0.0745791402231278
1998,09772,22,2,,0.15524467459841937
1999,09772,11,1,,0.08034035634777834
2000,09772,16,2,,0.0819094529897941
2001,09772,12,0,0.1920773662598778,0.08835281842152001
2002,09772,26,4,-0.026124529380199796,0.10255084489627697
2003,09772,6,1,-0.1224180815394938,0.0672023307436182
2004,09772,16,2,-0.0785702968048332,0.11778793370091448
2005,09772,10,0,-0.0211387425501757,0.08798534612144716
2006,09772,3,0,-0.232175335816171,0.16508305279560953
2007,09772,29,6,0.4167696013578109,0.10336757112502587
2008,09772,18,3,-0.1077349931574146,0.10730661872120462
2009,09772,4,0,-0.1292580362879218,0.27837265381074117
2010,09772,7,2,-0.1174555463841051,0.16889091865457337
2011,09772,16,2,-0.12860941096618309,0.1460803837819164
2012,09772,15,1,0.0422703362160248,0.3161291349642983
2013,09772,9,1,-0.16376690397331628,0.062288951048951054
2014,09772,13,3,0.1296916488983294,0.11947647653172123
2015,09772,6,2,-0.05780662616682228,0.1992622456765005
2016,09772,20,5,0.24112271731274237,0.09532452789115646
2017,09772,7,0,0.0286730082190616,0.14123303139813206
2018,09772,19,3,0.2519169583034958,0.09581546181887042
2019,09772,6,1,0.0072099017909403994,0.11209628883854911
2020,09772,21,9,0.2427929198745932,0.13094449402842623
2021,09772,11,2,0.0486541347751879,0.10694022971087243
2022,09772,15,7,0.12059133072702871,0.13922375672904386
2023,09772,21,4,0.2711983971049521,0.1213663580899699
2024,09772,34,9,0.2424716821865927,0.10035704664084863
1981,09773,4,0,,
1982,09773,6,0,,
1983,09773,13,2,,
1984,09773,4,0,,
1985,09773,5,0,,
1986,09773,5,1,,
1987,09773,4,0,,
1988,09773,19,3,,
1989,09773,14,1,,0.07823195016438832
1990,09773,19,3,,0.06353617920700523
1991,09773,12,2,,0.07791173512747876
1992,09773,7,1,,0.2818942280541483
1993,09773,13,5,,0.08732268141354196
1994,09773,22,2,,0.03996251312749422
1995,09773,17,9,,0.10699177166117463
1996,09773,1,0,,0.33163674149265576
1997,09773,11,2,,0.1370123619047619
1998,09773,23,1,,0.14157955046466394
1999,09773,9,1,,0.0746584563970555
2000,09773,15,3,,0.08781809925743896
2001,09773,11,0,0.1784599489836888,0.12160172911276497
2002,09773,25,4,-0.0557819560916314,0.10004239959055032
2003,09773,5,1,-0.1750093504909046,0.07833502499477298
2004,09773,15,2,-0.0777926072343845,0.11429468409953049
2005,09773,9,0,-0.08446574118523459,0.10162092089728453
2006,09773,3,0,-0.1552207201619538,0.29876814436070526
2007,09773,29,7,0.36379906862155187,0.09554660912453761
2008,09773,17,2,-0.0831025510525314,0.11960744435917113
2009,09773,4,0,-0.0624387535420307,0.13062433613698807
2010,09773,7,2,-0.155809594525372,0.1980424194906641
2011,09773,13,1,-0.1869543937091968,0.09741684051854084
2012,09773,17,0,0.008766076797250201,0.11146417579966582
2013,09773,8,1,-0.0716272970201291,0.08322322405363226
2014,09773,15,2,0.1977114474713446,0.12554160614655105
2015,09773,4,2,-0.07197672845785122,0.23038797254379678
2016,09773,19,5,0.22574834905986038,0.08793410600706714
2017,09773,7,0,0.0139901306502862,0.1814058006669947
2018,09773,20,2,0.3079094509566107,0.09226843402572726
2019,09773,9,1,-0.0007996852270212001,0.18451751128585991
2020,09773,21,10,0.2628038235063565,0.20147016936192638
2021,09773,12,1,-0.1233377054411967,0.1882766906835303
2022,09773,15,8,0.11463604244540301,0.265429311115526
2023,09773,22,1,0.15038461974553288,0.2846554660242565
2024,09773,33,7,0.168477625901553,0.0906464340249708
1981,09774,4,0,,
1982,09774,6,0,,
1983,09774,15,1,,
1984,09774,6,0,,
1985,09774,4,0,,
1986,09774,4,1,,
1987,09774,3,0,,
1988,09774,14,3,,
1989,09774,14,1,,0.07094544081555598
1990,09774,17,3,,0.08685040594513194
1991,09774,12,2,,0.08984892182365825
1992,09774,6,1,,0.28955348138404197
1993,09774,14,4,,0.1021751535849385
1994,09774,20,2,,0.07666033324127773
1995,09774,18,10,,0.14189268640963557
1996,09774,1,0,,0.35589349356745487
1997,09774,11,3,,0.13031289665705073
1998,09774,18,2,,0.27124042958600375
1999,09774,9,1,,0.09048463428546356
2000,09774,13,2,,0.09414256262854027
2001,09774,10,0,0.2124707334417456,0.14585852968576038
2002,09774,24,4,-0.0222441189842838,0.12421755340980277
2003,09774,5,1,-0.12205584236011421,0.13577976108379863
2004,09774,16,2,-0.0190587573869565,0.16284404150797593
2005,09774,9,0,0.04748898977598719,0.11773455517921573
2006,09774,3,0,-0.22540308561042272,0.24594507536073978
2007,09774,29,6,0.4061803834549129,0.14938074537823684
2008,09774,16,3,-0.1124677952455634,0.1354873722988113
2009,09774,3,0,-0.19649667797486509,0.2961104526731268
2010,09774,7,2,-0.10567297734035089,0.19406472152882925
2011,09774,13,3,-0.10881276262283779,0.17939062804055114
2012,09774,15,1,0.0160786607059102,26.53676
2013,09774,8,1,-0.21880645299859197,0.06466299409091979
2014,09774,12,3,0.1517803853558539,0.11653503879082462
2015,09774,4,2,-0.04419065070584538,0.2570549632293908
2016,09774,19,6,0.2454567886677788,0.0939782945628194
2017,09774,7,0,0.033244719565629605,0.1532341708289188
2018,09774,19,2,0.2427829466783094,0.11992481957610648
2019,09774,5,1,-0.030816920025360302,0.21885705842371228
2020,09774,20,9,0.2434024922377929,0.22721897062573082
2021,09774,11,2,0.041021556875101006,0.14277820089388413
2022,09774,15,6,0.11357255115505621,0.22318671577566213
2023,09774,21,3,0.2484017484229859,0.15010289173101674
1981,09775,3,0,,
1982,09775,6,0,,
1983,09775,13,1,,
1984,09775,4,0,,
1985,09775,4,0,,
1986,09775,4,0,,
1987,09775,2,0,,
1988,09775,12,3,,
1989,09775,13,1,,0.06166000549420362
1990,09775,18,3,,0.16251685857498557
1991,09775,11,1,,1.6634452609376065
1992,09775,5,1,,0.2855481422293248
1993,09775,15,3,,0.09690900126442359
1994,09775,17,2,,0.04263076117020629
1995,09775,16,7,,0.11204422167532116
1996,09775,0,0,,2.3754618094338005
1997,09775,10,3,,0.17969783945394033
1998,09775,18,0,,0.20515514030873508
1999,09775,9,1,,0.17116209260507975
2000,09775,13,1,,0.22650945142264886
2001,09775,10,0,0.2350440873904573,22.26083
2002,09775,24,4,-0.015131502678284892,0.29378116857256636
2003,09775,4,1,-0.13648096202334312,0.14782497381221377
2004,09775,14,2,-0.011659638218265902,0.17192051506733536
2005,09775,10,0,0.009987250370637496,16.235500000000002
2006,09775,3,0,-0.210772024396306,0.6372085257849908
2007,09775,27,5,0.3975402966797393,0.320420787953073
2008,09775,18,2,-0.09906849924607761,0.11925260933265912
2009,09775,2,0,-0.26053614936935543,0.2625084824004616
2010,09775,6,2,-0.1321647150048449,0.25291775636613906
2011,09775,12,2,-0.07265709289392669,0.645844473285745
2012,09775,12,0,0.0217880498058902,23.768232
2013,09775,8,1,-0.2213973424916021,0.16795610326956606
2014,09775,12,3,0.15035117019073918,0.08850350436501399
2015,09775,3,2,-0.05102441500025348,0.20942152548296897
2016,09775,18,3,0.2292294741429487,0.092235264825713
2017,09775,7,0,0.0496266872565057,0.20912089486816374
2018,09775,18,0,0.2412671617420812,0.10144965154316597
2019,09775,6,1,-0.0454721453622169,0.1933944805645856
2020,09775,18,9,0.2406363041355479,0.2579434231378764
2021,09775,13,1,0.0916281755986752,0.13405211082418156
1987,09776,3,0,,
1988,09776,8,1,,
1989,09776,7,1,,0.0024994688628666413
1990,09776,9,4,,0.007664890966925996
1981,09777,2,0,,
1982,09777,2,0,,
1983,09777,11,1,,
1984,09777,2,0,,
1985,09777,4,0,,
1986,09777,2,0,,
1987,09777,3,0,,
1988,09777,9,1,,
1989,09777,7,0,,0.003799969600243198
1990,09777,8,2,,1.0
1991,09777,5,1,,1.0
1992,09777,4,0,,0.05086201066458577
1993,09777,14,3,,0.0039913786221761
1994,09777,9,1,,0.011832359135764487
1995,09777,10,3,,0.0054315944988810915
1996,09777,0,0,,0.02009727079062663
1997,09777,7,0,,1.0
1998,09777,15,1,,9.328355
1999,09777,7,0,,1.0
2000,09777,7,0,,1.0
2001,09777,7,0,0.2758441689081103,1.0
2002,09777,16,1,-0.0809908868979698,9.716586
2003,09777,4,1,-0.08603430773153692,0.013031268528834941
2004,09777,8,0,-0.1134044579618736,0.09197244848561387
2005,09777,4,0,0.1676766116419332,0.025861177200786175
2006,09777,3,0,-0.34793725226071526,0.031001984126984128
2007,09777,24,4,0.4433450075666415,2.4861794
2008,09777,15,1,-0.09887760569366219,0.02410162104810765
2009,09777,1,0,-0.36870620435822377,1.0
2010,09777,3,1,-0.2106757709499398,1.0
2011,09777,9,0,-0.0894134854196835,3.077633
2012,09777,10,0,0.13390893959748398,1.0
2013,09777,6,1,-0.1771200181355134,0.03707479840578366
2014,09777,10,3,0.1302809299801876,0.014444586161969414
2015,09777,2,1,-0.12353647075748267,7.295374
2016,09777,16,3,0.2812827792589189,0.020522416361023813
1981,09778,2,0,,
1982,09778,4,0,,
1983,09778,14,1,,
1984,09778,5,0,,
1985,09778,4,0,,
1986,09778,3,0,,
1987,09778,3,0,,
1988,09778,12,2,,
1989,09778,12,1,,0.007856931743563157
1990,09778,17,4,,0.06554059541239629
1991,09778,7,2,,16.756413000000002
1992,09778,4,1,,0.16950667885621415
1993,09778,17,3,,0.08860263463111502
1994,09778,17,1,,0.014246021049435814
1995,09778,16,6,,0.04692832637113042
1996,09778,0,0,,0.1957015488764443
1997,09778,11,1,,0.052664340995279
1998,09778,21,1,,0.14726772813859035
1999,09778,10,1,,0.0754394367540628
2000,09778,10,0,,0.49922913400256563
2001,09778,11,0,0.2723089351184915,0.1979353681023806
2002,09778,24,3,-0.0588417743834545,0.15343893500675296
2003,09778,6,1,-0.1208844361035068,0.09040126448473244
2004,09778,13,1,-0.0838170454924654,0.08830671840250653
2005,09778,9,0,0.11034608034610989,13.575991
2006,09778,4,0,-0.33602688224260446,0.2056689574950445
2007,09778,28,5,0.4390757437506871,0.06615260107255468
2008,09778,18,1,-0.100901882946711,0.05902769882173287
2009,09778,1,0,-0.2539831989066149,0.137715966452422
2010,09778,7,2,-0.2215237587213127,0.06884936078451508
2011,09778,15,2,-0.0852741622900881,0.07620573043006763
2012,09778,13,1,0.1315288846398413,0.11793387853859182
2013,09778,7,1,-0.22306772139227987,0.07608981851737928
2014,09778,13,3,0.13373207485171928,0.06924800516879341
2015,09778,6,1,-0.10522119112544862,0.11076549768124297
2016,09778,20,5,0.2576281223405637,0.04292264954493375
1981,09779,4,0,,
1982,09779,5,0,,
1983,09779,13,1,,
1984,09779,4,0,,
1985,09779,4,0,,
1986,09779,5,0,,
1987,09779,4,0,,
1988,09779,17,2,,
1989,09779,14,1,,0.05318502376410488
1990,09779,20,2,,0.03449263492451561
1991,09779,13,1,,0.0728489425981873
1992,09779,8,0,,0.16898289478986178
1993,09779,10,4,,0.08507944185012231
1994,09779,23,2,,0.08232089907975212
1995,09779,17,5,,0.11024230177539396
1996,09779,1,0,,0.7941581966599266
1997,09779,10,1,,0.11274678111587981
1998,09779,23,0,,0.13618800532134312
1999,09779,9,1,,0.08977099207010268
2000,09779,16,1,,0.19488797873104835
2001,09779,12,0,0.210032357701564,0.09278019119792288
2002,09779,25,6,-0.062477689696319304,0.10021498344104691
2003,09779,4,1,-0.19526127191193787,0.0919528574359894
2004,09779,12,1,-0.0320039142016242,0.10534478481725017
2005,09779,11,0,-0.0609075610909659,0.09197859511227369
2006,09779,3,0,-0.1401604139674739,0.3146534431211097
2007,09779,32,6,0.3458184079211024,0.08469127591031857
2008,09779,17,3,-0.06390277050672481,0.09993501400560223
2009,09779,3,0,-0.0716942264520584,0.21798329991895232
2010,09779,6,2,-0.1690124885441998,0.13449619934845974
2011,09779,11,2,-0.17342266790539632,0.10879066823921986
2012,09779,16,1,0.0441975940282915,0.14324981892555047
2013,09779,9,1,-0.05178514753288001,0.10759806421268907
2014,09779,17,2,0.1966173683824377,0.08835150104856772
2015,09779,5,1,-0.07863969419286332,0.21566544240400665
2016,09779,20,4,0.2037933270863645,0.07316967695180757
2017,09779,7,0,0.0368200056393478,0.12548623649691357
2018,09779,20,0,0.24457198626439142,0.09055376876062969
2019,09779,8,1,5.947805013309989e-05,0.1369099944586058
2020,09779,19,7,0.2738976842506558,0.1775293336810658
2021,09779,12,1,-0.1227224123666117,0.1410068108140261
2022,09779,17,5,0.0651645245955477,0.16271698480028277
2023,09779,21,1,0.1398395987704218,0.23509332824435886
2024,09779,34,6,0.1495474256787975,0.075501069695633
1995,09780,2,1,,1.0
1996,09780,0,0,,1.0
1997,09780,3,0,,1.0
1998,09780,3,1,,1.0
2003,09780,3,0,0.009813772214251303,0.029703999643552
2004,09780,3,0,-0.3090910965543902,0.026887185249165543
2005,09780,2,0,0.1367362051678094,1.0
2006,09780,1,0,-0.3430150638949527,1.0
2007,09780,14,1,0.5169760979712255,1.0
2008,09780,8,1,-0.0761815342255366,0.007694675284702985
2009,09780,0,0,-0.37951454577182864,1.0
1984,10041,18,0,,
1985,10041,10,0,,
1981,10042,8,0,,
1982,10042,15,0,,
1983,10042,18,2,,
1984,10042,14,0,,
1985,10042,8,0,,
1986,10042,10,0,,
1981,10044,9,0,,
1982,10044,15,1,,
1983,10044,20,3,,
1985,10044,9,0,,
1981,10045,8,0,,
1982,10045,16,1,,
1982,10046,13,0,,
1983,10046,17,2,,
1984,10046,9,0,,
1981,12060,9,0,,
1982,12060,12,0,,
1983,12060,27,1,,
1984,12060,17,0,,
1985,12060,6,0,,
1986,12060,10,0,,
1987,12060,3,0,,
1988,12060,29,3,,
1989,12060,32,0,,0.059520825977638685
1990,12060,44,3,,0.04596556150574893
1991,12060,16,1,,0.07454602752308107
1992,12060,25,1,,0.20273514191248052
1993,12060,16,2,,0.06003904203323558
1995,12060,26,2,,0.0920530343605024
1996,12060,0,0,,0.9709258025653744
1997,12060,16,2,,0.1753180241843486
1998,12060,41,4,,0.14408729940183884
1999,12060,22,1,,0.11055024848150194
2000,12060,29,1,,0.15381517894083574
2001,12060,16,1,0.1941934990913723,0.16817310301272456
2002,12060,28,10,-0.0314265756643119,0.11079920472114714
2013,12060,15,0,-0.2084323366157345,0.20789915496382758
1981,12061,12,0,,
1982,12061,14,0,,
1983,12061,28,2,,
1984,12061,23,0,,
1985,12061,9,0,,
1986,12061,10,0,,
1987,12061,5,0,,
1988,12061,29,3,,
1989,12061,31,3,,0.10984350652431792
1990,12061,45,3,,0.08256928937897234
1991,12061,17,1,,0.09136232607446314
1992,12061,30,2,,0.19300611607339288
1993,12061,21,4,,0.09475959911398382
1994,12061,29,1,,0.043127382094477924
1995,12061,27,7,,0.10771644599303136
1996,12061,1,0,,0.5970809469263076
1998,12061,41,4,,0.14330356133408706
1999,12061,23,1,,0.1660989973010377
2000,12061,30,3,,0.14400968917529558
2001,12061,18,2,0.20722801043062772,0.1906755849112719
2002,12061,29,8,-0.0378218933707005,0.10136256538461538
2003,12061,12,0,-0.1417450393691079,0.17505781820797925
2004,12061,17,5,0.0215944678423548,0.19124700084824492
1981,12062,9,0,,
1982,12062,13,0,,
1983,12062,25,1,,
1984,12062,18,0,,
1985,12062,10,0,,
1986,12062,12,0,,
1987,12062,3,0,,
1988,12062,31,4,,
1989,12062,29,4,,0.08945276046304541
1990,12062,42,2,,0.08764697663535782
1991,12062,15,2,,0.12080573647677585
1992,12062,30,2,,0.17625465084075173
1993,12062,17,4,,0.09134641291888611
1994,12062,27,1,,0.04671073806488171
1995,12062,25,7,,0.111106575373051
1996,12062,2,0,,0.4973387597729463
1997,12062,21,3,,0.12337839978520607
1998,12062,40,6,,0.139254662004662
1999,12062,23,2,,0.14076597411252526
2000,12062,27,2,,0.19021420537487735
2001,12062,19,2,0.227540755972122,0.18839922557585387
2002,12062,29,7,-0.067810925498995,0.09923423899637032
2003,12062,11,0,-0.1840149264028429,0.14015952114171137
2004,12062,15,5,0.015077817350104099,0.17091596923018265
2005,12062,20,0,0.0363558234424527,0.07236660098539673
2006,12062,5,0,-0.29076381084766706,0.27416262972983885
2007,12062,42,6,0.23322073311420802,0.10188288007133305
2008,12062,39,5,-0.0444732998114016,0.1334554394354248
2009,12062,5,0,-0.1891856155494478,0.2430888633072152
2010,12062,4,1,-0.1504674279249016,0.26878155602100595
2011,12062,15,2,-0.0837554870166202,0.14862566909244002
2012,12062,26,3,0.0407148843948088,0.22280469457314797
2013,12062,14,1,-0.23401764144118262,0.1172155997588909
2014,12062,30,4,0.0968130700092063,0.15079066750178954
2015,12062,17,1,0.2710374811137627,0.15519751670579737
2016,12062,27,4,0.076370234919046,0.1351634993329446
2017,12062,11,3,0.0450220917026239,0.1617107579853454
2018,12062,22,1,0.20278765590292,0.1214094974178108
2019,12062,26,1,0.048094983820668104,0.17053044892360578
1981,12063,9,0,,
1982,12063,16,0,,
1983,12063,27,1,,
1984,12063,23,0,,
1985,12063,9,0,,
1986,12063,10,0,,
1987,12063,5,0,,
1988,12063,28,3,,
1989,12063,34,2,,0.06639296151274951
1990,12063,46,6,,0.060041749931429016
1991,12063,21,1,,0.10833479779838183
1992,12063,33,1,,0.19954264727202436
1993,12063,21,5,,0.057276963636363636
1994,12063,29,1,,0.018377346921865937
1995,12063,29,3,,0.07270393587008876
1996,12063,2,0,,0.612715607863537
1997,12063,22,2,,0.14053396825396824
1998,12063,42,3,,0.13729281388967735
1999,12063,27,1,,0.1173397519328105
2000,12063,32,2,,0.12785606025073204
2001,12063,16,3,0.1856807185296837,0.13629807027824364
2002,12063,29,11,0.0219287744296765,0.09441652999768359
2003,12063,13,0,-0.19056574995598288,0.30261574401812263
2004,12063,18,4,0.0499608451258823,0.15918253716053307
2005,12063,21,1,0.0681619362776051,0.16215434359878805
2006,12063,5,0,-0.0994240012997698,0.41961664842545154
2007,12063,42,8,0.2414805558698446,0.0814758025147929
2009,12063,6,0,-0.1028684224580553,0.20238872739018088
2010,12063,4,1,-0.30901366401642116,0.27011278362089336
2011,12063,18,1,-0.1901018562039734,0.13168938429421922
2012,12063,24,5,0.018967280224336098,0.10432293272629112
2013,12063,18,1,-0.2303906149626934,0.09419570929772147
2014,12063,34,5,0.0704083975063872,0.10193724223602485
2015,12063,24,2,0.2277132240373132,0.13600848844178776
2016,12063,24,7,0.0249355191060205,0.09330679118256868
2017,12063,13,3,0.0432229692636124,0.1371373290509739
2018,12063,19,1,0.2302657686088812,0.09429637021841936
2019,12063,28,2,0.0915115003805644,0.19767188236926064
2020,12063,49,9,0.1712703216731835,0.11485477860657038
2021,12063,16,0,0.0998651788985329,0.09163876646203893
2022,12063,40,5,0.1159501061308879,0.1369778367774884
2023,12063,33,5,0.0820416236822616,0.19927250840721492
2024,12063,35,8,0.0211641990682545,0.05808063861920173
1981,12064,9,0,,
1982,12064,11,0,,
1983,12064,25,1,,
1984,12064,16,0,,
1985,12064,5,0,,
1986,12064,10,0,,
1987,12064,3,0,,
1988,12064,27,3,,
1989,12064,31,1,,0.06460870571186761
1990,12064,44,4,,0.053190699581727216
1991,12064,16,1,,0.13819139271063557
1992,12064,26,1,,0.2555867778583515
1993,12064,15,2,,0.07262158934313274
1994,12064,23,1,,0.012361223382342496
1995,12064,25,2,,0.10711481253368235
1996,12064,0,0,,0.5954849328380116
1997,12064,16,2,,0.10789297273027733
1998,12064,41,4,,0.1416542677133291
1999,12064,21,1,,0.09403892848558577
2000,12064,29,1,,0.16325090376464724
2001,12064,14,2,0.1495918283298886,0.16157786006251504
2002,12064,27,9,-0.027776346820243398,0.10521344870448814
2003,12064,8,0,-0.0510879288289747,0.27983091286784856
2004,12064,13,3,-0.0078528322674615,0.20450805172140252
2005,12064,18,0,0.0640046466220698,0.10136618652300101
2006,12064,5,0,-0.1362764275751418,0.38206344462471187
2007,12064,36,4,0.2034211014746765,0.08038154834874996
2008,12064,38,4,-0.0589902723649711,0.10800931714251459
2009,12064,4,0,-0.0990497759052528,0.18299041970802918
2010,12064,4,1,-0.31926432968712876,0.3417465158178014
2011,12064,15,1,-0.1974311686537269,0.12066001130716815
2012,12064,24,2,0.0792030769951515,0.11106623081793346
2013,12064,14,1,-0.1603562863742099,0.26794011657283096
2014,12064,26,2,0.1191146277440759,0.1450825822492563
2015,12064,14,2,0.19540016555708362,0.15752710841789097
2016,12064,22,6,0.024191763210611998,0.14047920699708455
2017,12064,11,1,0.06084664960071941,0.15220173737326814
2018,12064,13,0,0.259548183999114,0.11520890571608863
2019,12064,20,0,0.0821226027537129,0.18116978431469324
2020,12064,47,7,0.2475588372714675,0.12391160750993559
2022,12064,36,4,0.1166538179669879,0.13628321148209294
2023,12064,32,2,0.1287248333462984,0.21813467728955416
2024,12064,34,9,0.020898116365991898,0.07762247739967948
1981,12065,10,0,,
1982,12065,12,0,,
1983,12065,27,1,,
1984,12065,19,0,,
1985,12065,6,0,,
1986,12065,9,0,,
1987,12065,4,0,,
1988,12065,29,3,,
1989,12065,31,0,,0.05761217394639584
1990,12065,44,3,,0.0426284558604235
1991,12065,17,1,,0.06955320330324873
1992,12065,26,1,,0.20472949817927868
1993,12065,16,2,,0.05420753744801443
1998,12065,41,2,,0.20241673834284674
1999,12065,21,1,,0.11826122118883946
2000,12065,28,1,,0.14021157160481446
1981,12066,9,0,,
1982,12066,13,0,,
1983,12066,26,0,,
1999,12066,21,3,,0.11769006599630825
1981,12067,11,0,,
1982,12067,11,0,,
1983,12067,27,1,,
1984,12067,18,0,,
1985,12067,7,0,,
1986,12067,10,0,,
1987,12067,3,0,,
1988,12067,28,2,,
1989,12067,31,2,,0.10309954566338252
1990,12067,44,3,,0.08385764150552773
1991,12067,16,1,,0.07925672043315632
1992,12067,28,1,,0.1953954716280796
1993,12067,17,4,,0.08441477923517458
1999,12067,21,1,,0.12729997762716325
1981,12068,10,0,,
1982,12068,12,0,,
1983,12068,26,1,,
1984,12068,20,0,,
1985,12068,8,0,,
1986,12068,9,0,,
1987,12068,4,0,,
1988,12068,28,3,,
1989,12068,33,1,,0.053169398231183135
1990,12068,43,4,,0.04372676401738937
1991,12068,18,1,,0.09543220568335589
1992,12068,29,1,,0.1950136573295536
1993,12068,18,3,,0.06610677349575221
1994,12068,21,0,,0.004604846601047602
1995,12068,26,2,,0.04691301344223243
1996,12068,1,0,,22.981892
1997,12068,19,3,,1.261516839661893
1998,12068,42,2,,0.09736538177655264
1999,12068,22,1,,0.11239227546721205
2000,12068,29,1,,0.1817184763292806
2001,12068,15,1,0.19105403261678838,0.13165410129604366
2002,12068,27,10,0.0322216723848172,0.08398683544545568
2003,12068,11,0,-0.1411641648216866,0.3231690981177105
2004,12068,15,3,0.0050102423236332,0.1622541831546864
2005,12068,19,0,0.0998610371505063,0.15266110929193985
2006,12068,5,0,-0.0854881216462256,0.4364622006177528
2007,12068,39,7,0.2690765686060963,0.05284487183958152
2018,12068,15,0,0.1850801955544905,0.10638742133604377
1981,12069,11,0,,
1982,12069,15,0,,
1983,12069,29,1,,
1984,12069,23,0,,
1985,12069,9,0,,
1986,12069,10,0,,
1987,12069,5,0,,
1988,12069,30,4,,
1989,12069,32,2,,0.0901343661327231
1990,12069,49,5,,0.06767970886124697
1991,12069,17,1,,0.07172824501115331
1992,12069,33,1,,0.20871932728755818
1993,12069,24,3,,0.07697153069655495
1994,12069,31,1,,0.04536342843282646
1995,12069,30,6,,0.09910007799758917
1996,12069,3,0,,0.6658310066697688
1997,12069,23,2,,0.16176665447897623
1998,12069,42,3,,0.16970153672316385
1999,12069,27,2,,0.1291946625344353
2000,12069,32,3,,0.1434372015416538
2001,12069,18,3,0.17850974288571508,0.1467780114237991
2002,12069,29,10,-0.0178515813008719,0.09042977933427372
2003,12069,12,0,-0.24637347360882422,0.18083700669358124
2004,12069,19,4,0.001671428148506699,0.17079476181438605
2005,12069,21,1,0.07798774020553509,0.10775621170504966
2006,12069,5,0,-0.1153395730119062,0.451695465963843
2007,12069,42,8,0.22403152373188429,0.09490559142220713
2018,12069,19,1,0.2422743263417228,0.10681510974728327
2019,12069,30,2,0.05041458045346751,0.24713668636115388
1981,12070,11,0,,
1982,12070,14,1,,
1983,12070,26,1,,
1984,12070,23,0,,
1985,12070,9,0,,
1986,12070,9,0,,
1987,12070,5,0,,
1988,12070,30,3,,
1989,12070,34,1,,0.03851660507663415
1990,12070,45,4,,0.035517204607867614
1991,12070,20,1,,0.09256870309486062
1992,12070,30,0,,0.1910969410032811
1993,12070,21,3,,0.07096244334895006
1994,12070,27,1,,0.005566317101952664
1995,12070,28,3,,0.040357281998045925
1996,12070,1,0,,2.8408191126279867
1997,12070,20,2,,0.5988167378640776
1998,12070,42,3,,0.09179726386105544
1999,12070,25,3,,0.08847781501273033
2000,12070,30,1,,0.13903700273214
2001,12070,17,1,0.19831746146859058,0.1215537250536694
2002,12070,27,8,0.027724304445119197,0.060807971296934805
2003,12070,11,0,-0.129219900356804,0.23013199961566275
2004,12070,16,2,-0.0447326000131582,0.11603346976581178
2005,12070,20,0,0.10714584513897149,0.14255880609652838
2006,12070,8,0,-0.052632569344748,0.3255210428923894
2007,12070,40,6,0.2842894168349032,0.06781787097177117
2008,12070,38,4,-0.0077759913944610015,0.09049656283955089
2009,12070,7,0,-0.1121142706793581,0.12025213181547414
2010,12070,4,0,-0.28227255590758904,0.3637494770312108
2011,12070,18,1,-0.2057115898887023,0.10003414846339545
2012,12070,25,4,0.049491689166998795,0.10132392180051
2013,12070,16,1,-0.2944302894567537,0.1996825789209955
2014,12070,33,5,0.1009247837706356,0.09123040371809102
2015,12070,21,1,0.2599752946552562,0.11793867947411828
2016,12070,23,6,0.0386433383969837,0.09217106467431622
2017,12070,13,0,-0.011611952071495001,0.11408396010657111
2018,12070,19,0,0.11659016813802389,0.09481562655660714
2019,12070,29,1,0.1330143731707309,0.13159833224902412
2020,12070,46,8,0.1702532070635813,0.10229607671201879
2021,12070,20,0,-0.0734847106710287,0.08391304937233957
2022,12070,38,3,0.11342331377700761,0.09598585283823155
2023,12070,34,4,0.1361534958978941,0.12595410927375092
2024,12070,34,5,-0.0061777621405989,0.05374383364136903
1981,12071,11,0,,
1982,12071,14,0,,
1983,12071,27,2,,
1984,12071,19,0,,
1985,12071,8,0,,
1986,12071,10,0,,
1987,12071,4,0,,
1988,12071,30,4,,
1989,12071,27,3,,0.11264942167517786
1990,12071,42,4,,0.11126654991863015
1991,12071,15,2,,0.1220020182449342
1992,12071,28,2,,0.20297978327672653
1993,12071,15,5,,0.1143980300154017
1994,12071,29,1,,0.06569425785482125
1995,12071,25,6,,0.12456337001676261
1996,12071,2,0,,0.4889369902354968
1997,12071,18,3,,0.17616691528213568
1998,12071,40,6,,0.1682500103618353
1999,12071,22,2,,0.1798699948992604
2000,12071,28,2,,0.15383321602646444
2001,12071,17,4,0.177733402212009,0.27199719377133813
2002,12071,28,7,-0.0309205850950775,0.10940502149989066
1981,12072,11,0,,
1982,12072,13,0,,
1983,12072,28,2,,
1984,12072,22,0,,
1985,12072,9,0,,
1986,12072,10,0,,
1987,12072,5,0,,
1988,12072,31,3,,
1989,12072,30,3,,0.10175884965883591
1990,12072,45,4,,0.07650103298162769
1991,12072,17,2,,0.08657036818395165
1992,12072,30,2,,0.19257880496054114
1993,12072,20,4,,0.0860861457913814
1994,12072,29,1,,0.042693130839353936
1995,12072,27,6,,0.10389410349422563
1996,12072,2,0,,0.5608144415069397
1997,12072,19,3,,0.1230360170948568
1998,12072,41,3,,0.14176104950667948
1999,12072,27,1,,0.17047745860407867
2000,12072,30,3,,0.1429297680715246
2001,12072,17,3,0.20633878870822642,0.1767853521878335
2002,12072,27,8,-0.030987888728533204,0.09964268167587266
2003,12072,11,0,-0.2029160969724976,0.16655506778775458
2004,12072,19,4,0.0105248382259395,0.17727886439492885
2005,12072,21,0,0.0447746809044616,0.09297547632522166
2006,12072,4,0,-0.202038702709332,0.38545929494712106
2007,12072,40,8,0.2418524062122419,0.10445521500632936
1981,12073,10,0,,
1982,12073,10,0,,
1983,12073,26,1,,
1984,12073,17,0,,
1985,12073,5,0,,
1986,12073,9,0,,
1987,12073,3,0,,
1988,12073,30,3,,
1989,12073,33,1,,0.04352655648174763
1990,12073,44,4,,0.028945972369819342
1991,12073,16,1,,0.1065320418061859
1992,12073,23,1,,0.2299246450086059
1993,12073,16,1,,0.05664042137185268
1994,12073,20,0,,0.006700751154204387
1995,12073,26,2,,0.09420630477917505
1996,12073,0,0,,20.38613
1997,12073,16,2,,0.2534698185988324
1998,12073,40,3,,0.1333602753379431
1999,12073,22,1,,0.12397334062727937
2000,12073,28,1,,0.17728721184091034
2001,12073,15,1,0.1962214564273947,0.17635112414467252
2002,12073,27,7,-0.0278689755582995,0.10702919217877412
2003,12073,9,0,-0.15031515439311122,0.5107128902683951
2004,12073,12,2,-0.0685367516902541,0.23166859122401848
2005,12073,18,0,0.1703319070872142,0.20260459749445545
2006,12073,6,0,-0.15555553034490502,0.5303536120906801
2007,12073,38,4,0.2859384594390693,0.11782300534652106
2008,12073,37,2,-0.03627803815045869,0.1315825233097608
2009,12073,4,0,-0.1119721516754685,0.1642508708356514
2010,12073,3,0,-0.25784611842814587,1.0483843166966569
2011,12073,17,0,-0.2134218717512154,0.1670645112487541
2012,12073,24,2,0.102670107811832,0.11488360893467815
2013,12073,14,0,-0.19875338931071648,0.22906970212136887
2014,12073,30,3,0.11014879900112168,0.1074380231870193
2015,12073,16,1,0.0977543873315797,0.22750471386040358
2016,12073,21,3,0.0415086624503309,0.14135002564519555
2017,12073,13,0,0.014389030380366305,0.14965917355371902
2018,12073,17,0,0.2234348233968686,0.13269298811894786
2019,12073,24,0,0.072071742263282,0.15968360246816332
2020,12073,49,5,0.20611707859071182,0.16107289488067045
2021,12073,13,0,0.0896002176135387,0.15523751445797956
2022,12073,35,4,0.13142617524828798,0.1314063479129684
2023,12073,29,2,0.1906377924378427,0.1811515332877337
2024,12073,33,3,0.010308841823134202,0.06458851369095368
1992,13003,35,0,,0.007138217301611097
1993,13003,20,2,,0.052670204835504816
1999,13003,23,1,,0.03378724860578999
1981,13071,11,0,,
1982,13071,11,0,,
1983,13071,24,1,,
1984,13071,17,0,,
1985,13071,5,0,,
1986,13071,9,0,,
1987,13071,3,0,,
1988,13071,27,3,,
1989,13071,35,1,,0.006742906462401554
1990,13071,44,3,,0.023049379464117004
1991,13071,18,1,,0.012729252109457927
1992,13071,29,0,,0.026549197082355605
1993,13071,18,2,,0.2010860852061357
1994,13071,21,0,,0.006171487112392037
1995,13071,25,2,,0.04251191528157655
1996,13071,1,0,,11.300995
1997,13071,16,2,,15.606581
1998,13071,42,2,,0.1682170268946095
1999,13071,21,1,,0.07837000693366791
2000,13071,29,1,,0.18666888284085018
2001,13071,14,1,0.1723172227640466,0.09718150061920827
2002,13071,27,6,0.0179409831255545,0.04255698083691826
2003,13071,10,0,-0.1572157254644792,0.2350221729186354
2004,13071,11,2,-0.06863906389979339,0.21645778933492243
2005,13071,19,0,0.16289138843238699,0.04615821099378907
2006,13071,6,0,-0.1303345808478374,0.1516934099252306
2007,13071,39,4,0.2948972852705755,0.044936757186875696
2008,13071,38,2,-0.0174991093460809,0.08750678822588116
2009,13071,4,0,-0.1603648345573923,0.1776653327191417
2010,13071,3,0,-0.2598433701193054,0.27125970850397496
2011,13071,18,0,-0.2701308196823719,0.1298946047289006
2012,13071,25,2,0.0640200592651359,0.10325917481439409
2013,13071,14,0,-0.2742325414297621,0.11812101677867691
2014,13071,34,2,0.1286119420982361,0.053111477413478624
2015,13071,18,1,0.1701839605065659,0.07842864133845347
2016,13071,21,3,0.010319450541216399,0.07157498325336153
2017,13071,13,0,0.019081463834078403,0.09610931295102267
2018,13071,16,0,0.1865414829078792,0.05398535806711637
2019,13071,28,0,0.1660376763653811,0.04647972254104496
2020,13071,51,3,0.19138488839095102,0.1017833225684628
2021,13071,19,0,0.020914191623595806,0.027290620487726618
2022,13071,37,2,0.1528940387672411,0.0829151722568967
2023,13071,29,4,0.1825713826099252,0.1416291068117025
2024,13071,35,3,0.0700841288442539,0.050858792793366546
1981,13072,14,0,,
1982,13072,11,0,,
1983,13072,27,1,,
1984,13072,20,0,,
1985,13072,7,0,,
1986,13072,9,0,,
1987,13072,4,0,,
1988,13072,30,1,,
1989,13072,37,1,,0.006669156485087765
1990,13072,47,4,,0.019083525728387785
1991,13072,20,1,,0.00801632123002433
1992,13072,33,0,,0.022530951310219788
1993,13072,19,2,,0.08156710163094935
1994,13072,24,1,,0.00553042285613158
1995,13072,27,1,,0.005593404257699321
1996,13072,2,0,,1.0
1997,13072,18,2,,1.3406780665140703
1998,13072,42,2,,0.10984162919531357
1999,13072,23,1,,0.030371069171358577
2000,13072,32,1,,0.13521908335172514
2001,13072,19,3,0.1531273046301596,0.030733690234447112
2002,13072,28,6,0.031636463187828104,0.0044154455843667785
2003,13072,11,0,-0.1206742821161502,0.08676616323458491
2004,13072,15,3,-0.0167330925216996,0.12708719473213145
2005,13072,20,0,0.1422169549704162,0.010893630833505499
2006,13072,9,0,-0.1711002632505543,0.26879057815845825
2007,13072,40,6,0.28227341918866833,0.021663553454323622
2008,13072,39,3,0.012906567008310894,0.06070354124408384
2009,13072,9,0,-0.043285612272568504,0.10959793081661665
2010,13072,3,0,-0.3099637111553272,0.17096883637578592
2011,13072,16,0,-0.2959340975549956,0.1433324925914827
2012,13072,26,2,0.0257407926624833,0.06602785485692478
2013,13072,16,0,-0.3387951479946416,0.060328076985282225
2014,13072,38,2,0.11884500005957752,0.04357157937923818
2015,13072,25,1,0.242780388144107,0.08665091511796029
2016,13072,21,2,0.0233675521260479,0.02875164714714023
2017,13072,17,0,0.0411867248796105,0.04177624591870197
2018,13072,16,1,0.0970012111616937,0.019610441456755782
2019,13072,28,0,0.21282363895389309,0.00653310009764087
2020,13072,51,8,0.1669810586166248,0.06376284755423064
2021,13072,23,0,-0.03507586752264159,0.010228941499085924
2022,13072,41,2,0.2095346433155021,0.06483717018978552
2023,13072,34,4,0.1558388378282231,0.11715804443125398
2024,13072,39,4,0.0542385176554321,0.055839488912662896
1981,13073,15,0,,
1982,13073,11,0,,
1983,13073,28,1,,
1984,13073,19,0,,
1985,13073,5,0,,
1986,13073,9,0,,
1987,13073,3,0,,
1988,13073,34,1,,
1989,13073,45,1,,0.006662402728920157
1990,13073,49,3,,0.003864428132263917
1991,13073,19,1,,0.00766163169770266
1992,13073,31,0,,0.007385469826663024
1993,13073,26,1,,0.02261251092043682
1994,13073,24,0,,0.005624170434860858
1995,13073,29,1,,0.00549004106550717
1996,13073,2,0,,1.0
1997,13073,22,2,,6.809946
1998,13073,40,1,,0.05936241560946658
1999,13073,24,2,,0.007503198238249054
2000,13073,35,1,,0.06411050409734294
2001,13073,21,2,0.2149377301950683,0.012607160867372666
2002,13073,32,4,0.039219567994199594,0.004361146545426792
2003,13073,13,0,-0.1497240028712975,0.020305117822768008
2004,13073,11,2,0.0024128595125390995,0.1251953177522047
2005,13073,21,1,0.11194646467458219,0.007339449541284404
2006,13073,9,0,-0.18852180997234189,0.08575156421514818
2007,13073,40,5,0.25544570722427873,0.007390117187635959
2008,13073,41,2,-0.0239934560210876,0.042883653461384556
2009,13073,9,0,-0.0011547385843779998,0.024033435680591565
2010,13073,3,0,-0.3484887747054845,1.0
2011,13073,19,0,-0.316898442483403,0.10144347868076682
2012,13073,27,1,0.0291846487257889,0.009340992947550324
2013,13073,17,0,-0.34289476122306717,0.009590963234340553
2014,13073,36,2,0.12086002985777242,0.0046823494156427925
2015,13073,27,1,0.237854949803615,0.03373685061791674
2016,13073,24,2,0.056555856421676196,0.0058061051195331895
2017,13073,19,0,0.1009656235516905,0.008551028261148404
2018,13073,20,0,0.1021482754743638,0.006433019401986516
2019,13073,34,0,0.22119530167801968,0.006876420410591063
2020,13073,52,5,0.1088484662466525,0.033833341754244135
2021,13073,26,0,0.06499658836045501,0.007803964413922273
2022,13073,41,2,0.1809846869584209,0.048446140633220884
2023,13073,34,1,0.1069593383377872,0.06260358867015936
2024,13073,37,2,0.0560968908441482,0.032760326583856
1981,13074,14,0,,
1982,13074,14,0,,
1983,13074,25,0,,
1984,13074,20,0,,
1985,13074,9,0,,
1986,13074,9,0,,
1987,13074,4,0,,
1988,13074,30,1,,
1989,13074,34,2,,0.006457278644488066
1990,13074,47,4,,0.011122652303923335
1991,13074,16,1,,0.007621167029307197
1992,13074,32,0,,0.02644810332405761
1993,13074,21,2,,0.07660935185185185
1994,13074,27,1,,0.005238660265023823
1995,13074,27,2,,0.005083974549623405
1996,13074,1,0,,1.0
1997,13074,17,2,,0.1451381307303962
1998,13074,42,1,,0.10405395737630846
1999,13074,24,3,,0.03667766512688224
2000,13074,32,1,,0.1356817722307528
2001,13074,20,3,0.15153162545515458,0.028627275544784347
2002,13074,30,7,0.0217228446741016,0.010740239658291368
2003,13074,11,0,-0.12333087368465971,0.16925241468126206
2004,13074,20,3,-0.037452304674670395,0.11316592451169252
2005,13074,19,0,0.0904340235256334,0.0068403429747967565
2006,13074,7,0,-0.08730789188702151,0.13703597352579788
2007,13074,41,5,0.26722774161008667,0.018900349223777715
2008,13074,38,2,0.0392692862909685,0.045564999999999994
2009,13074,11,0,-0.0097388984707147,0.10445541034018836
2010,13074,3,0,-0.292954758903604,9.669257
2011,13074,17,0,-0.3438971051062293,0.17891231565682364
2012,13074,25,3,0.0647736535172176,0.09700553812700317
2013,13074,16,0,-0.3226975571716974,0.11252488568632682
2014,13074,36,3,0.1454781566244478,0.05626934545201604
2015,13074,27,1,0.3277376154842463,0.07979996264649576
2016,13074,21,3,0.029723008067770798,0.035757731200588345
2017,13074,16,0,0.003000708955111099,0.06407100303481338
2018,13074,16,1,0.0574740485664348,0.02457111914832751
2019,13074,27,0,0.1775474460519046,0.007254577638489888
2020,13074,49,8,0.1866518738571516,0.05980025477801355
2021,13074,22,0,0.024375251074929702,0.0070311947039961385
2022,13074,46,2,0.18671581533344578,0.08355021425628348
2023,13074,36,4,0.1383373437176209,0.1183033140980875
2024,13074,36,4,-0.0974705529076284,0.05887468644547476
1981,13075,15,0,,
1982,13075,11,0,,
1983,13075,27,1,,
1984,13075,18,0,,
1985,13075,4,0,,
1986,13075,9,0,,
1987,13075,5,0,,
1988,13075,31,3,,
1989,13075,39,1,,0.018104408074817523
1990,13075,46,4,,0.0322996782468803
1991,13075,22,1,,0.0650609603079744
1992,13075,30,0,,0.056682800904290585
1993,13075,19,2,,0.09137222655372457
1994,13075,25,1,,0.006628925981412492
1995,13075,27,2,,0.07702077782379961
1996,13075,0,0,,17.566269
1997,13075,18,2,,0.35525963408259276
1998,13075,42,3,,0.17867303796353387
1999,13075,24,2,,0.106172859332798
2000,13075,32,1,,0.21919739737131608
2001,13075,17,1,0.19041863540175802,0.12570683656197104
2002,13075,29,7,0.0472637644087244,0.050294494031221305
2003,13075,12,0,-0.1734085488261358,0.9038858876827078
2004,13075,11,2,-0.036519619490309005,0.17092506513094746
2005,13075,19,0,0.1573713128217106,0.0596595662355386
2006,13075,6,0,-0.138213769962374,0.19496529647269967
2007,13075,38,6,0.265173789775241,0.055228340005931194
2008,13075,41,3,-0.0620683016430231,0.11808054817292794
2009,13075,7,0,-0.08613326188212711,0.13495946216785454
2010,13075,3,0,-0.2938765343986972,0.5432335864504234
2011,13075,19,0,-0.2991233635312559,0.15116609418282548
2012,13075,24,4,0.08439795846970401,0.15300005811790962
2013,13075,15,0,-0.2724777772681382,0.1553512436279038
2014,13075,33,3,0.1195639280664055,0.06084166560738952
2015,13075,17,1,0.1872919734368749,0.10440642377995564
2016,13075,22,6,0.008053167521161201,0.078807231596514
2017,13075,15,0,0.0749130031569186,0.08621158473105843
2018,13075,21,2,0.1758519372927032,0.09191445226058326
2019,13075,30,0,0.1612912240685902,0.055311800553396
2020,13075,51,6,0.1481770252688644,0.11787591974444563
2021,13075,21,0,0.0779220952938479,0.05564949872087396
2022,13075,35,5,0.16472089015642472,0.1039214443415711
2023,13075,32,4,0.1235318886591848,0.18638690631507318
2024,13075,35,6,0.048310083203946,0.05445700810386894
1981,13076,14,0,,
1982,13076,14,1,,
1983,13076,26,1,,
1984,13076,22,0,,
1985,13076,9,0,,
1986,13076,9,0,,
1987,13076,6,0,,
1988,13076,31,3,,
1989,13076,33,2,,0.006565880402488468
1990,13076,48,5,,0.010631737530370158
1991,13076,19,1,,0.05138558770485376
1993,13076,21,3,,0.17749620503046185
1994,13076,27,1,,0.00536352641134493
1995,13076,27,4,,0.032577839420557864
1996,13076,1,0,,9.136753
1997,13076,20,2,,0.962975294549309
1998,13076,42,2,,0.11104273386613642
1999,13076,24,3,,0.05781324183233421
2000,13076,29,1,,0.13044106796305732
2001,13076,19,3,0.15832673343643922,0.11177207184628238
2002,13076,28,7,0.0354082559045505,0.038920218328359735
2003,13076,11,0,-0.1379468891201154,0.12439862010457424
2004,13076,19,3,-0.0864468065902853,0.13622996355986325
2005,13076,20,0,0.0988234614764134,0.10586301716899738
2006,13076,9,0,-0.0482462614834126,0.27785700804809993
2007,13076,41,6,0.2799301720709312,0.03896032297128212
2008,13076,38,3,0.015268757822092902,0.07558488055013289
2009,13076,11,0,-0.055815737999694,0.13151511190507312
2010,13076,4,0,-0.28064874835125364,0.38376606998691576
2011,13076,18,0,-0.23784344747680503,0.10072808581167714
2012,13076,25,3,0.056006099744318,0.12006375890155087
2013,13076,16,1,-0.2839292666115092,0.09470982063630047
2014,13076,35,5,0.106530217083878,0.069736839365488
2015,13076,26,1,0.2721781720355741,0.10713548387096775
2016,13076,22,5,0.0450963144215407,0.07773944537413341
2017,13076,16,0,0.034722487458709,0.09411601839759241
2018,13076,17,1,0.12226261718192259,0.08434449037096892
2019,13076,28,0,0.1454739598754357,0.10113441694630873
2020,13076,48,8,0.1597658763838941,0.10254580859975292
2021,13076,20,0,-0.1034135120876322,0.0629215624444121
2022,13076,45,2,0.1347653946594892,0.09248641664457992
2023,13076,36,4,0.1212256279802715,0.13699380115259818
2024,13076,33,4,-0.0357109778147532,0.053735361069672354
1981,14521,3,0,,
1982,14521,7,0,,
1983,14521,12,0,,
1984,14521,2,0,,
1985,14521,2,0,,
1986,14521,4,0,,
1987,14521,4,0,,
1988,14521,16,0,,
1989,14521,11,1,,0.005205730468099284
1990,14521,23,1,,0.006925015927536633
1991,14521,9,1,,0.023165844279194756
1993,14521,11,1,,0.004022016518421842
1995,14521,15,1,,0.003894475297343189
2001,14521,10,1,0.2393846200034047,0.49326252123928993
1981,14522,5,0,,
1982,14522,11,0,,
1983,14522,17,1,,
1984,14522,10,0,,
1985,14522,6,0,,
1986,14522,10,0,,
1987,14522,5,0,,
1988,14522,22,3,,
1989,14522,24,3,,0.0397786223216812
1990,14522,35,4,,0.029241886879580528
1991,14522,15,1,,0.134327607027385
1992,14522,27,2,,0.13173351426422542
1993,14522,15,4,,0.0716910702466258
1994,14522,23,1,,0.021655879049676027
1995,14522,25,2,,0.083125280085893
1996,14522,1,0,,0.31120181774884903
1997,14522,20,2,,0.07179757174848557
1998,14522,38,2,,0.20301940548192
1999,14522,21,2,,0.07178907515939001
2000,14522,19,1,,0.12170071424646997
2001,14522,18,1,0.23282658590760721,0.1454197558855761
2002,14522,29,4,-0.1537387519378574,0.04371921299984069
2003,14522,10,0,-0.2329754932138481,0.1661927082151689
2004,14522,13,2,-0.062168374104402395,0.13416148671375716
2005,14522,17,0,-0.09774732734998161,0.051203389296378285
2006,14522,4,0,-0.3031030633885104,0.2782507703579202
2007,14522,41,7,0.360962962313031,0.06388991520020024
2008,14522,33,4,-0.031035541242246695,0.07366413475467072
2009,14522,5,0,-0.12722733926843371,0.2487492067896952
2010,14522,9,1,-0.2282214022215451,0.2395776198578721
2011,14522,14,1,-0.20803415127662434,0.06621446651579918
2012,14522,22,2,0.08115571395963521,0.11534612878847104
2013,14522,13,1,-0.24571037238805998,0.1280760176573777
2014,14522,32,2,0.1944032413011149,0.09598247273682828
2015,14522,14,1,0.300572138304066,0.10476319685961227
2016,14522,21,5,0.1584301221366537,0.09446066987789851
2017,14522,13,3,0.0765325443283875,0.0883809921496576
2018,14522,17,0,0.224759120167017,0.10270267312375168
2019,14522,19,0,0.0118484498511945,0.07010089808223342
2020,14522,39,4,0.28539611350282246,0.17057254536856414
2021,14522,17,0,0.1590876799494718,0.099695913005796
2022,14522,29,5,-0.07750169950524059,0.12610327432490473
2023,14522,31,5,0.1597264143344741,0.14144082418129333
2024,14522,37,10,0.0473939298412749,0.04357192765670636
1991,14523,9,1,,0.0729646747105821
1981,14524,5,0,,
1982,14524,10,0,,
1983,14524,17,1,,
1984,14524,8,0,,
1985,14524,5,0,,
1986,14524,9,0,,
1987,14524,4,0,,
1988,14524,20,3,,
1989,14524,25,3,,0.09718390307226309
1990,14524,35,2,,0.10430133312902236
1991,14524,16,1,,0.13948207743417781
1992,14524,25,2,,0.19494592362645016
1993,14524,14,4,,0.2004357777558645
1994,14524,22,1,,0.04718463943236503
1995,14524,24,5,,0.11222464544434241
1996,14524,1,0,,26.02434
1997,14524,20,3,,0.221592161680397
1998,14524,37,2,,0.08062427384925243
1999,14524,22,1,,0.08080159245034946
2000,14524,19,3,,0.43354489217783426
2001,14524,20,1,0.22475238335376452,0.22645476402076806
2002,14524,29,7,-0.0944202421468026,0.06521473949309324
2003,14524,10,0,-0.2721736730663481,0.18424346827447605
2004,14524,12,2,-0.0652156703092285,0.12955804023376838
2005,14524,17,0,-0.17691441977931022,0.0776196183364447
2006,14524,4,0,-0.2698745392482792,0.2503561623506715
2007,14524,41,7,0.343894190236286,0.10103197738724344
2011,14524,14,2,-0.20181342218023451,0.14262322826194163
2013,14524,13,1,-0.29234832779296327,0.13384467444876783
2014,14524,33,2,0.2079056566767566,0.10931641864507953
2015,14524,13,1,0.2400461566734555,0.14922005783415604
2016,14524,21,5,0.1889596859715997,0.09737090200887223
2017,14524,13,4,0.09556266988354391,0.11981134736544158
2018,14524,16,0,0.2507332500696576,0.11319233678811838
2019,14524,22,0,0.060913246951953,0.14596582188486712
2020,14524,38,6,0.2956349770372534,0.20086052234659046
2021,14524,15,0,0.1699248869107472,0.12142216969259223
2022,14524,28,4,0.016353706914300797,0.14401550813530686
2023,14524,30,6,0.11092865935121579,0.21440654822144756
2024,14524,36,9,0.031190173248479197,0.058307514754373804
1981,14612,7,0,,
1982,14612,10,0,,
1983,14612,21,0,,
1984,14612,14,0,,
1985,14612,6,0,,
1986,14612,11,0,,
1987,14612,4,0,,
1988,14612,23,3,,
1989,14612,25,2,,0.07133204691638288
1990,14612,33,2,,0.06473042128603104
1991,14612,14,2,,0.12803033147093404
1993,14612,15,5,,0.07467248951232301
1994,14612,25,1,,0.046022535751991556
1995,14612,23,3,,0.10309683892736636
1996,14612,3,0,,0.5052677512050426
1997,14612,17,2,,0.14312245261417122
1998,14612,37,4,,0.11453739315162643
1999,14612,17,2,,0.09480249586710213
2000,14612,21,2,,0.10791985481590345
2001,14612,14,0,0.19769417930385,0.15910652886689192
2002,14612,28,7,-0.08667536550605799,0.08135007558695585
2004,14612,13,2,-0.0364973573726638,0.19249343355181914
2005,14612,16,0,-0.029834235553550692,0.07209801319837486
1981,14625,9,0,,
1982,14625,13,0,,
1983,14625,24,0,,
1984,14625,17,0,,
1985,14625,9,0,,
1986,14625,12,0,,
1987,14625,5,0,,
1988,14625,28,3,,
1989,14625,28,3,,0.08457326257826724
1990,14625,44,3,,0.08399590501614923
1991,14625,14,1,,0.1430160089393386
1992,14625,29,2,,0.18736863148061653
1993,14625,17,5,,0.10456918166093052
1994,14625,27,1,,0.06307369151062701
1995,14625,27,3,,0.10686999667288691
1996,14625,3,0,,0.3328827650127172
1997,14625,20,2,,0.14336765959260206
1998,14625,40,5,,0.16952180121176033
1999,14625,18,2,,0.1039293472042528
2000,14625,26,2,,0.1496210907501639
2001,14625,18,2,0.2382955684813948,0.20393679962217165
2002,14625,30,7,-0.1011939835396365,0.07835336965706127
2003,14625,11,0,-0.22108233884978817,0.21858824070560368
2004,14625,17,2,-0.0698004362845386,0.21845957052689352
2005,14625,18,0,0.04109778222775,0.17138009439715748
2006,14625,4,0,-0.28569387602716356,0.3455817937080847
2007,14625,42,7,0.36415752744746366,0.08290830672611789
2008,14625,36,4,-0.025465490597310902,0.10594727251005803
2009,14625,6,0,-0.24732637485946418,0.19527376805749064
2010,14625,6,0,-0.24604534419786878,0.43612772975432207
2011,14625,13,1,-0.20400989910881312,0.10652488687782806
2012,14625,27,1,0.10607562247044709,0.1946020642013303
2013,14625,15,1,-0.23417263622732187,0.1268302572843749
2014,14625,34,3,0.1628607326444803,0.1415460230584062
2015,14625,19,1,0.3125214639241841,0.15440963086980786
2016,14625,26,6,0.0731758146640754,0.10224634797930995
2017,14625,13,2,0.0756651523703106,0.15627279126986157
2018,14625,22,2,0.1693925081897078,0.11048301383159428
2019,14625,22,0,0.0480564737482419,0.18063610542483782
2020,14625,43,5,0.26377195860076064,0.23988830565809127
2021,14625,17,0,0.15624871052872408,0.197465795557143
2022,14625,33,5,-0.0721443426045988,0.1828695460387941
2023,14625,32,5,0.2081885409716858,0.22309401150864966
2024,14625,38,9,0.014464366027277301,0.08102534415768073
1981,14626,7,0,,
1982,14626,11,0,,
1983,14626,21,0,,
1984,14626,13,0,,
1985,14626,7,0,,
1986,14626,8,0,,
1987,14626,2,0,,
1988,14626,25,2,,
1989,14626,22,2,,0.08938779574855524
1990,14626,38,2,,0.046241087955028445
1991,14626,13,1,,0.1439245880347431
1992,14626,20,1,,0.1980679239895784
1993,14626,14,4,,0.08422480777013355
1994,14626,24,0,,0.03312143651676466
1995,14626,25,3,,0.11497674292676323
1996,14626,2,0,,1.0490206964520368
1997,14626,18,1,,0.1227129302837237
1998,14626,39,4,,0.1271118365627633
1999,14626,18,0,,0.09254724387371727
2000,14626,20,0,,0.1331735267082014
2001,14626,16,0,0.1613475428375587,0.19287425075417966
2002,14626,28,4,-0.1080084105989913,0.06962089305010358
2003,14626,11,0,-0.2591972062629878,0.17346258012655358
2004,14626,10,3,-0.0791201635444756,0.1884354475268738
2005,14626,17,0,0.0281133602413024,0.14714837301149256
2006,14626,4,0,-0.3090455838925831,0.6647345901237436
2007,14626,38,5,0.3820476908104215,0.09194239457903804
2008,14626,36,5,-0.0539918231281218,0.09040258156131663
2009,14626,4,0,-0.23565380451996182,0.16073022706685802
2010,14626,7,0,-0.2627094217044489,0.3395393156379917
2011,14626,14,1,-0.18972802489948842,0.08258588426899376
2012,14626,21,0,0.096326255556315,0.1591902916827108
2013,14626,14,1,-0.21983597562002688,0.17218191148698578
2014,14626,32,1,0.2069003275323821,0.11523823473154933
2015,14626,16,1,0.2764635079101322,0.16136497324617083
2016,14626,24,5,0.0961161739791282,0.08349424677807239
2017,14626,12,2,0.07103460683665211,0.1353150320332238
2018,14626,16,0,0.1898933108371884,0.10748779343869848
2019,14626,22,0,0.05006501470654651,0.13466013938896257
2020,14626,42,5,0.2885511457777954,0.20766299455105422
2021,14626,14,0,0.1269439676710304,0.1547827298435137
2022,14626,34,4,0.0113872696422762,0.1838020850708924
2023,14626,27,2,0.2203751960712301,0.2086517823749844
2024,14626,33,4,0.0387625437611253,0.06558276577532147
1981,14627,9,0,,
1982,14627,12,0,,
1983,14627,24,1,,
1984,14627,15,0,,
1985,14627,9,0,,
1986,14627,13,0,,
1987,14627,4,0,,
1988,14627,29,4,,
1989,14627,28,2,,0.0720870245428767
1990,14627,41,2,,0.07173212263161576
1991,14627,16,2,,0.09358747118644067
1992,14627,27,2,,0.18623855571327183
1993,14627,17,5,,0.08600597563465595
1994,14627,26,1,,0.05384137244664884
1995,14627,24,7,,0.11255130880468608
1996,14627,2,0,,0.2832145714285714
1997,14627,21,4,,0.11835744852472936
1998,14627,40,5,,0.11324695740365111
1999,14627,22,2,,0.10184144422533493
2000,14627,25,2,,0.14000798898071626
2001,14627,19,1,0.2094052794844157,0.1384738711898485
2002,14627,30,7,-0.0822392140191804,0.06450495366844376
2003,14627,11,0,-0.25528279055365,0.12373003826588858
2004,14627,15,3,-0.0318379896915927,0.1588515901224243
2005,14627,19,1,0.05335798192750241,0.07575143400515055
2006,14627,4,0,-0.3176980266347106,0.25097776111631787
2007,14627,43,7,0.2994212504013078,0.0906562921206777
2008,14627,39,6,-0.027926960394685,0.11104798562175243
2009,14627,6,0,-0.1878060425940427,0.19297920010481837
2010,14627,8,1,-0.2047185290601552,0.310846520970593
2011,14627,14,2,-0.1664212303004198,0.13323324856416263
2012,14627,26,4,0.06510974844748811,0.19296166070536455
2013,14627,14,1,-0.1902403302788732,0.15591097325537775
2014,14627,30,3,0.15496052768423288,0.14018587876265778
2015,14627,17,1,0.296540860143799,0.14529851841638236
2016,14627,27,5,0.1242349422414066,0.09469454699566772
2017,14627,13,3,0.04825792013850751,0.16520480804077153
2018,14627,22,1,0.2264421039711016,0.12054935950961793
2019,14627,26,0,0.025451711562963095,0.12983736522235995
2020,14627,43,8,0.2378833037987421,0.26638115737444495
2021,14627,19,1,0.1492788048580161,0.10162305012824978
2022,14627,35,7,-0.0434581456664885,0.21239397083292552
2023,14627,32,7,0.1607897895022502,0.2093326858504531
2024,14627,38,10,-0.017873464967936,0.08005324033462419
1981,14628,6,0,,
1982,14628,9,0,,
1983,14628,19,0,,
1984,14628,12,0,,
1985,14628,7,0,,
1986,14628,12,0,,
1987,14628,4,0,,
1988,14628,21,2,,
1989,14628,22,2,,0.019390395647131964
1990,14628,30,2,,0.011813683697506296
1991,14628,14,1,,0.1466166337133482
1992,14628,23,1,,0.11903404971932638
1993,14628,15,4,,0.08585543849397315
1994,14628,22,1,,0.00407659930086322
1995,14628,21,2,,0.0675771191174417
1996,14628,2,0,,0.27877218917658037
1997,14628,16,1,,0.10073886079389932
1998,14628,32,2,,0.4590512378507244
1999,14628,16,1,,0.07394543404735063
2000,14628,17,1,,0.0847062091079873
2001,14628,14,0,0.19589035256929022,0.18841219316390573
2002,14628,30,3,-0.1378965434764946,0.04344983919816113
2003,14628,9,0,-0.2358713626450297,0.12525142872122894
2004,14628,14,2,-0.0865609175512473,0.13455599541393556
2005,14628,18,0,-0.11105742291866809,0.07469432235796582
2006,14628,4,0,-0.26373201926241646,0.7562863611664553
2007,14628,41,4,0.35938681826182817,0.06289270143997272
2012,14628,23,0,0.1210725790193628,0.1116504007137714
2013,14628,15,1,-0.2278382296511392,0.08475339800259865
2014,14628,21,2,0.16020705563839,0.08425953995047221
2015,14628,17,1,0.3198496097086699,0.1113307189143859
2016,14628,26,5,0.08546854012834909,0.08197286964484542
2017,14628,10,0,0.0966964442433649,0.08007542795819919
2018,14628,17,0,0.1991631053429258,0.08910247643393514
2019,14628,19,0,-0.008864319578967904,0.07624458520452883
1981,14729,9,0,,
1982,14729,12,0,,
1983,14729,25,2,,
1984,14729,18,0,,
1985,14729,7,0,,
1986,14729,13,0,,
1987,14729,6,0,,
1988,14729,32,3,,
1989,14729,30,4,,0.06592234677737886
1990,14729,41,3,,0.06326353281029445
1991,14729,16,2,,0.15708807750546416
1992,14729,29,2,,0.25638516021025765
1993,14729,18,4,,0.12943207256576944
1994,14729,26,1,,0.07900720707271762
1995,14729,26,6,,0.11508352986729559
1996,14729,2,0,,0.5081006627869383
1997,14729,22,3,,0.14179616827507094
1998,14729,41,5,,0.14008276726882357
1999,14729,25,2,,0.11472951842108331
2000,14729,24,2,,0.15833170641815406
2001,14729,22,1,0.200156703213567,0.25267998614958453
2002,14729,30,7,-0.1401059860330262,0.09754377912088673
2003,14729,10,0,-0.2095339373779976,0.1309071413590604
2004,14729,16,4,-0.0175865462185521,0.14592453441042874
2005,14729,20,1,0.0072211589150471996,0.09253651048690213
2006,14729,5,0,-0.215684947514647,0.28407794522140006
2007,14729,42,8,0.28980923187592567,0.09678588180549091
2008,14729,35,7,-0.0279015825004311,0.12123902614449598
2009,14729,7,0,-0.1465400003376972,0.2631132055342557
2010,14729,9,2,-0.2359047525419517,0.24760883054892602
2011,14729,14,3,-0.12377676961300331,0.14692389165275985
2012,14729,26,4,0.0633459229075964,0.2527248332704165
2013,14729,14,1,-0.2726934151383109,0.20593515921002672
2014,14729,34,5,0.18309029542105693,0.13173573440818273
2015,14729,19,1,0.2855099180532832,0.1752578783198267
2016,14729,28,6,0.1271037002365707,0.10825402060302196
2017,14729,14,4,0.0466235010260823,0.17871413460267088
2018,14729,20,2,0.2588112323851695,0.11717453989649348
2019,14729,28,2,0.0610518182440871,0.19773570471740826
2020,14729,41,9,0.2474033086569494,0.2532445329633958
2021,14729,19,2,0.1265965705530284,0.13570262412354542
2022,14729,36,6,-0.0152309236495266,0.18144986460122878
2023,14729,32,7,0.0865382412654355,0.2328907795414462
2024,14729,37,11,-0.0087112418286561,0.07568937488719091
1981,14730,9,0,,
1982,14730,12,0,,
1983,14730,25,1,,
1984,14730,18,0,,
1985,14730,10,0,,
1986,14730,11,0,,
1987,14730,5,0,,
1988,14730,31,3,,
1989,14730,30,4,,0.07529695817490495
1990,14730,42,2,,0.06985808874854578
1991,14730,15,2,,0.17764277177624635
1992,14730,29,2,,0.31980172253906436
1993,14730,17,4,,0.13738514304915517
1994,14730,24,1,,0.10093993013208756
1995,14730,26,6,,0.12512012451245125
1996,14730,1,0,,0.6971812822322349
1997,14730,21,4,,0.1851383270835854
1998,14730,42,5,,0.17131668212674453
1999,14730,25,1,,0.13567584846333744
2000,14730,25,2,,0.14319011687704533
2001,14730,20,1,0.199324036721732,0.21787280464784323
2002,14730,29,7,-0.1584037765311122,0.11892865328842736
2003,14730,11,0,-0.21777594337524642,0.13731195726570042
2004,14730,16,3,-0.008495957383965101,0.179409414571481
2005,14730,21,1,0.011364323783641599,0.10179694011992149
2006,14730,5,0,-0.16345723517512992,0.31227493077977386
2007,14730,41,8,0.2454057948198337,0.11021428318144748
2008,14730,39,5,-0.028306843353621502,0.13291781097608177
2009,14730,6,0,-0.07207659964748389,0.3465294758909853
2010,14730,4,1,-0.30067420409596907,0.3214761657047074
2011,14730,14,2,-0.0587290359954024,0.13292405829152018
2012,14730,25,4,0.0675244330430349,0.22889588371089387
2013,14730,13,1,-0.2419049048192705,0.12814799716303307
2014,14730,31,5,0.1617218128160705,0.1436982523136517
2015,14730,19,1,0.2741206014690011,0.2022451847879519
2016,14730,27,7,0.09550554372409009,0.13259983416922827
2017,14730,11,4,0.0058695903701034,0.20661701856997874
2018,14730,21,1,0.2430399006687716,0.13596720568325918
2019,14730,27,1,0.0334215117282187,0.16875423473048626
2020,14730,44,9,0.2387953055320617,0.2712538067815738
2021,14730,18,1,0.1331828396688872,0.17088346812748598
2022,14730,39,6,0.010292274992299599,0.22238061989100813
2023,14730,32,7,0.0719554525129648,0.2469728845254792
2024,14730,34,10,0.0278925785264887,0.08069530592694406
1981,15001,10,0,,
1982,15001,13,1,,
1983,15001,27,2,,
1984,15001,20,0,,
1985,15001,8,0,,
1986,15001,10,0,,
1987,15001,4,0,,
1988,15001,30,3,,
1989,15001,31,2,,0.11420958592911598
1990,15001,43,5,,0.09329211074265444
1991,15001,16,2,,0.13456027569309326
1992,15001,30,2,,0.2824555388426827
1993,15001,21,5,,0.1300008483514468
1994,15001,30,1,,0.07102859920287742
1995,15001,28,7,,0.11498157997932339
1996,15001,4,0,,0.8851458984149021
1997,15001,24,3,,0.23242809817095933
1998,15001,41,4,,0.22573255374232776
1999,15001,28,2,,0.1905363304902663
2000,15001,28,3,,0.1702709650837453
2001,15001,18,4,0.1536256069803114,0.17320604744261317
2002,15001,31,10,-0.0611020853583394,0.11641873650305627
2003,15001,12,0,-0.18693465062325582,0.18847291353098344
2004,15001,20,4,-0.0434634805068781,0.19215569705337354
2005,15001,20,1,0.08244976551964289,0.1409583939353872
2006,15001,5,0,-0.0285852936670833,0.3790914693724164
2008,15001,39,5,-0.0028378148038334106,0.16525988956240137
2009,15001,6,0,0.0009215369424303982,0.31360633889659084
2011,15001,17,3,-0.1051484133899984,0.13846959250298077
2012,15001,25,3,0.057361408856504,0.3472988665350119
2013,15001,15,1,-0.2189743005234559,0.143603187849162
2014,15001,35,6,0.0801251175212847,0.12838855915376007
2015,15001,22,2,0.23740037936138808,0.2342333752638424
2016,15001,27,8,-0.0498898612570009,0.13962007683350203
2019,15001,25,2,0.04130774313740781,0.23575172499265817
1981,15003,11,0,,
1982,15003,13,1,,
1983,15003,26,3,,
1984,15003,20,0,,
1985,15003,7,0,,
1986,15003,10,0,,
1987,15003,4,0,,
1988,15003,31,3,,
1989,15003,32,2,,0.11251678317756057
1990,15003,45,4,,0.09293540824915825
1991,15003,17,3,,0.11396460957451413
1992,15003,29,3,,0.35518360655737713
1993,15003,21,5,,0.17085000295560682
1994,15003,32,1,,0.05707926552199337
1995,15003,29,6,,0.14747089947089947
1996,15003,4,0,,1.1233050673413203
1997,15003,23,3,,0.17589827891658935
1998,15003,40,4,,0.22469926092947515
1999,15003,29,3,,0.17032444872818342
2000,15003,25,2,,0.233886813141278
2001,15003,20,4,0.19377227912356149,0.22635541162924586
2002,15003,31,9,-0.009161575928433202,0.11940946645743429
2003,15003,11,0,-0.2602290484509736,0.13922461495271007
2005,15003,21,1,0.0425375795595083,0.16378543151780045
2006,15003,5,0,-0.0026977984875050003,0.29117390260301607
2007,15003,42,9,0.1366061977984849,0.1182798737111342
2008,15003,41,5,-0.007402793893196202,0.16517463156453896
2009,15003,7,0,-0.029886072035678796,0.30945451276666164
2010,15003,5,2,-0.2279653152528598,0.203392842311408
2012,15003,27,4,0.017147586764256602,0.2513836930558474
2013,15003,15,1,-0.2775151796184,0.15315217804831652
2015,15003,21,2,0.2069233695541214,0.22288535421381936
2016,15003,26,6,0.0959976144038265,0.14034593857297395
2017,15003,13,2,-0.0071865378979316,0.2270611917964968
2018,15003,19,2,0.27279565410183193,0.13428312438236886
2019,15003,26,0,0.027470587695373798,0.24816362832704164
2020,15003,46,12,0.2240546645566412,0.2800615205686842
2021,15003,18,0,0.083939040027302,0.13712039720491392
1981,15081,11,0,,
1982,15081,16,1,,
1983,15081,29,1,,
1984,15081,24,0,,
1985,15081,8,0,,
1986,15081,10,0,,
1987,15081,7,0,,
1988,15081,35,3,,
1989,15081,35,2,,0.04738240177842302
1990,15081,46,3,,0.04729807218716331
1991,15081,21,2,,0.06635149806679023
1992,15081,33,0,,0.21915463017328338
1993,15081,25,4,,0.06795209644653145
1994,15081,32,2,,0.0042223488926890025
1995,15081,29,6,,0.059548363234124914
1996,15081,5,0,,1.828142534101685
1997,15081,24,3,,0.12891113740048
1998,15081,42,3,,0.13160842508377213
1999,15081,31,2,,0.09942094083838321
2000,15081,31,1,,0.18522694285238042
2001,15081,22,3,0.192976118386392,0.13445502392344497
2002,15081,32,11,0.0519331161305796,0.07408365687512082
2003,15081,13,0,-0.2223516444274356,0.2449582735278593
2004,15081,21,3,-0.0119941045864779,0.15877154941067864
2005,15081,24,1,0.0542203724738096,0.20018785204991085
2006,15081,8,0,-0.0398905971673206,0.3073883959181018
2007,15081,42,10,0.1957785183634966,0.08755332432343343
2008,15081,40,5,-0.008190769593839506,0.11421949505279681
2009,15081,10,0,0.0265996291792263,0.17483005302632207
2010,15081,4,1,-0.22419297458204088,0.33448199885820307
2011,15081,20,1,-0.21783453052695628,0.12397907265425337
2012,15081,27,4,0.008633245072397,0.11534727679545953
2013,15081,16,1,-0.27166743844818,0.09561067635550587
2014,15081,36,6,0.08433243825443379,0.08118592600094524
2015,15081,28,2,0.2366925354292285,0.17189067516525025
2016,15081,26,6,0.0536157032639121,0.10061313023280938
2017,15081,15,0,-0.007825525270630301,0.1394323757487799
2018,15081,21,1,0.17249105758465771,0.1045859872012046
2019,15081,30,1,0.0794977512871623,0.1751310456310509
2020,15081,48,10,0.1494731604753134,0.10701368017321161
2021,15081,22,0,0.011090113645689202,0.05698965601622038
2022,15081,44,4,0.1220665199988286,0.1211573114363751
2023,15081,35,5,0.11043348631797961,0.14858957901759068
2024,15081,38,9,-0.0301036812602265,0.04870006352384069
1981,15082,9,0,,
1982,15082,12,1,,
1983,15082,26,3,,
1984,15082,20,0,,
1985,15082,7,0,,
1986,15082,12,0,,
1987,15082,6,0,,
1988,15082,32,3,,
1989,15082,31,2,,0.1178645013672638
1990,15082,43,3,,0.10092104768616397
1991,15082,16,2,,0.14613662096632102
1992,15082,30,2,,0.25197881716273673
1993,15082,22,5,,0.11439799985293035
1994,15082,31,1,,0.08860899899423005
1995,15082,30,7,,0.1379024784525559
1996,15082,4,0,,0.8949087270388107
1997,15082,23,4,,0.19776511260787202
1998,15082,42,5,,0.26051782745242935
1999,15082,30,1,,0.22739367030196622
2000,15082,27,3,,0.2313420179344842
2001,15082,19,2,0.159370798214359,0.1942487233587133
2002,15082,31,10,-0.0778159788451067,0.14327053052750696
2003,15082,11,0,-0.18525234516010702,0.17420727678803302
2004,15082,18,4,-0.043073320558519,0.19942343760246575
2005,15082,22,1,0.06762272711230119,0.15670949434229137
2006,15082,7,0,-0.0569414121653979,0.341297390665518
2007,15082,42,13,0.2108008062779571,0.12728167474763533
2008,15082,39,7,-0.019248872130804902,0.1868890183648737
2009,15082,8,0,-0.03262463692927171,0.43607337328767126
2010,15082,6,2,-0.29188585200169914,0.2364289537233482
2011,15082,16,1,-0.09538766828027968,0.15224147305582447
2012,15082,27,3,0.07010254501081761,0.32399150551238026
2013,15082,15,2,-0.2091883761226914,0.14806791264026054
2014,15082,35,4,0.1017470944804016,0.1479064891193338
2015,15082,23,2,0.2261829616100577,0.24305628055649886
2016,15082,27,8,0.0227096249295955,0.148138780279538
2017,15082,14,3,0.04072923928267701,0.2096282808959945
2018,15082,20,3,0.2541829616797608,0.14067069405122604
2019,15082,29,2,-0.0052763104713905995,0.26829859426387953
2020,15082,46,10,0.21225653133480518,0.23323889162735023
2021,15082,19,1,0.0512358703144139,0.1659879404959227
2022,15082,42,7,0.052476233258844894,0.23753557491426544
2023,15082,33,9,0.08430274274152659,0.24932530759038427
2024,15082,39,13,0.0146181364177503,0.09283151071523063
1981,15083,10,0,,
1982,15083,13,1,,
1983,15083,25,1,,
1984,15083,21,0,,
1985,15083,7,0,,
1986,15083,10,0,,
1987,15083,4,0,,
1988,15083,29,3,,
1989,15083,31,1,,0.04522715098468271
1990,15083,41,4,,0.05186121819583655
1991,15083,18,2,,0.11206448553816974
1992,15083,27,0,,0.2865889708658389
1993,15083,20,3,,0.10434622244079322
1994,15083,29,1,,0.018272332123434647
1995,15083,27,4,,0.10888487963632607
1996,15083,3,0,,3.9133133499466
1997,15083,22,3,,0.12822607211463577
1998,15083,38,3,,0.12988166984155108
1999,15083,26,2,,0.10908820243765525
2000,15083,27,1,,0.19106586833983727
2001,15083,19,3,0.2189533527782317,0.1675585226330625
2002,15083,29,9,0.002208411012311399,0.08165430615954533
2003,15083,11,0,-0.2605167066890605,0.17418559484217022
2004,15083,17,2,0.0048143989700312004,0.16542460840048648
2005,15083,21,1,0.0705183946594649,0.17512854393427243
2006,15083,4,0,-0.0212763092009417,0.49751532314107016
2007,15083,41,10,0.1647212387242335,0.07627745658738332
2008,15083,38,4,0.0152512289316507,0.11178866199093268
2009,15083,7,0,-0.039563657999239596,0.3811277950440991
2010,15083,4,1,-0.2458927868272146,0.4524527767283718
2011,15083,18,1,-0.1843892840395658,0.15953279528481967
2012,15083,26,4,0.0104431019843345,0.1533888353065608
2013,15083,15,1,-0.2756756305431021,0.18533446192311698
2014,15083,33,5,0.1131558149604028,0.07635562020984756
2015,15083,22,2,0.21643214368601232,0.24477574382000294
2016,15083,25,6,0.0205374442933411,0.15090430217002684
2017,15083,11,0,-0.020507526171919796,0.15959947754648765
2018,15083,19,1,0.2707490448362173,0.11027860936365995
2019,15083,25,1,0.0403661077647125,0.21021709513804315
2020,15083,46,9,0.21079832909619378,0.21132050573141561
2021,15083,17,0,0.0825319197954974,0.105381479529081
2022,15083,41,4,0.09038220708860871,0.2236275146274044
2023,15083,33,3,0.10860593884033751,0.1556578505878979
2024,15083,35,9,-0.0278001759505382,0.05777092029875179
1981,15084,9,0,,
1982,15084,12,0,,
1983,15084,23,1,,
1984,15084,15,0,,
1985,15084,5,0,,
1986,15084,13,0,,
1987,15084,5,0,,
1988,15084,28,1,,
1989,15084,30,2,,0.08297149794546134
1990,15084,41,3,,0.0651443339736945
1991,15084,16,1,,0.18212545597897506
1992,15084,29,2,,0.2825656541878128
1993,15084,19,3,,0.11020885001104003
1994,15084,24,1,,0.06751267559291631
1995,15084,25,5,,0.15669765844620495
1996,15084,4,0,,0.6802393351800554
1997,15084,22,2,,0.14941010940346672
1998,15084,39,2,,0.1252326477061114
1999,15084,24,1,,0.09267457369540393
2000,15084,26,2,,0.10801173371532402
2001,15084,20,0,0.1661126202843191,0.20645064392798027
2002,15084,31,7,-0.0873918191557411,0.05698603889010269
2003,15084,11,0,-0.2697582469521217,0.06550864345956973
2004,15084,19,2,-0.032801872780577904,0.12536981242782103
2005,15084,19,1,0.024916484251850002,0.1030830089366316
2006,15084,6,0,-0.142450109898982,0.3004202657478366
2007,15084,41,8,0.2723823617045902,0.09608987426854342
2008,15084,35,3,-0.0022772598403354993,0.1251364608243072
2009,15084,6,0,-0.18640107165526998,0.15845399036543834
2010,15084,7,1,-0.2331751371506843,0.19169020534360054
2011,15084,13,2,-0.06098105698949349,0.12859353390050365
2012,15084,27,2,0.0921748092503324,0.20103466598106012
2013,15084,14,1,-0.31239298905318713,0.11608474832672878
2014,15084,33,1,0.1940199606415472,0.12786172401580018
2015,15084,18,1,0.2407769917855478,0.24023486989572168
2016,15084,27,4,0.1032606166228106,0.09629556859713241
2017,15084,14,2,0.036033838652055006,0.16118133959466147
2018,15084,19,2,0.2786118221127133,0.10391679846424015
2019,15084,25,1,0.099652665138888,0.16902422865292308
2020,15084,41,7,0.2419641467287293,0.24543857557922968
2021,15084,20,1,0.0878622191505517,0.14893956881804482
2022,15084,37,6,0.0214640793458543,0.1987088820498139
2023,15084,32,7,0.0840177446889617,0.26606783352438057
2024,15084,36,10,0.0166912031176417,0.08454883414955047
1981,15085,12,0,,
1982,15085,12,0,,
1983,15085,23,0,,
1984,15085,21,0,,
1985,15085,9,0,,
1986,15085,10,0,,
1987,15085,7,0,,
1988,15085,32,2,,
1989,15085,33,2,,0.017288011867740802
1990,15085,46,4,,0.016314218968159374
1991,15085,16,2,,0.0645436512862956
1992,15085,32,0,,0.17930503749474203
1993,15085,23,3,,0.08562548539339268
1994,15085,30,1,,0.004534571573677719
1995,15085,29,2,,0.06621609542089389
1996,15085,6,0,,1.871490771175727
1997,15085,25,2,,0.0631338572949137
1998,15085,41,2,,0.13801337522846763
1999,15085,31,2,,0.0661889199462488
2000,15085,29,1,,0.16533356599385654
2001,15085,21,3,0.1507979217593925,0.10762641371510537
2002,15085,33,7,0.0419878558909932,0.046487177863610465
2003,15085,13,0,-0.2461386947011005,0.1255236055332441
2004,15085,21,2,-0.0019109584914685004,0.07635765774120663
2005,15085,23,1,0.0467634975331628,0.08232269106027296
2006,15085,9,0,-0.0014910633096317004,0.19281543289712175
2007,15085,43,7,0.1716988100022825,0.06269021221207263
2008,15085,41,5,0.002026369531532901,0.07407880826326171
2009,15085,9,0,-0.10081213144085831,0.11318764875270743
2010,15085,6,0,-0.2416747181620325,0.1744869012293345
2011,15085,18,1,-0.18618152695570458,0.06316605023205712
2012,15085,27,3,0.0506054391722925,0.08074241490462371
2013,15085,16,1,-0.30023608761608694,0.11051895862045782
2014,15085,35,4,0.1586482160163549,0.037234055059276724
2015,15085,21,2,0.2687956352940002,0.13520341230298655
2016,15085,26,4,0.0557185452891833,0.0644131106100977
2017,15085,13,1,0.0335812081015891,0.07463806672740682
2018,15085,22,0,0.26577176049064233,0.08158529630609891
2019,15085,28,0,0.0580863893679773,0.08440101991912066
2020,15085,47,8,0.2191387916791544,0.08841449045403577
2021,15085,22,0,0.0248565446622264,0.062317923778646575
2022,15085,44,4,0.0771520054247667,0.09379208567798149
2023,15085,33,2,0.0826067731420269,0.10967790564773579
2024,15085,40,8,-0.06976358268069471,0.041600588949980435
1981,15086,11,0,,
1982,15086,15,1,,
1983,15086,29,1,,
1984,15086,27,0,,
1985,15086,9,0,,
1986,15086,11,0,,
1987,15086,4,0,,
1988,15086,31,4,,
1989,15086,34,2,,0.09341896909340337
1990,15086,46,4,,0.0655623941767545
1991,15086,18,2,,0.08278725003758834
1992,15086,33,1,,0.20049784601283227
1993,15086,23,3,,0.0916762070566388
1994,15086,32,1,,0.04577482323680938
1995,15086,30,5,,0.09831984616475259
1996,15086,4,0,,0.807001978658752
1997,15086,24,3,,0.1457178164003908
1998,15086,42,3,,0.18563622286741321
1999,15086,29,2,,0.12630104752199686
2000,15086,32,3,,0.15165799684910725
2001,15086,20,3,0.16817911525664608,0.13229780492566873
2002,15086,30,10,-0.0311325860791087,0.0803275478223279
2003,15086,13,0,-0.2547913936929211,0.16083653179328986
2004,15086,21,4,0.028481231724121196,0.18644656647881447
2005,15086,23,1,0.0859943891318321,0.11147451626789923
2006,15086,5,0,-0.0283531446941971,0.5146183554426569
2007,15086,42,10,0.2261041517827572,0.08963115384615385
2008,15086,40,5,-0.041837084070987206,0.13710546269532067
2009,15086,10,0,-0.025635888426851,0.26521023544373
2010,15086,4,1,-0.29300627866250595,0.35424272266592327
2011,15086,19,2,-0.13284220353875492,0.14914686622110646
2012,15086,26,3,0.007764268117597499,0.2680687837225586
2013,15086,16,1,-0.2232021573216671,0.12540842497403015
2014,15086,34,7,0.0731666433878346,0.10273106717130628
2015,15086,24,2,0.2200179649570721,0.2047534395858875
2016,15086,28,6,0.0331779812210829,0.1409276531321354
2017,15086,13,1,0.03584668461095521,0.16419657242184743
2018,15086,20,2,0.24776738132759052,0.10930979989514157
2019,15086,29,2,0.063246991908321,0.26081896778756797
2020,15086,49,11,0.1591561149834285,0.21359186957738593
2021,15086,20,0,0.0776931367187228,0.13172609325359746
2022,15086,41,6,0.0705088880204219,0.17649287850733517
2023,15086,33,7,0.0770137358184218,0.23466725998238402
2024,15086,39,10,0.008325557520187,0.07039483701870072
1981,15087,7,0,,
1982,15087,9,0,,
1983,15087,21,1,,
1984,15087,9,0,,
1985,15087,5,0,,
1986,15087,8,0,,
1987,15087,3,0,,
1988,15087,22,1,,
1989,15087,23,2,,0.051152850219721546
1990,15087,32,2,,0.053824640969066986
1991,15087,15,1,,0.13442660718546545
1992,15087,24,0,,0.2595566618669771
1993,15087,15,2,,0.08768409940353471
1994,15087,23,1,,0.03340060177917321
1995,15087,23,2,,0.13604781522672815
1996,15087,2,0,,24.098515
1997,15087,19,3,,0.14620846832351256
1998,15087,39,3,,0.11687099112158
1999,15087,24,0,,0.11329560610290114
2000,15087,20,1,,0.1488442009859492
2001,15087,14,1,0.13836815288501408,0.20267011128775836
2002,15087,29,7,-0.0495455177910598,0.09747093263978555
2003,15087,9,0,-0.2521498854798883,0.10997212348112967
2004,15087,14,2,-0.0379235353942909,0.15888649347777284
2005,15087,19,2,-0.0031003300021853995,0.1200096118937514
2006,15087,4,0,-0.07996778181933309,0.2965009948075897
2007,15087,38,6,0.2329526416914445,0.09231602027324812
2008,15087,30,3,0.0090775421519413,0.13419029483479855
2009,15087,5,0,-0.08272111320726859,0.19730275995429375
2010,15087,5,1,-0.2427501294011653,0.3187499226245744
2011,15087,13,1,-0.08098549247903561,0.10283909681773501
2012,15087,23,2,0.0819995529049077,0.14862955312810328
2013,15087,13,1,-0.2681740370138672,0.16067099528222814
2014,15087,28,2,0.12149406026482121,0.09621984322228244
2015,15087,13,2,0.2563308018020424,0.27901803485771837
2016,15087,22,4,0.1165937252456316,0.12357256227572937
2017,15087,10,2,0.010619723479682,0.15498652189290998
2018,15087,15,0,0.2656522639584497,0.10868015731545147
2019,15087,21,0,0.047502507510552,0.194124269581774
2020,15087,37,7,0.241899939033557,0.23929210106776988
2021,15087,16,0,-0.005558728086815498,0.10886696400095175
2022,15087,30,4,0.06907156914093991,0.2461422550847732
2023,15087,32,4,0.090361471626816,0.22676140481324508
2024,15087,34,7,-0.0142004010208889,0.05348906770807423
1981,15088,9,0,,
1982,15088,12,0,,
1983,15088,24,4,,
1984,15088,20,0,,
1985,15088,7,0,,
1986,15088,12,0,,
1987,15088,6,0,,
1988,15088,30,3,,
1989,15088,28,2,,0.11903592896174864
1990,15088,43,3,,0.11018760393472195
1991,15088,15,2,,0.2307951576345359
1992,15088,29,2,,0.4173457455978328
1993,15088,20,3,,0.1553300848249318
1994,15088,28,1,,0.12665403520199758
1995,15088,27,6,,0.2137723306575026
1996,15088,4,0,,2.6021015486882115
1997,15088,22,4,,0.22334261816697087
1998,15088,42,5,,0.24177784674900726
1999,15088,27,1,,0.1918418527443106
2000,15088,26,3,,0.22247531978642496
2001,15088,20,0,0.1611325767247802,0.3264290676298602
2002,15088,31,8,-0.1077970952064384,0.1711470916994411
2003,15088,12,0,-0.2172309984781261,0.1777359773429033
2004,15088,19,4,-0.030017318435575403,0.22536094896297257
2005,15088,21,1,0.0193623291228179,0.15032645957981589
2006,15088,7,0,-0.0863016731191717,0.3610984933994209
2007,15088,41,10,0.2441807607389901,0.15701606307839802
2008,15088,36,3,0.009711266884060103,0.19367580248153918
2009,15088,6,0,-0.1536872566956763,0.2750558390465642
2010,15088,6,1,-0.3044451530570036,0.264143436525078
2011,15088,15,2,-0.04231529126438599,0.20286265363760714
2012,15088,27,2,0.0967596157417379,0.32594890857538217
2013,15088,14,2,-0.26263053499999983,0.19157247979120598
2014,15088,34,2,0.1847996621838937,0.14674055598521957
2015,15088,19,1,0.2540193750230291,0.3221717958121584
2016,15088,27,6,0.0973615598059533,0.12886916868734394
2017,15088,13,2,0.0180395659526123,0.26505481500747774
2018,15088,20,2,0.2903446514392096,0.17947684486456428
2019,15088,27,1,0.002751338459742299,0.270779951270449
2020,15088,44,10,0.2539407001440535,0.32904720059610987
2021,15088,21,1,0.0703617555011326,0.23430445393384186
2022,15088,42,6,0.0325312700858296,0.2898508107663182
2023,15088,32,7,0.0909049731125174,0.31213050135619913
2024,15088,38,14,0.010535920336016599,0.1140350838427733
1981,15089,12,0,,
1982,15089,13,2,,
1983,15089,28,3,,
1984,15089,21,0,,
1985,15089,7,0,,
1986,15089,10,0,,
1987,15089,4,0,,
1988,15089,31,3,,
1989,15089,32,2,,0.1109445438738725
1990,15089,46,4,,0.09132060185185185
1991,15089,18,3,,0.10536258278145695
1992,15089,31,3,,0.34677995218579244
1993,15089,23,5,,0.1704205473783768
1994,15089,32,1,,0.05560894881249456
1995,15089,29,6,,0.1460366268815881
1996,15089,4,0,,1.1290338864498848
1997,15089,23,3,,0.17564169920193712
1998,15089,40,4,,0.221482506576475
1999,15089,30,3,,0.1682808649474159
2000,15089,27,2,,0.22566597286192863
2001,15089,21,4,0.1754474888593607,0.22437574122049514
2002,15089,31,9,-0.019260490500887503,0.11537192624558651
2003,15089,11,0,-0.243722852376036,0.13629039003281734
2004,15089,19,3,-0.038225337840141,0.21272129261869172
2005,15089,22,1,0.0435903989918656,0.1503949953570207
2006,15089,5,0,-0.0077563429924612,0.2855426311913681
2007,15089,42,9,0.1579710295511411,0.11524885300935178
2008,15089,41,5,0.0211088604311239,0.1611495095131633
2009,15089,7,0,-0.052801474676344995,0.25486277343493396
2010,15089,6,2,-0.2739416156762795,0.18696235965546074
2011,15089,17,2,-0.10904921880492341,0.1601521788149051
2012,15089,27,4,0.058938081452746,0.24656954659096272
2013,15089,15,2,-0.2486615675185572,0.14740376640669584
2014,15089,34,6,0.115703712658644,0.11747442772560998
2015,15089,22,2,0.2433119538037004,0.21803586829821597
2016,15089,27,6,0.0689228367992109,0.12449797516579653
2017,15089,13,2,0.006984554238701101,0.16337787166622658
2018,15089,19,2,0.2925184310631789,0.12218706183926437
2019,15089,28,0,0.0126958704314225,0.21687676899397154
2020,15089,46,12,0.22637501840879343,0.25376838437210003
2021,15089,19,0,0.0149029502334007,0.1198004637009129
2022,15089,43,6,0.0539426697688303,0.26123241385236745
2023,15089,33,7,0.0964477245905974,0.24297739619344297
2024,15089,39,13,-0.030595680897086197,0.0775977232123404
1981,15090,11,0,,
1982,15090,15,1,,
1983,15090,28,2,,
1984,15090,26,0,,
1985,15090,9,0,,
1986,15090,11,0,,
1987,15090,5,0,,
1988,15090,33,3,,
1989,15090,35,3,,0.07935407219254666
1990,15090,45,3,,0.06086110238124018
1991,15090,20,2,,0.10567203579730196
1992,15090,31,0,,0.32061208083255327
1993,15090,24,3,,0.06878048182835601
1994,15090,30,2,,0.021875945277882194
1995,15090,29,4,,0.07451773586221323
1996,15090,3,0,,2.0314092814143105
1997,15090,23,3,,0.3998970588235294
1998,15090,42,2,,0.15681994317830894
1999,15090,28,2,,0.11745320962833569
2000,15090,33,1,,0.18454145673586952
2001,15090,21,2,0.2124696942467168,0.15002144410792434
2002,15090,29,10,0.0403605094277983,0.09857035863168838
2003,15090,13,0,-0.2494587511679599,0.32671799394852574
2004,15090,20,4,0.028128493790045,0.14859279401437114
2005,15090,22,1,0.057683011539346504,0.174530943086764
2006,15090,5,0,-0.0198741136976104,0.3544227629036111
2007,15090,43,10,0.211113113086497,0.09929630810657597
2008,15090,39,5,-0.033356805603667904,0.11915619047619047
2009,15090,8,0,-0.022336571992521502,0.19842911196884516
2010,15090,4,2,-0.2984077469183437,0.31501349770721104
2011,15090,21,1,-0.2024617635372522,0.1475972533988395
2012,15090,27,3,0.0171075005691054,0.14972013249907987
2013,15090,17,1,-0.2732629521298562,0.10863735149232107
2014,15090,35,6,0.09637323149253091,0.1069507970232083
2015,15090,25,2,0.2526693400345326,0.16018708948600013
2016,15090,26,6,0.0593489909609866,0.11576212071276339
2017,15090,14,1,-0.0027152595475625017,0.15160189012240252
2018,15090,20,1,0.1846753655610554,0.12182080153324892
2019,15090,30,1,0.0816782817516733,0.1942468945582346
2020,15090,49,9,0.1204223548800202,0.14611271007750806
2021,15090,20,1,0.0470043464726425,0.08296237328638438
2022,15090,40,4,0.1158135196845293,0.14409026027056776
2023,15090,33,5,0.11942026717364401,0.17733750833765655
2024,15090,39,9,-0.0266115560763503,0.06043042300829222
1981,15091,9,0,,
1982,15091,12,0,,
1983,15091,25,2,,
1984,15091,18,0,,
1985,15091,9,0,,
1986,15091,10,0,,
1987,15091,5,0,,
1988,15091,30,3,,
1989,15091,31,2,,0.10544859584859585
1990,15091,43,4,,0.07765754615329358
1991,15091,15,2,,0.10324267158325101
1992,15091,29,2,,0.1905199425987128
1993,15091,19,4,,0.09510789978046484
1994,15091,28,1,,0.06678843563157497
1995,15091,28,7,,0.11361140804281682
1996,15091,2,0,,0.5884239528635975
1997,15091,21,5,,0.15545581685214627
1998,15091,42,5,,0.19176106721046818
1999,15091,27,1,,0.15691144597627446
2000,15091,28,2,,0.16043777060248032
2001,15091,18,2,0.19181960438225332,0.18372067943665416
2002,15091,30,9,-0.0944502421427019,0.12120675879804751
2003,15091,10,0,-0.2518893680563565,0.15192206210675868
2004,15091,18,3,-0.0396869697226756,0.18986720179987793
2005,15091,20,1,0.054569379349627696,0.10122159469668914
2006,15091,4,0,-0.1431489982788351,0.2947501494559802
2007,15091,43,9,0.19911754341374022,0.10891068403418289
2008,15091,40,5,-0.017144434475931503,0.14378868655240606
2009,15091,6,0,-0.023705955039908203,0.24527641610045856
2010,15091,5,1,-0.2854321905659124,0.2148062090212136
2011,15091,15,2,-0.0642885357937752,0.13318825443877394
2012,15091,26,4,0.048010772344833606,0.26333667183505843
2013,15091,15,1,-0.2259433862395425,0.19633625550055006
2014,15091,35,5,0.1008192898185644,0.1289635634218289
2015,15091,20,1,0.2507586393724704,0.2088290473804005
2016,15091,28,7,0.007980682333291602,0.1452929692652684
2017,15091,11,4,0.0562891370799135,0.18474420044601864
2018,15091,20,1,0.2537652299743325,0.12640912513430513
2019,15091,27,1,0.040245676575135995,0.2255767830189675
2020,15091,46,10,0.2162805060036474,0.22732946171893073
2021,15091,17,1,0.1185997810997898,0.16024741471806003
2022,15091,39,6,0.051390939010684096,0.20005371897769722
2023,15091,32,7,0.0630820830559562,0.239351285941338
2024,15091,36,10,0.0446043165013972,0.08135760874133222
1981,16052,6,0,,
1982,16052,12,0,,
1983,16052,17,1,,
1984,16052,11,0,,
1985,16052,6,0,,
1986,16052,11,0,,
1987,16052,5,0,,
1988,16052,26,3,,
1989,16052,28,2,,0.10856704894524725
1990,16052,38,3,,0.08660374942503016
1991,16052,16,1,,0.15654978571458092
1992,16052,26,2,,0.1622896574119175
1993,16052,17,4,,0.20529258727227126
1994,16052,23,2,,0.04972589064481295
1995,16052,25,4,,0.12199751796093722
1997,16052,20,2,,0.12382371782934189
1999,16052,24,1,,0.08239019605757264
2000,16052,24,3,,0.11724825063136984
2001,16052,20,1,0.19757943283046858,0.19758094250767474
2002,16052,30,7,-0.005715245569352392,0.07415321194947698
2003,16052,10,0,-0.3027977107829004,0.20560021978021978
2004,16052,15,2,-0.0458570553807717,0.12401413594859655
2005,16052,18,0,-0.1992639044706329,0.09658196372349062
2006,16052,4,0,-0.2306596467362591,0.2717440069507523
2007,16052,42,6,0.31859016234985127,0.09914988789721883
2008,16052,33,5,-0.037701270657564304,0.11237021282287947
2009,16052,5,0,-0.11882204815159648,0.20986047880038908
2010,16052,8,1,-0.2107608463541595,0.42779215422981
2011,16052,14,2,-0.152495239234671,0.15657955589633119
2012,16052,25,3,0.0891403200948283,0.18818427103056531
2013,16052,13,1,-0.33839618420800366,0.1413831401300318
2014,16052,35,1,0.1844447303291254,0.12449400352733685
2015,16052,14,1,0.2422242301439308,0.15525820437448826
2016,16052,25,5,0.151330778286313,0.10063363982364246
2017,16052,14,4,0.0950014531008162,0.1837535668356154
2018,16052,18,0,0.2499790327187818,0.15455806147926812
2019,16052,25,0,0.08571008618096548,0.14684634393916043
2020,16052,38,6,0.2706035518087389,0.22114894349022748
2021,16052,17,0,0.1367133628791647,0.13600868350680465
2022,16052,32,5,0.048182517117761295,0.14785802903389275
2023,16052,30,7,0.11916430036415579,0.23456095926359563
2024,16052,36,9,0.023396693341010397,0.06453421227921079
1983,16054,12,0,,
1984,16054,1,0,,
1985,16054,2,0,,
1986,16054,1,0,,
1987,16054,3,0,,
1988,16054,14,0,,
1989,16054,7,0,,0.007601325671197056
1990,16054,17,2,,0.005716735743890238
1999,16054,8,0,,0.005747919253230331
1981,16055,9,0,,
1982,16055,11,0,,
1983,16055,23,1,,
1984,16055,22,0,,
1985,16055,8,0,,
1986,16055,13,0,,
1987,16055,6,0,,
1988,16055,29,1,,
1989,16055,29,2,,0.04272157427256076
1990,16055,40,3,,0.022503891736648855
1991,16055,15,1,,0.13900948612769481
1992,16055,28,1,,0.1664454182663164
1993,16055,19,2,,0.0758363223212725
1994,16055,25,2,,0.01308892247728947
1996,16055,5,0,,0.3590660688710381
1999,16055,25,0,,0.05431958942928694
2000,16055,29,2,,0.12402387517366677
2001,16055,21,1,0.08282271895533332,0.14755628155628153
2002,16055,31,4,-0.1505132047597733,0.039195793796126734
2003,16055,11,1,-0.2747400539260426,0.058331214837618064
2004,16055,20,2,-0.0126086104861186,0.10890816823079597
2005,16055,20,1,-0.005265346520134398,0.07997318167806519
2006,16055,9,0,-0.1539892037050264,0.2753516803107796
2007,16055,42,6,0.29901022562893953,0.08809181242875673
2012,16055,28,3,0.0976424691624843,0.12225999896517824
1981,16061,5,0,,
1982,16061,8,0,,
1983,16061,19,2,,
1984,16061,9,0,,
1985,16061,5,0,,
1986,16061,8,0,,
1987,16061,4,0,,
1988,16061,20,1,,
1989,16061,20,2,,0.0068049431106755945
1990,16061,30,2,,0.004429678848283499
1991,16061,15,1,,0.013318074742657447
1992,16061,22,0,,0.06674577665422736
1993,16061,13,1,,0.013969483478495104
1994,16061,19,0,,0.003833694339550307
1995,16061,22,1,,0.017479775951678607
1996,16061,1,0,,1.63908005
1997,16061,19,0,,0.004819462919052301
1998,16061,31,1,,0.09052226857535216
1999,16061,21,0,,0.021877100728262627
2001,16061,17,2,0.16553257216640238,0.041029994770087064
2002,16061,29,3,-0.0760690007991392,0.0043668885046027
2003,16061,10,0,-0.20301321925609392,0.015926115188011476
2004,16061,14,1,0.0021460257971779996,0.05388514998168925
2005,16061,16,0,-0.0808926981594687,0.01841374284914281
2006,16061,8,0,-0.1198653295050672,0.15781297062881924
2008,16061,30,2,0.006355948887978302,0.03820328954036607
2009,16061,6,0,-0.15602794969116499,0.06772170500817874
2010,16061,5,0,-0.0720887621206821,0.027476101627285657
2011,16061,12,0,-0.08186816691837921,0.053676479060179035
2012,16061,25,2,0.0370502205159497,0.048797689093790515
2013,16061,15,1,-0.2341113957206834,0.03825594808172625
2018,16061,15,0,0.07444639262748279,0.04156081409533244
2019,16061,21,0,0.1248247440460843,0.032392549443649936
2020,16061,37,4,0.2888880644062401,0.06409776388958889
2021,16061,16,0,0.0334400179630951,0.030021262047645027
2022,16061,29,2,0.0927649677542809,0.037217102025635156
2023,16061,30,2,0.124705693272173,0.10678952174335395
2024,16061,35,6,-0.0383694092360235,0.0399534027187665
1981,16062,5,0,,
1982,16062,9,0,,
1983,16062,21,2,,
1984,16062,12,0,,
1985,16062,6,0,,
1986,16062,9,0,,
1987,16062,5,0,,
1988,16062,24,1,,
1989,16062,26,2,,0.03440355681271064
1990,16062,31,3,,0.02171785826740662
1991,16062,15,1,,0.07823496846151763
1992,16062,24,0,,0.16034070852725008
1994,16062,24,1,,0.0039970102363432155
1995,16062,25,2,,0.06627835912835912
1996,16062,3,0,,15.400898
1997,16062,20,2,,0.07227046026467074
1998,16062,34,3,,0.13637418503970872
1999,16062,21,1,,0.06976734811957569
2000,16062,26,1,,0.1462355796995057
2001,16062,16,3,0.1542987604049056,0.09609115342620254
2002,16062,30,7,0.00041408756532180027,0.06070599823581299
2003,16062,10,0,-0.1837216986808649,0.08593757893905903
2004,16062,18,3,0.0023928112033186006,0.06990598627969109
2005,16062,19,1,-0.13092742446596778,0.08432902198583964
2006,16062,8,0,-0.1286762427697837,0.1850783799913838
2007,16062,38,9,0.25144201033798597,0.06141413173652695
2008,16062,34,4,-0.022186378167996804,0.07028202560206291
2009,16062,8,0,-0.1768543646483702,0.09801722313295012
2010,16062,6,1,-0.1005762716585924,0.16287078628305082
2011,16062,13,1,-0.0778637323013153,0.062225436073199095
2012,16062,25,2,0.046467607558833904,0.08143999054682956
2013,16062,15,1,-0.22883616305112658,0.14515028793189785
2014,16062,30,3,0.0378205755705873,0.0408233325309389
2015,16062,13,2,0.3026966163120164,0.16801614088543326
2016,16062,23,3,0.0852813249161173,0.06150406063256084
2017,16062,10,1,-0.004040190070433502,0.08584335100425595
2018,16062,16,0,0.1782420549978977,0.09303087104566782
2019,16062,22,1,0.1636935449595432,0.11867905148197737
2020,16062,39,9,0.228251712755608,0.08762892043470491
2021,16062,18,0,0.010129357440873999,0.06299806846692863
2022,16062,32,4,0.0465940398674867,0.09132221320469067
2023,16062,31,3,0.12468513785781499,0.11082792272569218
2024,16062,34,8,-0.0187001759338596,0.0550796065531441
1981,16063,4,0,,
1982,16063,9,0,,
1983,16063,19,1,,
1984,16063,9,0,,
1985,16063,6,0,,
1986,16063,9,0,,
1987,16063,4,0,,
1988,16063,21,1,,
1989,16063,23,2,,0.06701282677137499
1990,16063,33,1,,0.01922706731100706
1991,16063,15,1,,0.08057861149247654
1992,16063,19,0,,0.18130761032009918
1993,16063,13,1,,0.14990646122804602
1994,16063,20,1,,0.008394191219675984
1995,16063,21,2,,0.055826678397854865
1996,16063,3,0,,17.139168
1999,16063,21,1,,0.09509110933119744
2017,16063,11,2,0.0382942670775441,0.08999786198605142
2018,16063,18,0,0.09672756637301659,0.15644610086994193
2019,16063,21,0,0.13680132066672102,0.0899650419295541
2020,16063,36,7,0.2570544696165298,0.08762741053850794
2021,16063,14,0,0.0635804002737007,0.05993777460385196
2022,16063,28,3,0.12004502206681691,0.07846557386650657
1981,16064,5,0,,
1982,16064,9,0,,
1983,16064,20,1,,
1984,16064,11,0,,
1985,16064,5,0,,
1986,16064,10,0,,
1987,16064,5,0,,
1988,16064,26,1,,
1989,16064,26,2,,0.05690344486599935
1990,16064,30,2,,0.036484741643759214
1991,16064,15,1,,0.12998173524214776
1992,16064,24,0,,0.24296381141158147
1993,16064,17,1,,0.08868239492071087
1994,16064,24,2,,0.018165386807758078
1995,16064,24,2,,0.08197240641336
1996,16064,2,0,,0.7251579725136693
1997,16064,19,3,,0.10428199135998743
1998,16064,35,2,,0.09611584137641628
1999,16064,22,0,,0.09214285648083786
2000,16064,26,2,,0.15326844216501295
2001,16064,15,2,0.2130743694226876,0.12844016822338503
2002,16064,30,6,-0.018189703159045698,0.058137416120673066
2003,16064,9,0,-0.168912526761404,0.18829163817988454
2004,16064,19,3,0.0013381835793743998,0.1143575815644654
2005,16064,20,1,0.0033152704660450033,0.10333352178207528
2006,16064,8,0,-0.1400927237100103,0.30138083419510514
2007,16064,38,6,0.2958375070139468,0.08620252801468618
2008,16064,30,4,-0.014927008017003696,0.11268933770907455
2009,16064,8,0,-0.18451058758194158,0.141282654083529
2010,16064,6,1,-0.1778497970738408,0.24672148836072588
2011,16064,13,2,-0.0726138459389858,0.11320563590849037
2012,16064,25,2,0.0417947193552329,0.14147854736634388
2013,16064,15,1,-0.2402089923981945,0.1313660738667395
2014,16064,29,3,0.0526536283329421,0.09495665670236816
2015,16064,14,2,0.2641477795527498,0.18787719168653258
2016,16064,25,3,0.0802022191224642,0.11087894541589796
2017,16064,10,2,-0.0057131309991707,0.13763792425716734
2018,16064,16,0,0.2544230947933237,0.1655016649954816
2019,16064,20,0,0.0700547375483659,0.1496810051333883
2020,16064,39,8,0.2303921291599103,0.12939641284171913
2021,16064,15,1,0.036494712836818294,0.11469176334695741
2022,16064,34,4,0.09414847752000971,0.11453631456084037
2023,16064,30,3,0.10980110299088021,0.18711173786078727
2024,16064,32,7,-0.0787356160551546,0.07217983956902675
1981,16065,8,0,,
1982,16065,10,0,,
1983,16065,22,1,,
1984,16065,13,0,,
1985,16065,5,0,,
1986,16065,11,0,,
1987,16065,5,0,,
1988,16065,24,1,,
1989,16065,28,2,,0.07771134765134388
1990,16065,32,2,,0.05147360292470356
1991,16065,15,1,,0.1596101666337478
1992,16065,24,1,,0.307515244364894
1993,16065,17,2,,0.11219873747729801
1994,16065,23,1,,0.04314056335443619
1995,16065,24,3,,0.14704130538290286
1996,16065,3,0,,0.7049895219866509
1997,16065,19,3,,0.1408663967611336
1998,16065,35,5,,0.12380287545113818
1999,16065,22,0,,0.1154740728650424
2000,16065,26,2,,0.14479596329922412
2001,16065,16,1,0.20234387343892318,0.16582183764615607
2002,16065,30,7,-0.026070305177276397,0.07033721630806504
2003,16065,9,0,-0.1890699798911174,0.16616147571642306
2004,16065,18,3,-0.011191346450926402,0.1488370765603673
2005,16065,19,1,-0.014618505747177199,0.11722502800408126
2006,16065,8,0,-0.09816796783576409,0.29496335219617353
2007,16065,38,5,0.2697022022552776,0.10146674321331911
2008,16065,31,4,-0.0350415192978773,0.13481717191774778
2009,16065,7,0,-0.18965184784458178,0.15108627707855704
2010,16065,6,1,-0.1693211854275365,0.2542671829022766
2011,16065,13,2,-0.08536432132601281,0.1414695140391281
2012,16065,26,2,0.07486261383512191,0.17604839868531683
2013,16065,15,1,-0.239650926986591,0.14924026509168326
2014,16065,28,3,0.101095985198147,0.09424496347869037
2015,16065,16,2,0.288782779039495,0.23888494843047756
2016,16065,24,4,0.1513807922655402,0.10288979460975854
2017,16065,10,2,-0.0163058991377965,0.1673883094833859
2018,16065,16,0,0.2465566384990917,0.1482265336226585
2019,16065,20,1,0.06431267946602369,0.2005914766983241
2020,16065,39,7,0.2128394936149014,0.18819224131783496
2021,16065,15,1,0.041297975748267296,0.13868054766974214
2022,16065,34,5,0.051851422816548906,0.16123276785894816
2023,16065,31,4,0.0728037873215317,0.2275239205437005
2024,16065,32,6,-0.0574524383762121,0.10097667925849949
1981,16066,4,0,,
1982,16066,6,0,,
1983,16066,14,0,,
1984,16066,3,0,,
1985,16066,4,0,,
1986,16066,6,0,,
1987,16066,3,0,,
1988,16066,17,0,,
1989,16066,13,2,,0.018980898977457132
1990,16066,24,2,,0.012394586377725893
1991,16066,8,1,,0.05556041583476764
1992,16066,14,0,,0.16355394426348938
1993,16066,10,0,,0.14944930722088995
1994,16066,18,1,,0.006310362561880994
1995,16066,19,2,,0.04802722568276438
1996,16066,1,0,,15.520059
1997,16066,14,2,,0.061543891742959676
1998,16066,24,0,,0.09784389791308089
1999,16066,14,0,,0.06494924785100287
2000,16066,19,1,,0.10577648956090639
2001,16066,14,1,0.1231701928063014,0.0901314629882415
2002,16066,28,4,0.030884306394829503,0.023027460537986356
2003,16066,5,0,-0.2280465229476847,0.10124241701640595
2004,16066,12,1,0.06918265505457069,0.07177008844497489
2005,16066,15,0,-0.002178614399791494,0.06797595862108821
2006,16066,4,0,-0.1110154260838004,0.18032747427053744
2007,16066,35,4,0.3807891157271652,0.038243952299829645
2008,16066,22,2,0.0546520835153899,0.060491240591240586
2009,16066,4,0,-0.12427736317557302,0.13911710423155976
2010,16066,6,1,-0.1297520556623457,0.0915785624587292
2011,16066,11,0,-0.0949396543311964,0.06413077674115861
2012,16066,21,0,0.0655372897208686,0.08404799805945937
2013,16066,12,1,-0.2043679174765808,0.04281075401815
2014,16066,21,1,0.1679020221995744,0.03636847540538092
2015,16066,6,1,0.1092430284304793,0.10048570407886635
2016,16066,17,0,0.08613077190798449,0.047669017978675135
2017,16066,9,1,0.018182229693716998,0.0905269759450172
2018,16066,15,0,0.07037824649417979,0.10884728394085552
2019,16066,14,0,0.095418773494171,0.07096785502385475
1981,16067,5,0,,
1982,16067,9,0,,
1983,16067,19,1,,
1984,16067,12,0,,
1985,16067,5,0,,
1986,16067,10,0,,
1987,16067,5,0,,
1988,16067,22,1,,
1989,16067,28,2,,0.004608029491388745
1990,16067,32,1,,0.022947289067386512
1991,16067,15,1,,0.04664013867488443
1992,16067,21,0,,0.21236286106486757
1993,16067,16,0,,0.10217928814457145
1994,16067,22,1,,0.007709921898491172
1995,16067,23,2,,0.05500067999135271
1996,16067,1,0,,9.667954
1997,16067,19,2,,0.05233405796417732
1998,16067,32,1,,0.10248352050578154
1999,16067,20,1,,0.06279529237752786
2000,16067,27,1,,0.13494059706623882
2001,16067,19,0,0.2271663186338875,0.10316778642400533
2002,16067,30,3,-0.025952107163795597,0.030706402189453773
2003,16067,9,0,-0.2900320432594775,0.1131341672017465
2004,16067,18,1,0.0363088635872191,0.09294759286910095
2005,16067,17,0,0.0008745645778896055,0.08785568174443507
2006,16067,7,0,-0.2130865378308755,0.2743334204641167
2007,16067,38,5,0.3118091671943448,0.04949799097715134
2008,16067,29,2,-0.049380187910449895,0.07174581897342104
2009,16067,6,0,-0.1327003374229229,0.14697285067873306
2010,16067,8,1,-0.22348876625960393,0.11023344553503239
2011,16067,13,1,-0.1323350569785497,0.06982993753598003
2012,16067,25,2,0.0502559552663469,0.10339263391310373
2013,16067,15,1,-0.2895190631458535,0.10456797044101732
2014,16067,30,3,0.1378632442396226,0.05533234433037194
2015,16067,14,1,0.23289524761597508,0.13353340752219597
2016,16067,23,2,0.11676196655580978,0.06558766265633599
2017,16067,11,1,0.0353044404009958,0.07854105839416058
2018,16067,17,0,0.2219158101586157,0.12401163949712228
2019,16067,20,0,0.10843274638889709,0.09151796137906709
2020,16067,38,6,0.2398044059307221,0.11572540271083097
2021,16067,13,0,0.1104661760759619,0.07107420046678863
2022,16067,30,2,0.0816028009761397,0.09561144071719539
2023,16067,30,2,0.128452705989029,0.1475159255461297
2024,16067,34,7,-0.0374963136199279,0.05268263049700163
1981,16068,9,0,,
1982,16068,10,0,,
1983,16068,22,1,,
1984,16068,17,0,,
1985,16068,5,0,,
1986,16068,13,0,,
1987,16068,5,0,,
1988,16068,29,2,,
1989,16068,27,2,,0.10150494702236368
1990,16068,34,3,,0.06905924047286637
1991,16068,15,1,,0.1820654178839434
1992,16068,25,2,,0.3824433691554605
1993,16068,17,3,,0.13105898924182507
1994,16068,24,1,,0.055946109637488944
1995,16068,25,5,,0.1333332241538591
1996,16068,4,0,,0.7237534934606394
1997,16068,21,3,,0.1697309594401203
1998,16068,37,3,,0.15460783647969578
1999,16068,24,0,,0.09885111015437605
2000,16068,26,2,,0.11721427955753484
2001,16068,17,1,0.2002144143946013,0.25637933372070504
2002,16068,30,7,-0.0617814877253827,0.08945438888888889
2003,16068,11,1,-0.22040302046400329,0.09694893031965086
2004,16068,19,3,-0.0349753962218248,0.1487390491932876
2005,16068,20,1,-0.0055417992877968,0.13283153256367322
2006,16068,8,0,-0.12862027275120308,0.379242596541104
2007,16068,39,7,0.2723120360596998,0.114036050031046
2008,16068,32,3,0.005983105007295101,0.16592853684776762
2009,16068,10,0,-0.18703611334579628,0.26446436851738864
2010,16068,7,2,-0.2392095874975139,0.3659204413654744
2011,16068,14,2,-0.05203009605447401,0.16781442294453447
2012,16068,27,3,0.08520993574115171,0.25789179549309427
2013,16068,15,1,-0.27566529897537945,0.1571189536075189
2014,16068,30,2,0.14470572156767,0.13822431444487907
2015,16068,17,2,0.2776854393045718,0.28042003403841476
2016,16068,24,4,0.1280470910017068,0.11263104519565058
2017,16068,11,2,0.024143415321245098,0.22622140037093488
2018,16068,18,2,0.2841844162920017,0.14621926215094608
2019,16068,21,1,0.0787786089169834,0.2550728572924615
2020,16068,41,9,0.2396906597787056,0.27144172985491755
2021,16068,16,1,0.0717978770204306,0.1983865555262882
2022,16068,38,5,0.0254528494839511,0.2579984391077626
2023,16068,31,7,0.0987740865897286,0.3035262284196547
2024,16068,33,10,-0.0994045841563687,0.10030946096317574
1981,16069,4,0,,
1982,16069,6,0,,
1983,16069,15,1,,
1984,16069,3,0,,
1985,16069,3,0,,
1986,16069,6,0,,
1987,16069,3,0,,
1988,16069,16,0,,
1989,16069,11,2,,0.0824349841417639
1990,16069,20,1,,0.026841497002220247
1991,16069,9,1,,0.18435972680631355
1992,16069,13,0,,0.19464525365701837
1993,16069,10,1,,0.3017421887764419
1994,16069,18,1,,0.042233680555555556
1995,16069,17,2,,0.08080853341826319
1996,16069,0,0,,23.85033
1997,16069,14,2,,0.10579597850713367
1998,16069,21,1,,0.10194139278534481
1999,16069,13,0,,0.09389745099688736
2000,16069,18,1,,0.11788745548277837
2001,16069,14,0,0.0940813884966862,0.10729714114728839
2002,16069,27,4,-0.025461271316032395,0.06355927799581074
2003,16069,5,0,-0.2310965090326457,0.13936030495939333
2004,16069,13,1,0.028028195570589602,0.1013477147738176
2005,16069,15,0,0.020165123282751496,0.08352645083292036
2006,16069,5,0,-0.1204716176480892,0.42466393776905065
2007,16069,35,5,0.3677221002022948,0.06415370325103885
2008,16069,21,3,0.02184089997995091,0.0831705839455008
2009,16069,4,0,-0.048685742762500005,0.10088728556483743
2011,16069,11,0,-0.1876559764544064,0.08658035174426247
2012,16069,21,0,0.0214619533836564,0.05590927423589959
2013,16069,12,1,-0.1628427173616372,0.05226986315652287
2014,16069,18,4,0.2108085793572184,0.07245108310450844
2015,16069,7,1,0.12997201770367178,0.14219977295170175
2016,16069,19,2,-0.0005287935975651012,0.08602102291522415
1981,16070,4,0,,
1982,16070,7,0,,
1983,16070,17,1,,
1984,16070,4,0,,
1985,16070,5,0,,
1986,16070,9,0,,
1987,16070,4,0,,
1988,16070,17,0,,
1989,16070,18,2,,0.0035714285714285713
1990,16070,28,2,,0.003204506818389383
1991,16070,11,1,,0.010184146438629027
1992,16070,17,0,,0.09669355323552194
1993,16070,12,1,,0.049108858077640594
1994,16070,21,0,,0.003409710856519367
1995,16070,20,1,,0.0323803834099822
1996,16070,3,0,,2.8924427
1997,16070,18,2,,0.008501091329364696
1998,16070,30,0,,0.08161376137521925
1999,16070,16,0,,0.023132223769528698
2000,16070,20,1,,0.06459931958102866
2001,16070,15,0,0.19566199496480768,0.052684275555555556
2002,16070,29,3,-0.1098206929848484,0.003950851408478527
2003,16070,7,0,-0.2695375261997386,0.026602047536847695
2004,16070,13,0,0.052766342082624,0.06177996195307546
2005,16070,15,0,-0.1111804707067333,0.04101117009809206
2006,16070,5,0,-0.2347346927767176,0.23098862175366414
2007,16070,36,4,0.3147015999151606,0.026788147989122654
2008,16070,27,2,-0.016326306915143293,0.04423146045738539
2009,16070,6,0,-0.0671525027383241,0.08788020364449135
2010,16070,7,1,-0.22713377943032728,0.03268117781274
2011,16070,11,0,-0.06173544457662451,0.04422837953456536
2012,16070,22,0,0.041311219866484,0.0634563010917869
2013,16070,13,0,-0.293600638577183,0.03571065099954655
2014,16070,25,0,0.1446023548255197,0.019550003556187766
2015,16070,9,1,0.2257149536671605,0.0893568021777119
2017,16070,11,0,0.1081084345918335,0.039290040117053865
2018,16070,15,0,0.2064133691045325,0.04765297713981925
2021,16070,12,0,0.12534625843509958,0.03516581961446461
2022,16070,22,1,0.0656968933519953,0.06030230890690321
2023,16070,28,1,0.083340957294479,0.0963560446430213
2024,16070,34,4,-0.0465048829970196,0.04458154757129678
1981,16071,9,0,,
1982,16071,11,0,,
1983,16071,22,1,,
1984,16071,16,0,,
1985,16071,6,0,,
1986,16071,12,0,,
1987,16071,6,0,,
1988,16071,28,1,,
1989,16071,29,2,,0.04830601981955332
1990,16071,38,3,,0.03123693533522771
1991,16071,15,1,,0.14814297339819518
1992,16071,25,0,,0.1706174449552383
1993,16071,19,3,,0.07893505529090239
1994,16071,26,2,,0.021801117235118662
1995,16071,24,3,,0.09343564311422618
1996,16071,4,0,,0.38426860921291134
1997,16071,20,2,,0.11446937272641704
1998,16071,38,2,,0.09000635769534598
1999,16071,26,0,,0.06419334274359052
2000,16071,27,2,,0.09122224578767527
2001,16071,21,1,0.13895312522045875,0.1692549715290372
2002,16071,30,5,-0.1172302885375817,0.04304410723177673
2003,16071,11,0,-0.2752667264378116,0.06856281627896661
2004,16071,18,1,-0.013239955101905301,0.1138273460882743
2005,16071,19,1,-0.0454186242169761,0.08208742588742587
2006,16071,7,0,-0.1409011500211844,0.28347013502491125
2007,16071,40,5,0.2972659692615906,0.09311520568936388
2008,16071,33,3,0.008025462149697297,0.10138515589073852
2009,16071,7,0,-0.16589029925926352,0.13356882866614558
2010,16071,9,1,-0.2557463579912535,0.2021054076729464
2011,16071,15,2,-0.025299512388333695,0.09045969185757237
2012,16071,27,3,0.08234272903595931,0.14284441331839282
2013,16071,14,1,-0.3114260285642274,0.10850320742133025
2014,16071,33,1,0.17337675501585992,0.10432963355763605
2015,16071,18,1,0.2308184039847877,0.22076167129045815
2016,16071,26,5,0.164841791915714,0.08652916997411561
2017,16071,12,3,0.06272447183020541,0.13108720981551772
2018,16071,18,0,0.2345495292113877,0.1336142613594248
2019,16071,24,0,0.1344537992424141,0.12290037202205392
2020,16071,40,7,0.25229138291011577,0.21251592029580937
2021,16071,16,0,0.0849391365398829,0.11547842392771063
2022,16071,38,5,0.0490312000055711,0.1673911112300324
2023,16071,31,7,0.128419094586886,0.23840509799230417
2024,16071,36,7,-0.059301908391993605,0.06883241930949886
1981,16072,4,0,,
1982,16072,4,0,,
1983,16072,12,0,,
1984,16072,1,0,,
1985,16072,2,0,,
1986,16072,1,0,,
1987,16072,3,0,,
1988,16072,13,0,,
1989,16072,7,0,,0.007831436167921655
1990,16072,13,1,,0.005723246683378547
1991,16072,6,1,,0.10961481446301925
1992,16072,7,0,,0.1250810207442282
1993,16072,9,0,,0.08515453567430303
1994,16072,10,0,,0.006862381795473572
1995,16072,12,1,,0.04953450132272302
1996,16072,0,0,,6.144657
1997,16072,6,0,,0.05277454517015183
1998,16072,21,0,,0.08755961049756561
1981,16073,4,0,,
1982,16073,8,0,,
1983,16073,15,1,,
1984,16073,4,0,,
1985,16073,4,0,,
1986,16073,9,0,,
1987,16073,4,0,,
1988,16073,19,0,,
1989,16073,20,2,,0.0039006428259377147
1990,16073,30,1,,0.003220518567899803
1995,16073,20,2,,0.0488825936241409
1996,16073,1,0,,5.122614
1997,16073,18,1,,0.03756152333992545
1998,16073,32,0,,0.08341343366406961
1999,16073,17,0,,0.02912596796690876
1981,16074,6,0,,
1982,16074,11,0,,
1983,16074,17,1,,
1984,16074,10,0,,
1985,16074,6,0,,
1986,16074,10,0,,
1987,16074,5,0,,
1988,16074,20,2,,
1989,16074,26,2,,0.07532749005706381
1990,16074,37,3,,0.047492325784271865
1991,16074,16,1,,0.1504926711404738
1992,16074,25,1,,0.1754773572377158
1993,16074,18,3,,0.1088149306360563
1994,16074,22,2,,0.04749993829953519
1995,16074,22,4,,0.12308214886852441
1996,16074,1,0,,25.372753
1997,16074,20,2,,0.13864275403972665
1998,16074,38,2,,0.11330670187579676
1999,16074,23,1,,0.08481412256143625
2000,16074,24,3,,0.10430008792566717
2001,16074,20,1,0.16564063391994532,0.18213871604188797
2002,16074,30,6,-0.1580913690729997,0.05701252958880927
2003,16074,10,0,-0.2579581989832075,0.19049254658385092
2004,16074,14,2,-0.0535017316237549,0.12637140424715518
2005,16074,19,1,-0.058293872551174596,0.09437754101640658
2006,16074,5,0,-0.1911243430630241,0.3040947451213809
2007,16074,42,5,0.2845103745575007,0.0967849832877661
2008,16074,33,3,-0.0112177117327464,0.10365335293115202
2009,16074,4,0,-0.14694301389508668,0.14928622504857797
2010,16074,8,1,-0.21739730473764649,0.2535896673011163
2011,16074,14,2,-0.024060757855147802,0.1025057711633054
2012,16074,25,3,0.09830583371316451,0.2087977348244331
2013,16074,13,1,-0.3459023051585424,0.1598395605036139
2014,16074,34,2,0.2003700917231075,0.12125799404170805
2015,16074,13,1,0.22116624084697778,0.22486748241273855
2016,16074,25,5,0.1477064267536578,0.11269235925325913
2017,16074,12,3,0.077268705833098,0.14194506974114465
2018,16074,19,0,0.23042167027500998,0.1367163934733232
2019,16074,23,0,0.1299045761752104,0.17019870671599083
2020,16074,37,7,0.2462224438175708,0.21669019494535752
2021,16074,16,0,0.09431425112236219,0.13957311646609305
2022,16074,31,5,0.05403537058408211,0.170774628448857
2023,16074,30,7,0.1378730744466403,0.2624754877521853
2024,16074,36,9,0.0090629149050038,0.07366082389189452
1981,16075,4,0,,
1982,16075,9,0,,
1983,16075,15,0,,
1984,16075,4,0,,
1985,16075,4,0,,
1986,16075,8,0,,
1987,16075,5,0,,
1988,16075,18,1,,
1989,16075,18,2,,0.004045700229795772
1990,16075,27,0,,0.005571899794954087
1991,16075,11,1,,0.15688117579226105
1992,16075,20,0,,0.16091881981008174
1993,16075,12,1,,0.13841012772143574
1994,16075,17,0,,0.00438208254090674
1995,16075,18,2,,0.05471543238045569
1996,16075,1,0,,6.7646084
1997,16075,19,1,,0.06411235477472371
1998,16075,33,1,,0.0983732900007558
1999,16075,17,0,,0.0419997452195135
2000,16075,19,1,,0.14365108008115526
2001,16075,15,0,0.16770901804619862,0.12133762248917539
2002,16075,29,1,-0.1578919859036946,0.024585144920120997
2003,16075,8,0,-0.277897241648068,0.041581551998044725
2004,16075,12,1,-0.058493509767482806,0.07488919650917845
2005,16075,14,0,-0.19390554815615,0.055284305650231014
2006,16075,3,0,-0.2288268746993199,0.1784977789659853
2007,16075,38,3,0.3785548086461824,0.04663460105575639
2008,16075,30,2,0.057002686918195,0.06462173289673101
2009,16075,4,0,-0.073360794361576,0.10280267083489075
2010,16075,6,1,-0.2221927898038928,0.07813396938151661
2011,16075,13,0,-0.0989216554374415,0.04155149078824911
2012,16075,19,0,-0.008001451520479898,0.09275156479217604
2013,16075,12,1,-0.2638708133637133,0.08724642499451822
2014,16075,31,1,0.2063526382554678,0.0521595544756248
2015,16075,8,1,0.14457239554921458,0.12468039145954347
2016,16075,21,1,0.1644452375033757,0.05924181528662421
2017,16075,11,1,0.14671938831210948,0.06831812463075147
2018,16075,16,0,0.2457783553585469,0.06809116846064064
2019,16075,17,0,0.1295435251312878,0.07341557033936313
2020,16075,29,4,0.3486366191401318,0.1586728130286188
2021,16075,15,0,0.0752180392217701,0.06981074040121943
2022,16075,23,2,0.033605442513662,0.09836492985049272
2023,16075,28,2,0.1231494265515293,0.19906223679202426
2024,16075,35,4,-0.0056129164858532005,0.045615991370223444
1981,16076,4,0,,
1982,16076,9,0,,
1983,16076,17,1,,
1984,16076,6,0,,
1985,16076,6,0,,
1986,16076,10,0,,
1987,16076,5,0,,
1988,16076,19,2,,
1989,16076,25,2,,0.03571563913603547
1990,16076,32,2,,0.0312027299290954
1991,16076,14,1,,0.4774184194793195
1992,16076,22,1,,0.17580937367528612
1993,16076,14,3,,0.20365471120618725
1994,16076,22,2,,0.01783063992089278
1995,16076,21,2,,0.08307809691777945
1996,16076,1,0,,21.772001
1997,16076,19,2,,0.08172384927694903
1998,16076,35,2,,0.05847248683880672
1999,16076,18,0,,0.08110839162617964
2000,16076,20,3,,0.11773667946977791
2001,16076,18,0,0.1699600806782727,0.15938802950794737
2002,16076,29,3,-0.0653780179618019,0.05267585234439759
2003,16076,10,0,-0.2954744537008452,0.1789395216670613
2004,16076,13,1,-0.10583696248418291,0.09873914739716783
2005,16076,16,0,-0.21411682315098252,0.07355351433513288
2006,16076,3,0,-0.25041120300763275,0.282890291781922
2007,16076,39,4,0.3389161009136994,0.0812687043770373
2008,16076,30,3,-0.019665419400032698,0.08404028836097414
2009,16076,4,0,-0.11953162318177109,0.12680830073466273
2010,16076,7,1,-0.2123253320864925,0.1505306419021784
2011,16076,14,1,-0.16999130417110242,0.10729168906400854
2012,16076,21,3,0.0805424773419743,0.10933070626459943
2013,16076,13,1,-0.30891600018598164,0.10565662642213589
2014,16076,32,2,0.2139024905384445,0.09177029058457947
2015,16076,10,1,0.2545630123405056,0.13193926060409825
2016,16076,22,4,0.1911121937834814,0.07685300649240377
2017,16076,12,2,0.11743101958039921,0.11106207136580969
2018,16076,17,0,0.2580852024866864,0.1172386632698936
2019,16076,19,0,0.0950811894083683,0.08471030962343097
2020,16076,32,6,0.289507095256777,0.1821003302575677
2021,16076,15,0,0.0983650382584304,0.10641947467458146
2022,16076,26,3,0.0292798467989629,0.12692061973029098
2023,16076,29,3,0.1731677234641646,0.17747843514510184
2024,16076,37,7,0.021325168480658598,0.04757243662989996
1981,16077,8,0,,
1982,16077,12,0,,
1983,16077,19,1,,
1984,16077,14,0,,
1985,16077,6,0,,
1986,16077,12,0,,
1987,16077,6,0,,
1988,16077,32,3,,
1989,16077,28,4,,0.0493855675753642
1990,16077,40,2,,0.058499683318010004
1991,16077,16,2,,0.12954084130236793
1992,16077,28,2,,0.16545458977573477
1993,16077,18,4,,0.2687930074833733
1994,16077,27,1,,0.06550424555364315
1995,16077,25,5,,0.12148995850763528
1996,16077,3,0,,27.798922
1997,16077,21,3,,0.15855282555282557
1998,16077,39,5,,0.10821583418941617
1999,16077,25,2,,0.09413101036393542
2000,16077,25,3,,0.11376198184656298
2001,16077,22,1,0.1894509492445129,0.23088048240485212
2002,16077,30,8,-0.1255192508885705,0.09504871190388275
2003,16077,11,1,-0.2600287133851905,0.12183503684563117
2004,16077,16,3,-0.048286843531986604,0.12476194174757282
2005,16077,19,1,-0.044023979133922295,0.0895339045521995
2006,16077,4,0,-0.1979029149151942,0.2508718310207514
2007,16077,42,8,0.3046232326771099,0.0825263303428782
2008,16077,33,6,-0.0555817937121907,0.10852982117999785
2009,16077,6,0,-0.20857714347291312,0.20650612105817484
2010,16077,9,1,-0.1702149758091153,0.2331666932292081
2011,16077,14,2,-0.22987175193492154,0.1209195043899237
2012,16077,26,3,0.0541705519838907,0.20824104136604132
2013,16077,13,1,-0.2891832877630799,0.15874617144204695
2014,16077,35,2,0.1875976822471092,0.1265034864399739
2015,16077,17,1,0.25893265260924114,0.17996633871386777
2016,16077,25,5,0.1535420538997956,0.10129152811339129
2017,16077,13,4,0.09040754901125221,0.14469968913333106
2018,16077,21,2,0.3091466634031097,0.11960494924671439
2019,16077,25,1,0.0831789372464897,0.1355095626058591
2020,16077,38,6,0.2662153049934175,0.2283282701843451
2021,16077,18,0,0.1477743233600942,0.12091150946080523
2022,16077,32,5,-0.0099749048755471,0.15877844521981857
2023,16077,30,7,0.1269942200836156,0.2416816222497095
2024,16077,37,10,0.0367229386629937,0.0721511940016382
