district_no,year,yield,avg_elevation,avg_soil_pawc,pflanzliche_erzeugung_lag1,zuckerrben_lag1,dngemittel_Q1_lag1,dngemittel_Q2_lag1,dngemittel_Q3_lag1,dngemittel_Q4_lag1,energie_und_schmierstoffe_Q1_lag1,energie_und_schmierstoffe_Q2_lag1,energie_und_schmierstoffe_Q3_lag1,energie_und_schmierstoffe_Q4_lag1,pflanzenschutzmittel_Q1_lag1,pflanzenschutzmittel_Q2_lag1,pflanzenschutzmittel_Q3_lag1,pflanzenschutzmittel_Q4_lag1,saat_und_pflanzgut_Q1_lag1,saat_und_pflanzgut_Q2_lag1,saat_und_pflanzgut_Q3_lag1,saat_und_pflanzgut_Q4_lag1,winter_temp_anomaly,winter_precip_anomaly,forecasted_temp_anomaly,forecasted_precip_anomaly
1051,2017,75.65,4.312761096339693,60.66861105434826,92.6,111.4,100.5,98.5,92.2,92.0,90.5,94.2,96.2,100.4,97.0,97.0,97.0,97.9,95.4,96.8,95.3,94.7,-2.1704620844575984,-0.6197031606325476,0.5984069352290251,5.4955491315384366e-09
1051,2018,67.25,4.312761096339693,60.66861105434826,93.1,96.7,93.4,96.4,93.4,93.6,102.9,102.7,98.7,102.5,98.8,99.5,99.5,99.4,96.6,96.5,95.9,96.7,-0.9644711165704659,0.19397359586531343,-0.42780652218181636,-6.79681350261723e-07
1051,2019,86.17,4.312761096339693,60.66861105434826,102.7,95.4,96.0,96.8,95.7,99.2,105.5,106.1,108.8,116.1,100.0,99.6,98.6,98.3,96.5,97.8,98.9,98.9,0.4142306679441294,-0.09779728916585462,0.7518813512236433,1.9296901217345067e-06
1051,2020,81.5,4.312761096339693,60.66861105434826,101.9,90.0,100.9,102.6,103.2,103.9,108.9,111.8,110.5,111.0,98.7,98.9,99.2,99.6,100.1,102.5,99.7,99.7,0.6938454464644239,0.31242713564667135,0.8384127642323478,-2.3131690273687414e-07
1051,2021,89.82,4.312761096339693,60.66861105434826,100.0,100.0,103.7,101.1,95.4,99.8,113.2,94.1,97.6,95.1,99.6,99.9,99.8,100.8,99.3,99.7,100.5,100.6,-0.35580361114000675,0.027283579926785616,0.2093958586913343,-1.2994934599657662e-07
1053,2017,79.43,40.00613405135157,48.82537288832111,92.6,111.4,100.5,98.5,92.2,92.0,90.5,94.2,96.2,100.4,97.0,97.0,97.0,97.9,95.4,96.8,95.3,94.7,-2.16058306093275,-0.5644588945039893,0.6082831414371133,1.7764539216661118e-08
1053,2018,64.67,40.00613405135157,48.82537288832111,93.1,96.7,93.4,96.4,93.4,93.6,102.9,102.7,98.7,102.5,98.8,99.5,99.5,99.4,96.6,96.5,95.9,96.7,-1.180780208010099,0.19767086672975054,-0.33116903036771406,-2.2326039552551322e-07
1053,2019,88.08,40.00613405135157,48.82537288832111,102.7,95.4,96.0,96.8,95.7,99.2,105.5,106.1,108.8,116.1,100.0,99.6,98.6,98.3,96.5,97.8,98.9,98.9,0.48537134135087606,-0.1724908516152723,0.7751741054790815,1.201759356149372e-06
1053,2020,75.49,40.00613405135157,48.82537288832111,101.9,90.0,100.9,102.6,103.2,103.9,108.9,111.8,110.5,111.0,98.7,98.9,99.2,99.6,100.1,102.5,99.7,99.7,0.7772798151830014,0.3259910232927874,0.8857757335835654,-5.875815640241612e-07
1053,2021,81.98,40.00613405135157,48.82537288832111,100.0,100.0,103.7,101.1,95.4,99.8,113.2,94.1,97.6,95.1,99.6,99.9,99.8,100.8,99.3,99.7,100.5,100.6,-0.36365159717591966,0.09376052777635752,0.2930901410639149,-1.6252019604352608e-07
1054,2018,70.93,3.878989444346276,57.13157050524072,93.1,96.7,93.4,96.4,93.4,93.6,102.9,102.7,98.7,102.5,98.8,99.5,99.5,99.4,96.6,96.5,95.9,96.7,-0.7762258831031321,0.14569204133929442,-0.4711872491412031,-2.844027589926737e-07
1054,2019,99.18,3.878989444346276,57.13157050524072,102.7,95.4,96.0,96.8,95.7,99.2,105.5,106.1,108.8,116.1,100.0,99.6,98.6,98.3,96.5,97.8,98.9,98.9,0.364897015039871,-0.10679780633737448,0.7458321216438328,1.8548358340165267e-06
1054,2020,88.57,3.878989444346276,57.13157050524072,101.9,90.0,100.9,102.6,103.2,103.9,108.9,111.8,110.5,111.0,98.7,98.9,99.2,99.6,100.1,102.5,99.7,99.7,0.6474062268116818,0.41003491827109306,0.8446298685418855,-7.209238410026787e-08
1054,2021,93.31,3.878989444346276,57.13157050524072,100.0,100.0,103.7,101.1,95.4,99.8,113.2,94.1,97.6,95.1,99.6,99.9,99.8,100.8,99.3,99.7,100.5,100.6,-0.322788000191489,-0.026685536600392048,0.19015720109500095,-8.43391340949966e-08
1058,2017,74.04,18.6739993731766,53.52441928771236,92.6,111.4,100.5,98.5,92.2,92.0,90.5,94.2,96.2,100.4,97.0,97.0,97.0,97.9,95.4,96.8,95.3,94.7,-2.0109155624343322,-0.5765139757490122,0.6032062920477994,-9.568656009110011e-08
1058,2018,74.42,18.6739993731766,53.52441928771236,93.1,96.7,93.4,96.4,93.4,93.6,102.9,102.7,98.7,102.5,98.8,99.5,99.5,99.4,96.6,96.5,95.9,96.7,-1.074560017843691,0.1933270461327758,-0.40392102485352244,-1.996555554028994e-07
1058,2019,83.81,18.6739993731766,53.52441928771236,102.7,95.4,96.0,96.8,95.7,99.2,105.5,106.1,108.8,116.1,100.0,99.6,98.6,98.3,96.5,97.8,98.9,98.9,0.4534226490362223,-0.1509268184458533,0.7497233821701504,1.4497292507246702e-06
1058,2020,81.04,18.6739993731766,53.52441928771236,101.9,90.0,100.9,102.6,103.2,103.9,108.9,111.8,110.5,111.0,98.7,98.9,99.2,99.6,100.1,102.5,99.7,99.7,0.7369279442254786,0.3638005592233579,0.8677466292135696,-4.341480805550019e-07
1058,2021,81.67,18.6739993731766,53.52441928771236,100.0,100.0,103.7,101.1,95.4,99.8,113.2,94.1,97.6,95.1,99.6,99.9,99.8,100.8,99.3,99.7,100.5,100.6,-0.3096662957382257,0.02234959604319629,0.24532134216811435,-6.943353874720318e-08
1059,2017,74.21,21.813499268367053,51.94983958903685,92.6,111.4,100.5,98.5,92.2,92.0,90.5,94.2,96.2,100.4,97.0,97.0,97.0,97.9,95.4,96.8,95.3,94.7,-1.9736443922557292,-0.570045738260016,0.5970332897279792,1.1376102161821801e-08
1059,2018,76.15,21.813499268367053,51.94983958903685,93.1,96.7,93.4,96.4,93.4,93.6,102.9,102.7,98.7,102.5,98.8,99.5,99.5,99.4,96.6,96.5,95.9,96.7,-1.0290133787530764,0.14685894980648878,-0.4290525061712932,1.7313885631659678e-07
1059,2019,83.37,21.813499268367053,51.94983958903685,102.7,95.4,96.0,96.8,95.7,99.2,105.5,106.1,108.8,116.1,100.0,99.6,98.6,98.3,96.5,97.8,98.9,98.9,0.4611470693918486,-0.12591870403779742,0.7337408919982097,1.5002685267330134e-06
1059,2020,83.2,21.813499268367053,51.94983958903685,101.9,90.0,100.9,102.6,103.2,103.9,108.9,111.8,110.5,111.0,98.7,98.9,99.2,99.6,100.1,102.5,99.7,99.7,0.7504295629981774,0.41303315518828576,0.8569290063365708,-3.627777343275018e-07
1059,2021,81.92,21.813499268367053,51.94983958903685,100.0,100.0,103.7,101.1,95.4,99.8,113.2,94.1,97.6,95.1,99.6,99.9,99.8,100.8,99.3,99.7,100.5,100.6,-0.3688581442012274,-0.03616343066441614,0.22827524096009272,-2.7359552644796516e-08
1060,2017,78.3,34.30699266787498,50.82564035364499,92.6,111.4,100.5,98.5,92.2,92.0,90.5,94.2,96.2,100.4,97.0,97.0,97.0,97.9,95.4,96.8,95.3,94.7,-2.087110942017686,-0.5804977416992188,0.609451899193228,-1.8557374668529653e-07
1060,2018,57.12,34.30699266787498,50.82564035364499,93.1,96.7,93.4,96.4,93.4,93.6,102.9,102.7,98.7,102.5,98.8,99.5,99.5,99.4,96.6,96.5,95.9,96.7,-1.1185316904927838,0.19736957550048828,-0.3729172137340233,-4.7053811419789254e-07
1060,2019,87.71,34.30699266787498,50.82564035364499,102.7,95.4,96.0,96.8,95.7,99.2,105.5,106.1,108.8,116.1,100.0,99.6,98.6,98.3,96.5,97.8,98.9,98.9,0.4605069169682261,-0.14971250295639038,0.7612519483924255,1.3575937365756805e-06
1060,2020,76.03,34.30699266787498,50.82564035364499,101.9,90.0,100.9,102.6,103.2,103.9,108.9,111.8,110.5,111.0,98.7,98.9,99.2,99.6,100.1,102.5,99.7,99.7,0.7395899616783428,0.31522417068481445,0.8745346649916416,-5.1226154940626e-07
1060,2021,82.84,34.30699266787498,50.82564035364499,100.0,100.0,103.7,101.1,95.4,99.8,113.2,94.1,97.6,95.1,99.6,99.9,99.8,100.8,99.3,99.7,100.5,100.6,-0.3072924168576866,0.08176743984222412,0.2674681669471407,-1.1680804148136479e-07
1061,2017,72.7,8.498057820216552,61.49693127291663,92.6,111.4,100.5,98.5,92.2,92.0,90.5,94.2,96.2,100.4,97.0,97.0,97.0,97.9,95.4,96.8,95.3,94.7,-2.1286281255802226,-0.5990066528320312,0.6027035668066354,-7.854062964793266e-08
1061,2018,65.86,8.498057820216552,61.49693127291663,93.1,96.7,93.4,96.4,93.4,93.6,102.9,102.7,98.7,102.5,98.8,99.5,99.5,99.4,96.6,96.5,95.9,96.7,-1.044463638846164,0.1868354082107544,-0.3785630148281039,-5.862427089791154e-07
1061,2019,82.63,8.498057820216552,61.49693127291663,102.7,95.4,96.0,96.8,95.7,99.2,105.5,106.1,108.8,116.1,100.0,99.6,98.6,98.3,96.5,97.8,98.9,98.9,0.42637844868217245,-0.13470923900604248,0.7426287883912476,1.6185456479809475e-06
1061,2020,79.2,8.498057820216552,61.49693127291663,101.9,90.0,100.9,102.6,103.2,103.9,108.9,111.8,110.5,111.0,98.7,98.9,99.2,99.6,100.1,102.5,99.7,99.7,0.6985476228159406,0.3421369791030884,0.8376277549597732,-5.42990740796817e-07
1061,2021,76.46,8.498057820216552,61.49693127291663,100.0,100.0,103.7,101.1,95.4,99.8,113.2,94.1,97.6,95.1,99.6,99.9,99.8,100.8,99.3,99.7,100.5,100.6,-0.31884410040427624,0.05035698413848877,0.23630660646414559,-7.722980362887855e-08
3101,2017,76.84,79.36886014887196,46.774093627551125,92.6,111.4,100.5,98.5,92.2,92.0,90.5,94.2,96.2,100.4,97.0,97.0,97.0,97.9,95.4,96.8,95.3,94.7,-2.3487493939397264,-0.5198572422431375,0.5881936969705706,9.221681050728823e-07
3101,2018,69.5,79.36886014887196,46.774093627551125,93.1,96.7,93.4,96.4,93.4,93.6,102.9,102.7,98.7,102.5,98.8,99.5,99.5,99.4,96.6,96.5,95.9,96.7,-1.042537206440372,0.14175276784995613,-0.20648235078024055,3.8313995970260773e-07
3101,2019,72.34,79.36886014887196,46.774093627551125,102.7,95.4,96.0,96.8,95.7,99.2,105.5,106.1,108.8,116.1,100.0,99.6,98.6,98.3,96.5,97.8,98.9,98.9,0.32046238847504205,-0.1091502425894375,0.8148636258843382,9.619493724587706e-07
3101,2020,72.26,79.36886014887196,46.774093627551125,101.9,90.0,100.9,102.6,103.2,103.9,108.9,111.8,110.5,111.0,98.7,98.9,99.2,99.6,100.1,102.5,99.7,99.7,0.6906949126329855,0.22537005917498618,0.8549089479719544,-7.326359578111409e-07
3101,2021,77.36,79.36886014887196,46.774093627551125,100.0,100.0,103.7,101.1,95.4,99.8,113.2,94.1,97.6,95.1,99.6,99.9,99.8,100.8,99.3,99.7,100.5,100.6,-0.424510020929445,0.051381309509228354,0.3538788112145931,-1.6752499292390694e-07
3102,2017,89.36,117.4934737513266,52.202526218022896,92.6,111.4,100.5,98.5,92.2,92.0,90.5,94.2,96.2,100.4,97.0,97.0,97.0,97.9,95.4,96.8,95.3,94.7,-2.4031157042343936,-0.524282759000315,0.5846381863085005,1.0527557209016903e-06
3102,2018,65.23,117.4934737513266,52.202526218022896,93.1,96.7,93.4,96.4,93.4,93.6,102.9,102.7,98.7,102.5,98.8,99.5,99.5,99.4,96.6,96.5,95.9,96.7,-1.085250055663913,0.11612768896629357,-0.19411310457940797,4.4997180135786863e-07
3102,2019,77.05,117.4934737513266,52.202526218022896,102.7,95.4,96.0,96.8,95.7,99.2,105.5,106.1,108.8,116.1,100.0,99.6,98.6,98.3,96.5,97.8,98.9,98.9,0.25745430263749236,-0.01609268883504192,0.8173892232699984,9.976604048304969e-07
3102,2020,80.29,117.4934737513266,52.202526218022896,101.9,90.0,100.9,102.6,103.2,103.9,108.9,111.8,110.5,111.0,98.7,98.9,99.2,99.6,100.1,102.5,99.7,99.7,0.731782223272819,0.19618112158681006,0.8508864711050005,-7.600479370413669e-07
3102,2021,90.78,117.4934737513266,52.202526218022896,100.0,100.0,103.7,101.1,95.4,99.8,113.2,94.1,97.6,95.1,99.6,99.9,99.8,100.8,99.3,99.7,100.5,100.6,-0.3898720867362909,0.056765766897471974,0.3606859432150375,-1.421843236335234e-07
3103,2017,78.2,82.63539670359086,43.88645822268728,92.6,111.4,100.5,98.5,92.2,92.0,90.5,94.2,96.2,100.4,97.0,97.0,97.0,97.9,95.4,96.8,95.3,94.7,-2.3641877210795106,-0.5117028467036564,0.5934182621763229,7.857332679646663e-07
3103,2018,44.63,82.63539670359086,43.88645822268728,93.1,96.7,93.4,96.4,93.4,93.6,102.9,102.7,98.7,102.5,98.8,99.5,99.5,99.4,96.6,96.5,95.9,96.7,-1.038880987538484,0.13732692868069757,-0.21863940100271143,3.483818238974402e-07
3103,2020,74.78,82.63539670359086,43.88645822268728,101.9,90.0,100.9,102.6,103.2,103.9,108.9,111.8,110.5,111.0,98.7,98.9,99.2,99.6,100.1,102.5,99.7,99.7,0.7029589993768824,0.21748953427301004,0.8621151614422724,-6.531336148939323e-07
3151,2017,80.12,73.6892495743334,42.563852771214265,92.6,111.4,100.5,98.5,92.2,92.0,90.5,94.2,96.2,100.4,97.0,97.0,97.0,97.9,95.4,96.8,95.3,94.7,-2.35336402629955,-0.5146503448486328,0.5921801099737019,7.390498608886392e-07
3151,2018,75.15,73.6892495743334,42.563852771214265,93.1,96.7,93.4,96.4,93.4,93.6,102.9,102.7,98.7,102.5,98.8,99.5,99.5,99.4,96.6,96.5,95.9,96.7,-1.033269986585904,0.15296709537506104,-0.22948880307670186,2.6499735636398313e-07
3151,2019,74.67,73.6892495743334,42.563852771214265,102.7,95.4,96.0,96.8,95.7,99.2,105.5,106.1,108.8,116.1,100.0,99.6,98.6,98.3,96.5,97.8,98.9,98.9,0.41466843553917465,-0.17817795276641846,0.8007339381287133,1.051617280137587e-06
3151,2020,77.81,73.6892495743334,42.563852771214265,101.9,90.0,100.9,102.6,103.2,103.9,108.9,111.8,110.5,111.0,98.7,98.9,99.2,99.6,100.1,102.5,99.7,99.7,0.7077598667425485,0.2607966661453247,0.8584797542335564,-7.278184923118152e-07
3151,2021,80.22,73.6892495743334,42.563852771214265,100.0,100.0,103.7,101.1,95.4,99.8,113.2,94.1,97.6,95.1,99.6,99.9,99.8,100.8,99.3,99.7,100.5,100.6,-0.4596766924436328,0.03282368183135986,0.3329379032544826,-1.7952512454943228e-07
3153,2017,85.69,387.65537837221,68.64159594833163,92.6,111.4,100.5,98.5,92.2,92.0,90.5,94.2,96.2,100.4,97.0,97.0,97.0,97.9,95.4,96.8,95.3,94.7,-2.4493140207841426,-0.5252874009574929,0.5841553284830721,1.0099314522755127e-06
3153,2018,63.27,387.65537837221,68.64159594833163,93.1,96.7,93.4,96.4,93.4,93.6,102.9,102.7,98.7,102.5,98.8,99.5,99.5,99.4,96.6,96.5,95.9,96.7,-1.1718407884812487,0.10954793699994336,-0.1738432390091798,5.46600290003314e-07
3153,2019,79.57,387.65537837221,68.64159594833163,102.7,95.4,96.0,96.8,95.7,99.2,105.5,106.1,108.8,116.1,100.0,99.6,98.6,98.3,96.5,97.8,98.9,98.9,0.24367868731451806,0.02233657798998845,0.8290836701426855,9.130811096187584e-07
3153,2020,79.79,387.65537837221,68.64159594833163,101.9,90.0,100.9,102.6,103.2,103.9,108.9,111.8,110.5,111.0,98.7,98.9,99.2,99.6,100.1,102.5,99.7,99.7,0.8039286417774565,0.18157577138347145,0.8504736069940431,-6.598946419684549e-07
3153,2021,85.36,387.65537837221,68.64159594833163,100.0,100.0,103.7,101.1,95.4,99.8,113.2,94.1,97.6,95.1,99.6,99.9,99.8,100.8,99.3,99.7,100.5,100.6,-0.39854865393122524,0.04605013136502363,0.37605395396428615,-1.4682980630144056e-07
3154,2017,78.37,120.71246267567484,47.3940791687049,92.6,111.4,100.5,98.5,92.2,92.0,90.5,94.2,96.2,100.4,97.0,97.0,97.0,97.9,95.4,96.8,95.3,94.7,-2.428260442978785,-0.5106630628077528,0.5933270283863677,8.21816282338492e-07
3154,2018,53.7,120.71246267567484,47.3940791687049,93.1,96.7,93.4,96.4,93.4,93.6,102.9,102.7,98.7,102.5,98.8,99.5,99.5,99.4,96.6,96.5,95.9,96.7,-1.0170535055910925,0.14901596265045516,-0.20906052304584954,4.1543550578477287e-07
3154,2019,68.84,120.71246267567484,47.3940791687049,102.7,95.4,96.0,96.8,95.7,99.2,105.5,106.1,108.8,116.1,100.0,99.6,98.6,98.3,96.5,97.8,98.9,98.9,0.3340833853098944,-0.13705042518336757,0.8306854996947879,7.227611597928496e-07
3154,2020,69.86,120.71246267567484,47.3940791687049,101.9,90.0,100.9,102.6,103.2,103.9,108.9,111.8,110.5,111.0,98.7,98.9,99.2,99.6,100.1,102.5,99.7,99.7,0.7457109208306199,0.18725209674809973,0.8647299404748402,-6.024377526076086e-07
3154,2021,76.06,120.71246267567484,47.3940791687049,100.0,100.0,103.7,101.1,95.4,99.8,113.2,94.1,97.6,95.1,99.6,99.9,99.8,100.8,99.3,99.7,100.5,100.6,-0.4661957685639735,0.06525063671450951,0.3655772522462073,-2.2641307609301937e-07
3155,2017,88.15,231.4685232956745,58.19983547821087,92.6,111.4,100.5,98.5,92.2,92.0,90.5,94.2,96.2,100.4,97.0,97.0,97.0,97.9,95.4,96.8,95.3,94.7,-2.2301710051492236,-0.5559181571006775,0.5736595111229443,1.118881347798069e-06
3155,2018,83.05,231.4685232956745,58.19983547821087,93.1,96.7,93.4,96.4,93.4,93.6,102.9,102.7,98.7,102.5,98.8,99.5,99.5,99.4,96.6,96.5,95.9,96.7,-1.0003337888175627,0.1290227174758911,-0.1584409305318677,6.270892621544938e-07
3155,2019,81.1,231.4685232956745,58.19983547821087,102.7,95.4,96.0,96.8,95.7,99.2,105.5,106.1,108.8,116.1,100.0,99.6,98.6,98.3,96.5,97.8,98.9,98.9,0.24780030186938545,-0.020285606384277344,0.8106801121007446,1.2911119658635593e-06
3155,2020,88.53,231.4685232956745,58.19983547821087,101.9,90.0,100.9,102.6,103.2,103.9,108.9,111.8,110.5,111.0,98.7,98.9,99.2,99.6,100.1,102.5,99.7,99.7,0.5590227179501435,0.2373415231704712,0.8364567289564421,-6.525215877443983e-07
3155,2021,85.12,231.4685232956745,58.19983547821087,100.0,100.0,103.7,101.1,95.4,99.8,113.2,94.1,97.6,95.1,99.6,99.9,99.8,100.8,99.3,99.7,100.5,100.6,-0.48194023268566194,0.0934755802154541,0.36277988412440204,-3.519730278833342e-08
3157,2017,84.09,73.38944065927016,45.43448187787549,92.6,111.4,100.5,98.5,92.2,92.0,90.5,94.2,96.2,100.4,97.0,97.0,97.0,97.9,95.4,96.8,95.3,94.7,-2.328741897076739,-0.5276429831568888,0.5843410979090969,9.691886450947e-07
3157,2018,69.87,73.38944065927016,45.43448187787549,93.1,96.7,93.4,96.4,93.4,93.6,102.9,102.7,98.7,102.5,98.8,99.5,99.5,99.4,96.6,96.5,95.9,96.7,-1.040179336520461,0.13769535151507065,-0.2076851069978432,3.73246503153536e-07
3157,2019,69.48,73.38944065927016,45.43448187787549,102.7,95.4,96.0,96.8,95.7,99.2,105.5,106.1,108.8,116.1,100.0,99.6,98.6,98.3,96.5,97.8,98.9,98.9,0.3160308917059068,-0.11112821974392452,0.8031475411108631,1.1408107427632639e-06
3157,2020,79.48,73.38944065927016,45.43448187787549,101.9,90.0,100.9,102.6,103.2,103.9,108.9,111.8,110.5,111.0,98.7,98.9,99.2,99.6,100.1,102.5,99.7,99.7,0.6821112634037705,0.24276594295779158,0.849088480897864,-8.056906004616784e-07
3157,2021,81.71,73.38944065927016,45.43448187787549,100.0,100.0,103.7,101.1,95.4,99.8,113.2,94.1,97.6,95.1,99.6,99.9,99.8,100.8,99.3,99.7,100.5,100.6,-0.41465847822648416,0.05712686877763895,0.34405585896587326,-1.2860238006882673e-07
3158,2017,82.78,130.02412529590924,49.33051719467714,92.6,111.4,100.5,98.5,92.2,92.0,90.5,94.2,96.2,100.4,97.0,97.0,97.0,97.9,95.4,96.8,95.3,94.7,-2.4087848939202576,-0.5193981542525192,0.5877164698714731,9.8373314707866e-07
3158,2018,63.9,130.02412529590924,49.33051719467714,93.1,96.7,93.4,96.4,93.4,93.6,102.9,102.7,98.7,102.5,98.8,99.5,99.5,99.4,96.6,96.5,95.9,96.7,-1.0754532508758317,0.10246887237986371,-0.19621373040402637,4.481292705883456e-07
3158,2019,77.95,130.02412529590924,49.33051719467714,102.7,95.4,96.0,96.8,95.7,99.2,105.5,106.1,108.8,116.1,100.0,99.6,98.6,98.3,96.5,97.8,98.9,98.9,0.24515844977133863,-0.028478949343211525,0.8257640637154032,8.558257949330012e-07
3158,2020,74.97,130.02412529590924,49.33051719467714,101.9,90.0,100.9,102.6,103.2,103.9,108.9,111.8,110.5,111.0,98.7,98.9,99.2,99.6,100.1,102.5,99.7,99.7,0.7220702059463492,0.198308719175497,0.8557905490601139,-7.001568213091939e-07
3158,2021,81.17,130.02412529590924,49.33051719467714,100.0,100.0,103.7,101.1,95.4,99.8,113.2,94.1,97.6,95.1,99.6,99.9,99.8,100.8,99.3,99.7,100.5,100.6,-0.4151410807600193,0.08141765905668857,0.36693200800618864,-1.774491918455909e-07
3241,2017,85.45,65.35178068571408,44.86763110898455,92.6,111.4,100.5,98.5,92.2,92.0,90.5,94.2,96.2,100.4,97.0,97.0,97.0,97.9,95.4,96.8,95.3,94.7,-2.319920843507226,-0.5397689235895075,0.5770297576175885,9.915448682555724e-07
3241,2018,74.81,65.35178068571408,44.86763110898455,93.1,96.7,93.4,96.4,93.4,93.6,102.9,102.7,98.7,102.5,98.8,99.5,99.5,99.4,96.6,96.5,95.9,96.7,-1.0150397571412844,0.0948882288201757,-0.21737819292850843,3.1479701161091706e-07
3241,2019,74.78,65.35178068571408,44.86763110898455,102.7,95.4,96.0,96.8,95.7,99.2,105.5,106.1,108.8,116.1,100.0,99.6,98.6,98.3,96.5,97.8,98.9,98.9,0.2959945963330431,-0.1199501324565535,0.7767806562079417,1.4933374001019392e-06
3241,2020,82.52,65.35178068571408,44.86763110898455,101.9,90.0,100.9,102.6,103.2,103.9,108.9,111.8,110.5,111.0,98.7,98.9,99.2,99.6,100.1,102.5,99.7,99.7,0.6446242177742012,0.3043315004758981,0.8365216198505309,-9.645926639367924e-07
3241,2021,84.76,65.35178068571408,44.86763110898455,100.0,100.0,103.7,101.1,95.4,99.8,113.2,94.1,97.6,95.1,99.6,99.9,99.8,100.8,99.3,99.7,100.5,100.6,-0.40103094347662954,0.07705466346354398,0.3207435256201964,-6.219134840007364e-08
3251,2017,83.6,37.82531227909938,50.47574318137497,92.6,111.4,100.5,98.5,92.2,92.0,90.5,94.2,96.2,100.4,97.0,97.0,97.0,97.9,95.4,96.8,95.3,94.7,-2.25637950052553,-0.5100392959209165,0.563846340080414,8.022618053519101e-07
3251,2018,53.63,37.82531227909938,50.47574318137497,93.1,96.7,93.4,96.4,93.4,93.6,102.9,102.7,98.7,102.5,98.8,99.5,99.5,99.4,96.6,96.5,95.9,96.7,-1.0581576881289347,0.02089527405423986,-0.2606014535631722,5.828472017205316e-08
3251,2019,62.66,37.82531227909938,50.47574318137497,102.7,95.4,96.0,96.8,95.7,99.2,105.5,106.1,108.8,116.1,100.0,99.6,98.6,98.3,96.5,97.8,98.9,98.9,0.28622929002091985,-0.1427691330946219,0.726150257243372,1.979890906905273e-06
3251,2020,77.31,37.82531227909938,50.47574318137497,101.9,90.0,100.9,102.6,103.2,103.9,108.9,111.8,110.5,111.0,98.7,98.9,99.2,99.6,100.1,102.5,99.7,99.7,0.5775926146733464,0.3390294336335767,0.7919601945018789,-1.0265131713765397e-06
3251,2021,81.42,37.82531227909938,50.47574318137497,100.0,100.0,103.7,101.1,95.4,99.8,113.2,94.1,97.6,95.1,99.6,99.9,99.8,100.8,99.3,99.7,100.5,100.6,-0.3888532366588561,0.0756211035530747,0.2727136766488257,4.3413942541287295e-08
3252,2017,86.76,168.64624754132518,59.42615305944366,92.6,111.4,100.5,98.5,92.2,92.0,90.5,94.2,96.2,100.4,97.0,97.0,97.0,97.9,95.4,96.8,95.3,94.7,-2.2911102243707147,-0.551921010017395,0.5695023778525601,1.3578493071578069e-06
3252,2018,78.89,168.64624754132518,59.42615305944366,93.1,96.7,93.4,96.4,93.4,93.6,102.9,102.7,98.7,102.5,98.8,99.5,99.5,99.4,96.6,96.5,95.9,96.7,-1.009980432137023,0.08103597164154053,-0.18483235652261118,5.03055514447112e-07
3252,2019,83.27,168.64624754132518,59.42615305944366,102.7,95.4,96.0,96.8,95.7,99.2,105.5,106.1,108.8,116.1,100.0,99.6,98.6,98.3,96.5,97.8,98.9,98.9,0.24945013526146295,-0.04463398456573486,0.7820496410501079,1.6259675948024718e-06
3252,2020,88.27,168.64624754132518,59.42615305944366,101.9,90.0,100.9,102.6,103.2,103.9,108.9,111.8,110.5,111.0,98.7,98.9,99.2,99.6,100.1,102.5,99.7,99.7,0.5658984234673382,0.2860453128814697,0.8310032488632274,-9.417081884749317e-07
3252,2021,86.29,168.64624754132518,59.42615305944366,100.0,100.0,103.7,101.1,95.4,99.8,113.2,94.1,97.6,95.1,99.6,99.9,99.8,100.8,99.3,99.7,100.5,100.6,-0.36899804936696595,0.11220002174377441,0.3337985252906943,2.3596780009489276e-08
3254,2017,85.16,145.42201172754338,54.37337369926457,92.6,111.4,100.5,98.5,92.2,92.0,90.5,94.2,96.2,100.4,97.0,97.0,97.0,97.9,95.4,96.8,95.3,94.7,-2.330981642268694,-0.5448952547191279,0.5779274686016334,1.2067738476120835e-06
3254,2018,71.17,145.42201172754338,54.37337369926457,93.1,96.7,93.4,96.4,93.4,93.6,102.9,102.7,98.7,102.5,98.8,99.5,99.5,99.4,96.6,96.5,95.9,96.7,-1.0300114357118806,0.12377833216602047,-0.18768879301644287,4.901553085969562e-07
3254,2019,77.85,145.42201172754338,54.37337369926457,102.7,95.4,96.0,96.8,95.7,99.2,105.5,106.1,108.8,116.1,100.0,99.6,98.6,98.3,96.5,97.8,98.9,98.9,0.2701834902290736,-0.039673068275439274,0.8032719219666977,1.2761222916773577e-06
3254,2020,83.99,145.42201172754338,54.37337369926457,101.9,90.0,100.9,102.6,103.2,103.9,108.9,111.8,110.5,111.0,98.7,98.9,99.2,99.6,100.1,102.5,99.7,99.7,0.6321327118397816,0.24532698377436055,0.8430137953532015,-8.519205963442418e-07
3254,2021,86.11,145.42201172754338,54.37337369926457,100.0,100.0,103.7,101.1,95.4,99.8,113.2,94.1,97.6,95.1,99.6,99.9,99.8,100.8,99.3,99.7,100.5,100.6,-0.40449914313709096,0.08965182521745405,0.35039808907678416,-7.020218906006728e-08
3255,2017,83.56,244.77205326208195,66.78746385962387,92.6,111.4,100.5,98.5,92.2,92.0,90.5,94.2,96.2,100.4,97.0,97.0,97.0,97.9,95.4,96.8,95.3,94.7,-2.277574063761327,-0.5528510388620915,0.5697924151065323,1.3308158413760098e-06
3255,2018,65.97,244.77205326208195,66.78746385962387,93.1,96.7,93.4,96.4,93.4,93.6,102.9,102.7,98.7,102.5,98.8,99.5,99.5,99.4,96.6,96.5,95.9,96.7,-1.0100559132996205,0.09502134890241515,-0.16649914618516587,6.033217158851507e-07
3255,2019,80.49,244.77205326208195,66.78746385962387,102.7,95.4,96.0,96.8,95.7,99.2,105.5,106.1,108.8,116.1,100.0,99.6,98.6,98.3,96.5,97.8,98.9,98.9,0.2581435684502469,-0.06577338895716311,0.7958659683691712,1.5180759076693776e-06
3255,2020,87.83,244.77205326208195,66.78746385962387,101.9,90.0,100.9,102.6,103.2,103.9,108.9,111.8,110.5,111.0,98.7,98.9,99.2,99.6,100.1,102.5,99.7,99.7,0.576570006896028,0.2880148685972266,0.8332601800798675,-8.152493378208898e-07
3255,2021,83.03,244.77205326208195,66.78746385962387,100.0,100.0,103.7,101.1,95.4,99.8,113.2,94.1,97.6,95.1,99.6,99.9,99.8,100.8,99.3,99.7,100.5,100.6,-0.43331241708690976,0.11447934479365673,0.34838368249636026,1.4569917291977254e-08
3256,2017,87.24,36.69954350209412,45.6912156632667,92.6,111.4,100.5,98.5,92.2,92.0,90.5,94.2,96.2,100.4,97.0,97.0,97.0,97.9,95.4,96.8,95.3,94.7,-2.296779094943823,-0.5231091893189456,0.5690828163395384,8.92207786674748e-07
3256,2018,69.71,36.69954350209412,45.6912156632667,93.1,96.7,93.4,96.4,93.4,93.6,102.9,102.7,98.7,102.5,98.8,99.5,99.5,99.4,96.6,96.5,95.9,96.7,-1.0417530545283318,0.03421442154719677,-0.24139274376662112,1.6629255397585026e-07
3256,2019,71.95,36.69954350209412,45.6912156632667,102.7,95.4,96.0,96.8,95.7,99.2,105.5,106.1,108.8,116.1,100.0,99.6,98.6,98.3,96.5,97.8,98.9,98.9,0.28562015201630103,-0.14027063643035018,0.7455444992254909,1.7999466905213971e-06
3256,2020,77.37,36.69954350209412,45.6912156632667,101.9,90.0,100.9,102.6,103.2,103.9,108.9,111.8,110.5,111.0,98.7,98.9,99.2,99.6,100.1,102.5,99.7,99.7,0.6145951720791643,0.34844955900324037,0.8125169951274932,-1.0339928522031124e-06
3256,2021,83.89,36.69954350209412,45.6912156632667,100.0,100.0,103.7,101.1,95.4,99.8,113.2,94.1,97.6,95.1,99.6,99.9,99.8,100.8,99.3,99.7,100.5,100.6,-0.39171944775349066,0.0779745798096029,0.2918996485646763,2.580447146790579e-09
3257,2017,85.22,110.06650836686582,54.52129291862677,92.6,111.4,100.5,98.5,92.2,92.0,90.5,94.2,96.2,100.4,97.0,97.0,97.0,97.9,95.4,96.8,95.3,94.7,-2.2610366792359153,-0.5273861289024353,0.5680367805491099,1.1946629313484286e-06
3257,2018,72.22,110.06650836686582,54.52129291862677,93.1,96.7,93.4,96.4,93.4,93.6,102.9,102.7,98.7,102.5,98.8,99.5,99.5,99.4,96.6,96.5,95.9,96.7,-1.0437896274945468,0.0847851037979126,-0.2065794711795397,3.6678262155180553e-07
3257,2019,75.62,110.06650836686582,54.52129291862677,102.7,95.4,96.0,96.8,95.7,99.2,105.5,106.1,108.8,116.1,100.0,99.6,98.6,98.3,96.5,97.8,98.9,98.9,0.2717113195993494,-0.09522867202758789,0.7648274871641328,1.7254484681173413e-06
3257,2020,85.25,110.06650836686582,54.52129291862677,101.9,90.0,100.9,102.6,103.2,103.9,108.9,111.8,110.5,111.0,98.7,98.9,99.2,99.6,100.1,102.5,99.7,99.7,0.6245401091947708,0.3135484457015991,0.821398021169379,-9.703171670638696e-07
3257,2021,83.77,110.06650836686582,54.52129291862677,100.0,100.0,103.7,101.1,95.4,99.8,113.2,94.1,97.6,95.1,99.6,99.9,99.8,100.8,99.3,99.7,100.5,100.6,-0.3890962623735579,0.0900036096572876,0.3157028072506295,3.1037943839750523e-08
3351,2017,81.07,63.23971096729696,45.982047716891806,92.6,111.4,100.5,98.5,92.2,92.0,90.5,94.2,96.2,100.4,97.0,97.0,97.0,97.9,95.4,96.8,95.3,94.7,-2.347721995279994,-0.5303501925810358,0.5852614701984045,7.116600105300596e-07
3351,2018,69.04,63.23971096729696,45.982047716891806,93.1,96.7,93.4,96.4,93.4,93.6,102.9,102.7,98.7,102.5,98.8,99.5,99.5,99.4,96.6,96.5,95.9,96.7,-1.0300078930579162,0.12864379126918962,-0.24196602619933036,1.746241550841351e-07
3351,2019,65.67,63.23971096729696,45.982047716891806,102.7,95.4,96.0,96.8,95.7,99.2,105.5,106.1,108.8,116.1,100.0,99.6,98.6,98.3,96.5,97.8,98.9,98.9,0.40485491409805613,-0.18333223077613373,0.7750084852586511,1.3629689871998307e-06
3351,2020,74.43,63.23971096729696,45.982047716891806,101.9,90.0,100.9,102.6,103.2,103.9,108.9,111.8,110.5,111.0,98.7,98.9,99.2,99.6,100.1,102.5,99.7,99.7,0.672770577420434,0.3045338099293279,0.8455369398535708,-8.977268329813203e-07
3351,2021,77.86,63.23971096729696,45.982047716891806,100.0,100.0,103.7,101.1,95.4,99.8,113.2,94.1,97.6,95.1,99.6,99.9,99.8,100.8,99.3,99.7,100.5,100.6,-0.4311133600968878,0.034332531756242436,0.3102215773623106,-1.2585811379849889e-07
3353,2017,77.59,47.83834153611925,52.692365997490334,92.6,111.4,100.5,98.5,92.2,92.0,90.5,94.2,96.2,100.4,97.0,97.0,97.0,97.9,95.4,96.8,95.3,94.7,-2.2668213292520503,-0.5488748304496148,0.5928483818244986,2.7763946610312797e-07
3353,2018,65.77,47.83834153611925,52.692365997490334,93.1,96.7,93.4,96.4,93.4,93.6,102.9,102.7,98.7,102.5,98.8,99.5,99.5,99.4,96.6,96.5,95.9,96.7,-1.1427769612950336,0.10474983527103196,-0.30485427014763183,-1.6170707317935722e-07
3353,2019,68.87,47.83834153611925,52.692365997490334,102.7,95.4,96.0,96.8,95.7,99.2,105.5,106.1,108.8,116.1,100.0,99.6,98.6,98.3,96.5,97.8,98.9,98.9,0.4739134111120793,-0.16391109746246366,0.754670994008001,1.4834583175804638e-06
3353,2020,76.9,47.83834153611925,52.692365997490334,101.9,90.0,100.9,102.6,103.2,103.9,108.9,111.8,110.5,111.0,98.7,98.9,99.2,99.6,100.1,102.5,99.7,99.7,0.7208911150939525,0.31494890239525486,0.8485209816003668,-8.275530488717304e-07
3353,2021,68.08,47.83834153611925,52.692365997490334,100.0,100.0,103.7,101.1,95.4,99.8,113.2,94.1,97.6,95.1,99.6,99.9,99.8,100.8,99.3,99.7,100.5,100.6,-0.3505765444729279,0.022233367150620673,0.276780855919399,-1.2127650893921482e-07
3354,2017,85.53,39.92315427805637,43.17562863257,92.6,111.4,100.5,98.5,92.2,92.0,90.5,94.2,96.2,100.4,97.0,97.0,97.0,97.9,95.4,96.8,95.3,94.7,-2.393162768742929,-0.5256142816065971,0.6070242404266051,5.073295863622293e-07
3354,2018,67.42,39.92315427805637,43.17562863257,93.1,96.7,93.4,96.4,93.4,93.6,102.9,102.7,98.7,102.5,98.8,99.5,99.5,99.4,96.6,96.5,95.9,96.7,-1.0354608386113595,0.16503770891482358,-0.26335353586891225,1.4296856318512688e-07
3354,2019,73.64,39.92315427805637,43.17562863257,102.7,95.4,96.0,96.8,95.7,99.2,105.5,106.1,108.8,116.1,100.0,99.6,98.6,98.3,96.5,97.8,98.9,98.9,0.48400992312426305,-0.23357446069996246,0.7919734044698729,9.918766328697736e-07
3354,2020,76.04,39.92315427805637,43.17562863257,101.9,90.0,100.9,102.6,103.2,103.9,108.9,111.8,110.5,111.0,98.7,98.9,99.2,99.6,100.1,102.5,99.7,99.7,0.7137550033631692,0.3005368136124928,0.869210051355892,-6.006838948144841e-07
3354,2021,79.16,39.92315427805637,43.17562863257,100.0,100.0,103.7,101.1,95.4,99.8,113.2,94.1,97.6,95.1,99.6,99.9,99.8,100.8,99.3,99.7,100.5,100.6,-0.4167450636615472,0.0424178189787188,0.3127725393152458,-2.3962064970285507e-07
3355,2017,75.58,38.40780862308837,48.089519521973926,92.6,111.4,100.5,98.5,92.2,92.0,90.5,94.2,96.2,100.4,97.0,97.0,97.0,97.9,95.4,96.8,95.3,94.7,-2.334684769290694,-0.5396784686586165,0.6003090249760323,3.2133370156165215e-07
3355,2018,68.11,38.40780862308837,48.089519521973926,93.1,96.7,93.4,96.4,93.4,93.6,102.9,102.7,98.7,102.5,98.8,99.5,99.5,99.4,96.6,96.5,95.9,96.7,-1.1130722520729233,0.12991493987474823,-0.28809924504995055,-3.439288315665681e-08
3355,2019,76.38,38.40780862308837,48.089519521973926,102.7,95.4,96.0,96.8,95.7,99.2,105.5,106.1,108.8,116.1,100.0,99.6,98.6,98.3,96.5,97.8,98.9,98.9,0.5150879822742338,-0.20913215642086955,0.7752551138675167,1.2416180312843229e-06
3355,2020,75.45,38.40780862308837,48.089519521973926,101.9,90.0,100.9,102.6,103.2,103.9,108.9,111.8,110.5,111.0,98.7,98.9,99.2,99.6,100.1,102.5,99.7,99.7,0.7349859700958944,0.32935437181886934,0.8698083401910113,-6.990365094376059e-07
3355,2021,77.89,38.40780862308837,48.089519521973926,100.0,100.0,103.7,101.1,95.4,99.8,113.2,94.1,97.6,95.1,99.6,99.9,99.8,100.8,99.3,99.7,100.5,100.6,-0.41651480658444334,0.04593981880382194,0.2969852452144742,-1.683955808547062e-07
3357,2017,88.53,27.1948989674917,53.57489479719908,92.6,111.4,100.5,98.5,92.2,92.0,90.5,94.2,96.2,100.4,97.0,97.0,97.0,97.9,95.4,96.8,95.3,94.7,-2.3165186597769916,-0.5349774231339806,0.5817644310890511,3.564759070488039e-07
3357,2018,50.52,27.1948989674917,53.57489479719908,93.1,96.7,93.4,96.4,93.4,93.6,102.9,102.7,98.7,102.5,98.8,99.5,99.5,99.4,96.6,96.5,95.9,96.7,-1.1065793251549465,0.030451805910349856,-0.31066359948488903,-2.2533450230949532e-07
3357,2019,71.66,27.1948989674917,53.57489479719908,102.7,95.4,96.0,96.8,95.7,99.2,105.5,106.1,108.8,116.1,100.0,99.6,98.6,98.3,96.5,97.8,98.9,98.9,0.4149229570458145,-0.1230049666378272,0.735761546394576,1.777657764062737e-06
3357,2020,68.88,27.1948989674917,53.57489479719908,101.9,90.0,100.9,102.6,103.2,103.9,108.9,111.8,110.5,111.0,98.7,98.9,99.2,99.6,100.1,102.5,99.7,99.7,0.6402287401219389,0.303892614991477,0.8205518363056885,-9.472161501487945e-07
3357,2021,86.33,27.1948989674917,53.57489479719908,100.0,100.0,103.7,101.1,95.4,99.8,113.2,94.1,97.6,95.1,99.6,99.9,99.8,100.8,99.3,99.7,100.5,100.6,-0.3247312515938186,0.027084454643650658,0.2583678952415735,-8.405638650612113e-08
3358,2017,84.89,64.32476132692005,47.13149378999935,92.6,111.4,100.5,98.5,92.2,92.0,90.5,94.2,96.2,100.4,97.0,97.0,97.0,97.9,95.4,96.8,95.3,94.7,-2.3821164199029883,-0.5287425472485864,0.5815655516612394,5.581210489924152e-07
3358,2018,65.29,64.32476132692005,47.13149378999935,93.1,96.7,93.4,96.4,93.4,93.6,102.9,102.7,98.7,102.5,98.8,99.5,99.5,99.4,96.6,96.5,95.9,96.7,-1.049731468702582,0.08644941815276945,-0.26488401116665994,3.308665865975113e-08
3358,2019,68.44,64.32476132692005,47.13149378999935,102.7,95.4,96.0,96.8,95.7,99.2,105.5,106.1,108.8,116.1,100.0,99.6,98.6,98.3,96.5,97.8,98.9,98.9,0.4439728621107315,-0.18690449113766672,0.7509833188096067,1.5709554286160604e-06
3358,2020,79.94,64.32476132692005,47.13149378999935,101.9,90.0,100.9,102.6,103.2,103.9,108.9,111.8,110.5,111.0,98.7,98.9,99.2,99.6,100.1,102.5,99.7,99.7,0.6451415037192912,0.3195264193993861,0.8343967309720006,-1.0434003501072143e-06
3358,2021,76.3,64.32476132692005,47.13149378999935,100.0,100.0,103.7,101.1,95.4,99.8,113.2,94.1,97.6,95.1,99.6,99.9,99.8,100.8,99.3,99.7,100.5,100.6,-0.39797668094361904,0.03630167818750117,0.2869553122584702,-1.1051747878754284e-07
3359,2017,72.99,12.13256251059729,61.57862618853422,92.6,111.4,100.5,98.5,92.2,92.0,90.5,94.2,96.2,100.4,97.0,97.0,97.0,97.9,95.4,96.8,95.3,94.7,-2.237779735571429,-0.5850743313459468,0.592116521110486,1.531624850669828e-07
3359,2018,70.55,12.13256251059729,61.57862618853422,93.1,96.7,93.4,96.4,93.4,93.6,102.9,102.7,98.7,102.5,98.8,99.5,99.5,99.4,96.6,96.5,95.9,96.7,-1.0947517067370467,0.12291674067423798,-0.3447404106204379,-4.101401707583114e-07
3359,2020,72.52,12.13256251059729,61.57862618853422,101.9,90.0,100.9,102.6,103.2,103.9,108.9,111.8,110.5,111.0,98.7,98.9,99.2,99.6,100.1,102.5,99.7,99.7,0.666907423297561,0.32648873867135314,0.8301114247881554,-7.406685933255675e-07
3359,2021,70.71,12.13256251059729,61.57862618853422,100.0,100.0,103.7,101.1,95.4,99.8,113.2,94.1,97.6,95.1,99.6,99.9,99.8,100.8,99.3,99.7,100.5,100.6,-0.32768209774145723,0.04320936708317758,0.24707949703848073,-8.928002287630609e-08
3360,2017,70.09,71.241791440513,46.17268689394237,92.6,111.4,100.5,98.5,92.2,92.0,90.5,94.2,96.2,100.4,97.0,97.0,97.0,97.9,95.4,96.8,95.3,94.7,-2.4480422841953104,-0.5292705736944636,0.5947906733296034,5.2677628969866e-07
3360,2018,74.95,71.241791440513,46.17268689394237,93.1,96.7,93.4,96.4,93.4,93.6,102.9,102.7,98.7,102.5,98.8,99.5,99.5,99.4,96.6,96.5,95.9,96.7,-1.0416677421472382,0.1340984905202525,-0.25884419248144336,9.425597962741734e-08
3360,2019,68.97,71.241791440513,46.17268689394237,102.7,95.4,96.0,96.8,95.7,99.2,105.5,106.1,108.8,116.1,100.0,99.6,98.6,98.3,96.5,97.8,98.9,98.9,0.48211670733056206,-0.23431228373797075,0.7760091212677176,1.2652156882707764e-06
3360,2020,73.71,71.241791440513,46.17268689394237,101.9,90.0,100.9,102.6,103.2,103.9,108.9,111.8,110.5,111.0,98.7,98.9,99.2,99.6,100.1,102.5,99.7,99.7,0.7109768179610286,0.3198635429411433,0.8595264380120607,-7.757706839528929e-07
3360,2021,74.18,71.241791440513,46.17268689394237,100.0,100.0,103.7,101.1,95.4,99.8,113.2,94.1,97.6,95.1,99.6,99.9,99.8,100.8,99.3,99.7,100.5,100.6,-0.4454615248287768,0.03765713511663444,0.300819853801462,-1.7174173522091926e-07
3361,2017,81.11,20.634482190791463,51.58528505388986,92.6,111.4,100.5,98.5,92.2,92.0,90.5,94.2,96.2,100.4,97.0,97.0,97.0,97.9,95.4,96.8,95.3,94.7,-2.330736979863565,-0.525525587785318,0.5728669712271945,5.267456857844702e-07
3361,2018,62.93,20.634482190791463,51.58528505388986,93.1,96.7,93.4,96.4,93.4,93.6,102.9,102.7,98.7,102.5,98.8,99.5,99.5,99.4,96.6,96.5,95.9,96.7,-1.0494332193993328,0.01758447756324016,-0.27952658000445807,-5.054596152456793e-08
3361,2019,66.48,20.634482190791463,51.58528505388986,102.7,95.4,96.0,96.8,95.7,99.2,105.5,106.1,108.8,116.1,100.0,99.6,98.6,98.3,96.5,97.8,98.9,98.9,0.35197176600054475,-0.1434486508648326,0.7290516043119102,1.817770175890667e-06
3361,2020,83.17,20.634482190791463,51.58528505388986,101.9,90.0,100.9,102.6,103.2,103.9,108.9,111.8,110.5,111.0,98.7,98.9,99.2,99.6,100.1,102.5,99.7,99.7,0.62886528636121,0.3218016507507795,0.8093489418497687,-1.1216382019231731e-06
3361,2021,87.29,20.634482190791463,51.58528505388986,100.0,100.0,103.7,101.1,95.4,99.8,113.2,94.1,97.6,95.1,99.6,99.9,99.8,100.8,99.3,99.7,100.5,100.6,-0.39074360173149286,0.059544438936481654,0.26891003106641465,-5.5772558332640854e-08
3453,2017,85.44,23.37155096682817,53.732832910953526,92.6,111.4,100.5,98.5,92.2,92.0,90.5,94.2,96.2,100.4,97.0,97.0,97.0,97.9,95.4,96.8,95.3,94.7,-2.3028031830507527,-0.5118910074234009,0.5471454425806184,8.195256190254022e-07
3453,2021,76.41,23.37155096682817,53.732832910953526,100.0,100.0,103.7,101.1,95.4,99.8,113.2,94.1,97.6,95.1,99.6,99.9,99.8,100.8,99.3,99.7,100.5,100.6,-0.343338288360415,0.10201454162597656,0.2351418231270638,6.190576019806579e-08
3454,2018,61.17,21.883429345484306,56.02737782782792,93.1,96.7,93.4,96.4,93.4,93.6,102.9,102.7,98.7,102.5,98.8,99.5,99.5,99.4,96.6,96.5,95.9,96.7,-1.0073266192651886,-0.011435975205647646,-0.29097273760059106,-8.691519134357537e-08
3454,2019,60.68,21.883429345484306,56.02737782782792,102.7,95.4,96.0,96.8,95.7,99.2,105.5,106.1,108.8,116.1,100.0,99.6,98.6,98.3,96.5,97.8,98.9,98.9,0.27016453363698534,-0.11062005082760643,0.6949077897432925,2.2599987120448567e-06
3454,2020,68.08,21.883429345484306,56.02737782782792,101.9,90.0,100.9,102.6,103.2,103.9,108.9,111.8,110.5,111.0,98.7,98.9,99.2,99.6,100.1,102.5,99.7,99.7,0.4502023412398271,0.2853294356030371,0.730518928611666,-7.685759851869817e-07
3454,2021,74.27,21.883429345484306,56.02737782782792,100.0,100.0,103.7,101.1,95.4,99.8,113.2,94.1,97.6,95.1,99.6,99.9,99.8,100.8,99.3,99.7,100.5,100.6,-0.40475973063162834,0.13105848249290303,0.23043083169747455,1.4485416284181108e-07
3457,2020,81.22,1.1745174273697248,66.7988873785043,101.9,90.0,100.9,102.6,103.2,103.9,108.9,111.8,110.5,111.0,98.7,98.9,99.2,99.6,100.1,102.5,99.7,99.7,0.4751598784867305,0.29900927920615333,0.7520440746255941,-4.252055745317555e-07
3459,2017,86.61,74.81949659993606,51.725908423046015,92.6,111.4,100.5,98.5,92.2,92.0,90.5,94.2,96.2,100.4,97.0,97.0,97.0,97.9,95.4,96.8,95.3,94.7,-2.1288476011695585,-0.5245818819254833,0.5486292686792774,1.236786228032808e-06
3459,2018,74.87,74.81949659993606,51.725908423046015,93.1,96.7,93.4,96.4,93.4,93.6,102.9,102.7,98.7,102.5,98.8,99.5,99.5,99.4,96.6,96.5,95.9,96.7,-1.0388508886328365,0.04627964297634588,-0.23211263300893892,1.9055711101254788e-07
3459,2019,87.25,74.81949659993606,51.725908423046015,102.7,95.4,96.0,96.8,95.7,99.2,105.5,106.1,108.8,116.1,100.0,99.6,98.6,98.3,96.5,97.8,98.9,98.9,0.23560112348149312,-0.10709491225089297,0.7227989953536167,2.1266975949862304e-06
3459,2020,83.5,74.81949659993606,51.725908423046015,101.9,90.0,100.9,102.6,103.2,103.9,108.9,111.8,110.5,111.0,98.7,98.9,99.2,99.6,100.1,102.5,99.7,99.7,0.43638607613343045,0.3118348168539054,0.7710705880584235,-8.482533576210642e-07
3459,2021,79.08,74.81949659993606,51.725908423046015,100.0,100.0,103.7,101.1,95.4,99.8,113.2,94.1,97.6,95.1,99.6,99.9,99.8,100.8,99.3,99.7,100.5,100.6,-0.37686633890675836,0.1478024066766676,0.2764807888034081,2.0405118727640987e-07
5116,2018,64.4,67.46764971525674,41.93910841738373,93.1,96.7,93.4,96.4,93.4,93.6,102.9,102.7,98.7,102.5,98.8,99.5,99.5,99.4,96.6,96.5,95.9,96.7,-0.9370547548020957,0.02033674716949463,-0.13740523723635517,3.1732858959397324e-07
5116,2019,81.48,67.46764971525674,41.93910841738373,102.7,95.4,96.0,96.8,95.7,99.2,105.5,106.1,108.8,116.1,100.0,99.6,98.6,98.3,96.5,97.8,98.9,98.9,0.08505788324071359,-0.08799618482589722,0.7354434573732075,1.860417833374601e-06
5116,2020,80.65,67.46764971525674,41.93910841738373,101.9,90.0,100.9,102.6,103.2,103.9,108.9,111.8,110.5,111.0,98.7,98.9,99.2,99.6,100.1,102.5,99.7,99.7,0.26626294157678326,0.40651631355285645,0.7284375896484716,-2.1805987899441614e-07
5116,2021,83.61,67.46764971525674,41.93910841738373,100.0,100.0,103.7,101.1,95.4,99.8,113.2,94.1,97.6,95.1,99.6,99.9,99.8,100.8,99.3,99.7,100.5,100.6,-0.2616017269049807,0.13521277904510498,0.3012982894678297,4.215919800004159e-07
5154,2017,88.41,25.55769146043866,43.19994338091747,92.6,111.4,100.5,98.5,92.2,92.0,90.5,94.2,96.2,100.4,97.0,97.0,97.0,97.9,95.4,96.8,95.3,94.7,-1.9543108010392503,-0.515297254045221,0.5158408550170311,1.164742533782684e-06
5154,2018,66.15,25.55769146043866,43.19994338091747,93.1,96.7,93.4,96.4,93.4,93.6,102.9,102.7,98.7,102.5,98.8,99.5,99.5,99.4,96.6,96.5,95.9,96.7,-0.9158971947297103,0.06450008455196925,-0.19275994304506838,2.184647416613565e-07
5154,2019,75.28,25.55769146043866,43.19994338091747,102.7,95.4,96.0,96.8,95.7,99.2,105.5,106.1,108.8,116.1,100.0,99.6,98.6,98.3,96.5,97.8,98.9,98.9,0.04817975079467304,-0.12884715763920995,0.7167227604485745,2.1311539913608078e-06
5154,2020,74.25,25.55769146043866,43.19994338091747,101.9,90.0,100.9,102.6,103.2,103.9,108.9,111.8,110.5,111.0,98.7,98.9,99.2,99.6,100.1,102.5,99.7,99.7,0.31248351802939633,0.3244098037236693,0.7121636693382527,-3.6650662008870556e-07
5154,2021,84.71,25.55769146043866,43.19994338091747,100.0,100.0,103.7,101.1,95.4,99.8,113.2,94.1,97.6,95.1,99.6,99.9,99.8,100.8,99.3,99.7,100.5,100.6,-0.34941870809702397,0.17477117900084777,0.2650140481497424,4.366547644918812e-07
5162,2017,93.74,52.37456553622641,42.423848760014735,92.6,111.4,100.5,98.5,92.2,92.0,90.5,94.2,96.2,100.4,97.0,97.0,97.0,97.9,95.4,96.8,95.3,94.7,-1.8820248669837303,-0.5390816949264211,0.5173829716193434,1.2366225123802577e-06
5162,2018,69.39,52.37456553622641,42.423848760014735,93.1,96.7,93.4,96.4,93.4,93.6,102.9,102.7,98.7,102.5,98.8,99.5,99.5,99.4,96.6,96.5,95.9,96.7,-0.929218199939808,0.022784508378161948,-0.12999472271704338,3.137266709906673e-07
5162,2019,79.62,52.37456553622641,42.423848760014735,102.7,95.4,96.0,96.8,95.7,99.2,105.5,106.1,108.8,116.1,100.0,99.6,98.6,98.3,96.5,97.8,98.9,98.9,0.09929182896067809,-0.08939564020775759,0.7412746825500103,1.916658796307294e-06
5162,2020,78.8,52.37456553622641,42.423848760014735,101.9,90.0,100.9,102.6,103.2,103.9,108.9,111.8,110.5,111.0,98.7,98.9,99.2,99.6,100.1,102.5,99.7,99.7,0.26900450173645757,0.41212620207531697,0.736814659206279,-1.676297132736615e-07
5162,2021,93.15,52.37456553622641,42.423848760014735,100.0,100.0,103.7,101.1,95.4,99.8,113.2,94.1,97.6,95.1,99.6,99.9,99.8,100.8,99.3,99.7,100.5,100.6,-0.2667057162423055,0.13098519353301352,0.31047392555182446,4.0895015023600417e-07
5166,2017,94.62,48.98895390569765,41.116174446336814,92.6,111.4,100.5,98.5,92.2,92.0,90.5,94.2,96.2,100.4,97.0,97.0,97.0,97.9,95.4,96.8,95.3,94.7,-1.8734391109433315,-0.5374088328273656,0.5128292598113546,1.1757743442406528e-06
5166,2018,71.28,48.98895390569765,41.116174446336814,93.1,96.7,93.4,96.4,93.4,93.6,102.9,102.7,98.7,102.5,98.8,99.5,99.5,99.4,96.6,96.5,95.9,96.7,-0.9148432370505891,0.03412888659102981,-0.15264775058489752,3.0310254689657207e-07
5166,2019,71.3,48.98895390569765,41.116174446336814,102.7,95.4,96.0,96.8,95.7,99.2,105.5,106.1,108.8,116.1,100.0,99.6,98.6,98.3,96.5,97.8,98.9,98.9,0.06366373775942351,-0.08655877894290924,0.7295565648074367,1.9217758521184284e-06
5166,2021,85.62,48.98895390569765,41.116174446336814,100.0,100.0,103.7,101.1,95.4,99.8,113.2,94.1,97.6,95.1,99.6,99.9,99.8,100.8,99.3,99.7,100.5,100.6,-0.2634989465930546,0.13766029239825733,0.2909446911395274,4.2766219785730204e-07
5170,2017,86.75,31.455906099143768,42.85644848180261,92.6,111.4,100.5,98.5,92.2,92.0,90.5,94.2,96.2,100.4,97.0,97.0,97.0,97.9,95.4,96.8,95.3,94.7,-1.9252159618070184,-0.5236849364663124,0.5220890416910455,1.235037404216261e-06
5170,2018,43.37,31.455906099143768,42.85644848180261,93.1,96.7,93.4,96.4,93.4,93.6,102.9,102.7,98.7,102.5,98.8,99.5,99.5,99.4,96.6,96.5,95.9,96.7,-0.9107029334478688,0.04632414378099172,-0.18008425532527678,2.790867357051512e-07
5170,2019,68.89,31.455906099143768,42.85644848180261,102.7,95.4,96.0,96.8,95.7,99.2,105.5,106.1,108.8,116.1,100.0,99.6,98.6,98.3,96.5,97.8,98.9,98.9,0.07623052056638054,-0.12457129180564142,0.7232730732807953,2.128562917023661e-06
5334,2017,98.76,307.8268428732844,66.01130205590341,92.6,111.4,100.5,98.5,92.2,92.0,90.5,94.2,96.2,100.4,97.0,97.0,97.0,97.9,95.4,96.8,95.3,94.7,-2.0223013756190444,-0.5191415994776473,0.5048793759301685,1.178407267359681e-06
5334,2018,72.23,307.8268428732844,66.01130205590341,93.1,96.7,93.4,96.4,93.4,93.6,102.9,102.7,98.7,102.5,98.8,99.5,99.5,99.4,96.6,96.5,95.9,96.7,-1.0755268302309444,0.05075920098491199,-0.115423465001434,5.689870776495544e-07
5334,2019,85.63,307.8268428732844,66.01130205590341,102.7,95.4,96.0,96.8,95.7,99.2,105.5,106.1,108.8,116.1,100.0,99.6,98.6,98.3,96.5,97.8,98.9,98.9,0.15470216778028834,0.02282637928722828,0.7389553822206439,1.976704786722966e-06
5334,2020,92.29,307.8268428732844,66.01130205590341,101.9,90.0,100.9,102.6,103.2,103.9,108.9,111.8,110.5,111.0,98.7,98.9,99.2,99.6,100.1,102.5,99.7,99.7,0.33381627406345976,0.35201053949816563,0.7272583458607236,1.0778210201009958e-08
5334,2021,86.27,307.8268428732844,66.01130205590341,100.0,100.0,103.7,101.1,95.4,99.8,113.2,94.1,97.6,95.1,99.6,99.9,99.8,100.8,99.3,99.7,100.5,100.6,-0.1666505564736437,0.12607644645755745,0.32066548365970454,4.2622542148442946e-07
5358,2017,90.59,172.0221120671608,51.23521929115644,92.6,111.4,100.5,98.5,92.2,92.0,90.5,94.2,96.2,100.4,97.0,97.0,97.0,97.9,95.4,96.8,95.3,94.7,-1.9506430542783952,-0.5324631929397583,0.5105565746251507,1.1890339706852475e-06
5358,2018,57.25,172.0221120671608,51.23521929115644,93.1,96.7,93.4,96.4,93.4,93.6,102.9,102.7,98.7,102.5,98.8,99.5,99.5,99.4,96.6,96.5,95.9,96.7,-0.9646973463469799,0.02511274814605713,-0.11119078517695981,4.7207931348155647e-07
5358,2019,76.73,172.0221120671608,51.23521929115644,102.7,95.4,96.0,96.8,95.7,99.2,105.5,106.1,108.8,116.1,100.0,99.6,98.6,98.3,96.5,97.8,98.9,98.9,0.09332624302528163,-0.05879324674606323,0.7443423038870872,1.9097653655780893e-06
5358,2020,72.21,172.0221120671608,51.23521929115644,101.9,90.0,100.9,102.6,103.2,103.9,108.9,111.8,110.5,111.0,98.7,98.9,99.2,99.6,100.1,102.5,99.7,99.7,0.2674568666398619,0.3862982988357544,0.7351171080113665,-1.1775236467530046e-08
5358,2021,84.88,172.0221120671608,51.23521929115644,100.0,100.0,103.7,101.1,95.4,99.8,113.2,94.1,97.6,95.1,99.6,99.9,99.8,100.8,99.3,99.7,100.5,100.6,-0.23052871373502795,0.15251684188842773,0.32248975761885923,4.053395481840547e-07
5362,2017,89.15,87.39634517987913,46.73351601428842,92.6,111.4,100.5,98.5,92.2,92.0,90.5,94.2,96.2,100.4,97.0,97.0,97.0,97.9,95.4,96.8,95.3,94.7,-1.9117752841362228,-0.5332661867141724,0.5156632132128232,1.2496856546527815e-06
5362,2018,68.01,87.39634517987913,46.73351601428842,93.1,96.7,93.4,96.4,93.4,93.6,102.9,102.7,98.7,102.5,98.8,99.5,99.5,99.4,96.6,96.5,95.9,96.7,-0.9362232989209777,0.03387022018432617,-0.11082475009257446,3.95804313623348e-07
5362,2019,77.53,87.39634517987913,46.73351601428842,102.7,95.4,96.0,96.8,95.7,99.2,105.5,106.1,108.8,116.1,100.0,99.6,98.6,98.3,96.5,97.8,98.9,98.9,0.12216070470617985,-0.06683951616287231,0.749853881677488,1.934308672737611e-06
5362,2020,88.88,87.39634517987913,46.73351601428842,101.9,90.0,100.9,102.6,103.2,103.9,108.9,111.8,110.5,111.0,98.7,98.9,99.2,99.6,100.1,102.5,99.7,99.7,0.2737170265632752,0.40634965896606445,0.7423873243786773,-2.7531811578638085e-08
5362,2021,93.86,87.39634517987913,46.73351601428842,100.0,100.0,103.7,101.1,95.4,99.8,113.2,94.1,97.6,95.1,99.6,99.9,99.8,100.8,99.3,99.7,100.5,100.6,-0.2456010332847555,0.14470160007476807,0.32622111352812055,3.8960506665958715e-07
5366,2017,83.11,400.8587965279651,62.31806896521423,92.6,111.4,100.5,98.5,92.2,92.0,90.5,94.2,96.2,100.4,97.0,97.0,97.0,97.9,95.4,96.8,95.3,94.7,-1.9873969392941244,-0.5407899425836669,0.5104340569580557,1.2200606492283114e-06
5366,2018,50.66,400.8587965279651,62.31806896521423,93.1,96.7,93.4,96.4,93.4,93.6,102.9,102.7,98.7,102.5,98.8,99.5,99.5,99.4,96.6,96.5,95.9,96.7,-1.048815185522056,0.038833867800209476,-0.09633852544230649,6.753407272270697e-07
5366,2019,65.94,400.8587965279651,62.31806896521423,102.7,95.4,96.0,96.8,95.7,99.2,105.5,106.1,108.8,116.1,100.0,99.6,98.6,98.3,96.5,97.8,98.9,98.9,0.1530178893756896,-0.02800941842019197,0.7550257557961062,2.1139072057372172e-06
5366,2020,64.62,400.8587965279651,62.31806896521423,101.9,90.0,100.9,102.6,103.2,103.9,108.9,111.8,110.5,111.0,98.7,98.9,99.2,99.6,100.1,102.5,99.7,99.7,0.3239052476395763,0.35885208641677163,0.7456244297186195,2.386972634023764e-07
5366,2021,79.5,400.8587965279651,62.31806896521423,100.0,100.0,103.7,101.1,95.4,99.8,113.2,94.1,97.6,95.1,99.6,99.9,99.8,100.8,99.3,99.7,100.5,100.6,-0.22132979283223908,0.1480965314664455,0.3414784944977471,3.906357537643804e-07
5370,2017,85.34,72.57404322677954,43.13673419738953,92.6,111.4,100.5,98.5,92.2,92.0,90.5,94.2,96.2,100.4,97.0,97.0,97.0,97.9,95.4,96.8,95.3,94.7,-1.89350672998937,-0.5262082622483233,0.5060744843476972,1.1612840405978775e-06
5370,2018,72.54,72.57404322677954,43.13673419738953,93.1,96.7,93.4,96.4,93.4,93.6,102.9,102.7,98.7,102.5,98.8,99.5,99.5,99.4,96.6,96.5,95.9,96.7,-0.9310522817082285,0.03979891565289646,-0.13535655948249053,3.7433881921231035e-07
5370,2019,75.87,72.57404322677954,43.13673419738953,102.7,95.4,96.0,96.8,95.7,99.2,105.5,106.1,108.8,116.1,100.0,99.6,98.6,98.3,96.5,97.8,98.9,98.9,0.07218536570149403,-0.05078359117706265,0.7324621394040063,1.7816809924937735e-06
5370,2020,88.64,72.57404322677954,43.13673419738953,101.9,90.0,100.9,102.6,103.2,103.9,108.9,111.8,110.5,111.0,98.7,98.9,99.2,99.6,100.1,102.5,99.7,99.7,0.2652415594204986,0.38071390859733184,0.7206661345235632,-2.489878079998576e-07
5370,2021,84.49,72.57404322677954,43.13673419738953,100.0,100.0,103.7,101.1,95.4,99.8,113.2,94.1,97.6,95.1,99.6,99.9,99.8,100.8,99.3,99.7,100.5,100.6,-0.22736227001831527,0.13590517145406386,0.3004114004054439,4.2264085062463417e-07
5382,2017,86.72,171.6456726666031,57.84951835677244,92.6,111.4,100.5,98.5,92.2,92.0,90.5,94.2,96.2,100.4,97.0,97.0,97.0,97.9,95.4,96.8,95.3,94.7,-2.0232596839592114,-0.5171186380791418,0.5209783986146052,1.3667333481760001e-06
5382,2018,46.43,171.6456726666031,57.84951835677244,93.1,96.7,93.4,96.4,93.4,93.6,102.9,102.7,98.7,102.5,98.8,99.5,99.5,99.4,96.6,96.5,95.9,96.7,-0.9317497947623741,0.039716580078556926,-0.0995906628523475,4.94221627953796e-07
5382,2019,65.63,171.6456726666031,57.84951835677244,102.7,95.4,96.0,96.8,95.7,99.2,105.5,106.1,108.8,116.1,100.0,99.6,98.6,98.3,96.5,97.8,98.9,98.9,0.169850476118765,-0.03680278305952282,0.7682809261917845,2.119797451272728e-06
5382,2020,56.73,171.6456726666031,57.84951835677244,101.9,90.0,100.9,102.6,103.2,103.9,108.9,111.8,110.5,111.0,98.7,98.9,99.2,99.6,100.1,102.5,99.7,99.7,0.33819630656078836,0.3755573058851475,0.7608145994969341,1.5364098101117345e-07
5382,2021,90.45,171.6456726666031,57.84951835677244,100.0,100.0,103.7,101.1,95.4,99.8,113.2,94.1,97.6,95.1,99.6,99.9,99.8,100.8,99.3,99.7,100.5,100.6,-0.2830913124349751,0.09556580143262763,0.34726671404721154,3.633587420948789e-07
5554,2017,86.0,52.380458202545015,41.98573116093186,92.6,111.4,100.5,98.5,92.2,92.0,90.5,94.2,96.2,100.4,97.0,97.0,97.0,97.9,95.4,96.8,95.3,94.7,-2.042411743858363,-0.49544659950984404,0.5296257457301755,1.3279276484100674e-06
5554,2018,48.1,52.380458202545015,41.98573116093186,93.1,96.7,93.4,96.4,93.4,93.6,102.9,102.7,98.7,102.5,98.8,99.5,99.5,99.4,96.6,96.5,95.9,96.7,-0.9667039844544296,0.06046155753920244,-0.20796290695578615,2.780261304609071e-07
5554,2019,47.62,52.380458202545015,41.98573116093186,102.7,95.4,96.0,96.8,95.7,99.2,105.5,106.1,108.8,116.1,100.0,99.6,98.6,98.3,96.5,97.8,98.9,98.9,0.1514724220132475,-0.12077444006720975,0.7151830255115715,2.2703257891225745e-06
5554,2020,76.94,52.380458202545015,41.98573116093186,101.9,90.0,100.9,102.6,103.2,103.9,108.9,111.8,110.5,111.0,98.7,98.9,99.2,99.6,100.1,102.5,99.7,99.7,0.38935915542227584,0.2579616264355594,0.7343123012811007,-5.321656898138031e-07
5554,2021,87.92,52.380458202545015,41.98573116093186,100.0,100.0,103.7,101.1,95.4,99.8,113.2,94.1,97.6,95.1,99.6,99.9,99.8,100.8,99.3,99.7,100.5,100.6,-0.3872040551841046,0.16681784954897444,0.26663277764788684,4.7405590976395414e-07
5566,2017,52.6,60.48607477092469,47.07922651899528,92.6,111.4,100.5,98.5,92.2,92.0,90.5,94.2,96.2,100.4,97.0,97.0,97.0,97.9,95.4,96.8,95.3,94.7,-2.1387969544798895,-0.5127471685409546,0.5396596924323768,1.3889647030044619e-06
5566,2019,49.93,60.48607477092469,47.07922651899528,102.7,95.4,96.0,96.8,95.7,99.2,105.5,106.1,108.8,116.1,100.0,99.6,98.6,98.3,96.5,97.8,98.9,98.9,0.2162493646112152,-0.11932194232940674,0.7166570564887077,2.2253903713441696e-06
5754,2018,66.47,91.19454333545588,48.81886725992208,93.1,96.7,93.4,96.4,93.4,93.6,102.9,102.7,98.7,102.5,98.8,99.5,99.5,99.4,96.6,96.5,95.9,96.7,-1.025475741265257,0.10509800910949707,-0.17560910928617887,4.6412959647092187e-07
5754,2020,63.58,91.19454333545588,48.81886725992208,101.9,90.0,100.9,102.6,103.2,103.9,108.9,111.8,110.5,111.0,98.7,98.9,99.2,99.6,100.1,102.5,99.7,99.7,0.4558746486175069,0.26899611949920654,0.793928630254846,-7.637173122025003e-07
5754,2021,64.53,91.19454333545588,48.81886725992208,100.0,100.0,103.7,101.1,95.4,99.8,113.2,94.1,97.6,95.1,99.6,99.9,99.8,100.8,99.3,99.7,100.5,100.6,-0.3879394243515954,0.12729239463806152,0.31539577901125504,2.471931714121605e-07
5758,2017,84.45,108.55503905963828,55.57771491542452,92.6,111.4,100.5,98.5,92.2,92.0,90.5,94.2,96.2,100.4,97.0,97.0,97.0,97.9,95.4,96.8,95.3,94.7,-2.13243829487036,-0.5351172481537992,0.5579608436558223,1.4072321979905276e-06
5758,2018,78.53,108.55503905963828,55.57771491542452,93.1,96.7,93.4,96.4,93.4,93.6,102.9,102.7,98.7,102.5,98.8,99.5,99.5,99.4,96.6,96.5,95.9,96.7,-1.0383895167937458,0.08908702943605333,-0.1961914497652489,3.949508024029791e-07
5758,2019,74.18,108.55503905963828,55.57771491542452,102.7,95.4,96.0,96.8,95.7,99.2,105.5,106.1,108.8,116.1,100.0,99.6,98.6,98.3,96.5,97.8,98.9,98.9,0.2261279431076352,-0.10013559145461384,0.7499059638573531,1.9434251808423507e-06
5758,2020,94.39,108.55503905963828,55.57771491542452,101.9,90.0,100.9,102.6,103.2,103.9,108.9,111.8,110.5,111.0,98.7,98.9,99.2,99.6,100.1,102.5,99.7,99.7,0.522270336608923,0.285855877021458,0.8027144549506442,-8.928772642945502e-07
5758,2021,85.55,108.55503905963828,55.57771491542452,100.0,100.0,103.7,101.1,95.4,99.8,113.2,94.1,97.6,95.1,99.6,99.9,99.8,100.8,99.3,99.7,100.5,100.6,-0.3870174403973298,0.12042385288900566,0.30957161448841547,1.4834917326372132e-07
5762,2017,98.24,230.2836498008996,61.2674786619333,92.6,111.4,100.5,98.5,92.2,92.0,90.5,94.2,96.2,100.4,97.0,97.0,97.0,97.9,95.4,96.8,95.3,94.7,-2.2130213746055616,-0.5629736840618866,0.5602090259609324,1.3150180394669515e-06
5762,2018,63.75,230.2836498008996,61.2674786619333,93.1,96.7,93.4,96.4,93.4,93.6,102.9,102.7,98.7,102.5,98.8,99.5,99.5,99.4,96.6,96.5,95.9,96.7,-0.9810663845687527,0.08624753194273388,-0.15373625364893267,6.126376555472843e-07
5762,2019,81.5,230.2836498008996,61.2674786619333,102.7,95.4,96.0,96.8,95.7,99.2,105.5,106.1,108.8,116.1,100.0,99.6,98.6,98.3,96.5,97.8,98.9,98.9,0.228329319342365,-0.03605465453140008,0.7855971094627305,1.7036920171233806e-06
5762,2020,85.14,230.2836498008996,61.2674786619333,101.9,90.0,100.9,102.6,103.2,103.9,108.9,111.8,110.5,111.0,98.7,98.9,99.2,99.6,100.1,102.5,99.7,99.7,0.49218495697923853,0.2632327855071025,0.8155371197116758,-6.288779373934486e-07
5762,2021,81.94,230.2836498008996,61.2674786619333,100.0,100.0,103.7,101.1,95.4,99.8,113.2,94.1,97.6,95.1,99.6,99.9,99.8,100.8,99.3,99.7,100.5,100.6,-0.4399663572253919,0.1304902835305384,0.3451928680274479,1.0946796539246463e-07
5766,2017,76.29,195.0615252904903,67.58305823046362,92.6,111.4,100.5,98.5,92.2,92.0,90.5,94.2,96.2,100.4,97.0,97.0,97.0,97.9,95.4,96.8,95.3,94.7,-2.177890629327501,-0.5507863759994507,0.5611990367418533,1.5210685993366402e-06
5766,2018,69.29,195.0615252904903,67.58305823046362,93.1,96.7,93.4,96.4,93.4,93.6,102.9,102.7,98.7,102.5,98.8,99.5,99.5,99.4,96.6,96.5,95.9,96.7,-1.0480329956128525,0.08564424514770508,-0.1747360890193309,5.264982185441665e-07
5766,2019,78.07,195.0615252904903,67.58305823046362,102.7,95.4,96.0,96.8,95.7,99.2,105.5,106.1,108.8,116.1,100.0,99.6,98.6,98.3,96.5,97.8,98.9,98.9,0.24197941408757526,-0.043971240520477295,0.7701411341783525,1.7993614705281338e-06
5766,2020,86.25,195.0615252904903,67.58305823046362,101.9,90.0,100.9,102.6,103.2,103.9,108.9,111.8,110.5,111.0,98.7,98.9,99.2,99.6,100.1,102.5,99.7,99.7,0.5254126867935829,0.2566819190979004,0.8166451185220069,-8.652557023140965e-07
5766,2021,84.65,195.0615252904903,67.58305823046362,100.0,100.0,103.7,101.1,95.4,99.8,113.2,94.1,97.6,95.1,99.6,99.9,99.8,100.8,99.3,99.7,100.5,100.6,-0.3771356002059451,0.11558389663696289,0.32957971973392297,1.2118994605000968e-07
5974,2017,91.31,184.8455356969452,63.28052138138053,92.6,111.4,100.5,98.5,92.2,92.0,90.5,94.2,96.2,100.4,97.0,97.0,97.0,97.9,95.4,96.8,95.3,94.7,-2.0936101514374257,-0.5434990717375109,0.5420366194240831,1.4777794867191498e-06
5974,2018,76.73,184.8455356969452,63.28052138138053,93.1,96.7,93.4,96.4,93.4,93.6,102.9,102.7,98.7,102.5,98.8,99.5,99.5,99.4,96.6,96.5,95.9,96.7,-1.0651924780356286,0.10326505906744389,-0.15326826326726178,4.550588914921159e-07
5974,2019,82.92,184.8455356969452,63.28052138138053,102.7,95.4,96.0,96.8,95.7,99.2,105.5,106.1,108.8,116.1,100.0,99.6,98.6,98.3,96.5,97.8,98.9,98.9,0.1579482156237264,0.06433180621986319,0.7563546544528561,2.1438718403131212e-06
5974,2020,86.72,184.8455356969452,63.28052138138053,101.9,90.0,100.9,102.6,103.2,103.9,108.9,111.8,110.5,111.0,98.7,98.9,99.2,99.6,100.1,102.5,99.7,99.7,0.4848695601169124,0.27474138464882797,0.7818146603057132,-4.4816807786452167e-07
5974,2021,86.45,184.8455356969452,63.28052138138053,100.0,100.0,103.7,101.1,95.4,99.8,113.2,94.1,97.6,95.1,99.6,99.9,99.8,100.8,99.3,99.7,100.5,100.6,-0.39234007931129444,0.08807372722052434,0.3273581523812195,3.0550585077969607e-07
5978,2020,76.5,98.65422229152692,54.21490373855284,101.9,90.0,100.9,102.6,103.2,103.9,108.9,111.8,110.5,111.0,98.7,98.9,99.2,99.6,100.1,102.5,99.7,99.7,0.37594390540570777,0.35308051109313965,0.764241594227118,-3.8567794045876526e-07
6414,2021,90.33,209.4923269980455,52.72598136375322,100.0,100.0,103.7,101.1,95.4,99.8,113.2,94.1,97.6,95.1,99.6,99.9,99.8,100.8,99.3,99.7,100.5,100.6,-0.5025635799454767,0.16795450211016524,0.38828027570743817,4.2525417253914205e-07
6431,2019,84.83,228.5186488360849,52.46739927321287,102.7,95.4,96.0,96.8,95.7,99.2,105.5,106.1,108.8,116.1,100.0,99.6,98.6,98.3,96.5,97.8,98.9,98.9,0.21758551093352782,-0.04755196203977324,0.8502794135820069,1.2147914163679225e-06
6432,2017,88.3,189.481084601446,51.88960179488917,92.6,111.4,100.5,98.5,92.2,92.0,90.5,94.2,96.2,100.4,97.0,97.0,97.0,97.9,95.4,96.8,95.3,94.7,-2.1488194345720215,-0.5754899382591248,0.5334517531353492,1.551720160935119e-06
6432,2018,57.0,189.481084601446,51.88960179488917,93.1,96.7,93.4,96.4,93.4,93.6,102.9,102.7,98.7,102.5,98.8,99.5,99.5,99.4,96.6,96.5,95.9,96.7,-0.8187218833000524,0.23369669914245605,-0.03830800032296166,1.2234415677558428e-06
6432,2019,81.78,189.481084601446,51.88960179488917,102.7,95.4,96.0,96.8,95.7,99.2,105.5,106.1,108.8,116.1,100.0,99.6,98.6,98.3,96.5,97.8,98.9,98.9,0.24328895052851596,-0.08621072769165039,0.8551907794410238,1.1063946846748099e-06
6432,2020,71.79,189.481084601446,51.88960179488917,101.9,90.0,100.9,102.6,103.2,103.9,108.9,111.8,110.5,111.0,98.7,98.9,99.2,99.6,100.1,102.5,99.7,99.7,0.4650225984459606,0.2710028886795044,0.8428377702289983,3.9103728080604176e-07
6432,2021,80.09,189.481084601446,51.88960179488917,100.0,100.0,103.7,101.1,95.4,99.8,113.2,94.1,97.6,95.1,99.6,99.9,99.8,100.8,99.3,99.7,100.5,100.6,-0.5192417380585432,0.09694099426269531,0.40034136517644586,4.099208298449854e-07
6433,2017,88.72,92.4125293783346,43.40426238206409,92.6,111.4,100.5,98.5,92.2,92.0,90.5,94.2,96.2,100.4,97.0,97.0,97.0,97.9,95.4,96.8,95.3,94.7,-2.090425324324087,-0.5975407337374559,0.5309813607328275,1.6235405462389913e-06
6433,2018,70.7,92.4125293783346,43.40426238206409,93.1,96.7,93.4,96.4,93.4,93.6,102.9,102.7,98.7,102.5,98.8,99.5,99.5,99.4,96.6,96.5,95.9,96.7,-0.7638869867680231,0.2536342260779177,-0.04117369879366183,1.162188058818618e-06
6433,2019,80.37,92.4125293783346,43.40426238206409,102.7,95.4,96.0,96.8,95.7,99.2,105.5,106.1,108.8,116.1,100.0,99.6,98.6,98.3,96.5,97.8,98.9,98.9,0.26053943960577064,-0.17882513824689603,0.8590031276837456,1.1448812252032206e-06
6433,2020,71.53,92.4125293783346,43.40426238206409,101.9,90.0,100.9,102.6,103.2,103.9,108.9,111.8,110.5,111.0,98.7,98.9,99.2,99.6,100.1,102.5,99.7,99.7,0.41789990767997703,0.28376674392794504,0.8355704450813706,4.195981588124763e-07
6433,2021,83.38,92.4125293783346,43.40426238206409,100.0,100.0,103.7,101.1,95.4,99.8,113.2,94.1,97.6,95.1,99.6,99.9,99.8,100.8,99.3,99.7,100.5,100.6,-0.5313837245525715,0.15534544712112505,0.3971115693909052,4.0440746985579046e-07
6434,2017,92.11,376.41009902321633,58.18841328380765,92.6,111.4,100.5,98.5,92.2,92.0,90.5,94.2,96.2,100.4,97.0,97.0,97.0,97.9,95.4,96.8,95.3,94.7,-2.0501350675937453,-0.606189235715714,0.5350654366122489,1.462048054180163e-06
6434,2018,61.64,376.41009902321633,58.18841328380765,93.1,96.7,93.4,96.4,93.4,93.6,102.9,102.7,98.7,102.5,98.8,99.5,99.5,99.4,96.6,96.5,95.9,96.7,-0.8605829679979905,0.153765822980836,-0.06558350211504456,9.747558906877963e-07
6434,2019,82.43,376.41009902321633,58.18841328380765,102.7,95.4,96.0,96.8,95.7,99.2,105.5,106.1,108.8,116.1,100.0,99.6,98.6,98.3,96.5,97.8,98.9,98.9,0.26177057505539986,-0.12976245213777451,0.8389456630008214,1.4134643488534225e-06
6434,2020,74.93,376.41009902321633,58.18841328380765,101.9,90.0,100.9,102.6,103.2,103.9,108.9,111.8,110.5,111.0,98.7,98.9,99.2,99.6,100.1,102.5,99.7,99.7,0.4186660407105353,0.29848473307091034,0.8199621804152848,3.012865025068323e-07
6434,2021,92.38,376.41009902321633,58.18841328380765,100.0,100.0,103.7,101.1,95.4,99.8,113.2,94.1,97.6,95.1,99.6,99.9,99.8,100.8,99.3,99.7,100.5,100.6,-0.5122898891595089,0.1945630968111714,0.38262440074776727,4.2007196258044156e-07
6435,2017,86.27,286.82231562732915,55.338006038509,92.6,111.4,100.5,98.5,92.2,92.0,90.5,94.2,96.2,100.4,97.0,97.0,97.0,97.9,95.4,96.8,95.3,94.7,-2.2285076254284895,-0.576201686197183,0.5467318653917816,1.126336756898599e-06
6435,2018,65.02,286.82231562732915,55.338006038509,93.1,96.7,93.4,96.4,93.4,93.6,102.9,102.7,98.7,102.5,98.8,99.5,99.5,99.4,96.6,96.5,95.9,96.7,-0.8304196904867195,0.15204062202344473,-0.05994181094382635,1.1747694293331625e-06
6435,2019,81.35,286.82231562732915,55.338006038509,102.7,95.4,96.0,96.8,95.7,99.2,105.5,106.1,108.8,116.1,100.0,99.6,98.6,98.3,96.5,97.8,98.9,98.9,0.288022392156134,-0.04834045027614605,0.840456996147881,1.1252658778310893e-06
6440,2017,89.9,218.2592393984248,50.50510330848203,92.6,111.4,100.5,98.5,92.2,92.0,90.5,94.2,96.2,100.4,97.0,97.0,97.0,97.9,95.4,96.8,95.3,94.7,-2.0277789688248036,-0.588031530380249,0.5414075398598891,1.2618710058854153e-06
6440,2018,65.62,218.2592393984248,50.50510330848203,93.1,96.7,93.4,96.4,93.4,93.6,102.9,102.7,98.7,102.5,98.8,99.5,99.5,99.4,96.6,96.5,95.9,96.7,-0.8331142549635322,0.1387617588043213,-0.06863387516960996,1.027709432870046e-06
6440,2019,83.38,218.2592393984248,50.50510330848203,102.7,95.4,96.0,96.8,95.7,99.2,105.5,106.1,108.8,116.1,100.0,99.6,98.6,98.3,96.5,97.8,98.9,98.9,0.2649397108725877,-0.08270132541656494,0.8339443170038483,1.3429609771530422e-06
6440,2020,72.83,218.2592393984248,50.50510330848203,101.9,90.0,100.9,102.6,103.2,103.9,108.9,111.8,110.5,111.0,98.7,98.9,99.2,99.6,100.1,102.5,99.7,99.7,0.492112435769686,0.3044266700744629,0.8250129418649306,2.3104738540155634e-07
6440,2021,93.0,218.2592393984248,50.50510330848203,100.0,100.0,103.7,101.1,95.4,99.8,113.2,94.1,97.6,95.1,99.6,99.9,99.8,100.8,99.3,99.7,100.5,100.6,-0.5450775463661984,0.1459287405014038,0.38239283369836424,3.9416948855823557e-07
6531,2017,91.06,240.53761859489617,50.47837629224309,92.6,111.4,100.5,98.5,92.2,92.0,90.5,94.2,96.2,100.4,97.0,97.0,97.0,97.9,95.4,96.8,95.3,94.7,-1.9985610137656682,-0.6132859813976422,0.5402200911492995,1.246581635433231e-06
6531,2018,64.29,240.53761859489617,50.47837629224309,93.1,96.7,93.4,96.4,93.4,93.6,102.9,102.7,98.7,102.5,98.8,99.5,99.5,99.4,96.6,96.5,95.9,96.7,-0.885803553342581,0.1302750256557991,-0.08361397717440627,8.814374471503522e-07
6531,2019,81.57,240.53761859489617,50.47837629224309,102.7,95.4,96.0,96.8,95.7,99.2,105.5,106.1,108.8,116.1,100.0,99.6,98.6,98.3,96.5,97.8,98.9,98.9,0.24728045974137397,-0.14119258157996809,0.818362821588096,1.5857824671947866e-06
6531,2020,75.22,240.53761859489617,50.47837629224309,101.9,90.0,100.9,102.6,103.2,103.9,108.9,111.8,110.5,111.0,98.7,98.9,99.2,99.6,100.1,102.5,99.7,99.7,0.45015393903881096,0.32380418399048666,0.8099531740466414,1.5037440149530616e-07
6531,2021,86.67,240.53761859489617,50.47837629224309,100.0,100.0,103.7,101.1,95.4,99.8,113.2,94.1,97.6,95.1,99.6,99.9,99.8,100.8,99.3,99.7,100.5,100.6,-0.561623862698976,0.2040107189912301,0.37470681652789745,3.582212617441472e-07
6535,2017,82.48,381.61814459518007,56.02250347734993,92.6,111.4,100.5,98.5,92.2,92.0,90.5,94.2,96.2,100.4,97.0,97.0,97.0,97.9,95.4,96.8,95.3,94.7,-2.1387427182129373,-0.5970022678375244,0.549018536461823,1.007918251406351e-06
6535,2018,63.28,381.61814459518007,56.02250347734993,93.1,96.7,93.4,96.4,93.4,93.6,102.9,102.7,98.7,102.5,98.8,99.5,99.5,99.4,96.6,96.5,95.9,96.7,-1.0263003258563417,0.13065385818481445,-0.08353281966033413,9.757601563837942e-07
6535,2019,75.02,381.61814459518007,56.02250347734993,102.7,95.4,96.0,96.8,95.7,99.2,105.5,106.1,108.8,116.1,100.0,99.6,98.6,98.3,96.5,97.8,98.9,98.9,0.2714890937273383,-0.0597415566444397,0.8213522184937829,1.3913376526903542e-06
6535,2021,82.1,381.61814459518007,56.02250347734993,100.0,100.0,103.7,101.1,95.4,99.8,113.2,94.1,97.6,95.1,99.6,99.9,99.8,100.8,99.3,99.7,100.5,100.6,-0.6002085682718431,0.12112367153167725,0.37812711855819053,2.8112277824562535e-07
6633,2017,86.51,283.1839426580986,55.48021563816635,92.6,111.4,100.5,98.5,92.2,92.0,90.5,94.2,96.2,100.4,97.0,97.0,97.0,97.9,95.4,96.8,95.3,94.7,-2.1551300847518284,-0.5815889217449596,0.5602291795122987,1.0736710405084823e-06
6633,2018,69.18,283.1839426580986,55.48021563816635,93.1,96.7,93.4,96.4,93.4,93.6,102.9,102.7,98.7,102.5,98.8,99.5,99.5,99.4,96.6,96.5,95.9,96.7,-0.9543968121924654,0.09769700806214156,-0.13183343903890898,7.302633894839941e-07
6633,2019,81.45,283.1839426580986,55.48021563816635,102.7,95.4,96.0,96.8,95.7,99.2,105.5,106.1,108.8,116.1,100.0,99.6,98.6,98.3,96.5,97.8,98.9,98.9,0.193255744501542,-0.06813333588257198,0.800164695868248,1.558079369972899e-06
6633,2020,81.2,283.1839426580986,55.48021563816635,101.9,90.0,100.9,102.6,103.2,103.9,108.9,111.8,110.5,111.0,98.7,98.9,99.2,99.6,100.1,102.5,99.7,99.7,0.48128412227803824,0.2895758246606424,0.8141720933560489,-3.959809793400491e-07
6633,2021,82.29,283.1839426580986,55.48021563816635,100.0,100.0,103.7,101.1,95.4,99.8,113.2,94.1,97.6,95.1,99.6,99.9,99.8,100.8,99.3,99.7,100.5,100.6,-0.5336050176632445,0.17458264013224079,0.35960486601910935,8.73813621045596e-08
6634,2017,89.15,302.2606762770996,50.86215178289449,92.6,111.4,100.5,98.5,92.2,92.0,90.5,94.2,96.2,100.4,97.0,97.0,97.0,97.9,95.4,96.8,95.3,94.7,-2.0975697332164587,-0.5902567206412366,0.5539390703878588,8.560212005176378e-07
6634,2018,66.84,302.2606762770996,50.86215178289449,93.1,96.7,93.4,96.4,93.4,93.6,102.9,102.7,98.7,102.5,98.8,99.5,99.5,99.4,96.6,96.5,95.9,96.7,-0.9335640845692169,0.1588384647936232,-0.1051527099299096,8.25083283948608e-07
6634,2019,78.98,302.2606762770996,50.86215178289449,102.7,95.4,96.0,96.8,95.7,99.2,105.5,106.1,108.8,116.1,100.0,99.6,98.6,98.3,96.5,97.8,98.9,98.9,0.2362663470567243,-0.08748687192786157,0.8068577756972033,1.5522216929327595e-06
6634,2020,79.7,302.2606762770996,50.86215178289449,101.9,90.0,100.9,102.6,103.2,103.9,108.9,111.8,110.5,111.0,98.7,98.9,99.2,99.6,100.1,102.5,99.7,99.7,0.4774028714709931,0.2805690807157569,0.8015132079150455,-6.416060086205306e-08
6634,2021,81.63,302.2606762770996,50.86215178289449,100.0,100.0,103.7,101.1,95.4,99.8,113.2,94.1,97.6,95.1,99.6,99.9,99.8,100.8,99.3,99.7,100.5,100.6,-0.5857156145340113,0.13907578276944696,0.3709224989605659,1.3060101197318406e-07
6636,2017,77.01,329.5856077347513,57.24082814403981,92.6,111.4,100.5,98.5,92.2,92.0,90.5,94.2,96.2,100.4,97.0,97.0,97.0,97.9,95.4,96.8,95.3,94.7,-2.4131713354513566,-0.5488370811694925,0.5713396943683207,6.679544025585972e-07
6636,2018,45.56,329.5856077347513,57.24082814403981,93.1,96.7,93.4,96.4,93.4,93.6,102.9,102.7,98.7,102.5,98.8,99.5,99.5,99.4,96.6,96.5,95.9,96.7,-0.9029642405700532,0.15309796807942727,-0.11508132093437944,8.018754742476356e-07
6636,2019,74.28,329.5856077347513,57.24082814403981,102.7,95.4,96.0,96.8,95.7,99.2,105.5,106.1,108.8,116.1,100.0,99.6,98.6,98.3,96.5,97.8,98.9,98.9,0.28552021945075284,-0.03319962178446418,0.827434613593719,1.1713641311995664e-06
6636,2020,68.96,329.5856077347513,57.24082814403981,101.9,90.0,100.9,102.6,103.2,103.9,108.9,111.8,110.5,111.0,98.7,98.9,99.2,99.6,100.1,102.5,99.7,99.7,0.5539920969603359,0.23238942336412602,0.8285239190267739,-2.1195691411962234e-07
6636,2021,77.11,329.5856077347513,57.24082814403981,100.0,100.0,103.7,101.1,95.4,99.8,113.2,94.1,97.6,95.1,99.6,99.9,99.8,100.8,99.3,99.7,100.5,100.6,-0.5284653939690052,0.0906376024442793,0.38524726021061506,-3.0095146500918536e-08
7131,2017,87.47,347.5748997180113,61.81875079042029,92.6,111.4,100.5,98.5,92.2,92.0,90.5,94.2,96.2,100.4,97.0,97.0,97.0,97.9,95.4,96.8,95.3,94.7,-2.0194607711838186,-0.5458589623941367,0.5152818577912928,1.2935697125142314e-06
7133,2018,69.58,296.724437063036,51.07921936344532,93.1,96.7,93.4,96.4,93.4,93.6,102.9,102.7,98.7,102.5,98.8,99.5,99.5,99.4,96.6,96.5,95.9,96.7,-0.8973121962810643,0.19911563396453857,-0.045738432467148656,1.061406217647287e-06
7133,2019,84.04,296.724437063036,51.07921936344532,102.7,95.4,96.0,96.8,95.7,99.2,105.5,106.1,108.8,116.1,100.0,99.6,98.6,98.3,96.5,97.8,98.9,98.9,0.1569827279253331,-0.13640040159225464,0.824884763210233,1.641293454243806e-06
7137,2017,86.51,275.56174301379946,52.56413776581187,92.6,111.4,100.5,98.5,92.2,92.0,90.5,94.2,96.2,100.4,97.0,97.0,97.0,97.9,95.4,96.8,95.3,94.7,-2.0230875552439542,-0.5471229553222656,0.5179256213394638,1.3276714225318642e-06
7137,2018,59.55,275.56174301379946,52.56413776581187,93.1,96.7,93.4,96.4,93.4,93.6,102.9,102.7,98.7,102.5,98.8,99.5,99.5,99.4,96.6,96.5,95.9,96.7,-0.9520867476741947,0.12567853927612305,-0.07671787899863701,7.856438824547174e-07
7137,2019,76.15,275.56174301379946,52.56413776581187,102.7,95.4,96.0,96.8,95.7,99.2,105.5,106.1,108.8,116.1,100.0,99.6,98.6,98.3,96.5,97.8,98.9,98.9,0.10783142720374833,-0.07751578092575073,0.7924719619623904,2.0133165183829036e-06
7137,2020,59.96,275.56174301379946,52.56413776581187,101.9,90.0,100.9,102.6,103.2,103.9,108.9,111.8,110.5,111.0,98.7,98.9,99.2,99.6,100.1,102.5,99.7,99.7,0.3512528022274428,0.33664441108703613,0.7763765877222399,4.0194336774415253e-07
7137,2021,82.65,275.56174301379946,52.56413776581187,100.0,100.0,103.7,101.1,95.4,99.8,113.2,94.1,97.6,95.1,99.6,99.9,99.8,100.8,99.3,99.7,100.5,100.6,-0.30642740686838144,0.15933704376220703,0.3674215934236749,3.743821169750004e-07
7331,2017,77.98,184.74102991462405,48.12279545184597,92.6,111.4,100.5,98.5,92.2,92.0,90.5,94.2,96.2,100.4,97.0,97.0,97.0,97.9,95.4,96.8,95.3,94.7,-2.0878677139126864,-0.6065593361854553,0.5193621203548356,1.708064166459302e-06
7331,2018,67.08,184.74102991462405,48.12279545184597,93.1,96.7,93.4,96.4,93.4,93.6,102.9,102.7,98.7,102.5,98.8,99.5,99.5,99.4,96.6,96.5,95.9,96.7,-0.802651215761653,0.24137842655181885,-0.037587602019370274,1.1458282163073459e-06
7331,2019,78.18,184.74102991462405,48.12279545184597,102.7,95.4,96.0,96.8,95.7,99.2,105.5,106.1,108.8,116.1,100.0,99.6,98.6,98.3,96.5,97.8,98.9,98.9,0.242079344497334,-0.1957908272743225,0.8423947555892821,1.3687257878772989e-06
7331,2020,62.62,184.74102991462405,48.12279545184597,101.9,90.0,100.9,102.6,103.2,103.9,108.9,111.8,110.5,111.0,98.7,98.9,99.2,99.6,100.1,102.5,99.7,99.7,0.39545397890634276,0.29190564155578613,0.8227628667097351,4.326834747585104e-07
7331,2021,82.23,184.74102991462405,48.12279545184597,100.0,100.0,103.7,101.1,95.4,99.8,113.2,94.1,97.6,95.1,99.6,99.9,99.8,100.8,99.3,99.7,100.5,100.6,-0.5177950884277072,0.17018651962280273,0.39946910070759123,3.451232430240548e-07
7332,2017,74.55,265.18497040983937,54.88075242723909,92.6,111.4,100.5,98.5,92.2,92.0,90.5,94.2,96.2,100.4,97.0,97.0,97.0,97.9,95.4,96.8,95.3,94.7,-2.270553731729631,-0.6072615385055542,0.5061733542420908,2.024030623750211e-06
7332,2018,55.05,265.18497040983937,54.88075242723909,93.1,96.7,93.4,96.4,93.4,93.6,102.9,102.7,98.7,102.5,98.8,99.5,99.5,99.4,96.6,96.5,95.9,96.7,-0.8242115103229546,0.24049580097198486,-0.023455595137584963,1.2037397608737825e-06
7332,2019,71.52,265.18497040983937,54.88075242723909,102.7,95.4,96.0,96.8,95.7,99.2,105.5,106.1,108.8,116.1,100.0,99.6,98.6,98.3,96.5,97.8,98.9,98.9,0.25021358554485706,-0.2064577341079712,0.8334709521363102,1.4330333353728889e-06
7332,2020,26.24,265.18497040983937,54.88075242723909,101.9,90.0,100.9,102.6,103.2,103.9,108.9,111.8,110.5,111.0,98.7,98.9,99.2,99.6,100.1,102.5,99.7,99.7,0.44527703197111007,0.2996870279312134,0.8216697425264441,3.8074515964713834e-07
7332,2021,70.16,265.18497040983937,54.88075242723909,100.0,100.0,103.7,101.1,95.4,99.8,113.2,94.1,97.6,95.1,99.6,99.9,99.8,100.8,99.3,99.7,100.5,100.6,-0.47519349424928786,0.16506516933441162,0.4103606014335024,2.47017540151837e-07
7333,2017,89.69,306.886938037734,50.4921750699735,92.6,111.4,100.5,98.5,92.2,92.0,90.5,94.2,96.2,100.4,97.0,97.0,97.0,97.9,95.4,96.8,95.3,94.7,-2.125884902400479,-0.5948998338691217,0.5097089468472658,1.7995500791757292e-06
7333,2018,60.73,306.886938037734,50.4921750699735,93.1,96.7,93.4,96.4,93.4,93.6,102.9,102.7,98.7,102.5,98.8,99.5,99.5,99.4,96.6,96.5,95.9,96.7,-0.8542875725351974,0.23166773554767675,-0.0340262800494238,1.1368817196239625e-06
7333,2019,77.35,306.886938037734,50.4921750699735,102.7,95.4,96.0,96.8,95.7,99.2,105.5,106.1,108.8,116.1,100.0,99.6,98.6,98.3,96.5,97.8,98.9,98.9,0.22579763561522842,-0.19155385128504537,0.8302824807463001,1.507481749498814e-06
7333,2020,68.67,306.886938037734,50.4921750699735,101.9,90.0,100.9,102.6,103.2,103.9,108.9,111.8,110.5,111.0,98.7,98.9,99.2,99.6,100.1,102.5,99.7,99.7,0.3817830078097383,0.3119121648338922,0.8138555847544922,4.305404367547139e-07
7333,2021,87.99,306.886938037734,50.4921750699735,100.0,100.0,103.7,101.1,95.4,99.8,113.2,94.1,97.6,95.1,99.6,99.9,99.8,100.8,99.3,99.7,100.5,100.6,-0.416792760507698,0.15424892549661573,0.40129277683693837,3.113259055784106e-07
7334,2017,77.96,120.12467382252188,47.66931692198731,92.6,111.4,100.5,98.5,92.2,92.0,90.5,94.2,96.2,100.4,97.0,97.0,97.0,97.9,95.4,96.8,95.3,94.7,-2.3200565328712686,-0.5617961854370529,0.49512361841408997,2.3966573833543333e-06
7334,2018,54.88,120.12467382252188,47.66931692198731,93.1,96.7,93.4,96.4,93.4,93.6,102.9,102.7,98.7,102.5,98.8,99.5,99.5,99.4,96.6,96.5,95.9,96.7,-0.8175194637998013,0.27883361780863086,-0.005956395429602543,1.2948663448439696e-06
7334,2019,67.24,120.12467382252188,47.66931692198731,102.7,95.4,96.0,96.8,95.7,99.2,105.5,106.1,108.8,116.1,100.0,99.6,98.6,98.3,96.5,97.8,98.9,98.9,0.1893293252636432,-0.12041838854001405,0.8295148006050772,1.4474478904882257e-06
7334,2020,54.7,120.12467382252188,47.66931692198731,101.9,90.0,100.9,102.6,103.2,103.9,108.9,111.8,110.5,111.0,98.7,98.9,99.2,99.6,100.1,102.5,99.7,99.7,0.468656200740503,0.2584015627970172,0.8265419434958049,3.1665305479778765e-07
7334,2021,86.37,120.12467382252188,47.66931692198731,100.0,100.0,103.7,101.1,95.4,99.8,113.2,94.1,97.6,95.1,99.6,99.9,99.8,100.8,99.3,99.7,100.5,100.6,-0.4845548847751452,0.11642706460858791,0.42523949142159384,1.1548591666787364e-07
7337,2017,84.46,251.85473949706744,56.42069397953205,92.6,111.4,100.5,98.5,92.2,92.0,90.5,94.2,96.2,100.4,97.0,97.0,97.0,97.9,95.4,96.8,95.3,94.7,-2.320891844102757,-0.5841775553541718,0.49433241459884414,2.2986319041868665e-06
7337,2018,75.4,251.85473949706744,56.42069397953205,93.1,96.7,93.4,96.4,93.4,93.6,102.9,102.7,98.7,102.5,98.8,99.5,99.5,99.4,96.6,96.5,95.9,96.7,-0.8482484811951382,0.2528315903404596,-0.011416344542525539,1.2509354701011782e-06
7337,2019,82.84,251.85473949706744,56.42069397953205,102.7,95.4,96.0,96.8,95.7,99.2,105.5,106.1,108.8,116.1,100.0,99.6,98.6,98.3,96.5,97.8,98.9,98.9,0.2412075603405119,-0.16850106709540952,0.8254841782763753,1.4813232345211814e-06
7337,2020,68.11,251.85473949706744,56.42069397953205,101.9,90.0,100.9,102.6,103.2,103.9,108.9,111.8,110.5,111.0,98.7,98.9,99.2,99.6,100.1,102.5,99.7,99.7,0.4447751690946565,0.29308592968518704,0.8203933447780255,3.329453442244535e-07
7337,2021,87.58,251.85473949706744,56.42069397953205,100.0,100.0,103.7,101.1,95.4,99.8,113.2,94.1,97.6,95.1,99.6,99.9,99.8,100.8,99.3,99.7,100.5,100.6,-0.437903255400314,0.12879962054324068,0.4192444453528633,1.7123682392995811e-07
7338,2017,39.21,100.9821622520557,41.94914260173256,92.6,111.4,100.5,98.5,92.2,92.0,90.5,94.2,96.2,100.4,97.0,97.0,97.0,97.9,95.4,96.8,95.3,94.7,-2.192099284118826,-0.5827675461769104,0.5094018689289169,2.0993833416631995e-06
7338,2018,92.23,100.9821622520557,41.94914260173256,93.1,96.7,93.4,96.4,93.4,93.6,102.9,102.7,98.7,102.5,98.8,99.5,99.5,99.4,96.6,96.5,95.9,96.7,-0.7680415073940164,0.2585700750350952,-0.01914119239344827,1.2482073649902842e-06
7339,2017,84.91,190.07160074730552,48.84544684417733,92.6,111.4,100.5,98.5,92.2,92.0,90.5,94.2,96.2,100.4,97.0,97.0,97.0,97.9,95.4,96.8,95.3,94.7,-2.0765954360040677,-0.6028053186869035,0.5244921437839615,1.5183644488155897e-06
7339,2018,59.71,190.07160074730552,48.84544684417733,93.1,96.7,93.4,96.4,93.4,93.6,102.9,102.7,98.7,102.5,98.8,99.5,99.5,99.4,96.6,96.5,95.9,96.7,-0.8070952226724867,0.22906826325953958,-0.04621871638816968,1.099523223285731e-06
7339,2019,78.31,190.07160074730552,48.84544684417733,102.7,95.4,96.0,96.8,95.7,99.2,105.5,106.1,108.8,116.1,100.0,99.6,98.6,98.3,96.5,97.8,98.9,98.9,0.23252943407315685,-0.18299356014622684,0.8429998192773428,1.395440576786912e-06
7339,2020,53.48,190.07160074730552,48.84544684417733,101.9,90.0,100.9,102.6,103.2,103.9,108.9,111.8,110.5,111.0,98.7,98.9,99.2,99.6,100.1,102.5,99.7,99.7,0.3788198677930492,0.2933277075057266,0.8191948195684543,4.7182614037259834e-07
7339,2021,87.17,190.07160074730552,48.84544684417733,100.0,100.0,103.7,101.1,95.4,99.8,113.2,94.1,97.6,95.1,99.6,99.9,99.8,100.8,99.3,99.7,100.5,100.6,-0.49166400662251225,0.16814157759927106,0.3925490822159794,3.9639602703320953e-07
8111,2017,84.09,354.9420980627743,47.02420308255134,92.6,111.4,100.5,98.5,92.2,92.0,90.5,94.2,96.2,100.4,97.0,97.0,97.0,97.9,95.4,96.8,95.3,94.7,-2.3327235141024714,-0.5898184409025502,0.5136465267771434,1.984634312827859e-06
8111,2018,64.67,354.9420980627743,47.02420308255134,93.1,96.7,93.4,96.4,93.4,93.6,102.9,102.7,98.7,102.5,98.8,99.5,99.5,99.4,96.6,96.5,95.9,96.7,-0.8526014102935892,0.27874936691998403,0.01712059268463758,1.3140262440181199e-06
8111,2019,82.92,354.9420980627743,47.02420308255134,102.7,95.4,96.0,96.8,95.7,99.2,105.5,106.1,108.8,116.1,100.0,99.6,98.6,98.3,96.5,97.8,98.9,98.9,0.023937486847420038,0.04708069925651552,0.8339673520704779,1.5715310685160844e-06
8111,2020,65.46,354.9420980627743,47.02420308255134,101.9,90.0,100.9,102.6,103.2,103.9,108.9,111.8,110.5,111.0,98.7,98.9,99.2,99.6,100.1,102.5,99.7,99.7,0.5580340012690131,0.26217952826378976,0.8553928216975184,4.813978255118156e-07
8111,2021,83.05,354.9420980627743,47.02420308255134,100.0,100.0,103.7,101.1,95.4,99.8,113.2,94.1,97.6,95.1,99.6,99.9,99.8,100.8,99.3,99.7,100.5,100.6,-0.5087835820490132,0.12081620512083263,0.4764793795051249,1.0810417639508899e-07
8115,2017,89.88,470.1272866448536,48.94521501984948,92.6,111.4,100.5,98.5,92.2,92.0,90.5,94.2,96.2,100.4,97.0,97.0,97.0,97.9,95.4,96.8,95.3,94.7,-2.4269862913389626,-0.5897499322891235,0.5106000652796143,2.023020786464126e-06
8115,2019,86.58,470.1272866448536,48.94521501984948,102.7,95.4,96.0,96.8,95.7,99.2,105.5,106.1,108.8,116.1,100.0,99.6,98.6,98.3,96.5,97.8,98.9,98.9,0.026374802241571828,0.06363153457641602,0.830355025890073,1.6359297249186794e-06
8118,2017,86.64,282.4640191800873,46.63304415170457,92.6,111.4,100.5,98.5,92.2,92.0,90.5,94.2,96.2,100.4,97.0,97.0,97.0,97.9,95.4,96.8,95.3,94.7,-2.29456071089174,-0.5896378260505087,0.5077237105337581,2.1698352977136528e-06
8118,2018,57.44,282.4640191800873,46.63304415170457,93.1,96.7,93.4,96.4,93.4,93.6,102.9,102.7,98.7,102.5,98.8,99.5,99.5,99.4,96.6,96.5,95.9,96.7,-0.8730918818114082,0.24806356140928076,0.008184479923841139,1.3279645046733014e-06
8118,2019,78.26,282.4640191800873,46.63304415170457,102.7,95.4,96.0,96.8,95.7,99.2,105.5,106.1,108.8,116.1,100.0,99.6,98.6,98.3,96.5,97.8,98.9,98.9,0.06198563066287643,0.02881252129118826,0.8328093060817277,1.5258518397770788e-06
8118,2020,64.59,282.4640191800873,46.63304415170457,101.9,90.0,100.9,102.6,103.2,103.9,108.9,111.8,110.5,111.0,98.7,98.9,99.2,99.6,100.1,102.5,99.7,99.7,0.5450517532068888,0.28642207821459986,0.848267649847894,4.97883685728671e-07
8118,2021,81.88,282.4640191800873,46.63304415170457,100.0,100.0,103.7,101.1,95.4,99.8,113.2,94.1,97.6,95.1,99.6,99.9,99.8,100.8,99.3,99.7,100.5,100.6,-0.48375192800785904,0.10545439037462186,0.4564975175750958,1.3707675505205585e-07
8119,2019,81.36,382.740038914057,56.07542370943023,102.7,95.4,96.0,96.8,95.7,99.2,105.5,106.1,108.8,116.1,100.0,99.6,98.6,98.3,96.5,97.8,98.9,98.9,0.05575363766714881,0.07251405715942383,0.8348286267831521,1.5475194953209102e-06
8119,2020,59.07,382.740038914057,56.07542370943023,101.9,90.0,100.9,102.6,103.2,103.9,108.9,111.8,110.5,111.0,98.7,98.9,99.2,99.6,100.1,102.5,99.7,99.7,0.6083384903766117,0.24299848079681396,0.8582090419196914,6.084360284125058e-07
8125,2017,91.85,256.19008124886005,52.63757019254051,92.6,111.4,100.5,98.5,92.2,92.0,90.5,94.2,96.2,100.4,97.0,97.0,97.0,97.9,95.4,96.8,95.3,94.7,-2.192053782244999,-0.5766630334291497,0.5136181924596117,2.0266368059272705e-06
8125,2018,61.26,256.19008124886005,52.63757019254051,93.1,96.7,93.4,96.4,93.4,93.6,102.9,102.7,98.7,102.5,98.8,99.5,99.5,99.4,96.6,96.5,95.9,96.7,-0.8238832295073413,0.20661669345483433,-0.0033959311680715706,1.3214950096031048e-06
8125,2019,84.63,256.19008124886005,52.63757019254051,102.7,95.4,96.0,96.8,95.7,99.2,105.5,106.1,108.8,116.1,100.0,99.6,98.6,98.3,96.5,97.8,98.9,98.9,0.12076357489622082,0.0446670910071824,0.8362089896698248,1.4215790851595197e-06
8125,2020,63.06,256.19008124886005,52.63757019254051,101.9,90.0,100.9,102.6,103.2,103.9,108.9,111.8,110.5,111.0,98.7,98.9,99.2,99.6,100.1,102.5,99.7,99.7,0.5047738048992801,0.29389623505146517,0.8482082697764288,4.974897604508492e-07
8125,2021,85.1,256.19008124886005,52.63757019254051,100.0,100.0,103.7,101.1,95.4,99.8,113.2,94.1,97.6,95.1,99.6,99.9,99.8,100.8,99.3,99.7,100.5,100.6,-0.5094482541328282,0.06187222379133885,0.4411034047523017,2.214519536492261e-07
8126,2017,91.55,336.4091301756647,55.46941274867426,92.6,111.4,100.5,98.5,92.2,92.0,90.5,94.2,96.2,100.4,97.0,97.0,97.0,97.9,95.4,96.8,95.3,94.7,-2.3127821690007613,-0.5749731063842773,0.5254727898857907,1.6821190786016724e-06
8126,2018,62.81,336.4091301756647,55.46941274867426,93.1,96.7,93.4,96.4,93.4,93.6,102.9,102.7,98.7,102.5,98.8,99.5,99.5,99.4,96.6,96.5,95.9,96.7,-0.845733530114409,0.22504734992980957,-0.006802825834203068,1.3033214242751598e-06
8126,2019,82.38,336.4091301756647,55.46941274867426,102.7,95.4,96.0,96.8,95.7,99.2,105.5,106.1,108.8,116.1,100.0,99.6,98.6,98.3,96.5,97.8,98.9,98.9,0.11298738891490348,0.06157565116882324,0.8370425981615109,1.3659810664649062e-06
8126,2020,67.41,336.4091301756647,55.46941274867426,101.9,90.0,100.9,102.6,103.2,103.9,108.9,111.8,110.5,111.0,98.7,98.9,99.2,99.6,100.1,102.5,99.7,99.7,0.5578156908870757,0.26567864418029785,0.8570298644101243,5.384815740675887e-07
8126,2021,86.0,336.4091301756647,55.46941274867426,100.0,100.0,103.7,101.1,95.4,99.8,113.2,94.1,97.6,95.1,99.6,99.9,99.8,100.8,99.3,99.7,100.5,100.6,-0.5046001766165651,0.07145130634307861,0.443010095370336,3.1249038530120707e-07
8127,2019,77.8,438.4217083344317,55.9660877410672,102.7,95.4,96.0,96.8,95.7,99.2,105.5,106.1,108.8,116.1,100.0,99.6,98.6,98.3,96.5,97.8,98.9,98.9,0.15434736835733973,0.10825453534244225,0.835873453126704,1.3740437091764843e-06
8128,2017,86.88,333.40966965901134,51.929721011856586,92.6,111.4,100.5,98.5,92.2,92.0,90.5,94.2,96.2,100.4,97.0,97.0,97.0,97.9,95.4,96.8,95.3,94.7,-2.2366823346541858,-0.595820423715672,0.5398791566017836,1.3262370341913538e-06
8128,2018,58.34,333.40966965901134,51.929721011856586,93.1,96.7,93.4,96.4,93.4,93.6,102.9,102.7,98.7,102.5,98.8,99.5,99.5,99.4,96.6,96.5,95.9,96.7,-0.8388544053671656,0.21797121331197683,-0.02041507248660063,1.297281562834721e-06
8128,2019,77.75,333.40966965901134,51.929721011856586,102.7,95.4,96.0,96.8,95.7,99.2,105.5,106.1,108.8,116.1,100.0,99.6,98.6,98.3,96.5,97.8,98.9,98.9,0.162614539362626,0.023679075844836875,0.841981655523767,1.2001999165257018e-06
8128,2020,73.21,333.40966965901134,51.929721011856586,101.9,90.0,100.9,102.6,103.2,103.9,108.9,111.8,110.5,111.0,98.7,98.9,99.2,99.6,100.1,102.5,99.7,99.7,0.5295707777406067,0.26713130271904584,0.861296828554284,4.27412403727637e-07
8128,2021,89.38,333.40966965901134,51.929721011856586,100.0,100.0,103.7,101.1,95.4,99.8,113.2,94.1,97.6,95.1,99.6,99.9,99.8,100.8,99.3,99.7,100.5,100.6,-0.5755937094534548,0.07289592163788963,0.426976491003776,3.948049729218837e-07
8215,2017,77.35,177.52681894776447,50.89967809672198,92.6,111.4,100.5,98.5,92.2,92.0,90.5,94.2,96.2,100.4,97.0,97.0,97.0,97.9,95.4,96.8,95.3,94.7,-2.2643493342253618,-0.5424386393858265,0.4996648150259963,2.424169651962216e-06
8215,2018,57.08,177.52681894776447,50.89967809672198,93.1,96.7,93.4,96.4,93.4,93.6,102.9,102.7,98.7,102.5,98.8,99.5,99.5,99.4,96.6,96.5,95.9,96.7,-0.8560628152772224,0.28367663811717714,-0.0015860494540353566,1.337173603760172e-06
8215,2019,76.19,177.52681894776447,50.89967809672198,102.7,95.4,96.0,96.8,95.7,99.2,105.5,106.1,108.8,116.1,100.0,99.6,98.6,98.3,96.5,97.8,98.9,98.9,0.15985633175896494,-0.04204447933994496,0.8356614982457953,1.4126915425553284e-06
8215,2020,56.37,177.52681894776447,50.89967809672198,101.9,90.0,100.9,102.6,103.2,103.9,108.9,111.8,110.5,111.0,98.7,98.9,99.2,99.6,100.1,102.5,99.7,99.7,0.5118001097153424,0.24360156954571494,0.8352620712333231,3.283689478320101e-07
8215,2021,86.4,177.52681894776447,50.89967809672198,100.0,100.0,103.7,101.1,95.4,99.8,113.2,94.1,97.6,95.1,99.6,99.9,99.8,100.8,99.3,99.7,100.5,100.6,-0.5125224180782104,0.07643201802995286,0.432247390212752,7.043522510503249e-08
8225,2017,94.44,355.92770085814504,55.70083988664711,92.6,111.4,100.5,98.5,92.2,92.0,90.5,94.2,96.2,100.4,97.0,97.0,97.0,97.9,95.4,96.8,95.3,94.7,-2.284978720039857,-0.5987375974655151,0.5256353326756297,1.7097697494029511e-06
8225,2018,46.28,355.92770085814504,55.70083988664711,93.1,96.7,93.4,96.4,93.4,93.6,102.9,102.7,98.7,102.5,98.8,99.5,99.5,99.4,96.6,96.5,95.9,96.7,-0.8803557961222107,0.1826990842819214,-0.017947224949309608,1.312123294717653e-06
8225,2019,77.41,355.92770085814504,55.70083988664711,102.7,95.4,96.0,96.8,95.7,99.2,105.5,106.1,108.8,116.1,100.0,99.6,98.6,98.3,96.5,97.8,98.9,98.9,0.19034885549118305,0.0436244010925293,0.8416237515931289,1.2655159916529064e-06
8225,2020,71.49,355.92770085814504,55.70083988664711,101.9,90.0,100.9,102.6,103.2,103.9,108.9,111.8,110.5,111.0,98.7,98.9,99.2,99.6,100.1,102.5,99.7,99.7,0.5421199252618989,0.27500271797180176,0.8512473449685974,4.523261611491084e-07
8225,2021,73.95,355.92770085814504,55.70083988664711,100.0,100.0,103.7,101.1,95.4,99.8,113.2,94.1,97.6,95.1,99.6,99.9,99.8,100.8,99.3,99.7,100.5,100.6,-0.49985772558843544,0.05486857891082764,0.4253883638551895,3.28762299988191e-07
8226,2017,85.45,209.0248696311348,54.230921024529486,92.6,111.4,100.5,98.5,92.2,92.0,90.5,94.2,96.2,100.4,97.0,97.0,97.0,97.9,95.4,96.8,95.3,94.7,-2.177163954947932,-0.5495126931063272,0.5141266684193933,2.043996263616387e-06
8226,2018,63.1,209.0248696311348,54.230921024529486,93.1,96.7,93.4,96.4,93.4,93.6,102.9,102.7,98.7,102.5,98.8,99.5,99.5,99.4,96.6,96.5,95.9,96.7,-0.8223584125845571,0.24017680684971265,-0.014484547649451628,1.2914801458899393e-06
8226,2019,79.42,209.0248696311348,54.230921024529486,102.7,95.4,96.0,96.8,95.7,99.2,105.5,106.1,108.8,116.1,100.0,99.6,98.6,98.3,96.5,97.8,98.9,98.9,0.19551113105348267,-0.035354688096293135,0.8426815821239808,1.3135200553614019e-06
8226,2020,76.94,209.0248696311348,54.230921024529486,101.9,90.0,100.9,102.6,103.2,103.9,108.9,111.8,110.5,111.0,98.7,98.9,99.2,99.6,100.1,102.5,99.7,99.7,0.48993556076592204,0.25149690623932924,0.8404266524276192,3.9082127373257414e-07
8226,2021,89.34,209.0248696311348,54.230921024529486,100.0,100.0,103.7,101.1,95.4,99.8,113.2,94.1,97.6,95.1,99.6,99.9,99.8,100.8,99.3,99.7,100.5,100.6,-0.5055851892956937,0.06613977602417337,0.4234419091339221,2.1930897754636377e-07
8425,2018,65.46,606.9436369425779,51.33948169282452,93.1,96.7,93.4,96.4,93.4,93.6,102.9,102.7,98.7,102.5,98.8,99.5,99.5,99.4,96.6,96.5,95.9,96.7,-0.8198468274272467,0.29657483100891113,0.056058255466675436,1.3763857235568507e-06
8425,2019,74.15,606.9436369425779,51.33948169282452,102.7,95.4,96.0,96.8,95.7,99.2,105.5,106.1,108.8,116.1,100.0,99.6,98.6,98.3,96.5,97.8,98.9,98.9,-0.035432533021100165,0.10402953624725342,0.854736577438974,1.3841451268573094e-06
8425,2020,80.46,606.9436369425779,51.33948169282452,101.9,90.0,100.9,102.6,103.2,103.9,108.9,111.8,110.5,111.0,98.7,98.9,99.2,99.6,100.1,102.5,99.7,99.7,0.5982077562216256,0.19106638431549072,0.8893224399947045,4.7171334148199095e-07
8425,2021,76.39,606.9436369425779,51.33948169282452,100.0,100.0,103.7,101.1,95.4,99.8,113.2,94.1,97.6,95.1,99.6,99.9,99.8,100.8,99.3,99.7,100.5,100.6,-0.6204831241542853,0.14456522464752197,0.5268322832404345,3.742519175103414e-08
9174,2018,97.72,497.4195387326888,42.40783205362409,93.1,96.7,93.4,96.4,93.4,93.6,102.9,102.7,98.7,102.5,98.8,99.5,99.5,99.4,96.6,96.5,95.9,96.7,-0.6927487121198216,0.20518671892180623,0.09841845844171998,1.4706763064966417e-06
9174,2019,81.09,497.4195387326888,42.40783205362409,102.7,95.4,96.0,96.8,95.7,99.2,105.5,106.1,108.8,116.1,100.0,99.6,98.6,98.3,96.5,97.8,98.9,98.9,0.1025176678390492,0.2162007279354623,0.8897795755485417,8.583638748280841e-07
9176,2017,90.92,467.7335862393804,44.97050160649565,92.6,111.4,100.5,98.5,92.2,92.0,90.5,94.2,96.2,100.4,97.0,97.0,97.0,97.9,95.4,96.8,95.3,94.7,-2.561281875700078,-0.5433492809936903,0.5765252889528966,5.18361562344207e-07
9176,2018,81.33,467.7335862393804,44.97050160649565,93.1,96.7,93.4,96.4,93.4,93.6,102.9,102.7,98.7,102.5,98.8,99.5,99.5,99.4,96.6,96.5,95.9,96.7,-0.6822812456007676,0.21425499466129305,0.02409553516942522,1.0666583110092585e-06
9176,2019,81.94,467.7335862393804,44.97050160649565,102.7,95.4,96.0,96.8,95.7,99.2,105.5,106.1,108.8,116.1,100.0,99.6,98.6,98.3,96.5,97.8,98.9,98.9,0.22888355139635705,0.1627118365820589,0.8608936527916562,8.767107328053369e-07
9176,2020,84.97,467.7335862393804,44.97050160649565,101.9,90.0,100.9,102.6,103.2,103.9,108.9,111.8,110.5,111.0,98.7,98.9,99.2,99.6,100.1,102.5,99.7,99.7,0.6515874248792559,0.11786234449213444,0.9042817938136206,4.0162816749721665e-07
9176,2021,86.33,467.7335862393804,44.97050160649565,100.0,100.0,103.7,101.1,95.4,99.8,113.2,94.1,97.6,95.1,99.6,99.9,99.8,100.8,99.3,99.7,100.5,100.6,-0.7245076261634701,0.07168842262768838,0.48039011661372716,3.9994788484340233e-07
9177,2020,91.04,486.1818432301588,45.0013349006324,101.9,90.0,100.9,102.6,103.2,103.9,108.9,111.8,110.5,111.0,98.7,98.9,99.2,99.6,100.1,102.5,99.7,99.7,0.5941570266430868,0.11460256576538086,0.9699904331776282,-3.0864935903193463e-07
9177,2021,93.44,486.1818432301588,45.0013349006324,100.0,100.0,103.7,101.1,95.4,99.8,113.2,94.1,97.6,95.1,99.6,99.9,99.8,100.8,99.3,99.7,100.5,100.6,-0.7610224469701184,0.03035569190979004,0.5500624091468707,6.100656074064969e-08
9178,2017,85.34,467.8151530219496,43.12180830083252,92.6,111.4,100.5,98.5,92.2,92.0,90.5,94.2,96.2,100.4,97.0,97.0,97.0,97.9,95.4,96.8,95.3,94.7,-2.5345583741318607,-0.5167851448059082,0.6030437497358018,7.315103787785725e-07
9179,2017,88.42,543.671344847516,44.93198598146209,92.6,111.4,100.5,98.5,92.2,92.0,90.5,94.2,96.2,100.4,97.0,97.0,97.0,97.9,95.4,96.8,95.3,94.7,-2.54717740479926,-0.5035761594772339,0.5982829897730519,9.654591172775462e-07
9181,2017,89.77,627.7717723774085,49.032628629115536,92.6,111.4,100.5,98.5,92.2,92.0,90.5,94.2,96.2,100.4,97.0,97.0,97.0,97.9,95.4,96.8,95.3,94.7,-2.486025885273532,-0.49875175952911377,0.5969166367615379,9.72442156635975e-07
9181,2018,98.76,627.7717723774085,49.032628629115536,93.1,96.7,93.4,96.4,93.4,93.6,102.9,102.7,98.7,102.5,98.8,99.5,99.5,99.4,96.6,96.5,95.9,96.7,-0.8338809094528036,0.25004613399505615,0.1291877414881315,1.718539984213934e-06
9181,2019,91.9,627.7717723774085,49.032628629115536,102.7,95.4,96.0,96.8,95.7,99.2,105.5,106.1,108.8,116.1,100.0,99.6,98.6,98.3,96.5,97.8,98.9,98.9,-0.05920076824235693,0.21857595443725586,0.8981267853829812,9.071275200017399e-07
9181,2020,88.73,627.7717723774085,49.032628629115536,101.9,90.0,100.9,102.6,103.2,103.9,108.9,111.8,110.5,111.0,98.7,98.9,99.2,99.6,100.1,102.5,99.7,99.7,0.6378938429219767,0.13810884952545166,0.9507220946167811,1.9196269684663483e-07
9181,2021,77.68,627.7717723774085,49.032628629115536,100.0,100.0,103.7,101.1,95.4,99.8,113.2,94.1,97.6,95.1,99.6,99.9,99.8,100.8,99.3,99.7,100.5,100.6,-0.6206283479711883,0.09673726558685303,0.5709153972054617,-2.0838868021143587e-07
9185,2017,89.45,417.10512027480473,39.96029541523365,92.6,111.4,100.5,98.5,92.2,92.0,90.5,94.2,96.2,100.4,97.0,97.0,97.0,97.9,95.4,96.8,95.3,94.7,-2.4429315458702843,-0.5503080926810107,0.5793649275744968,7.307759445989184e-07
9185,2018,78.3,417.10512027480473,39.96029541523365,93.1,96.7,93.4,96.4,93.4,93.6,102.9,102.7,98.7,102.5,98.8,99.5,99.5,99.4,96.6,96.5,95.9,96.7,-0.6186780616599378,0.19416529482412784,0.052702559630129014,1.2506739479843078e-06
9185,2019,87.85,417.10512027480473,39.96029541523365,102.7,95.4,96.0,96.8,95.7,99.2,105.5,106.1,108.8,116.1,100.0,99.6,98.6,98.3,96.5,97.8,98.9,98.9,0.1789223071381156,0.17933864369882663,0.8693128407263461,9.266952598967311e-07
9185,2020,85.92,417.10512027480473,39.96029541523365,101.9,90.0,100.9,102.6,103.2,103.9,108.9,111.8,110.5,111.0,98.7,98.9,99.2,99.6,100.1,102.5,99.7,99.7,0.5611174742548733,0.13957109138433108,0.9154132148128368,3.4706611085618786e-07
9185,2021,81.05,417.10512027480473,39.96029541523365,100.0,100.0,103.7,101.1,95.4,99.8,113.2,94.1,97.6,95.1,99.6,99.9,99.8,100.8,99.3,99.7,100.5,100.6,-0.6882664082867577,0.1043767180025647,0.5051351420176462,2.1756359072014476e-07
9186,2017,87.0,438.441564024743,40.93424648046478,92.6,111.4,100.5,98.5,92.2,92.0,90.5,94.2,96.2,100.4,97.0,97.0,97.0,97.9,95.4,96.8,95.3,94.7,-2.5526311712676724,-0.5408329798741389,0.5931717608928174,6.750909875748498e-07
9186,2018,74.14,438.441564024743,40.93424648046478,93.1,96.7,93.4,96.4,93.4,93.6,102.9,102.7,98.7,102.5,98.8,99.5,99.5,99.4,96.6,96.5,95.9,96.7,-0.6555981958863085,0.19586548278280194,0.06604119716783036,1.2622142994833645e-06
9186,2019,79.04,438.441564024743,40.93424648046478,102.7,95.4,96.0,96.8,95.7,99.2,105.5,106.1,108.8,116.1,100.0,99.6,98.6,98.3,96.5,97.8,98.9,98.9,0.1958736508859363,0.19089290691819852,0.8794535741447798,8.241719473333543e-07
9186,2021,81.76,438.441564024743,40.93424648046478,100.0,100.0,103.7,101.1,95.4,99.8,113.2,94.1,97.6,95.1,99.6,99.9,99.8,100.8,99.3,99.7,100.5,100.6,-0.7768065225653243,0.09239636547387078,0.5135120987251843,1.975924757757188e-07
9271,2017,94.02,407.29489499139714,50.91396782333208,92.6,111.4,100.5,98.5,92.2,92.0,90.5,94.2,96.2,100.4,97.0,97.0,97.0,97.9,95.4,96.8,95.3,94.7,-2.6289805707635674,-0.5204115777758092,0.608402050011347,1.839130077263167e-07
9271,2018,87.37,407.29489499139714,50.91396782333208,93.1,96.7,93.4,96.4,93.4,93.6,102.9,102.7,98.7,102.5,98.8,99.5,99.5,99.4,96.6,96.5,95.9,96.7,-0.8376629740607635,0.2539485997720525,0.026812126662762392,5.802671357806011e-07
9271,2019,93.35,407.29489499139714,50.91396782333208,102.7,95.4,96.0,96.8,95.7,99.2,105.5,106.1,108.8,116.1,100.0,99.6,98.6,98.3,96.5,97.8,98.9,98.9,0.398393854046827,0.2834537525282803,0.8703688586371734,7.202949300974587e-07
9271,2020,94.24,407.29489499139714,50.91396782333208,101.9,90.0,100.9,102.6,103.2,103.9,108.9,111.8,110.5,111.0,98.7,98.9,99.2,99.6,100.1,102.5,99.7,99.7,0.6713292601846894,0.06384486460315394,0.971554308933036,-6.307535617425266e-07
9271,2021,99.67,407.29489499139714,50.91396782333208,100.0,100.0,103.7,101.1,95.4,99.8,113.2,94.1,97.6,95.1,99.6,99.9,99.8,100.8,99.3,99.7,100.5,100.6,-0.504578315562564,-0.05147556958966748,0.5160613019117063,6.337584088072404e-07
9273,2017,96.85,428.1411560808996,43.42475805830125,92.6,111.4,100.5,98.5,92.2,92.0,90.5,94.2,96.2,100.4,97.0,97.0,97.0,97.9,95.4,96.8,95.3,94.7,-2.6260852765203433,-0.5228551030158997,0.5917909397104565,3.5041000255290206e-07
9273,2018,82.04,428.1411560808996,43.42475805830125,93.1,96.7,93.4,96.4,93.4,93.6,102.9,102.7,98.7,102.5,98.8,99.5,99.5,99.4,96.6,96.5,95.9,96.7,-0.6667631538119183,0.22129583358764648,0.0340043618205058,9.72095829688404e-07
9273,2019,94.25,428.1411560808996,43.42475805830125,102.7,95.4,96.0,96.8,95.7,99.2,105.5,106.1,108.8,116.1,100.0,99.6,98.6,98.3,96.5,97.8,98.9,98.9,0.23928382000458268,0.18201470375061035,0.8692416678660472,8.343827466650133e-07
9273,2020,96.03,428.1411560808996,43.42475805830125,101.9,90.0,100.9,102.6,103.2,103.9,108.9,111.8,110.5,111.0,98.7,98.9,99.2,99.6,100.1,102.5,99.7,99.7,0.6698277146792753,0.08779275417327881,0.9274019393179274,1.2991907212485796e-07
9273,2021,96.25,428.1411560808996,43.42475805830125,100.0,100.0,103.7,101.1,95.4,99.8,113.2,94.1,97.6,95.1,99.6,99.9,99.8,100.8,99.3,99.7,100.5,100.6,-0.7334213633236052,0.06127047538757324,0.49241999589925506,4.377384088741874e-07
9274,2017,90.19,461.1059024770922,44.336303727716256,92.6,111.4,100.5,98.5,92.2,92.0,90.5,94.2,96.2,100.4,97.0,97.0,97.0,97.9,95.4,96.8,95.3,94.7,-2.487984846297568,-0.5083684619606811,0.6083109750334548,4.864461660604544e-07
9274,2018,92.23,461.1059024770922,44.336303727716256,93.1,96.7,93.4,96.4,93.4,93.6,102.9,102.7,98.7,102.5,98.8,99.5,99.5,99.4,96.6,96.5,95.9,96.7,-0.6867813434678073,0.23166790139579008,0.07120245305314502,1.0568768603105252e-06
9274,2019,83.89,461.1059024770922,44.336303727716256,102.7,95.4,96.0,96.8,95.7,99.2,105.5,106.1,108.8,116.1,100.0,99.6,98.6,98.3,96.5,97.8,98.9,98.9,0.18482959459249082,0.24609825667256222,0.8861205721112612,8.572129374396845e-07
9274,2020,93.61,461.1059024770922,44.336303727716256,101.9,90.0,100.9,102.6,103.2,103.9,108.9,111.8,110.5,111.0,98.7,98.9,99.2,99.6,100.1,102.5,99.7,99.7,0.6032621359301803,0.09476991000099155,0.958594778555961,-2.7273341240143805e-07
9274,2021,101.95,461.1059024770922,44.336303727716256,100.0,100.0,103.7,101.1,95.4,99.8,113.2,94.1,97.6,95.1,99.6,99.9,99.8,100.8,99.3,99.7,100.5,100.6,-0.7401384192206827,0.04375861280264436,0.5245939950694866,2.979366401052824e-07
9277,2017,80.46,439.094696242417,47.97796350824268,92.6,111.4,100.5,98.5,92.2,92.0,90.5,94.2,96.2,100.4,97.0,97.0,97.0,97.9,95.4,96.8,95.3,94.7,-2.5248502772109673,-0.5086367130279541,0.6200777181231135,5.369958179460878e-07
9277,2018,72.54,439.094696242417,47.97796350824268,93.1,96.7,93.4,96.4,93.4,93.6,102.9,102.7,98.7,102.5,98.8,99.5,99.5,99.4,96.6,96.5,95.9,96.7,-0.7744117254719524,0.2650308609008789,0.08565791308606847,9.255145685356887e-07
9277,2019,66.3,439.094696242417,47.97796350824268,102.7,95.4,96.0,96.8,95.7,99.2,105.5,106.1,108.8,116.1,100.0,99.6,98.6,98.3,96.5,97.8,98.9,98.9,0.24960801066316265,0.2553483247756958,0.8949894662467711,8.249536367616715e-07
9277,2020,74.61,439.094696242417,47.97796350824268,101.9,90.0,100.9,102.6,103.2,103.9,108.9,111.8,110.5,111.0,98.7,98.9,99.2,99.6,100.1,102.5,99.7,99.7,0.5080356627099694,0.059142112731933594,0.9874099211810607,-9.225885599336066e-07
9277,2021,83.61,439.094696242417,47.97796350824268,100.0,100.0,103.7,101.1,95.4,99.8,113.2,94.1,97.6,95.1,99.6,99.9,99.8,100.8,99.3,99.7,100.5,100.6,-0.7460100958750305,-0.008002936840057373,0.5489815247396167,2.887133149055606e-07
9278,2017,97.76,427.0374629890868,45.09221306462092,92.6,111.4,100.5,98.5,92.2,92.0,90.5,94.2,96.2,100.4,97.0,97.0,97.0,97.9,95.4,96.8,95.3,94.7,-2.817351773016199,-0.5107138263053866,0.603285167008572,2.1882515846954185e-09
9278,2018,82.77,427.0374629890868,45.09221306462092,93.1,96.7,93.4,96.4,93.4,93.6,102.9,102.7,98.7,102.5,98.8,99.5,99.5,99.4,96.6,96.5,95.9,96.7,-0.6753939223906368,0.25185011830861526,0.01858067568299634,6.392532161682794e-07
9278,2019,96.33,427.0374629890868,45.09221306462092,102.7,95.4,96.0,96.8,95.7,99.2,105.5,106.1,108.8,116.1,100.0,99.6,98.6,98.3,96.5,97.8,98.9,98.9,0.4192856876707184,0.22481782348470267,0.8668447305349732,8.239239290092093e-07
9278,2020,97.8,427.0374629890868,45.09221306462092,101.9,90.0,100.9,102.6,103.2,103.9,108.9,111.8,110.5,111.0,98.7,98.9,99.2,99.6,100.1,102.5,99.7,99.7,0.6252474268988268,0.06492287662406279,0.9494985261516932,-2.3260754211668532e-07
9278,2021,96.71,427.0374629890868,45.09221306462092,100.0,100.0,103.7,101.1,95.4,99.8,113.2,94.1,97.6,95.1,99.6,99.9,99.8,100.8,99.3,99.7,100.5,100.6,-0.5694607896786111,0.013354548849743908,0.49384878468550925,6.51725613451626e-07
9279,2017,92.5,406.1664700824181,44.82995494398418,92.6,111.4,100.5,98.5,92.2,92.0,90.5,94.2,96.2,100.4,97.0,97.0,97.0,97.9,95.4,96.8,95.3,94.7,-2.5504440333344722,-0.5075721144676208,0.6120596519613406,2.9743773723146e-07
9279,2018,79.46,406.1664700824181,44.82995494398418,93.1,96.7,93.4,96.4,93.4,93.6,102.9,102.7,98.7,102.5,98.8,99.5,99.5,99.4,96.6,96.5,95.9,96.7,-0.7279685632731028,0.26430845260620117,0.05679447193045334,8.419025531420196e-07
9279,2019,84.48,406.1664700824181,44.82995494398418,102.7,95.4,96.0,96.8,95.7,99.2,105.5,106.1,108.8,116.1,100.0,99.6,98.6,98.3,96.5,97.8,98.9,98.9,0.36235852778907074,0.2371385097503662,0.8825211568538444,8.417347389877269e-07
9279,2020,90.73,406.1664700824181,44.82995494398418,101.9,90.0,100.9,102.6,103.2,103.9,108.9,111.8,110.5,111.0,98.7,98.9,99.2,99.6,100.1,102.5,99.7,99.7,0.5397470610479402,0.053890228271484375,0.9671508372508109,-4.96640001021547e-07
9279,2021,92.08,406.1664700824181,44.82995494398418,100.0,100.0,103.7,101.1,95.4,99.8,113.2,94.1,97.6,95.1,99.6,99.9,99.8,100.8,99.3,99.7,100.5,100.6,-0.6868741794162112,0.010620713233947754,0.521451633511101,4.413488032541528e-07
9375,2017,88.67,420.27434483932,42.50684605147087,92.6,111.4,100.5,98.5,92.2,92.0,90.5,94.2,96.2,100.4,97.0,97.0,97.0,97.9,95.4,96.8,95.3,94.7,-2.7360847904294787,-0.5132581548009076,0.5921183831159834,5.243006681862741e-08
9375,2018,85.16,420.27434483932,42.50684605147087,93.1,96.7,93.4,96.4,93.4,93.6,102.9,102.7,98.7,102.5,98.8,99.5,99.5,99.4,96.6,96.5,95.9,96.7,-0.6115415719159962,0.2272134286112343,0.00774573693196935,7.295696828468342e-07
9375,2019,83.81,420.27434483932,42.50684605147087,102.7,95.4,96.0,96.8,95.7,99.2,105.5,106.1,108.8,116.1,100.0,99.6,98.6,98.3,96.5,97.8,98.9,98.9,0.3025290001369092,0.16415699540659368,0.860959906928574,8.348720671488011e-07
9375,2020,91.52,420.27434483932,42.50684605147087,101.9,90.0,100.9,102.6,103.2,103.9,108.9,111.8,110.5,111.0,98.7,98.9,99.2,99.6,100.1,102.5,99.7,99.7,0.6248105908301169,0.06064253094136707,0.9252746355670314,1.0059418320971811e-07
9375,2021,90.62,420.27434483932,42.50684605147087,100.0,100.0,103.7,101.1,95.4,99.8,113.2,94.1,97.6,95.1,99.6,99.9,99.8,100.8,99.3,99.7,100.5,100.6,-0.7131801012164063,0.08442967505527266,0.476838655874039,6.252760259752715e-07
9471,2017,82.26,354.51425311703053,46.39872623882177,92.6,111.4,100.5,98.5,92.2,92.0,90.5,94.2,96.2,100.4,97.0,97.0,97.0,97.9,95.4,96.8,95.3,94.7,-2.0703572398891703,-0.5672685888422015,0.5947831768432384,2.2725435946360348e-07
9471,2018,43.38,354.51425311703053,46.39872623882177,93.1,96.7,93.4,96.4,93.4,93.6,102.9,102.7,98.7,102.5,98.8,99.5,99.5,99.4,96.6,96.5,95.9,96.7,-0.8096915354785059,0.21748361771808233,-0.019032114955630543,1.0817594189560195e-06
9471,2020,60.98,354.51425311703053,46.39872623882177,101.9,90.0,100.9,102.6,103.2,103.9,108.9,111.8,110.5,111.0,98.7,98.9,99.2,99.6,100.1,102.5,99.7,99.7,0.5967744659766713,0.18633184527750035,0.8968559566896049,1.3945301031366054e-07
9471,2021,60.57,354.51425311703053,46.39872623882177,100.0,100.0,103.7,101.1,95.4,99.8,113.2,94.1,97.6,95.1,99.6,99.9,99.8,100.8,99.3,99.7,100.5,100.6,-0.7655950288834131,0.06054130628669478,0.44303325246869796,4.1492791498287514e-07
9473,2017,91.91,353.7904271423471,45.2185170585857,92.6,111.4,100.5,98.5,92.2,92.0,90.5,94.2,96.2,100.4,97.0,97.0,97.0,97.9,95.4,96.8,95.3,94.7,-2.1960320395636916,-0.5652342758620237,0.6011940223910198,7.513699572426503e-08
9473,2018,49.08,353.7904271423471,45.2185170585857,93.1,96.7,93.4,96.4,93.4,93.6,102.9,102.7,98.7,102.5,98.8,99.5,99.5,99.4,96.6,96.5,95.9,96.7,-0.9353285157244573,0.21355560018027184,-0.0413595604177466,9.923030337844517e-07
9571,2017,91.73,449.6186755788706,44.64995754944797,92.6,111.4,100.5,98.5,92.2,92.0,90.5,94.2,96.2,100.4,97.0,97.0,97.0,97.9,95.4,96.8,95.3,94.7,-2.237267602986959,-0.5772706270217896,0.550304719342625,8.968194543381045e-07
9571,2018,47.17,449.6186755788706,44.64995754944797,93.1,96.7,93.4,96.4,93.4,93.6,102.9,102.7,98.7,102.5,98.8,99.5,99.5,99.4,96.6,96.5,95.9,96.7,-0.8649649743571387,0.1912606954574585,-0.003981876050209682,1.142091909292761e-06
9571,2019,69.93,449.6186755788706,44.64995754944797,102.7,95.4,96.0,96.8,95.7,99.2,105.5,106.1,108.8,116.1,100.0,99.6,98.6,98.3,96.5,97.8,98.9,98.9,0.12008905159878876,0.08375751972198486,0.8389903389474938,1.23665958512356e-06
9571,2020,57.23,449.6186755788706,44.64995754944797,101.9,90.0,100.9,102.6,103.2,103.9,108.9,111.8,110.5,111.0,98.7,98.9,99.2,99.6,100.1,102.5,99.7,99.7,0.603652075667894,0.21093511581420898,0.8729194664198681,5.055592567375651e-07
9571,2021,83.25,449.6186755788706,44.64995754944797,100.0,100.0,103.7,101.1,95.4,99.8,113.2,94.1,97.6,95.1,99.6,99.9,99.8,100.8,99.3,99.7,100.5,100.6,-0.5661774532757096,0.05974769592285156,0.4580772269056617,3.739727630620675e-07
9573,2017,72.33,355.12600336415136,39.8564981078154,92.6,111.4,100.5,98.5,92.2,92.0,90.5,94.2,96.2,100.4,97.0,97.0,97.0,97.9,95.4,96.8,95.3,94.7,-2.113257955670826,-0.5609226774731574,0.5732663423808962,5.217089196863744e-07
9573,2018,43.25,355.12600336415136,39.8564981078154,93.1,96.7,93.4,96.4,93.4,93.6,102.9,102.7,98.7,102.5,98.8,99.5,99.5,99.4,96.6,96.5,95.9,96.7,-0.8004480979663539,0.2298829967159377,-0.006441370312682878,1.0749234984026e-06
9573,2019,72.17,355.12600336415136,39.8564981078154,102.7,95.4,96.0,96.8,95.7,99.2,105.5,106.1,108.8,116.1,100.0,99.6,98.6,98.3,96.5,97.8,98.9,98.9,0.17572043190430517,0.07065709439859956,0.8470538236913533,1.1382940901348605e-06
9573,2020,64.93,355.12600336415136,39.8564981078154,101.9,90.0,100.9,102.6,103.2,103.9,108.9,111.8,110.5,111.0,98.7,98.9,99.2,99.6,100.1,102.5,99.7,99.7,0.5864073442779904,0.17126574463541305,0.8880621366217029,3.46690077625677e-07
9573,2021,84.83,355.12600336415136,39.8564981078154,100.0,100.0,103.7,101.1,95.4,99.8,113.2,94.1,97.6,95.1,99.6,99.9,99.8,100.8,99.3,99.7,100.5,100.6,-0.7410813096623096,0.07842406380464143,0.4557990497094124,4.064271127319226e-07
9575,2017,95.23,356.623046133806,44.30047674715925,92.6,111.4,100.5,98.5,92.2,92.0,90.5,94.2,96.2,100.4,97.0,97.0,97.0,97.9,95.4,96.8,95.3,94.7,-2.0692313517974226,-0.5769436359405518,0.5651913095638775,6.84579352944909e-07
9575,2018,60.93,356.623046133806,44.30047674715925,93.1,96.7,93.4,96.4,93.4,93.6,102.9,102.7,98.7,102.5,98.8,99.5,99.5,99.4,96.6,96.5,95.9,96.7,-0.8735129777917924,0.2089310884475708,-0.014454770414153665,1.1954869060130714e-06
9575,2019,79.16,356.623046133806,44.30047674715925,102.7,95.4,96.0,96.8,95.7,99.2,105.5,106.1,108.8,116.1,100.0,99.6,98.6,98.3,96.5,97.8,98.9,98.9,0.13726455560992354,0.04647862911224365,0.8432089365157716,1.186056407346199e-06
9575,2020,70.2,356.623046133806,44.30047674715925,101.9,90.0,100.9,102.6,103.2,103.9,108.9,111.8,110.5,111.0,98.7,98.9,99.2,99.6,100.1,102.5,99.7,99.7,0.5610683772837932,0.21265172958374023,0.8782284268758553,3.599928651551559e-07
9575,2021,91.07,356.623046133806,44.30047674715925,100.0,100.0,103.7,101.1,95.4,99.8,113.2,94.1,97.6,95.1,99.6,99.9,99.8,100.8,99.3,99.7,100.5,100.6,-0.6648029334889779,0.060077548027038574,0.4428122991173937,4.241472917024691e-07
9576,2017,76.22,416.8662560296776,43.01612137881482,92.6,111.4,100.5,98.5,92.2,92.0,90.5,94.2,96.2,100.4,97.0,97.0,97.0,97.9,95.4,96.8,95.3,94.7,-2.318095891147791,-0.5697580887107018,0.5722766184868795,4.974010566269786e-07
9577,2018,63.66,490.3084003469995,45.34564951930825,93.1,96.7,93.4,96.4,93.4,93.6,102.9,102.7,98.7,102.5,98.8,99.5,99.5,99.4,96.6,96.5,95.9,96.7,-0.7366173255078969,0.21356019052858843,0.006017916520435915,1.0498048636514546e-06
9577,2019,62.62,490.3084003469995,45.34564951930825,102.7,95.4,96.0,96.8,95.7,99.2,105.5,106.1,108.8,116.1,100.0,99.6,98.6,98.3,96.5,97.8,98.9,98.9,0.17496942415311564,0.12688771959033968,0.8450219649169278,1.0946633085806504e-06
9672,2017,81.02,378.590599867644,54.50920750922612,92.6,111.4,100.5,98.5,92.2,92.0,90.5,94.2,96.2,100.4,97.0,97.0,97.0,97.9,95.4,96.8,95.3,94.7,-2.305515908006631,-0.594284425364769,0.567070784034286,7.077968827404332e-07
9672,2018,47.37,378.590599867644,54.50920750922612,93.1,96.7,93.4,96.4,93.4,93.6,102.9,102.7,98.7,102.5,98.8,99.5,99.5,99.4,96.6,96.5,95.9,96.7,-0.8287793296765671,0.17359713084565997,-0.051217671473323845,1.2043892394518873e-06
9672,2019,62.39,378.590599867644,54.50920750922612,102.7,95.4,96.0,96.8,95.7,99.2,105.5,106.1,108.8,116.1,100.0,99.6,98.6,98.3,96.5,97.8,98.9,98.9,0.2782299923568947,-0.03274478988692814,0.8456086258673393,1.0438422774574279e-06
9672,2020,63.11,378.590599867644,54.50920750922612,101.9,90.0,100.9,102.6,103.2,103.9,108.9,111.8,110.5,111.0,98.7,98.9,99.2,99.6,100.1,102.5,99.7,99.7,0.580984149743785,0.23849213918938272,0.8614006790733166,1.6736779814171835e-07
9672,2021,85.98,378.590599867644,54.50920750922612,100.0,100.0,103.7,101.1,95.4,99.8,113.2,94.1,97.6,95.1,99.6,99.9,99.8,100.8,99.3,99.7,100.5,100.6,-0.6697570338950947,0.09997565082075295,0.4041070126517252,3.8300718939400543e-07
9673,2017,86.98,399.6528141776127,52.04001503592565,92.6,111.4,100.5,98.5,92.2,92.0,90.5,94.2,96.2,100.4,97.0,97.0,97.0,97.9,95.4,96.8,95.3,94.7,-2.320210958092453,-0.5934263312977187,0.5784139558883409,4.6754815100927315e-07
9673,2018,60.05,399.6528141776127,52.04001503592565,93.1,96.7,93.4,96.4,93.4,93.6,102.9,102.7,98.7,102.5,98.8,99.5,99.5,99.4,96.6,96.5,95.9,96.7,-0.9002583527617415,0.17922813968753096,-0.0568505154397915,1.123274306613345e-06
9673,2019,60.44,399.6528141776127,52.04001503592565,102.7,95.4,96.0,96.8,95.7,99.2,105.5,106.1,108.8,116.1,100.0,99.6,98.6,98.3,96.5,97.8,98.9,98.9,0.31106401689397356,-0.03328468100624214,0.8484703785013618,1.01848636022315e-06
9673,2020,68.93,399.6528141776127,52.04001503592565,101.9,90.0,100.9,102.6,103.2,103.9,108.9,111.8,110.5,111.0,98.7,98.9,99.2,99.6,100.1,102.5,99.7,99.7,0.5725425237128429,0.2335011901292061,0.8652143972975316,9.323208429565302e-08
9673,2021,75.48,399.6528141776127,52.04001503592565,100.0,100.0,103.7,101.1,95.4,99.8,113.2,94.1,97.6,95.1,99.6,99.9,99.8,100.8,99.3,99.7,100.5,100.6,-0.6086747700982387,0.1166203110036234,0.41223947640812386,2.6872205385411803e-07
9674,2017,88.89,328.89888500557123,46.22027646058158,92.6,111.4,100.5,98.5,92.2,92.0,90.5,94.2,96.2,100.4,97.0,97.0,97.0,97.9,95.4,96.8,95.3,94.7,-2.0011307424433618,-0.5860774517059326,0.5903971951212706,2.9796140758729307e-07
9674,2018,64.65,328.89888500557123,46.22027646058158,93.1,96.7,93.4,96.4,93.4,93.6,102.9,102.7,98.7,102.5,98.8,99.5,99.5,99.4,96.6,96.5,95.9,96.7,-0.8634278583218895,0.21089649200439453,-0.03071828283363058,1.1901652752126288e-06
9674,2019,59.55,328.89888500557123,46.22027646058158,102.7,95.4,96.0,96.8,95.7,99.2,105.5,106.1,108.8,116.1,100.0,99.6,98.6,98.3,96.5,97.8,98.9,98.9,0.22320041810931232,-0.01882833242416382,0.8504846424364663,1.1086258235562034e-06
9674,2020,68.18,328.89888500557123,46.22027646058158,101.9,90.0,100.9,102.6,103.2,103.9,108.9,111.8,110.5,111.0,98.7,98.9,99.2,99.6,100.1,102.5,99.7,99.7,0.5650323905637495,0.21819722652435303,0.8880123673649962,1.240664466097208e-07
9674,2021,76.33,328.89888500557123,46.22027646058158,100.0,100.0,103.7,101.1,95.4,99.8,113.2,94.1,97.6,95.1,99.6,99.9,99.8,100.8,99.3,99.7,100.5,100.6,-0.7493433354445196,0.08558464050292969,0.42769391625597364,4.285895966354199e-07
9675,2017,92.89,278.4854999450129,45.36807458445826,92.6,111.4,100.5,98.5,92.2,92.0,90.5,94.2,96.2,100.4,97.0,97.0,97.0,97.9,95.4,96.8,95.3,94.7,-2.0513824285866575,-0.5863068318680864,0.5663225685097572,7.289094857971609e-07
9675,2018,51.85,278.4854999450129,45.36807458445826,93.1,96.7,93.4,96.4,93.4,93.6,102.9,102.7,98.7,102.5,98.8,99.5,99.5,99.4,96.6,96.5,95.9,96.7,-0.8275770480262098,0.20573037203132147,-0.02305674072654547,1.2485568010516365e-06
9675,2019,71.37,278.4854999450129,45.36807458445826,102.7,95.4,96.0,96.8,95.7,99.2,105.5,106.1,108.8,116.1,100.0,99.6,98.6,98.3,96.5,97.8,98.9,98.9,0.1447273706266752,-0.01358501617585844,0.8454800896453115,1.140975554366031e-06
9675,2020,63.06,278.4854999450129,45.36807458445826,101.9,90.0,100.9,102.6,103.2,103.9,108.9,111.8,110.5,111.0,98.7,98.9,99.2,99.6,100.1,102.5,99.7,99.7,0.561495818196948,0.2207729372585572,0.8760830915615341,2.9909137079151847e-07
9675,2021,84.8,278.4854999450129,45.36807458445826,100.0,100.0,103.7,101.1,95.4,99.8,113.2,94.1,97.6,95.1,99.6,99.9,99.8,100.8,99.3,99.7,100.5,100.6,-0.7540629489071422,0.08609557631975574,0.4287311666152592,4.5058204688404957e-07
9676,2017,89.34,297.1266770863703,58.32921233383006,92.6,111.4,100.5,98.5,92.2,92.0,90.5,94.2,96.2,100.4,97.0,97.0,97.0,97.9,95.4,96.8,95.3,94.7,-2.390683263644335,-0.5997301340103149,0.5356228517008169,1.4550557887196116e-06
9676,2018,71.2,297.1266770863703,58.32921233383006,93.1,96.7,93.4,96.4,93.4,93.6,102.9,102.7,98.7,102.5,98.8,99.5,99.5,99.4,96.6,96.5,95.9,96.7,-0.7840747552961648,0.1715998649597168,-0.033004756242380646,1.2961812007084655e-06
9676,2019,80.81,297.1266770863703,58.32921233383006,102.7,95.4,96.0,96.8,95.7,99.2,105.5,106.1,108.8,116.1,100.0,99.6,98.6,98.3,96.5,97.8,98.9,98.9,0.23521574354391958,0.008009791374206543,0.8478752243945847,1.1068868646853167e-06
9676,2020,72.89,297.1266770863703,58.32921233383006,101.9,90.0,100.9,102.6,103.2,103.9,108.9,111.8,110.5,111.0,98.7,98.9,99.2,99.6,100.1,102.5,99.7,99.7,0.5720646216339038,0.2681307792663574,0.8515440626475534,3.848030486738229e-07
9677,2017,90.16,310.7730440507332,56.03867990623019,92.6,111.4,100.5,98.5,92.2,92.0,90.5,94.2,96.2,100.4,97.0,97.0,97.0,97.9,95.4,96.8,95.3,94.7,-2.420564122219809,-0.5805589052139715,0.5538983572542289,9.979316623520249e-07
9677,2018,68.97,310.7730440507332,56.03867990623019,93.1,96.7,93.4,96.4,93.4,93.6,102.9,102.7,98.7,102.5,98.8,99.5,99.5,99.4,96.6,96.5,95.9,96.7,-0.7157804210705101,0.1547696278029744,-0.04230010273525803,1.3237221227870136e-06
9677,2019,69.66,310.7730440507332,56.03867990623019,102.7,95.4,96.0,96.8,95.7,99.2,105.5,106.1,108.8,116.1,100.0,99.6,98.6,98.3,96.5,97.8,98.9,98.9,0.28725486617449814,-0.03058052347315979,0.848943175780392,9.661120184836451e-07
9677,2020,76.56,310.7730440507332,56.03867990623019,101.9,90.0,100.9,102.6,103.2,103.9,108.9,111.8,110.5,111.0,98.7,98.9,99.2,99.6,100.1,102.5,99.7,99.7,0.5954981278899488,0.2757851106015497,0.8627014500082317,2.7850428044020665e-07
9677,2021,87.75,310.7730440507332,56.03867990623019,100.0,100.0,103.7,101.1,95.4,99.8,113.2,94.1,97.6,95.1,99.6,99.9,99.8,100.8,99.3,99.7,100.5,100.6,-0.6102275711138463,0.04729281915441737,0.39831329488315287,5.064681358291577e-07
9678,2017,86.0,289.2862406787357,46.60291763957963,92.6,111.4,100.5,98.5,92.2,92.0,90.5,94.2,96.2,100.4,97.0,97.0,97.0,97.9,95.4,96.8,95.3,94.7,-2.0607369537390365,-0.5941102029578681,0.5774693119145188,5.424211931517373e-07
9678,2018,59.12,289.2862406787357,46.60291763957963,93.1,96.7,93.4,96.4,93.4,93.6,102.9,102.7,98.7,102.5,98.8,99.5,99.5,99.4,96.6,96.5,95.9,96.7,-0.8339680394414348,0.19853877425182187,-0.03318906219204549,1.2737037124725155e-06
9678,2019,57.44,289.2862406787357,46.60291763957963,102.7,95.4,96.0,96.8,95.7,99.2,105.5,106.1,108.8,116.1,100.0,99.6,98.6,98.3,96.5,97.8,98.9,98.9,0.22546812882764142,-0.04619634477147029,0.8489111658512469,1.0751608812684779e-06
9678,2020,61.54,289.2862406787357,46.60291763957963,101.9,90.0,100.9,102.6,103.2,103.9,108.9,111.8,110.5,111.0,98.7,98.9,99.2,99.6,100.1,102.5,99.7,99.7,0.5374268743683739,0.22501734214080654,0.8790525641743345,1.88328967717173e-07
9678,2021,81.18,289.2862406787357,46.60291763957963,100.0,100.0,103.7,101.1,95.4,99.8,113.2,94.1,97.6,95.1,99.6,99.9,99.8,100.8,99.3,99.7,100.5,100.6,-0.7306336463238069,0.11415425874967167,0.416021563428843,4.859315209985542e-07
9679,2017,95.47,295.3339376478746,49.79183859996042,92.6,111.4,100.5,98.5,92.2,92.0,90.5,94.2,96.2,100.4,97.0,97.0,97.0,97.9,95.4,96.8,95.3,94.7,-2.246967997874477,-0.5979503745962352,0.5538646234519838,1.0078363130421774e-06
9679,2018,60.18,295.3339376478746,49.79183859996042,93.1,96.7,93.4,96.4,93.4,93.6,102.9,102.7,98.7,102.5,98.8,99.5,99.5,99.4,96.6,96.5,95.9,96.7,-0.7709472266486022,0.19674874295768258,-0.02647717917989173,1.2834892191396122e-06
9679,2019,79.29,295.3339376478746,49.79183859996042,102.7,95.4,96.0,96.8,95.7,99.2,105.5,106.1,108.8,116.1,100.0,99.6,98.6,98.3,96.5,97.8,98.9,98.9,0.17424659837043327,-0.02560736646704217,0.8449949072560178,1.1228090215887773e-06
9679,2020,72.46,295.3339376478746,49.79183859996042,101.9,90.0,100.9,102.6,103.2,103.9,108.9,111.8,110.5,111.0,98.7,98.9,99.2,99.6,100.1,102.5,99.7,99.7,0.5711219646030972,0.24671746332070582,0.8676514599797068,3.4107932112187614e-07
9679,2021,89.47,295.3339376478746,49.79183859996042,100.0,100.0,103.7,101.1,95.4,99.8,113.2,94.1,97.6,95.1,99.6,99.9,99.8,100.8,99.3,99.7,100.5,100.6,-0.6987592679683826,0.0680851597486486,0.42116100533180784,4.4297774473580983e-07
9771,2017,95.09,488.8423700832919,41.31451596523443,92.6,111.4,100.5,98.5,92.2,92.0,90.5,94.2,96.2,100.4,97.0,97.0,97.0,97.9,95.4,96.8,95.3,94.7,-2.399635339116776,-0.5358850359916687,0.5838192182910411,8.624401674052853e-07
9771,2018,95.42,488.8423700832919,41.31451596523443,93.1,96.7,93.4,96.4,93.4,93.6,102.9,102.7,98.7,102.5,98.8,99.5,99.5,99.4,96.6,96.5,95.9,96.7,-0.7159895085648613,0.22092723846435547,0.08077966207802992,1.4305719483839315e-06
9771,2019,94.89,488.8423700832919,41.31451596523443,102.7,95.4,96.0,96.8,95.7,99.2,105.5,106.1,108.8,116.1,100.0,99.6,98.6,98.3,96.5,97.8,98.9,98.9,0.04529834401046191,0.17956900596618652,0.8787700435888243,9.449201271078945e-07
9771,2020,99.54,488.8423700832919,41.31451596523443,101.9,90.0,100.9,102.6,103.2,103.9,108.9,111.8,110.5,111.0,98.7,98.9,99.2,99.6,100.1,102.5,99.7,99.7,0.5751624724506557,0.16190707683563232,0.926911278958384,2.986487802513023e-07
9771,2021,89.75,488.8423700832919,41.31451596523443,100.0,100.0,103.7,101.1,95.4,99.8,113.2,94.1,97.6,95.1,99.6,99.9,99.8,100.8,99.3,99.7,100.5,100.6,-0.6417101155611269,0.10181581974029541,0.529625610128645,5.0123752422147066e-08
9772,2017,94.89,510.956197286752,43.52074393646736,92.6,111.4,100.5,98.5,92.2,92.0,90.5,94.2,96.2,100.4,97.0,97.0,97.0,97.9,95.4,96.8,95.3,94.7,-2.2863401990217738,-0.5606061220169067,0.5760296884895395,8.981341430074658e-07
9772,2018,81.73,510.956197286752,43.52074393646736,93.1,96.7,93.4,96.4,93.4,93.6,102.9,102.7,98.7,102.5,98.8,99.5,99.5,99.4,96.6,96.5,95.9,96.7,-0.738317284569892,0.249131441116333,0.0838494630349699,1.5077681133147067e-06
9772,2019,94.1,510.956197286752,43.52074393646736,102.7,95.4,96.0,96.8,95.7,99.2,105.5,106.1,108.8,116.1,100.0,99.6,98.6,98.3,96.5,97.8,98.9,98.9,0.04999870131115091,0.17067480087280273,0.876125858211284,1.0158688121420792e-06
9772,2020,94.69,510.956197286752,43.52074393646736,101.9,90.0,100.9,102.6,103.2,103.9,108.9,111.8,110.5,111.0,98.7,98.9,99.2,99.6,100.1,102.5,99.7,99.7,0.5454948804485491,0.17965376377105713,0.9195543223157862,3.761740900548587e-07
9772,2021,81.81,510.956197286752,43.52074393646736,100.0,100.0,103.7,101.1,95.4,99.8,113.2,94.1,97.6,95.1,99.6,99.9,99.8,100.8,99.3,99.7,100.5,100.6,-0.6529137617458627,0.11557376384735107,0.535626839746457,-5.478840730691224e-09
9773,2017,96.72,454.5975139106636,41.17990861550313,92.6,111.4,100.5,98.5,92.2,92.0,90.5,94.2,96.2,100.4,97.0,97.0,97.0,97.9,95.4,96.8,95.3,94.7,-2.318255446194456,-0.6124409910159937,0.5584185118637046,9.460235720594127e-07
9773,2018,74.76,454.5975139106636,41.17990861550313,93.1,96.7,93.4,96.4,93.4,93.6,102.9,102.7,98.7,102.5,98.8,99.5,99.5,99.4,96.6,96.5,95.9,96.7,-0.6488105278220866,0.23350811509244943,0.05148084484489874,1.3619516814972102e-06
9773,2019,92.39,454.5975139106636,41.17990861550313,102.7,95.4,96.0,96.8,95.7,99.2,105.5,106.1,108.8,116.1,100.0,99.6,98.6,98.3,96.5,97.8,98.9,98.9,0.10779111764668706,0.12433460171319165,0.8586319014398427,1.137950461985699e-06
9773,2020,97.29,454.5975139106636,41.17990861550313,101.9,90.0,100.9,102.6,103.2,103.9,108.9,111.8,110.5,111.0,98.7,98.9,99.2,99.6,100.1,102.5,99.7,99.7,0.5183066195367316,0.21777448789433582,0.8959997271191602,5.064231082065616e-07
9773,2021,85.71,454.5975139106636,41.17990861550313,100.0,100.0,103.7,101.1,95.4,99.8,113.2,94.1,97.6,95.1,99.6,99.9,99.8,100.8,99.3,99.7,100.5,100.6,-0.5977458092259833,0.11839803459428318,0.510385127523488,1.2196970382066974e-07
9774,2017,102.74,506.25228386240246,43.53821514599303,92.6,111.4,100.5,98.5,92.2,92.0,90.5,94.2,96.2,100.4,97.0,97.0,97.0,97.9,95.4,96.8,95.3,94.7,-2.177624019799881,-0.5840315818786621,0.5647041898137319,9.603818540156127e-07
9774,2018,87.47,506.25228386240246,43.53821514599303,93.1,96.7,93.4,96.4,93.4,93.6,102.9,102.7,98.7,102.5,98.8,99.5,99.5,99.4,96.6,96.5,95.9,96.7,-0.7587229252298827,0.2826356887817383,0.07612651211288646,1.5026953559612712e-06
9774,2019,98.16,506.25228386240246,43.53821514599303,102.7,95.4,96.0,96.8,95.7,99.2,105.5,106.1,108.8,116.1,100.0,99.6,98.6,98.3,96.5,97.8,98.9,98.9,0.08098490903209558,0.155318021774292,0.8688474359956978,1.127731091328176e-06
9774,2020,97.96,506.25228386240246,43.53821514599303,101.9,90.0,100.9,102.6,103.2,103.9,108.9,111.8,110.5,111.0,98.7,98.9,99.2,99.6,100.1,102.5,99.7,99.7,0.5145742721350381,0.1854565143585205,0.9073194997337382,4.5219602991611746e-07
9774,2021,88.63,506.25228386240246,43.53821514599303,100.0,100.0,103.7,101.1,95.4,99.8,113.2,94.1,97.6,95.1,99.6,99.9,99.8,100.8,99.3,99.7,100.5,100.6,-0.6458849662520499,0.13235652446746826,0.5341543294345985,-6.576861660873044e-09
9775,2017,83.9,515.0072983744109,43.576099256786335,92.6,111.4,100.5,98.5,92.2,92.0,90.5,94.2,96.2,100.4,97.0,97.0,97.0,97.9,95.4,96.8,95.3,94.7,-2.1262029732170618,-0.5833751132306937,0.5597516582909482,1.0427325769461532e-06
9775,2018,78.02,515.0072983744109,43.576099256786335,93.1,96.7,93.4,96.4,93.4,93.6,102.9,102.7,98.7,102.5,98.8,99.5,99.5,99.4,96.6,96.5,95.9,96.7,-0.7564411580736335,0.2948774643598828,0.07465603707810978,1.476270317355868e-06
9775,2019,78.5,515.0072983744109,43.576099256786335,102.7,95.4,96.0,96.8,95.7,99.2,105.5,106.1,108.8,116.1,100.0,99.6,98.6,98.3,96.5,97.8,98.9,98.9,0.06672741248038389,0.1166823594005421,0.8659628748369463,1.224664900475152e-06
9775,2020,83.52,515.0072983744109,43.576099256786335,101.9,90.0,100.9,102.6,103.2,103.9,108.9,111.8,110.5,111.0,98.7,98.9,99.2,99.6,100.1,102.5,99.7,99.7,0.5068362923949339,0.18980870656230375,0.9037582503037078,4.407065850981729e-07
9775,2021,74.05,515.0072983744109,43.576099256786335,100.0,100.0,103.7,101.1,95.4,99.8,113.2,94.1,97.6,95.1,99.6,99.9,99.8,100.8,99.3,99.7,100.5,100.6,-0.6319361017618258,0.14719316034543092,0.5389500182696042,-2.0503629535850407e-08
9779,2017,89.63,460.92054801805193,42.67593741906976,92.6,111.4,100.5,98.5,92.2,92.0,90.5,94.2,96.2,100.4,97.0,97.0,97.0,97.9,95.4,96.8,95.3,94.7,-2.3256200732223093,-0.5970581769943237,0.5559959525462947,8.920875244198842e-07
9779,2018,89.56,460.92054801805193,42.67593741906976,93.1,96.7,93.4,96.4,93.4,93.6,102.9,102.7,98.7,102.5,98.8,99.5,99.5,99.4,96.6,96.5,95.9,96.7,-0.6977212350534362,0.20242977142333984,0.02895017853189309,1.2013823875727264e-06
9779,2019,94.07,460.92054801805193,42.67593741906976,102.7,95.4,96.0,96.8,95.7,99.2,105.5,106.1,108.8,116.1,100.0,99.6,98.6,98.3,96.5,97.8,98.9,98.9,0.1304787149185908,0.11369001865386963,0.8512132067016235,1.1265042113365248e-06
9779,2020,91.56,460.92054801805193,42.67593741906976,101.9,90.0,100.9,102.6,103.2,103.9,108.9,111.8,110.5,111.0,98.7,98.9,99.2,99.6,100.1,102.5,99.7,99.7,0.5717019133909779,0.17751073837280273,0.8888482606893903,5.173002908951908e-07
9779,2021,83.52,460.92054801805193,42.67593741906976,100.0,100.0,103.7,101.1,95.4,99.8,113.2,94.1,97.6,95.1,99.6,99.9,99.8,100.8,99.3,99.7,100.5,100.6,-0.5781136519654222,0.09134566783905029,0.48961156651193627,2.584673746842507e-07
12062,2017,73.01,102.26153647522072,36.17198747447048,92.6,111.4,100.5,98.5,92.2,92.0,90.5,94.2,96.2,100.4,97.0,97.0,97.0,97.9,95.4,96.8,95.3,94.7,-2.662558004501971,-0.5028525465158804,0.6353502766859986,1.9691854420471352e-08
12062,2018,69.87,102.26153647522072,36.17198747447048,93.1,96.7,93.4,96.4,93.4,93.6,102.9,102.7,98.7,102.5,98.8,99.5,99.5,99.4,96.6,96.5,95.9,96.7,-0.9448795964670723,0.10863447058207142,-0.1521339799672731,6.171634576407442e-07
12062,2019,67.12,102.26153647522072,36.17198747447048,102.7,95.4,96.0,96.8,95.7,99.2,105.5,106.1,108.8,116.1,100.0,99.6,98.6,98.3,96.5,97.8,98.9,98.9,0.3384755728457791,0.10471430786015051,0.9074647699916094,-4.9880818349246e-07
12063,2017,82.28,34.27972390292592,35.81629520224732,92.6,111.4,100.5,98.5,92.2,92.0,90.5,94.2,96.2,100.4,97.0,97.0,97.0,97.9,95.4,96.8,95.3,94.7,-2.448656721419282,-0.48732608556747437,0.6226211018117612,6.098414313780131e-07
12063,2018,43.18,34.27972390292592,35.81629520224732,93.1,96.7,93.4,96.4,93.4,93.6,102.9,102.7,98.7,102.5,98.8,99.5,99.5,99.4,96.6,96.5,95.9,96.7,-0.99142830245244,0.20115041732788086,-0.24728011621450607,5.280555646400219e-07
12063,2019,61.82,34.27972390292592,35.81629520224732,102.7,95.4,96.0,96.8,95.7,99.2,105.5,106.1,108.8,116.1,100.0,99.6,98.6,98.3,96.5,97.8,98.9,98.9,0.4666688733623503,-0.1443324089050293,0.8529988772517632,1.505716827503927e-07
12063,2020,78.13,34.27972390292592,35.81629520224732,101.9,90.0,100.9,102.6,103.2,103.9,108.9,111.8,110.5,111.0,98.7,98.9,99.2,99.6,100.1,102.5,99.7,99.7,0.8963705532368983,0.19442272186279297,0.9131545829276593,-5.385523284293412e-07
12063,2021,68.86,34.27972390292592,35.81629520224732,100.0,100.0,103.7,101.1,95.4,99.8,113.2,94.1,97.6,95.1,99.6,99.9,99.8,100.8,99.3,99.7,100.5,100.6,-0.48229096572971764,-0.0017328262329101562,0.38778127594950995,-2.909323599108145e-07
12064,2017,67.79,47.27500580551489,36.64059745746665,92.6,111.4,100.5,98.5,92.2,92.0,90.5,94.2,96.2,100.4,97.0,97.0,97.0,97.9,95.4,96.8,95.3,94.7,-2.5239745350337945,-0.4852999448776245,0.6435909033340792,6.00880601696346e-07
12064,2018,61.8,47.27500580551489,36.64059745746665,93.1,96.7,93.4,96.4,93.4,93.6,102.9,102.7,98.7,102.5,98.8,99.5,99.5,99.4,96.6,96.5,95.9,96.7,-0.9896262629338274,0.19717729091644287,-0.24225800608236603,6.290470388279983e-07
12064,2019,56.83,47.27500580551489,36.64059745746665,102.7,95.4,96.0,96.8,95.7,99.2,105.5,106.1,108.8,116.1,100.0,99.6,98.6,98.3,96.5,97.8,98.9,98.9,0.3493037648343122,-0.07605969905853271,0.8682155262968696,-2.0863404168437666e-07
12064,2020,42.86,47.27500580551489,36.64059745746665,101.9,90.0,100.9,102.6,103.2,103.9,108.9,111.8,110.5,111.0,98.7,98.9,99.2,99.6,100.1,102.5,99.7,99.7,1.028562639210051,0.16976630687713623,0.9613029847147111,-6.617358095707753e-07
12068,2018,60.95,56.8181698249282,35.8795768976114,93.1,96.7,93.4,96.4,93.4,93.6,102.9,102.7,98.7,102.5,98.8,99.5,99.5,99.4,96.6,96.5,95.9,96.7,-0.9840050737439665,0.19109344482421875,-0.2741281821440857,4.0492545350327615e-07
12069,2018,37.35,70.97111090237965,39.06239026621852,93.1,96.7,93.4,96.4,93.4,93.6,102.9,102.7,98.7,102.5,98.8,99.5,99.5,99.4,96.6,96.5,95.9,96.7,-0.9951937774584573,0.15712833404541016,-0.22011621972578882,6.586932333794807e-07
12069,2019,50.02,70.97111090237965,39.06239026621852,102.7,95.4,96.0,96.8,95.7,99.2,105.5,106.1,108.8,116.1,100.0,99.6,98.6,98.3,96.5,97.8,98.9,98.9,0.4537818729029546,-0.11004000902175903,0.8870182835788717,-4.9898187201351674e-08
12070,2017,75.49,52.93772890964092,36.17088665928267,92.6,111.4,100.5,98.5,92.2,92.0,90.5,94.2,96.2,100.4,97.0,97.0,97.0,97.9,95.4,96.8,95.3,94.7,-2.4543124202952273,-0.47410822246853196,0.6206246778180216,4.842753151725932e-07
12070,2018,51.99,52.93772890964092,36.17088665928267,93.1,96.7,93.4,96.4,93.4,93.6,102.9,102.7,98.7,102.5,98.8,99.5,99.5,99.4,96.6,96.5,95.9,96.7,-1.0200664606280174,0.2274965405769352,-0.2806013728669014,2.154218087541603e-07
12070,2019,73.23,52.93772890964092,36.17088665928267,102.7,95.4,96.0,96.8,95.7,99.2,105.5,106.1,108.8,116.1,100.0,99.6,98.6,98.3,96.5,97.8,98.9,98.9,0.4707481416208332,-0.18344923995345921,0.8065698826552592,6.285684049393223e-07
12070,2020,74.04,52.93772890964092,36.17088665928267,101.9,90.0,100.9,102.6,103.2,103.9,108.9,111.8,110.5,111.0,98.7,98.9,99.2,99.6,100.1,102.5,99.7,99.7,0.8256031888952007,0.2561284159532679,0.8893056813321609,-5.16025318250356e-07
12070,2021,81.77,52.93772890964092,36.17088665928267,100.0,100.0,103.7,101.1,95.4,99.8,113.2,94.1,97.6,95.1,99.6,99.9,99.8,100.8,99.3,99.7,100.5,100.6,-0.3158781821268411,-0.0067954830188250975,0.3351017897243098,-2.7947528028175856e-07
12073,2017,70.55,54.7569700705869,35.820799452742165,92.6,111.4,100.5,98.5,92.2,92.0,90.5,94.2,96.2,100.4,97.0,97.0,97.0,97.9,95.4,96.8,95.3,94.7,-2.598015870710689,-0.47509669216284606,0.6403663636808771,6.368517116023013e-07
12073,2018,47.88,54.7569700705869,35.820799452742165,93.1,96.7,93.4,96.4,93.4,93.6,102.9,102.7,98.7,102.5,98.8,99.5,99.5,99.4,96.6,96.5,95.9,96.7,-0.9935970412536433,0.2760516460347969,-0.2958538180998399,4.939411433687007e-07
12073,2019,65.31,54.7569700705869,35.820799452742165,102.7,95.4,96.0,96.8,95.7,99.2,105.5,106.1,108.8,116.1,100.0,99.6,98.6,98.3,96.5,97.8,98.9,98.9,0.4381470313262418,-0.058234119459978806,0.8297272454569219,1.1649763064085659e-07
12073,2020,67.05,54.7569700705869,35.820799452742165,101.9,90.0,100.9,102.6,103.2,103.9,108.9,111.8,110.5,111.0,98.7,98.9,99.2,99.6,100.1,102.5,99.7,99.7,1.0630789355763028,0.14559943133587597,0.9595618716689354,-4.886729611159502e-07
12073,2021,70.94,54.7569700705869,35.820799452742165,100.0,100.0,103.7,101.1,95.4,99.8,113.2,94.1,97.6,95.1,99.6,99.9,99.8,100.8,99.3,99.7,100.5,100.6,-0.38593283684459767,-0.006836253787327213,0.39666314107763606,8.319462478357977e-09
13071,2017,73.11,62.05753027410464,38.64812536384011,92.6,111.4,100.5,98.5,92.2,92.0,90.5,94.2,96.2,100.4,97.0,97.0,97.0,97.9,95.4,96.8,95.3,94.7,-2.5601276982023244,-0.5082082711735388,0.6282319767573213,3.2216306505462793e-07
13071,2018,56.56,62.05753027410464,38.64812536384011,93.1,96.7,93.4,96.4,93.4,93.6,102.9,102.7,98.7,102.5,98.8,99.5,99.5,99.4,96.6,96.5,95.9,96.7,-1.0677002276854188,0.31359700305784055,-0.33760503483656207,1.8580617941453232e-07
13071,2019,67.96,62.05753027410464,38.64812536384011,102.7,95.4,96.0,96.8,95.7,99.2,105.5,106.1,108.8,116.1,100.0,99.6,98.6,98.3,96.5,97.8,98.9,98.9,0.4982820735941958,-0.09129923307754247,0.7967894016223953,4.320817771414034e-07
13071,2020,73.35,62.05753027410464,38.64812536384011,101.9,90.0,100.9,102.6,103.2,103.9,108.9,111.8,110.5,111.0,98.7,98.9,99.2,99.6,100.1,102.5,99.7,99.7,0.9897107951538896,0.22175242436480067,0.9326628318128313,-6.182522846337525e-07
13071,2021,70.82,62.05753027410464,38.64812536384011,100.0,100.0,103.7,101.1,95.4,99.8,113.2,94.1,97.6,95.1,99.6,99.9,99.8,100.8,99.3,99.7,100.5,100.6,-0.30024950644343584,0.016299267833913663,0.3620335349209265,-8.573899044249495e-08
13072,2017,74.88,36.06949016828116,38.63362555388887,92.6,111.4,100.5,98.5,92.2,92.0,90.5,94.2,96.2,100.4,97.0,97.0,97.0,97.9,95.4,96.8,95.3,94.7,-2.316262134518861,-0.5614534630170592,0.6303698975008079,-2.4419225932577925e-07
13072,2018,68.44,36.06949016828116,38.63362555388887,93.1,96.7,93.4,96.4,93.4,93.6,102.9,102.7,98.7,102.5,98.8,99.5,99.5,99.4,96.6,96.5,95.9,96.7,-1.1264245112348956,0.35702542154816974,-0.3781425156068821,-2.1088942646067373e-07
13072,2019,77.78,36.06949016828116,38.63362555388887,102.7,95.4,96.0,96.8,95.7,99.2,105.5,106.1,108.8,116.1,100.0,99.6,98.6,98.3,96.5,97.8,98.9,98.9,0.5080331306813964,-0.063271203860104,0.7807465841898874,7.325279768077809e-07
13072,2020,80.78,36.06949016828116,38.63362555388887,101.9,90.0,100.9,102.6,103.2,103.9,108.9,111.8,110.5,111.0,98.7,98.9,99.2,99.6,100.1,102.5,99.7,99.7,0.8910465596054986,0.26585024374707966,0.9283421838302154,-6.469621483858025e-07
13072,2021,74.57,36.06949016828116,38.63362555388887,100.0,100.0,103.7,101.1,95.4,99.8,113.2,94.1,97.6,95.1,99.6,99.9,99.8,100.8,99.3,99.7,100.5,100.6,-0.2934834444895545,0.054021819593141236,0.33380917062956045,-1.899423552570462e-07
13073,2017,79.26,14.737300532102989,43.14493181361785,92.6,111.4,100.5,98.5,92.2,92.0,90.5,94.2,96.2,100.4,97.0,97.0,97.0,97.9,95.4,96.8,95.3,94.7,-2.4088507968238755,-0.5774112939834595,0.6454529874936787,2.1346946371496503e-08
13073,2018,69.9,14.737300532102989,43.14493181361785,93.1,96.7,93.4,96.4,93.4,93.6,102.9,102.7,98.7,102.5,98.8,99.5,99.5,99.4,96.6,96.5,95.9,96.7,-1.049223413965096,0.37244975566864014,-0.40019208126945877,4.375416838231241e-08
13073,2019,81.19,14.737300532102989,43.14493181361785,102.7,95.4,96.0,96.8,95.7,99.2,105.5,106.1,108.8,116.1,100.0,99.6,98.6,98.3,96.5,97.8,98.9,98.9,0.4779643990540221,-0.018286049365997314,0.8218238706245058,6.623009668032366e-07
13073,2020,82.62,14.737300532102989,43.14493181361785,101.9,90.0,100.9,102.6,103.2,103.9,108.9,111.8,110.5,111.0,98.7,98.9,99.2,99.6,100.1,102.5,99.7,99.7,0.8774939273451648,0.27277326583862305,1.0563204942493178,-3.042822745992349e-07
13073,2021,90.37,14.737300532102989,43.14493181361785,100.0,100.0,103.7,101.1,95.4,99.8,113.2,94.1,97.6,95.1,99.6,99.9,99.8,100.8,99.3,99.7,100.5,100.6,-0.25730243352310717,0.02015531063079834,0.37935280344111905,9.658528376943097e-08
13074,2017,72.98,41.47393948165326,43.10618084867727,92.6,111.4,100.5,98.5,92.2,92.0,90.5,94.2,96.2,100.4,97.0,97.0,97.0,97.9,95.4,96.8,95.3,94.7,-2.3354427996983094,-0.5767425064595711,0.6243032684599833,-2.56956648907582e-07
13074,2018,56.48,41.47393948165326,43.10618084867727,93.1,96.7,93.4,96.4,93.4,93.6,102.9,102.7,98.7,102.5,98.8,99.5,99.5,99.4,96.6,96.5,95.9,96.7,-1.180990268197248,0.2519535619889952,-0.3646631163005428,-3.110940354975863e-07
13074,2019,78.22,41.47393948165326,43.10618084867727,102.7,95.4,96.0,96.8,95.7,99.2,105.5,106.1,108.8,116.1,100.0,99.6,98.6,98.3,96.5,97.8,98.9,98.9,0.5303587095142298,-0.12946847921084184,0.7900138663265436,9.7677893283898e-07
13074,2020,79.01,41.47393948165326,43.10618084867727,101.9,90.0,100.9,102.6,103.2,103.9,108.9,111.8,110.5,111.0,98.7,98.9,99.2,99.6,100.1,102.5,99.7,99.7,0.863152962024265,0.3222029555055099,0.9206623039513941,-4.904954294968172e-07
13074,2021,63.41,41.47393948165326,43.10618084867727,100.0,100.0,103.7,101.1,95.4,99.8,113.2,94.1,97.6,95.1,99.6,99.9,99.8,100.8,99.3,99.7,100.5,100.6,-0.32550642268844987,0.0652385335125469,0.3119066714115563,-2.460333295760442e-07
13075,2017,73.54,17.711266955122902,41.0799393666064,92.6,111.4,100.5,98.5,92.2,92.0,90.5,94.2,96.2,100.4,97.0,97.0,97.0,97.9,95.4,96.8,95.3,94.7,-2.557699463208113,-0.49887627363204956,0.6357257027035447,3.969654428914226e-07
13075,2018,57.17,17.711266955122902,41.0799393666064,93.1,96.7,93.4,96.4,93.4,93.6,102.9,102.7,98.7,102.5,98.8,99.5,99.5,99.4,96.6,96.5,95.9,96.7,-1.0469194153407395,0.3267064094543457,-0.36308326307821026,1.860687830191549e-07
13075,2019,70.15,17.711266955122902,41.0799393666064,102.7,95.4,96.0,96.8,95.7,99.2,105.5,106.1,108.8,116.1,100.0,99.6,98.6,98.3,96.5,97.8,98.9,98.9,0.5032575576481981,-0.029328644275665283,0.7963519904657479,3.649419958196063e-07
13075,2020,70.87,17.711266955122902,41.0799393666064,101.9,90.0,100.9,102.6,103.2,103.9,108.9,111.8,110.5,111.0,98.7,98.9,99.2,99.6,100.1,102.5,99.7,99.7,1.0354446458254625,0.18260407447814941,0.9997374144307046,-5.29597578310909e-07
13075,2021,71.76,17.711266955122902,41.0799393666064,100.0,100.0,103.7,101.1,95.4,99.8,113.2,94.1,97.6,95.1,99.6,99.9,99.8,100.8,99.3,99.7,100.5,100.6,-0.2896463548811976,0.051110029220581055,0.3904741692645537,4.4700488540132105e-08
13076,2017,72.92,44.7086480808374,41.34521384306508,92.6,111.4,100.5,98.5,92.2,92.0,90.5,94.2,96.2,100.4,97.0,97.0,97.0,97.9,95.4,96.8,95.3,94.7,-2.3021237308917746,-0.5175403356552124,0.6222981526672995,8.887648406923934e-08
13076,2018,61.26,44.7086480808374,41.34521384306508,93.1,96.7,93.4,96.4,93.4,93.6,102.9,102.7,98.7,102.5,98.8,99.5,99.5,99.4,96.6,96.5,95.9,96.7,-1.0715424890826424,0.23217535018920898,-0.3192633714678471,-6.663850807485923e-08
13076,2019,70.64,44.7086480808374,41.34521384306508,102.7,95.4,96.0,96.8,95.7,99.2,105.5,106.1,108.8,116.1,100.0,99.6,98.6,98.3,96.5,97.8,98.9,98.9,0.4932711438386274,-0.17966824769973755,0.7991185913554955,8.455010675101952e-07
13076,2020,77.22,44.7086480808374,41.34521384306508,101.9,90.0,100.9,102.6,103.2,103.9,108.9,111.8,110.5,111.0,98.7,98.9,99.2,99.6,100.1,102.5,99.7,99.7,0.7966110762084726,0.3333958387374878,0.9047177615765588,-4.885192025794103e-07
13076,2021,50.36,44.7086480808374,41.34521384306508,100.0,100.0,103.7,101.1,95.4,99.8,113.2,94.1,97.6,95.1,99.6,99.9,99.8,100.8,99.3,99.7,100.5,100.6,-0.36924384261996696,0.028135180473327637,0.3216993143828902,-2.802076377677239e-07
14522,2017,85.53,354.76248611154307,54.89524089500766,92.6,111.4,100.5,98.5,92.2,92.0,90.5,94.2,96.2,100.4,97.0,97.0,97.0,97.9,95.4,96.8,95.3,94.7,-2.705085344584912,-0.48896557092666626,0.640886228591807,-7.376921362493817e-07
14522,2018,69.54,354.76248611154307,54.89524089500766,93.1,96.7,93.4,96.4,93.4,93.6,102.9,102.7,98.7,102.5,98.8,99.5,99.5,99.4,96.6,96.5,95.9,96.7,-0.9565752883801751,0.10254037380218506,-0.07203509550323328,4.464089782491592e-07
14522,2019,81.15,354.76248611154307,54.89524089500766,102.7,95.4,96.0,96.8,95.7,99.2,105.5,106.1,108.8,116.1,100.0,99.6,98.6,98.3,96.5,97.8,98.9,98.9,0.22611948827355957,0.23944520950317383,0.9076137112311783,-6.049996214382426e-07
14522,2020,78.58,354.76248611154307,54.89524089500766,101.9,90.0,100.9,102.6,103.2,103.9,108.9,111.8,110.5,111.0,98.7,98.9,99.2,99.6,100.1,102.5,99.7,99.7,0.9337201782350262,0.028239011764526367,0.9641462873756356,-1.0111751065681525e-06
14522,2021,84.01,354.76248611154307,54.89524089500766,100.0,100.0,103.7,101.1,95.4,99.8,113.2,94.1,97.6,95.1,99.6,99.9,99.8,100.8,99.3,99.7,100.5,100.6,-0.5434978615397219,0.10374903678894043,0.4897218562054091,-2.3594277247447708e-07
14524,2017,77.97,343.0609384070534,52.00876295096663,92.6,111.4,100.5,98.5,92.2,92.0,90.5,94.2,96.2,100.4,97.0,97.0,97.0,97.9,95.4,96.8,95.3,94.7,-2.3894563579604062,-0.5368827615746324,0.6330863672173472,-5.977879314396712e-07
14524,2018,52.07,343.0609384070534,52.00876295096663,93.1,96.7,93.4,96.4,93.4,93.6,102.9,102.7,98.7,102.5,98.8,99.5,99.5,99.4,96.6,96.5,95.9,96.7,-0.995698191021792,0.14379247634016518,-0.06147624885226403,5.25596093626252e-07
14524,2019,57.32,343.0609384070534,52.00876295096663,102.7,95.4,96.0,96.8,95.7,99.2,105.5,106.1,108.8,116.1,100.0,99.6,98.6,98.3,96.5,97.8,98.9,98.9,0.25082964907793714,0.18270616848731472,0.9043055450296305,-2.991407767230207e-07
14524,2020,72.09,343.0609384070534,52.00876295096663,101.9,90.0,100.9,102.6,103.2,103.9,108.9,111.8,110.5,111.0,98.7,98.9,99.2,99.6,100.1,102.5,99.7,99.7,0.800081683262846,0.0548946652806069,0.953598574742967,-6.517487795411053e-07
14524,2021,72.21,343.0609384070534,52.00876295096663,100.0,100.0,103.7,101.1,95.4,99.8,113.2,94.1,97.6,95.1,99.6,99.9,99.8,100.8,99.3,99.7,100.5,100.6,-0.6106646502277179,0.13619325927014536,0.48981211324126056,-1.7718198944979836e-07
14625,2017,76.37,198.7984065380672,42.9309437004101,92.6,111.4,100.5,98.5,92.2,92.0,90.5,94.2,96.2,100.4,97.0,97.0,97.0,97.9,95.4,96.8,95.3,94.7,-2.9121932483578195,-0.5058406221172694,0.652517918836228,-3.98563299586794e-07
14625,2018,52.65,198.7984065380672,42.9309437004101,93.1,96.7,93.4,96.4,93.4,93.6,102.9,102.7,98.7,102.5,98.8,99.5,99.5,99.4,96.6,96.5,95.9,96.7,-0.9410257405957142,0.09835145533141348,-0.10681777055844908,1.8504318957124717e-07
14625,2019,63.49,198.7984065380672,42.9309437004101,102.7,95.4,96.0,96.8,95.7,99.2,105.5,106.1,108.8,116.1,100.0,99.6,98.6,98.3,96.5,97.8,98.9,98.9,0.33626802114031384,0.19179822500725385,0.9023610106637447,-4.3076806947872023e-07
14625,2020,73.89,198.7984065380672,42.9309437004101,101.9,90.0,100.9,102.6,103.2,103.9,108.9,111.8,110.5,111.0,98.7,98.9,99.2,99.6,100.1,102.5,99.7,99.7,1.0156612280466217,0.030286896411165304,0.9794990609430151,-1.244973459590513e-06
14625,2021,73.95,198.7984065380672,42.9309437004101,100.0,100.0,103.7,101.1,95.4,99.8,113.2,94.1,97.6,95.1,99.6,99.9,99.8,100.8,99.3,99.7,100.5,100.6,-0.5696798787145794,0.0945066253827635,0.49252560231512066,-2.0503507108042078e-07
14626,2017,71.42,223.2249771252893,43.94385284188461,92.6,111.4,100.5,98.5,92.2,92.0,90.5,94.2,96.2,100.4,97.0,97.0,97.0,97.9,95.4,96.8,95.3,94.7,-3.061600668835562,-0.49576244378368045,0.6618684073978681,-3.319843557398552e-07
14626,2018,47.91,223.2249771252893,43.94385284188461,93.1,96.7,93.4,96.4,93.4,93.6,102.9,102.7,98.7,102.5,98.8,99.5,99.5,99.4,96.6,96.5,95.9,96.7,-0.9326153066241747,0.10080950687078481,-0.09998373931645614,-9.293291161716258e-08
14626,2019,61.06,223.2249771252893,43.94385284188461,102.7,95.4,96.0,96.8,95.7,99.2,105.5,106.1,108.8,116.1,100.0,99.6,98.6,98.3,96.5,97.8,98.9,98.9,0.3694647730678362,0.16179123212646576,0.9004686782305281,-3.203286360930775e-07
14626,2020,70.49,223.2249771252893,43.94385284188461,101.9,90.0,100.9,102.6,103.2,103.9,108.9,111.8,110.5,111.0,98.7,98.9,99.2,99.6,100.1,102.5,99.7,99.7,1.0187936458374738,0.025366003097148145,0.9900774424022736,-1.3454828757812787e-06
14626,2021,73.13,223.2249771252893,43.94385284188461,100.0,100.0,103.7,101.1,95.4,99.8,113.2,94.1,97.6,95.1,99.6,99.9,99.8,100.8,99.3,99.7,100.5,100.6,-0.4929763898699285,0.11977541040732079,0.5048983259120698,-2.0603099318691484e-07
14627,2017,86.61,155.04697258591955,41.11461039028564,92.6,111.4,100.5,98.5,92.2,92.0,90.5,94.2,96.2,100.4,97.0,97.0,97.0,97.9,95.4,96.8,95.3,94.7,-2.7985096262641154,-0.5008858442306519,0.6405307919612844,-4.783923502624418e-07
14627,2018,65.31,155.04697258591955,41.11461039028564,93.1,96.7,93.4,96.4,93.4,93.6,102.9,102.7,98.7,102.5,98.8,99.5,99.5,99.4,96.6,96.5,95.9,96.7,-0.9252304153343199,0.12037026882171631,-0.10468091784684261,4.6308275826690695e-07
14627,2019,76.53,155.04697258591955,41.11461039028564,102.7,95.4,96.0,96.8,95.7,99.2,105.5,106.1,108.8,116.1,100.0,99.6,98.6,98.3,96.5,97.8,98.9,98.9,0.30544864480459544,0.18102967739105225,0.9051909589646767,-6.012842886365353e-07
14627,2020,74.81,155.04697258591955,41.11461039028564,101.9,90.0,100.9,102.6,103.2,103.9,108.9,111.8,110.5,111.0,98.7,98.9,99.2,99.6,100.1,102.5,99.7,99.7,0.9550927194521895,0.019657135009765625,0.9659348902212841,-1.0753458233391859e-06
14627,2021,87.97,155.04697258591955,41.11461039028564,100.0,100.0,103.7,101.1,95.4,99.8,113.2,94.1,97.6,95.1,99.6,99.9,99.8,100.8,99.3,99.7,100.5,100.6,-0.5656676793793897,0.11244499683380127,0.48187325119114,-2.2611032196831894e-07
14628,2017,75.4,384.98984559106736,48.99689899412168,92.6,111.4,100.5,98.5,92.2,92.0,90.5,94.2,96.2,100.4,97.0,97.0,97.0,97.9,95.4,96.8,95.3,94.7,-3.009929372525452,-0.5117032527923584,0.6555991782397591,-7.139537363959657e-07
14628,2018,54.64,384.98984559106736,48.99689899412168,93.1,96.7,93.4,96.4,93.4,93.6,102.9,102.7,98.7,102.5,98.8,99.5,99.5,99.4,96.6,96.5,95.9,96.7,-0.8699948401162034,0.08538877964019775,-0.06390539427474656,1.6823030347637623e-07
14628,2019,68.69,384.98984559106736,48.99689899412168,102.7,95.4,96.0,96.8,95.7,99.2,105.5,106.1,108.8,116.1,100.0,99.6,98.6,98.3,96.5,97.8,98.9,98.9,0.3251559642876677,0.22269904613494873,0.913263948310285,-5.468160094992254e-07
14713,2017,81.1,123.59486696935014,47.75030443533704,92.6,111.4,100.5,98.5,92.2,92.0,90.5,94.2,96.2,100.4,97.0,97.0,97.0,97.9,95.4,96.8,95.3,94.7,-2.486384687852837,-0.533466012735408,0.6244080251862526,-2.546855919907923e-07
14713,2018,46.39,123.59486696935014,47.75030443533704,93.1,96.7,93.4,96.4,93.4,93.6,102.9,102.7,98.7,102.5,98.8,99.5,99.5,99.4,96.6,96.5,95.9,96.7,-0.9532648581695992,0.14846656892513227,-0.12235721401720148,6.804264927066353e-07
14713,2019,56.31,123.59486696935014,47.75030443533704,102.7,95.4,96.0,96.8,95.7,99.2,105.5,106.1,108.8,116.1,100.0,99.6,98.6,98.3,96.5,97.8,98.9,98.9,0.2944723677819071,0.028645212581270695,0.90607174972823,-3.5208070361553707e-07
14713,2020,50.82,123.59486696935014,47.75030443533704,101.9,90.0,100.9,102.6,103.2,103.9,108.9,111.8,110.5,111.0,98.7,98.9,99.2,99.6,100.1,102.5,99.7,99.7,0.8066961818997576,0.08554444986863266,0.9415082977689294,-7.101960387105505e-07
14713,2021,82.9,123.59486696935014,47.75030443533704,100.0,100.0,103.7,101.1,95.4,99.8,113.2,94.1,97.6,95.1,99.6,99.9,99.8,100.8,99.3,99.7,100.5,100.6,-0.6500633764730307,0.1130388767958584,0.4683161279087877,-3.7004757482821145e-07
14729,2017,82.9,157.08459540406392,50.09724502977371,92.6,111.4,100.5,98.5,92.2,92.0,90.5,94.2,96.2,100.4,97.0,97.0,97.0,97.9,95.4,96.8,95.3,94.7,-2.5080865036404205,-0.5152643918991089,0.6299613736344105,-4.3792272097035985e-07
14729,2018,49.74,157.08459540406392,50.09724502977371,93.1,96.7,93.4,96.4,93.4,93.6,102.9,102.7,98.7,102.5,98.8,99.5,99.5,99.4,96.6,96.5,95.9,96.7,-0.9579816987763683,0.1380523443222046,-0.10600697182990332,6.472799016591459e-07
14729,2019,61.85,157.08459540406392,50.09724502977371,102.7,95.4,96.0,96.8,95.7,99.2,105.5,106.1,108.8,116.1,100.0,99.6,98.6,98.3,96.5,97.8,98.9,98.9,0.28681425701934343,0.1100229024887085,0.9071276428431732,-4.7167724016823307e-07
14729,2020,54.55,157.08459540406392,50.09724502977371,101.9,90.0,100.9,102.6,103.2,103.9,108.9,111.8,110.5,111.0,98.7,98.9,99.2,99.6,100.1,102.5,99.7,99.7,0.8197058808616906,0.046594858169555664,0.9510996829051618,-8.307940465746259e-07
14729,2021,82.49,157.08459540406392,50.09724502977371,100.0,100.0,103.7,101.1,95.4,99.8,113.2,94.1,97.6,95.1,99.6,99.9,99.8,100.8,99.3,99.7,100.5,100.6,-0.6142944829982859,0.092193603515625,0.47853190468212403,-3.666559424038074e-07
14730,2017,77.37,117.79437001546252,42.88446493582184,92.6,111.4,100.5,98.5,92.2,92.0,90.5,94.2,96.2,100.4,97.0,97.0,97.0,97.9,95.4,96.8,95.3,94.7,-2.5605622743814584,-0.49280822725707124,0.6280800934484166,-1.4049889949604907e-07
14730,2018,42.49,117.79437001546252,42.88446493582184,93.1,96.7,93.4,96.4,93.4,93.6,102.9,102.7,98.7,102.5,98.8,99.5,99.5,99.4,96.6,96.5,95.9,96.7,-0.9496631115464207,0.11587344832029095,-0.13655492909603145,6.518619839372676e-07
14730,2019,55.55,117.79437001546252,42.88446493582184,102.7,95.4,96.0,96.8,95.7,99.2,105.5,106.1,108.8,116.1,100.0,99.6,98.6,98.3,96.5,97.8,98.9,98.9,0.34401032924433966,0.04666753497986201,0.9074530447226464,-4.015691171042371e-07
14730,2020,53.55,117.79437001546252,42.88446493582184,101.9,90.0,100.9,102.6,103.2,103.9,108.9,111.8,110.5,111.0,98.7,98.9,99.2,99.6,100.1,102.5,99.7,99.7,0.877346033326561,0.07971109859305019,0.9495991065464853,-7.915259828670829e-07
14730,2021,82.84,117.79437001546252,42.88446493582184,100.0,100.0,103.7,101.1,95.4,99.8,113.2,94.1,97.6,95.1,99.6,99.9,99.8,100.8,99.3,99.7,100.5,100.6,-0.6405507759290826,0.06430474276427375,0.4673489173305249,-3.399661092762049e-07
15001,2019,42.98,71.07372756150643,41.98656922605787,102.7,95.4,96.0,96.8,95.7,99.2,105.5,106.1,108.8,116.1,100.0,99.6,98.6,98.3,96.5,97.8,98.9,98.9,0.3783836297365555,-0.061444769652044484,0.9005071708825765,-9.576205408911268e-08
15002,2019,48.72,97.20921623980708,53.832800855466246,102.7,95.4,96.0,96.8,95.7,99.2,105.5,106.1,108.8,116.1,100.0,99.6,98.6,98.3,96.5,97.8,98.9,98.9,0.29447701136360444,-0.02711752392156523,0.8989393408141904,-1.382574545892377e-07
15003,2017,64.26,57.110934902069246,54.210621069505954,92.6,111.4,100.5,98.5,92.2,92.0,90.5,94.2,96.2,100.4,97.0,97.0,97.0,97.9,95.4,96.8,95.3,94.7,-2.59246913415518,-0.5341729076775408,0.6021114593016994,6.407692073575877e-07
15003,2018,46.3,57.110934902069246,54.210621069505954,93.1,96.7,93.4,96.4,93.4,93.6,102.9,102.7,98.7,102.5,98.8,99.5,99.5,99.4,96.6,96.5,95.9,96.7,-0.9580067511172378,0.13865788136780943,-0.20687274399230354,5.356010023184421e-07
15003,2019,56.92,57.110934902069246,54.210621069505954,102.7,95.4,96.0,96.8,95.7,99.2,105.5,106.1,108.8,116.1,100.0,99.6,98.6,98.3,96.5,97.8,98.9,98.9,0.3729713150784679,-0.09839266127389448,0.8705380107707125,1.9871990221036202e-07
15003,2020,52.16,57.110934902069246,54.210621069505954,101.9,90.0,100.9,102.6,103.2,103.9,108.9,111.8,110.5,111.0,98.7,98.9,99.2,99.6,100.1,102.5,99.7,99.7,0.8082319231801764,0.17085457296948092,0.8890854998761059,-3.8759223852808434e-07
15003,2021,74.13,57.110934902069246,54.210621069505954,100.0,100.0,103.7,101.1,95.4,99.8,113.2,94.1,97.6,95.1,99.6,99.9,99.8,100.8,99.3,99.7,100.5,100.6,-0.5317609657223383,0.0753052714517544,0.3994662213884879,-3.366233435091614e-07
15081,2017,71.39,54.594244413366845,42.174990313422974,92.6,111.4,100.5,98.5,92.2,92.0,90.5,94.2,96.2,100.4,97.0,97.0,97.0,97.9,95.4,96.8,95.3,94.7,-2.4274160489340315,-0.5182676911354065,0.6041828302605142,6.113467875767465e-07
15081,2018,44.29,54.594244413366845,42.174990313422974,93.1,96.7,93.4,96.4,93.4,93.6,102.9,102.7,98.7,102.5,98.8,99.5,99.5,99.4,96.6,96.5,95.9,96.7,-1.018447524364329,0.1767045259475708,-0.23996838701797857,2.849256058917335e-07
15081,2019,55.17,54.594244413366845,42.174990313422974,102.7,95.4,96.0,96.8,95.7,99.2,105.5,106.1,108.8,116.1,100.0,99.6,98.6,98.3,96.5,97.8,98.9,98.9,0.4308950992294186,-0.18410873413085938,0.8165985713952346,7.525948450660637e-07
15081,2020,59.09,54.594244413366845,42.174990313422974,101.9,90.0,100.9,102.6,103.2,103.9,108.9,111.8,110.5,111.0,98.7,98.9,99.2,99.6,100.1,102.5,99.7,99.7,0.7486707265658411,0.22256267070770264,0.8714642256761639,-5.33278726091373e-07
15081,2021,67.45,54.594244413366845,42.174990313422974,100.0,100.0,103.7,101.1,95.4,99.8,113.2,94.1,97.6,95.1,99.6,99.9,99.8,100.8,99.3,99.7,100.5,100.6,-0.4110201909188059,0.05049943923950195,0.34136380551773654,-2.6467305724117974e-07
15082,2017,75.25,81.09998059478208,41.782683556499926,92.6,111.4,100.5,98.5,92.2,92.0,90.5,94.2,96.2,100.4,97.0,97.0,97.0,97.9,95.4,96.8,95.3,94.7,-2.495316175164294,-0.5381356477737427,0.6124866531237517,3.2683692440116263e-07
15082,2018,27.09,81.09998059478208,41.782683556499926,93.1,96.7,93.4,96.4,93.4,93.6,102.9,102.7,98.7,102.5,98.8,99.5,99.5,99.4,96.6,96.5,95.9,96.7,-0.9577739866025204,0.16349804401397705,-0.17722963898370972,6.721250290122564e-07
15082,2019,38.75,81.09998059478208,41.782683556499926,102.7,95.4,96.0,96.8,95.7,99.2,105.5,106.1,108.8,116.1,100.0,99.6,98.6,98.3,96.5,97.8,98.9,98.9,0.33522283764755484,-0.05481213331222534,0.8985526539211874,-9.018305565133964e-08
15082,2020,46.66,81.09998059478208,41.782683556499926,101.9,90.0,100.9,102.6,103.2,103.9,108.9,111.8,110.5,111.0,98.7,98.9,99.2,99.6,100.1,102.5,99.7,99.7,0.8321348465836688,0.13481616973876953,0.9198341557179609,-5.077951064883137e-07
15082,2021,69.44,81.09998059478208,41.782683556499926,100.0,100.0,103.7,101.1,95.4,99.8,113.2,94.1,97.6,95.1,99.6,99.9,99.8,100.8,99.3,99.7,100.5,100.6,-0.6003888710967926,0.06658327579498291,0.4359801232401853,-3.5563745896440034e-07
15083,2017,74.33,96.70173749572442,49.62776047125312,92.6,111.4,100.5,98.5,92.2,92.0,90.5,94.2,96.2,100.4,97.0,97.0,97.0,97.9,95.4,96.8,95.3,94.7,-2.5709884220309136,-0.524538252928859,0.599323886446026,6.937887521866936e-07
15083,2018,49.59,96.70173749572442,49.62776047125312,93.1,96.7,93.4,96.4,93.4,93.6,102.9,102.7,98.7,102.5,98.8,99.5,99.5,99.4,96.6,96.5,95.9,96.7,-0.9980266205659281,0.1418213978046365,-0.21109768053706926,4.62870849220623e-07
15083,2019,53.64,96.70173749572442,49.62776047125312,102.7,95.4,96.0,96.8,95.7,99.2,105.5,106.1,108.8,116.1,100.0,99.6,98.6,98.3,96.5,97.8,98.9,98.9,0.39279345058979914,-0.1254227406686723,0.852278803044836,4.0606791355005894e-07
15083,2020,66.66,96.70173749572442,49.62776047125312,101.9,90.0,100.9,102.6,103.2,103.9,108.9,111.8,110.5,111.0,98.7,98.9,99.2,99.6,100.1,102.5,99.7,99.7,0.8039906954677071,0.18206002257243525,0.8774974224395832,-4.3501490924761224e-07
15083,2021,74.19,96.70173749572442,49.62776047125312,100.0,100.0,103.7,101.1,95.4,99.8,113.2,94.1,97.6,95.1,99.6,99.9,99.8,100.8,99.3,99.7,100.5,100.6,-0.48880449683144767,0.06184836608988757,0.3821609996488869,-3.022790994940213e-07
15084,2017,83.67,195.5577132908131,57.6250155720462,92.6,111.4,100.5,98.5,92.2,92.0,90.5,94.2,96.2,100.4,97.0,97.0,97.0,97.9,95.4,96.8,95.3,94.7,-2.286446723318098,-0.5575451850891113,0.6190686362682685,-3.4668267084167533e-07
15084,2018,53.81,195.5577132908131,57.6250155720462,93.1,96.7,93.4,96.4,93.4,93.6,102.9,102.7,98.7,102.5,98.8,99.5,99.5,99.4,96.6,96.5,95.9,96.7,-0.9780860505300781,0.18647313117980957,-0.10502969983988107,7.071850363325404e-07
15084,2019,56.33,195.5577132908131,57.6250155720462,102.7,95.4,96.0,96.8,95.7,99.2,105.5,106.1,108.8,116.1,100.0,99.6,98.6,98.3,96.5,97.8,98.9,98.9,0.2742899734289109,-0.020283401012420654,0.9040114756824247,-2.1212387864725883e-07
15084,2020,61.99,195.5577132908131,57.6250155720462,101.9,90.0,100.9,102.6,103.2,103.9,108.9,111.8,110.5,111.0,98.7,98.9,99.2,99.6,100.1,102.5,99.7,99.7,0.7436711580799444,0.11505544185638428,0.9275940967798425,-5.567687313925704e-07
15084,2021,83.19,195.5577132908131,57.6250155720462,100.0,100.0,103.7,101.1,95.4,99.8,113.2,94.1,97.6,95.1,99.6,99.9,99.8,100.8,99.3,99.7,100.5,100.6,-0.6440400328940913,0.16905224323272705,0.46838038119993025,-3.229891485252988e-07
15085,2017,80.89,283.1943469339319,58.9768212184164,92.6,111.4,100.5,98.5,92.2,92.0,90.5,94.2,96.2,100.4,97.0,97.0,97.0,97.9,95.4,96.8,95.3,94.7,-2.4512007340295203,-0.5318631037999886,0.5928120835208535,7.228375095789914e-07
15085,2018,41.12,283.1943469339319,58.9768212184164,93.1,96.7,93.4,96.4,93.4,93.6,102.9,102.7,98.7,102.5,98.8,99.5,99.5,99.4,96.6,96.5,95.9,96.7,-1.1273819754313787,0.11305007190221258,-0.17469262056839605,5.730660734699848e-07
15085,2019,51.89,283.1943469339319,58.9768212184164,102.7,95.4,96.0,96.8,95.7,99.2,105.5,106.1,108.8,116.1,100.0,99.6,98.6,98.3,96.5,97.8,98.9,98.9,0.2247351918901878,-0.025885485899604828,0.8554710944738696,5.09331631796149e-07
15085,2020,52.96,283.1943469339319,58.9768212184164,101.9,90.0,100.9,102.6,103.2,103.9,108.9,111.8,110.5,111.0,98.7,98.9,99.2,99.6,100.1,102.5,99.7,99.7,0.7714998273536501,0.17576651090515208,0.8697639288149135,-4.930524000557465e-07
15085,2021,69.58,283.1943469339319,58.9768212184164,100.0,100.0,103.7,101.1,95.4,99.8,113.2,94.1,97.6,95.1,99.6,99.9,99.8,100.8,99.3,99.7,100.5,100.6,-0.4974706117839359,0.1431236915338989,0.3975697104638172,-2.408330672695197e-07
15086,2017,73.56,57.07503225675692,40.29411328092959,92.6,111.4,100.5,98.5,92.2,92.0,90.5,94.2,96.2,100.4,97.0,97.0,97.0,97.9,95.4,96.8,95.3,94.7,-2.56743774756523,-0.521679162979126,0.6103337900140987,5.877636636088622e-07
15086,2018,44.32,57.07503225675692,40.29411328092959,93.1,96.7,93.4,96.4,93.4,93.6,102.9,102.7,98.7,102.5,98.8,99.5,99.5,99.4,96.6,96.5,95.9,96.7,-0.9804941435990626,0.17162823677062988,-0.2182860521895091,5.538796187720385e-07
15086,2019,45.8,57.07503225675692,40.29411328092959,102.7,95.4,96.0,96.8,95.7,99.2,105.5,106.1,108.8,116.1,100.0,99.6,98.6,98.3,96.5,97.8,98.9,98.9,0.4381676564748572,-0.11324012279510498,0.8710367301833979,1.6350702051757173e-07
15086,2020,54.28,57.07503225675692,40.29411328092959,101.9,90.0,100.9,102.6,103.2,103.9,108.9,111.8,110.5,111.0,98.7,98.9,99.2,99.6,100.1,102.5,99.7,99.7,0.851390460962684,0.18867838382720947,0.9026018556032543,-4.5552790631872376e-07
15086,2021,69.04,57.07503225675692,40.29411328092959,100.0,100.0,103.7,101.1,95.4,99.8,113.2,94.1,97.6,95.1,99.6,99.9,99.8,100.8,99.3,99.7,100.5,100.6,-0.5224009835054988,0.021972060203552246,0.39900502066011384,-3.371131293513058e-07
15087,2017,77.46,245.61759723344343,58.864698828747045,92.6,111.4,100.5,98.5,92.2,92.0,90.5,94.2,96.2,100.4,97.0,97.0,97.0,97.9,95.4,96.8,95.3,94.7,-2.313786252579585,-0.5583368383096741,0.6029492818145944,2.4867905047688624e-07
15087,2018,47.55,245.61759723344343,58.864698828747045,93.1,96.7,93.4,96.4,93.4,93.6,102.9,102.7,98.7,102.5,98.8,99.5,99.5,99.4,96.6,96.5,95.9,96.7,-0.9596922998790772,0.18752569988153936,-0.1496131287130529,6.524842921471424e-07
15087,2019,59.88,245.61759723344343,58.864698828747045,102.7,95.4,96.0,96.8,95.7,99.2,105.5,106.1,108.8,116.1,100.0,99.6,98.6,98.3,96.5,97.8,98.9,98.9,0.2703756817372631,-0.06176526274275513,0.8827391076684514,1.6259428248721425e-07
15087,2020,56.85,245.61759723344343,58.864698828747045,101.9,90.0,100.9,102.6,103.2,103.9,108.9,111.8,110.5,111.0,98.7,98.9,99.2,99.6,100.1,102.5,99.7,99.7,0.7043530856069338,0.16199767941069138,0.8929600393038577,-3.777896122155985e-07
15087,2021,79.04,245.61759723344343,58.864698828747045,100.0,100.0,103.7,101.1,95.4,99.8,113.2,94.1,97.6,95.1,99.6,99.9,99.8,100.8,99.3,99.7,100.5,100.6,-0.6005267911949222,0.1923741469716527,0.4288595555314746,-2.90063648012386e-07
15088,2017,78.29,136.769353440071,53.86927127553489,92.6,111.4,100.5,98.5,92.2,92.0,90.5,94.2,96.2,100.4,97.0,97.0,97.0,97.9,95.4,96.8,95.3,94.7,-2.3589429408801843,-0.5553702116012573,0.6139787328725845,-2.9945895359424136e-08
15088,2018,36.26,136.769353440071,53.86927127553489,93.1,96.7,93.4,96.4,93.4,93.6,102.9,102.7,98.7,102.5,98.8,99.5,99.5,99.4,96.6,96.5,95.9,96.7,-0.9672209732373541,0.1917945146560669,-0.1362556173710385,6.786724011619527e-07
15088,2019,43.68,136.769353440071,53.86927127553489,102.7,95.4,96.0,96.8,95.7,99.2,105.5,106.1,108.8,116.1,100.0,99.6,98.6,98.3,96.5,97.8,98.9,98.9,0.2886047813855178,-0.040804922580718994,0.8983504109475461,-1.1650826060391464e-07
15088,2020,53.32,136.769353440071,53.86927127553489,101.9,90.0,100.9,102.6,103.2,103.9,108.9,111.8,110.5,111.0,98.7,98.9,99.2,99.6,100.1,102.5,99.7,99.7,0.749108089532355,0.13179147243499756,0.9185089110463891,-5.033867671426074e-07
15088,2021,76.5,136.769353440071,53.86927127553489,100.0,100.0,103.7,101.1,95.4,99.8,113.2,94.1,97.6,95.1,99.6,99.9,99.8,100.8,99.3,99.7,100.5,100.6,-0.6060032859006507,0.15080440044403076,0.4509093600989959,-3.305075125248189e-07
15089,2017,69.6,87.64581510218584,54.72523792760443,92.6,111.4,100.5,98.5,92.2,92.0,90.5,94.2,96.2,100.4,97.0,97.0,97.0,97.9,95.4,96.8,95.3,94.7,-2.555824946116298,-0.5458994264592896,0.602803380298652,4.909720892728572e-07
15089,2018,36.49,87.64581510218584,54.72523792760443,93.1,96.7,93.4,96.4,93.4,93.6,102.9,102.7,98.7,102.5,98.8,99.5,99.5,99.4,96.6,96.5,95.9,96.7,-0.9649945383831087,0.1401390895032065,-0.18355347963717658,6.024247386404799e-07
15089,2019,44.07,87.64581510218584,54.72523792760443,102.7,95.4,96.0,96.8,95.7,99.2,105.5,106.1,108.8,116.1,100.0,99.6,98.6,98.3,96.5,97.8,98.9,98.9,0.3455516690546644,-0.09025836993696895,0.8832545011964122,8.683848924870534e-08
15089,2020,47.64,87.64581510218584,54.72523792760443,101.9,90.0,100.9,102.6,103.2,103.9,108.9,111.8,110.5,111.0,98.7,98.9,99.2,99.6,100.1,102.5,99.7,99.7,0.7986261451772335,0.15246145394875657,0.8955007806156625,-3.865404339956463e-07
15089,2021,62.76,87.64581510218584,54.72523792760443,100.0,100.0,103.7,101.1,95.4,99.8,113.2,94.1,97.6,95.1,99.6,99.9,99.8,100.8,99.3,99.7,100.5,100.6,-0.5603986871106889,0.11597698679883123,0.4184860461506235,-3.356368262772308e-07
15090,2017,68.64,35.61396156430523,37.76264303725175,92.6,111.4,100.5,98.5,92.2,92.0,90.5,94.2,96.2,100.4,97.0,97.0,97.0,97.9,95.4,96.8,95.3,94.7,-2.458909347577584,-0.5255367159843445,0.6136638174463284,5.8741743893687e-07
15090,2018,44.64,35.61396156430523,37.76264303725175,93.1,96.7,93.4,96.4,93.4,93.6,102.9,102.7,98.7,102.5,98.8,99.5,99.5,99.4,96.6,96.5,95.9,96.7,-0.9977499660492334,0.20273542404174805,-0.2458429906764038,3.661366780599145e-07
15090,2019,48.78,35.61396156430523,37.76264303725175,102.7,95.4,96.0,96.8,95.7,99.2,105.5,106.1,108.8,116.1,100.0,99.6,98.6,98.3,96.5,97.8,98.9,98.9,0.46163062044835934,-0.1820806860923767,0.8315283265124706,4.799959072321998e-07
15090,2020,66.67,35.61396156430523,37.76264303725175,101.9,90.0,100.9,102.6,103.2,103.9,108.9,111.8,110.5,111.0,98.7,98.9,99.2,99.6,100.1,102.5,99.7,99.7,0.7834733571807936,0.2272486686706543,0.8867704893684863,-4.7290172416784764e-07
15090,2021,70.68,35.61396156430523,37.76264303725175,100.0,100.0,103.7,101.1,95.4,99.8,113.2,94.1,97.6,95.1,99.6,99.9,99.8,100.8,99.3,99.7,100.5,100.6,-0.49629090488650207,0.036118507385253906,0.35734578905803,-3.0552956996481545e-07
15091,2017,57.13,94.13399078409,38.79986127633599,92.6,111.4,100.5,98.5,92.2,92.0,90.5,94.2,96.2,100.4,97.0,97.0,97.0,97.9,95.4,96.8,95.3,94.7,-2.566098582502273,-0.4840925042741591,0.6212735370784412,2.868553496648641e-07
15091,2018,30.86,94.13399078409,38.79986127633599,93.1,96.7,93.4,96.4,93.4,93.6,102.9,102.7,98.7,102.5,98.8,99.5,99.5,99.4,96.6,96.5,95.9,96.7,-0.9422097380473337,0.1357554285274672,-0.17983982991889508,7.133291337746826e-07
15091,2019,48.9,94.13399078409,38.79986127633599,102.7,95.4,96.0,96.8,95.7,99.2,105.5,106.1,108.8,116.1,100.0,99.6,98.6,98.3,96.5,97.8,98.9,98.9,0.41491687667112953,-0.04502206461329112,0.9084502204647018,-2.467132163637861e-07
15091,2020,59.71,94.13399078409,38.79986127633599,101.9,90.0,100.9,102.6,103.2,103.9,108.9,111.8,110.5,111.0,98.7,98.9,99.2,99.6,100.1,102.5,99.7,99.7,0.8617189289072837,0.14335378688560588,0.9410756154781492,-6.429237564825555e-07
15091,2021,67.21,94.13399078409,38.79986127633599,100.0,100.0,103.7,101.1,95.4,99.8,113.2,94.1,97.6,95.1,99.6,99.9,99.8,100.8,99.3,99.7,100.5,100.6,-0.605089968905441,0.024498276858689053,0.44906166878184756,-3.510455518236829e-07
16051,2017,79.44,247.10317176604275,58.24566985599352,92.6,111.4,100.5,98.5,92.2,92.0,90.5,94.2,96.2,100.4,97.0,97.0,97.0,97.9,95.4,96.8,95.3,94.7,-2.330153421254448,-0.5686352252960205,0.6019981653159793,-1.1480134692100927e-07
16051,2018,47.92,247.10317176604275,58.24566985599352,93.1,96.7,93.4,96.4,93.4,93.6,102.9,102.7,98.7,102.5,98.8,99.5,99.5,99.4,96.6,96.5,95.9,96.7,-0.9941041545317862,0.1685326099395752,-0.09477710306658967,8.101034861435209e-07
16051,2019,57.62,247.10317176604275,58.24566985599352,102.7,95.4,96.0,96.8,95.7,99.2,105.5,106.1,108.8,116.1,100.0,99.6,98.6,98.3,96.5,97.8,98.9,98.9,0.22381771991691776,0.013609528541564941,0.8834683415595312,3.347801086159106e-07
16051,2020,60.49,247.10317176604275,58.24566985599352,101.9,90.0,100.9,102.6,103.2,103.9,108.9,111.8,110.5,111.0,98.7,98.9,99.2,99.6,100.1,102.5,99.7,99.7,0.6867293168667011,0.1627565622329712,0.8868692676973376,-2.400304573755718e-07
16051,2021,68.77,247.10317176604275,58.24566985599352,100.0,100.0,103.7,101.1,95.4,99.8,113.2,94.1,97.6,95.1,99.6,99.9,99.8,100.8,99.3,99.7,100.5,100.6,-0.7169669877840104,0.14324676990509033,0.443681849560584,-2.2215533140656181e-07
16052,2017,82.55,266.0037717300465,55.77280584513514,92.6,111.4,100.5,98.5,92.2,92.0,90.5,94.2,96.2,100.4,97.0,97.0,97.0,97.9,95.4,96.8,95.3,94.7,-2.3406266547192627,-0.5565049648284912,0.6253565890677023,-5.358168978375512e-07
16052,2018,62.59,266.0037717300465,55.77280584513514,93.1,96.7,93.4,96.4,93.4,93.6,102.9,102.7,98.7,102.5,98.8,99.5,99.5,99.4,96.6,96.5,95.9,96.7,-0.9473461817958726,0.1710035800933838,-0.07768574028449247,6.715355955591678e-07
16052,2019,86.47,266.0037717300465,55.77280584513514,102.7,95.4,96.0,96.8,95.7,99.2,105.5,106.1,108.8,116.1,100.0,99.6,98.6,98.3,96.5,97.8,98.9,98.9,0.27398504599391,0.04292440414428711,0.9037755943157038,-2.289806909277511e-07
16052,2020,79.79,266.0037717300465,55.77280584513514,101.9,90.0,100.9,102.6,103.2,103.9,108.9,111.8,110.5,111.0,98.7,98.9,99.2,99.6,100.1,102.5,99.7,99.7,0.7469918792626248,0.06732463836669922,0.9388353665007155,-6.031364796637762e-07
16052,2021,87.81,266.0037717300465,55.77280584513514,100.0,100.0,103.7,101.1,95.4,99.8,113.2,94.1,97.6,95.1,99.6,99.9,99.8,100.8,99.3,99.7,100.5,100.6,-0.645412196046765,0.18766069412231445,0.4812276435824613,-2.6409945472014743e-07
16061,2018,54.93,346.8863602410155,56.91366926795253,93.1,96.7,93.4,96.4,93.4,93.6,102.9,102.7,98.7,102.5,98.8,99.5,99.5,99.4,96.6,96.5,95.9,96.7,-1.0168705663740913,0.13602061705444488,-0.1311055345662223,7.245254135433231e-07
16061,2019,69.35,346.8863602410155,56.91366926795253,102.7,95.4,96.0,96.8,95.7,99.2,105.5,106.1,108.8,116.1,100.0,99.6,98.6,98.3,96.5,97.8,98.9,98.9,0.25707865977543376,-0.026916391480402535,0.8369561475895111,9.632351121759286e-07
16061,2020,70.09,346.8863602410155,56.91366926795253,101.9,90.0,100.9,102.6,103.2,103.9,108.9,111.8,110.5,111.0,98.7,98.9,99.2,99.6,100.1,102.5,99.7,99.7,0.6721402952890617,0.22980007627460566,0.843725565960983,-3.44067317537305e-07
16061,2021,75.32,346.8863602410155,56.91366926795253,100.0,100.0,103.7,101.1,95.4,99.8,113.2,94.1,97.6,95.1,99.6,99.9,99.8,100.8,99.3,99.7,100.5,100.6,-0.4965368915847193,0.05724031523922478,0.3905885449712405,-1.1736533656235e-07
16062,2017,75.36,287.5644480155212,55.89379781697348,92.6,111.4,100.5,98.5,92.2,92.0,90.5,94.2,96.2,100.4,97.0,97.0,97.0,97.9,95.4,96.8,95.3,94.7,-2.273464313526731,-0.5396780967712402,0.591306077145318,5.228255798123439e-07
16062,2018,43.37,287.5644480155212,55.89379781697348,93.1,96.7,93.4,96.4,93.4,93.6,102.9,102.7,98.7,102.5,98.8,99.5,99.5,99.4,96.6,96.5,95.9,96.7,-1.01688376304043,0.1288745403289795,-0.14314007200067588,6.686428579010957e-07
16062,2019,71.53,287.5644480155212,55.89379781697348,102.7,95.4,96.0,96.8,95.7,99.2,105.5,106.1,108.8,116.1,100.0,99.6,98.6,98.3,96.5,97.8,98.9,98.9,0.2462228667096293,-0.03637707233428955,0.8548745853687784,6.274022995443948e-07
16062,2020,69.8,287.5644480155212,55.89379781697348,101.9,90.0,100.9,102.6,103.2,103.9,108.9,111.8,110.5,111.0,98.7,98.9,99.2,99.6,100.1,102.5,99.7,99.7,0.687455653711835,0.2259591817855835,0.8637375122481911,-3.9753519530331e-07
16062,2021,66.01,287.5644480155212,55.89379781697348,100.0,100.0,103.7,101.1,95.4,99.8,113.2,94.1,97.6,95.1,99.6,99.9,99.8,100.8,99.3,99.7,100.5,100.6,-0.5291203405071689,0.08181524276733398,0.40461031269280945,-2.0544425183841236e-07
16063,2017,81.28,356.1552828377808,55.30591591571282,92.6,111.4,100.5,98.5,92.2,92.0,90.5,94.2,96.2,100.4,97.0,97.0,97.0,97.9,95.4,96.8,95.3,94.7,-2.508452008240121,-0.5541749596969553,0.5785726394565589,3.8167278972772625e-07
16063,2018,66.57,356.1552828377808,55.30591591571282,93.1,96.7,93.4,96.4,93.4,93.6,102.9,102.7,98.7,102.5,98.8,99.5,99.5,99.4,96.6,96.5,95.9,96.7,-0.9492722104746111,0.16024369600774235,-0.09127691279286988,9.061113671852458e-07
16063,2019,77.28,356.1552828377808,55.30591591571282,102.7,95.4,96.0,96.8,95.7,99.2,105.5,106.1,108.8,116.1,100.0,99.6,98.6,98.3,96.5,97.8,98.9,98.9,0.3113183807835003,-0.018202417586571297,0.8459481266167043,9.643786906278388e-07
16063,2020,77.42,356.1552828377808,55.30591591571282,101.9,90.0,100.9,102.6,103.2,103.9,108.9,111.8,110.5,111.0,98.7,98.9,99.2,99.6,100.1,102.5,99.7,99.7,0.6307610416457373,0.21655006195292262,0.8432796847324738,-4.324165888037578e-08
16063,2021,79.16,356.1552828377808,55.30591591571282,100.0,100.0,103.7,101.1,95.4,99.8,113.2,94.1,97.6,95.1,99.6,99.9,99.8,100.8,99.3,99.7,100.5,100.6,-0.5537270266052849,0.07691146903313735,0.40513655232968376,-3.4793749247764313e-08
16064,2017,72.27,288.48125861461494,57.97816110990006,92.6,111.4,100.5,98.5,92.2,92.0,90.5,94.2,96.2,100.4,97.0,97.0,97.0,97.9,95.4,96.8,95.3,94.7,-2.3158418392305093,-0.546843735635062,0.5888664065887266,3.228912282802828e-07
16064,2018,51.44,288.48125861461494,57.97816110990006,93.1,96.7,93.4,96.4,93.4,93.6,102.9,102.7,98.7,102.5,98.8,99.5,99.5,99.4,96.6,96.5,95.9,96.7,-0.9159640526820468,0.14186642426812007,-0.11404974918367537,7.813148762153672e-07
16064,2019,66.03,288.48125861461494,57.97816110990006,102.7,95.4,96.0,96.8,95.7,99.2,105.5,106.1,108.8,116.1,100.0,99.6,98.6,98.3,96.5,97.8,98.9,98.9,0.24293035220816475,-0.05118765915221946,0.85612881169335,7.27113323529354e-07
16064,2020,66.28,288.48125861461494,57.97816110990006,101.9,90.0,100.9,102.6,103.2,103.9,108.9,111.8,110.5,111.0,98.7,98.9,99.2,99.6,100.1,102.5,99.7,99.7,0.6073942054101642,0.23499811421953593,0.8556264248348264,-2.1287771035779835e-07
16064,2021,73.32,288.48125861461494,57.97816110990006,100.0,100.0,103.7,101.1,95.4,99.8,113.2,94.1,97.6,95.1,99.6,99.9,99.8,100.8,99.3,99.7,100.5,100.6,-0.6080267589877236,0.124157159711716,0.41071187811106347,-1.8777459687978249e-07
16065,2017,70.5,255.3944509348272,57.7760652335081,92.6,111.4,100.5,98.5,92.2,92.0,90.5,94.2,96.2,100.4,97.0,97.0,97.0,97.9,95.4,96.8,95.3,94.7,-2.2117497314711874,-0.5579115274110057,0.5979213346592727,2.2231868627627355e-07
16065,2018,50.35,255.3944509348272,57.7760652335081,93.1,96.7,93.4,96.4,93.4,93.6,102.9,102.7,98.7,102.5,98.8,99.5,99.5,99.4,96.6,96.5,95.9,96.7,-0.9268729378471261,0.14479051366374637,-0.1273523938616839,7.162182399604001e-07
16065,2019,49.45,255.3944509348272,57.7760652335081,102.7,95.4,96.0,96.8,95.7,99.2,105.5,106.1,108.8,116.1,100.0,99.6,98.6,98.3,96.5,97.8,98.9,98.9,0.24207932798223186,-0.06280407990940075,0.8721741204674035,4.050456221320049e-07
16065,2020,64.61,255.3944509348272,57.7760652335081,101.9,90.0,100.9,102.6,103.2,103.9,108.9,111.8,110.5,111.0,98.7,98.9,99.2,99.6,100.1,102.5,99.7,99.7,0.6083808148959953,0.20449808328637786,0.8789129055942675,-3.3419986455574493e-07
16065,2021,76.77,255.3944509348272,57.7760652335081,100.0,100.0,103.7,101.1,95.4,99.8,113.2,94.1,97.6,95.1,99.6,99.9,99.8,100.8,99.3,99.7,100.5,100.6,-0.66831453947288,0.1706289004758689,0.4246379818039847,-2.3581560314371369e-07
16066,2017,61.92,471.66110006503663,59.29756782040675,92.6,111.4,100.5,98.5,92.2,92.0,90.5,94.2,96.2,100.4,97.0,97.0,97.0,97.9,95.4,96.8,95.3,94.7,-2.5323349072056485,-0.5783681869506836,0.5843585027044735,3.1346155115615266e-07
16066,2018,58.28,471.66110006503663,59.29756782040675,93.1,96.7,93.4,96.4,93.4,93.6,102.9,102.7,98.7,102.5,98.8,99.5,99.5,99.4,96.6,96.5,95.9,96.7,-1.0233412968333708,0.1678776741027832,-0.07274977127229126,1.0068722737672329e-06
16066,2019,69.81,471.66110006503663,59.29756782040675,102.7,95.4,96.0,96.8,95.7,99.2,105.5,106.1,108.8,116.1,100.0,99.6,98.6,98.3,96.5,97.8,98.9,98.9,0.35033408991524145,-0.01118326187133789,0.8526167299897793,9.221480176596793e-07
16067,2017,79.36,385.15297235244526,59.65989891892316,92.6,111.4,100.5,98.5,92.2,92.0,90.5,94.2,96.2,100.4,97.0,97.0,97.0,97.9,95.4,96.8,95.3,94.7,-2.4600058084333236,-0.559499979019165,0.5932878326416363,8.84122648735392e-08
16067,2018,56.87,385.15297235244526,59.65989891892316,93.1,96.7,93.4,96.4,93.4,93.6,102.9,102.7,98.7,102.5,98.8,99.5,99.5,99.4,96.6,96.5,95.9,96.7,-1.0287583036120547,0.16158902645111084,-0.09067812618622116,8.640911079596152e-07
16067,2019,63.8,385.15297235244526,59.65989891892316,102.7,95.4,96.0,96.8,95.7,99.2,105.5,106.1,108.8,116.1,100.0,99.6,98.6,98.3,96.5,97.8,98.9,98.9,0.24247648009504916,0.018279433250427246,0.8668738271693514,6.384505657632814e-07
16067,2020,58.98,385.15297235244526,59.65989891892316,101.9,90.0,100.9,102.6,103.2,103.9,108.9,111.8,110.5,111.0,98.7,98.9,99.2,99.6,100.1,102.5,99.7,99.7,0.7172914594562524,0.19028210639953613,0.8677627563235943,-1.212073097440461e-07
16067,2021,72.15,385.15297235244526,59.65989891892316,100.0,100.0,103.7,101.1,95.4,99.8,113.2,94.1,97.6,95.1,99.6,99.9,99.8,100.8,99.3,99.7,100.5,100.6,-0.6814712295237488,0.11209344863891602,0.4267902534709848,-1.451237673868121e-07
16068,2017,73.49,182.7582739898777,56.81968900391705,92.6,111.4,100.5,98.5,92.2,92.0,90.5,94.2,96.2,100.4,97.0,97.0,97.0,97.9,95.4,96.8,95.3,94.7,-2.1785982256546306,-0.5628694913987682,0.603629383227814,-3.620391839009196e-08
16068,2018,44.3,182.7582739898777,56.81968900391705,93.1,96.7,93.4,96.4,93.4,93.6,102.9,102.7,98.7,102.5,98.8,99.5,99.5,99.4,96.6,96.5,95.9,96.7,-0.9155644944358099,0.16363612485064996,-0.11120016755220602,7.537624795122547e-07
16068,2019,46.11,182.7582739898777,56.81968900391705,102.7,95.4,96.0,96.8,95.7,99.2,105.5,106.1,108.8,116.1,100.0,99.6,98.6,98.3,96.5,97.8,98.9,98.9,0.23414790661872373,-0.06830817575653238,0.8853769324102885,2.4048492472808677e-07
16068,2020,59.6,182.7582739898777,56.81968900391705,101.9,90.0,100.9,102.6,103.2,103.9,108.9,111.8,110.5,111.0,98.7,98.9,99.2,99.6,100.1,102.5,99.7,99.7,0.6083488025044168,0.18908324770244278,0.891803840592731,-3.166349593339728e-07
16068,2021,80.24,182.7582739898777,56.81968900391705,100.0,100.0,103.7,101.1,95.4,99.8,113.2,94.1,97.6,95.1,99.6,99.9,99.8,100.8,99.3,99.7,100.5,100.6,-0.7115721029866146,0.17525690403781785,0.4418592137054374,-2.5003766343986074e-07
16070,2017,85.39,491.93560482323153,60.49259630510207,92.6,111.4,100.5,98.5,92.2,92.0,90.5,94.2,96.2,100.4,97.0,97.0,97.0,97.9,95.4,96.8,95.3,94.7,-2.512186801501133,-0.5614232716063409,0.6010242467825913,-3.337458934229481e-08
16070,2018,63.03,491.93560482323153,60.49259630510207,93.1,96.7,93.4,96.4,93.4,93.6,102.9,102.7,98.7,102.5,98.8,99.5,99.5,99.4,96.6,96.5,95.9,96.7,-1.0725757288268292,0.1722236870940694,-0.07649376796739278,8.728844047444191e-07
16070,2021,69.69,491.93560482323153,60.49259630510207,100.0,100.0,103.7,101.1,95.4,99.8,113.2,94.1,97.6,95.1,99.6,99.9,99.8,100.8,99.3,99.7,100.5,100.6,-0.707729787927492,0.09518607247424121,0.44143851412803137,-6.308377452191609e-08
16071,2017,81.94,298.83041021743145,56.61191675710935,92.6,111.4,100.5,98.5,92.2,92.0,90.5,94.2,96.2,100.4,97.0,97.0,97.0,97.9,95.4,96.8,95.3,94.7,-2.300699101483663,-0.5736700153670745,0.6114493362590798,-3.165457925679516e-07
16071,2018,58.91,298.83041021743145,56.61191675710935,93.1,96.7,93.4,96.4,93.4,93.6,102.9,102.7,98.7,102.5,98.8,99.5,99.5,99.4,96.6,96.5,95.9,96.7,-0.9692864162576543,0.18238127758858877,-0.09265824244690968,7.792944787600936e-07
16071,2019,58.65,298.83041021743145,56.61191675710935,102.7,95.4,96.0,96.8,95.7,99.2,105.5,106.1,108.8,116.1,100.0,99.6,98.6,98.3,96.5,97.8,98.9,98.9,0.2516762582537774,-0.01096695758989144,0.8994074691872235,6.480004264141776e-08
16071,2020,62.34,298.83041021743145,56.61191675710935,101.9,90.0,100.9,102.6,103.2,103.9,108.9,111.8,110.5,111.0,98.7,98.9,99.2,99.6,100.1,102.5,99.7,99.7,0.6652693129052973,0.1246813405008498,0.9096717483409871,-3.4307348290273504e-07
16071,2021,80.77,298.83041021743145,56.61191675710935,100.0,100.0,103.7,101.1,95.4,99.8,113.2,94.1,97.6,95.1,99.6,99.9,99.8,100.8,99.3,99.7,100.5,100.6,-0.7011113293202813,0.20650247065756624,0.4623128496038037,-2.472901364707342e-07
16074,2017,80.29,293.8711554302379,56.34634215180621,92.6,111.4,100.5,98.5,92.2,92.0,90.5,94.2,96.2,100.4,97.0,97.0,97.0,97.9,95.4,96.8,95.3,94.7,-2.289776022559805,-0.568215012550354,0.6192616399549188,-4.403160320397638e-07
16074,2018,61.59,293.8711554302379,56.34634215180621,93.1,96.7,93.4,96.4,93.4,93.6,102.9,102.7,98.7,102.5,98.8,99.5,99.5,99.4,96.6,96.5,95.9,96.7,-0.976729073119608,0.17809844017028809,-0.08340755009413953,7.315319973955035e-07
16074,2019,67.75,293.8711554302379,56.34634215180621,102.7,95.4,96.0,96.8,95.7,99.2,105.5,106.1,108.8,116.1,100.0,99.6,98.6,98.3,96.5,97.8,98.9,98.9,0.2772188127419334,0.002131223678588867,0.9027107619728038,-6.357527201166305e-08
16074,2020,68.96,293.8711554302379,56.34634215180621,101.9,90.0,100.9,102.6,103.2,103.9,108.9,111.8,110.5,111.0,98.7,98.9,99.2,99.6,100.1,102.5,99.7,99.7,0.7176154342866283,0.09274911880493164,0.9262406340163936,-4.5751386485426826e-07
16074,2021,79.72,293.8711554302379,56.34634215180621,100.0,100.0,103.7,101.1,95.4,99.8,113.2,94.1,97.6,95.1,99.6,99.9,99.8,100.8,99.3,99.7,100.5,100.6,-0.6602273957502002,0.20863163471221924,0.473777079123497,-2.4060812587381984e-07
16075,2017,83.68,473.78533538472414,53.56651124174638,92.6,111.4,100.5,98.5,92.2,92.0,90.5,94.2,96.2,100.4,97.0,97.0,97.0,97.9,95.4,96.8,95.3,94.7,-2.3911579940524037,-0.5577795505523682,0.6203379607563855,-3.497677009374613e-07
16075,2018,54.88,473.78533538472414,53.56651124174638,93.1,96.7,93.4,96.4,93.4,93.6,102.9,102.7,98.7,102.5,98.8,99.5,99.5,99.4,96.6,96.5,95.9,96.7,-0.968811936448423,0.18818879127502441,-0.058174735273978165,7.112779857658042e-07
16075,2019,54.3,473.78533538472414,53.56651124174638,102.7,95.4,96.0,96.8,95.7,99.2,105.5,106.1,108.8,116.1,100.0,99.6,98.6,98.3,96.5,97.8,98.9,98.9,0.28839915800861715,0.06774282455444336,0.8885528314190669,3.592666261098794e-07
16075,2020,71.78,473.78533538472414,53.56651124174638,101.9,90.0,100.9,102.6,103.2,103.9,108.9,111.8,110.5,111.0,98.7,98.9,99.2,99.6,100.1,102.5,99.7,99.7,0.7334903506751538,0.10160088539123535,0.9251213965300203,-2.8800419244467737e-07
16075,2021,77.53,473.78533538472414,53.56651124174638,100.0,100.0,103.7,101.1,95.4,99.8,113.2,94.1,97.6,95.1,99.6,99.9,99.8,100.8,99.3,99.7,100.5,100.6,-0.6552463717559551,0.20010221004486084,0.472295720937775,-3.6707670607644794e-08
16076,2017,77.72,345.58282326892333,51.81728158176075,92.6,111.4,100.5,98.5,92.2,92.0,90.5,94.2,96.2,100.4,97.0,97.0,97.0,97.9,95.4,96.8,95.3,94.7,-2.3709674352532804,-0.5507824538988935,0.6255373862341133,-4.867076397612505e-07
16076,2018,63.3,345.58282326892333,51.81728158176075,93.1,96.7,93.4,96.4,93.4,93.6,102.9,102.7,98.7,102.5,98.8,99.5,99.5,99.4,96.6,96.5,95.9,96.7,-0.9406331735151653,0.17777867959502505,-0.06697534594170906,6.355941705235351e-07
16076,2019,72.54,345.58282326892333,51.81728158176075,102.7,95.4,96.0,96.8,95.7,99.2,105.5,106.1,108.8,116.1,100.0,99.6,98.6,98.3,96.5,97.8,98.9,98.9,0.27974242253245263,0.08096972729471821,0.8994286091836042,-5.434667019155401e-08
16076,2020,63.28,345.58282326892333,51.81728158176075,101.9,90.0,100.9,102.6,103.2,103.9,108.9,111.8,110.5,111.0,98.7,98.9,99.2,99.6,100.1,102.5,99.7,99.7,0.7370709387965766,0.07489181122520686,0.9379588476144651,-4.9697801515267e-07
16076,2021,85.37,345.58282326892333,51.81728158176075,100.0,100.0,103.7,101.1,95.4,99.8,113.2,94.1,97.6,95.1,99.6,99.9,99.8,100.8,99.3,99.7,100.5,100.6,-0.6470394263591849,0.1803733271407945,0.4805638063991312,-1.595129333448309e-07
16077,2017,83.85,227.83220903103785,53.35449963023861,92.6,111.4,100.5,98.5,92.2,92.0,90.5,94.2,96.2,100.4,97.0,97.0,97.0,97.9,95.4,96.8,95.3,94.7,-2.3707459759400886,-0.5470925569534302,0.6308232590231081,-6.478917192230955e-07
16077,2018,63.48,227.83220903103785,53.35449963023861,93.1,96.7,93.4,96.4,93.4,93.6,102.9,102.7,98.7,102.5,98.8,99.5,99.5,99.4,96.6,96.5,95.9,96.7,-0.9663677368806779,0.1469951868057251,-0.07756284183622429,6.439513912571445e-07
16077,2019,74.37,227.83220903103785,53.35449963023861,102.7,95.4,96.0,96.8,95.7,99.2,105.5,106.1,108.8,116.1,100.0,99.6,98.6,98.3,96.5,97.8,98.9,98.9,0.251175392642611,0.13133835792541504,0.9061895590436806,-4.569271764122131e-07
16077,2020,69.92,227.83220903103785,53.35449963023861,101.9,90.0,100.9,102.6,103.2,103.9,108.9,111.8,110.5,111.0,98.7,98.9,99.2,99.6,100.1,102.5,99.7,99.7,0.7667495462115878,0.0470426082611084,0.9506575760857652,-7.947630534652906e-07
16077,2021,85.9,227.83220903103785,53.35449963023861,100.0,100.0,103.7,101.1,95.4,99.8,113.2,94.1,97.6,95.1,99.6,99.9,99.8,100.8,99.3,99.7,100.5,100.6,-0.6284106167906767,0.15738534927368164,0.48821982452722057,-3.4012133498839674e-07
