district_no,year,yield
1001,1991,44.66
1001,1992,47.55
1001,1993,48.92
1001,1994,47.56
1002,1979,38.6
1002,1980,37.3
1002,1981,43.7
1002,1982,45.03
1002,1983,31.47
1002,1984,44.2
1002,1985,44.17
1002,1986,44.05
1002,1987,32.54
1002,1988,45.03
1002,1989,45.7
1002,1990,48.84
1002,1991,46.26
1002,1992,44.08
1002,1993,48.13
1002,1994,42.82
1002,1995,44.27
1002,1996,44.41
1002,1997,48.76
1002,1998,44.84
1002,1999,54.24
1002,2000,51.51
1002,2001,50.14
1002,2002,52.77
1002,2003,47.54
1002,2004,54.43
1002,2005,54.92
1002,2006,54.76
1002,2007,50.73
1002,2008,55.09
1002,2009,69.61
1002,2010,64.35
1002,2011,71.77
1002,2012,65.0
1002,2013,77.0
1002,2014,89.85
1002,2015,70.13
1003,1979,39.0
1003,1980,39.9
1003,1981,42.4
1003,1982,44.94
1003,1983,31.4
1003,1984,43.25
1003,1985,44.63
1003,1986,43.67
1003,1987,34.28
1003,1988,45.19
1003,1989,46.8
1003,1990,47.33
1003,1991,46.25
1003,1992,42.58
1003,1993,53.02
1003,1994,46.44
1003,1995,46.3
1003,1996,49.83
1003,1997,50.96
1003,1998,52.55
1003,1999,53.64
1003,2000,56.7
1003,2001,53.69
1003,2002,51.62
1003,2003,53.97
1003,2004,58.24
1003,2005,61.19
1003,2006,61.02
1003,2007,62.45
1003,2008,61.38
1003,2009,66.23
1003,2010,64.35
1003,2011,70.78
1003,2012,65.0
1003,2013,68.0
1003,2014,87.36
1003,2015,66.13
1004,1979,38.6
1004,1980,38.0
1004,1981,41.1
1004,1982,40.91
1004,1983,29.5
1004,1984,42.72
1004,1985,44.16
1004,1986,42.96
1004,1987,29.79
1004,1988,42.33
1004,1989,43.26
1004,1990,44.63
1004,1995,45.2
1004,1996,44.7
1004,1997,47.9
1004,1998,42.99
1004,1999,54.76
1004,2000,45.59
1004,2001,48.92
1004,2002,45.62
1004,2003,44.88
1004,2004,51.18
1004,2005,51.97
1004,2006,51.82
1004,2007,52.98
1004,2008,52.13
1004,2009,57.68
1004,2010,56.31
1004,2011,64.8
1004,2012,56.0
1004,2013,60.0
1004,2014,72.88
1004,2015,66.13
1051,1979,35.4
1051,1980,40.5
1051,1981,42.9
1051,1982,49.57
1051,1983,40.3
1051,1984,45.18
1051,1985,45.58
1051,1986,48.18
1051,1987,28.92
1051,1988,45.73
1051,1989,50.47
1051,1990,53.43
1051,1991,49.28
1051,1992,56.46
1051,1993,53.34
1051,1994,50.53
1051,1995,53.74
1051,1996,52.04
1051,1997,56.07
1051,1998,47.38
1051,1999,61.72
1051,2000,60.02
1051,2001,57.25
1051,2002,56.03
1051,2003,62.48
1051,2004,60.04
1051,2005,65.71
1051,2006,65.53
1051,2007,61.06
1051,2008,65.92
1051,2009,71.1
1051,2010,64.84
1051,2011,71.49
1051,2012,65.33
1051,2013,71.32
1051,2014,87.65
1051,2015,74.09
1051,2016,75.61
1051,2017,75.65
1051,2018,67.25
1051,2019,86.17
1051,2020,81.5
1051,2021,89.82
1053,1979,38.4
1053,1980,39.4
1053,1981,41.8
1053,1982,44.56
1053,1983,33.16
1053,1984,44.34
1053,1985,44.63
1053,1986,43.32
1053,1987,35.68
1053,1988,45.56
1053,1989,47.06
1053,1990,49.21
1053,1991,46.13
1053,1992,45.42
1053,1993,53.86
1053,1994,47.28
1053,1995,45.81
1053,1996,46.94
1053,1997,51.49
1053,1998,50.57
1053,1999,47.71
1053,2000,56.42
1053,2001,55.13
1053,2002,52.23
1053,2003,56.39
1053,2004,59.03
1053,2005,62.04
1053,2006,61.86
1053,2007,60.56
1053,2008,62.23
1053,2009,65.64
1053,2010,61.96
1053,2011,67.15
1053,2012,63.29
1053,2013,64.06
1053,2014,80.19
1053,2015,73.27
1053,2016,75.95
1053,2017,79.43
1053,2018,64.67
1053,2019,88.08
1053,2020,75.49
1053,2021,81.98
1054,1979,35.5
1054,1980,39.2
1054,1981,41.0
1054,1982,48.86
1054,1983,34.81
1054,1984,42.92
1054,1985,46.31
1054,1986,47.35
1054,1987,31.02
1054,1988,45.06
1054,1989,48.02
1054,1990,49.08
1054,1991,44.97
1054,1992,45.07
1054,1993,50.71
1054,1994,46.28
1054,1995,46.86
1054,1996,47.51
1054,1997,54.66
1054,1998,46.27
1054,1999,53.23
1054,2000,57.17
1054,2001,53.93
1054,2002,58.37
1054,2003,59.54
1054,2004,57.48
1054,2005,59.55
1054,2006,59.39
1054,2007,59.42
1054,2008,59.74
1054,2009,68.32
1054,2010,65.05
1054,2011,71.02
1054,2012,67.0
1054,2013,77.81
1054,2014,93.56
1054,2015,70.16
1054,2018,70.93
1054,2019,99.18
1054,2020,88.57
1054,2021,93.31
1055,1979,39.9
1055,1980,40.6
1055,1981,44.1
1055,1982,46.66
1055,1983,31.91
1055,1984,46.16
1055,1985,45.23
1055,1986,45.75
1055,1987,31.17
1055,1988,46.03
1055,1989,46.78
1055,1990,50.68
1055,1991,47.65
1055,1992,46.31
1055,1993,50.02
1055,1994,46.87
1055,1995,46.54
1055,1996,45.02
1055,1997,51.79
1055,1998,47.89
1055,1999,53.71
1055,2000,55.08
1055,2001,51.43
1055,2002,56.28
1055,2003,50.23
1055,2004,58.79
1055,2005,58.44
1055,2006,58.28
1055,2007,57.41
1055,2008,58.63
1055,2009,67.65
1055,2010,62.63
1055,2011,62.83
1055,2012,65.29
1055,2013,65.73
1055,2014,89.42
1055,2015,61.19
1056,1979,34.1
1056,1980,34.0
1056,1981,40.4
1056,1982,43.31
1056,1983,30.04
1056,1984,42.82
1056,1985,43.1
1056,1986,45.09
1056,1987,36.07
1056,1988,42.79
1056,1989,45.81
1056,1990,48.55
1056,1991,43.3
1056,1992,43.54
1056,1993,49.26
1056,1994,36.71
1056,1995,40.9
1056,1996,44.76
1056,1997,41.08
1056,1998,46.91
1056,1999,50.9
1056,2000,44.47
1056,2001,50.92
1056,2002,45.82
1056,2003,49.56
1056,2004,56.97
1056,2005,53.97
1056,2006,53.82
1056,2008,54.14
1057,1979,38.6
1057,1980,37.3
1057,1981,43.6
1057,1982,44.88
1057,1983,31.39
1057,1984,44.14
1057,1985,44.17
1057,1986,44.01
1057,1987,32.43
1057,1988,44.92
1057,1989,45.6
1057,1990,48.67
1057,1991,46.27
1057,1992,43.67
1057,1993,48.5
1057,1994,42.61
1057,1995,44.1
1057,1996,44.42
1057,1997,48.74
1057,1998,44.78
1057,1999,54.26
1057,2000,51.31
1057,2001,50.1
1057,2002,52.53
1057,2003,47.43
1057,2004,54.31
1057,2005,54.77
1057,2006,54.62
1057,2007,50.81
1057,2008,54.95
1057,2009,64.14
1057,2010,62.56
1057,2011,70.22
1057,2012,62.99
1057,2013,67.77
1057,2014,74.43
1057,2015,69.24
1058,1979,37.5
1058,1980,38.3
1058,1981,41.8
1058,1982,44.65
1058,1983,33.07
1058,1984,43.49
1058,1985,44.73
1058,1986,43.81
1058,1987,29.7
1058,1988,45.26
1058,1989,47.55
1058,1990,48.88
1058,1991,46.64
1058,1992,46.71
1058,1993,48.84
1058,1994,47.86
1058,1995,48.32
1058,1996,45.53
1058,1997,51.6
1058,1998,49.55
1058,1999,56.83
1058,2000,57.06
1058,2001,54.5
1058,2002,54.49
1058,2003,55.03
1058,2004,57.38
1058,2005,60.93
1058,2006,60.76
1058,2007,65.26
1058,2008,61.12
1058,2009,67.08
1058,2010,62.15
1058,2011,67.57
1058,2012,62.51
1058,2013,72.93
1058,2014,85.6
1058,2015,78.04
1058,2016,78.8
1058,2017,74.04
1058,2018,74.42
1058,2019,83.81
1058,2020,81.04
1058,2021,81.67
1059,1979,36.7
1059,1980,37.6
1059,1981,41.2
1059,1982,44.8
1059,1983,32.15
1059,1984,43.24
1059,1985,41.58
1059,1986,40.46
1059,1987,29.9
1059,1988,43.61
1059,1989,44.59
1059,1990,49.11
1059,1991,43.57
1059,1992,45.63
1059,1993,48.21
1059,1994,45.89
1059,1995,45.5
1059,1996,45.18
1059,1997,52.99
1059,1998,47.01
1059,1999,50.98
1059,2000,53.19
1059,2001,51.78
1059,2002,53.64
1059,2003,54.55
1059,2004,55.46
1059,2005,53.38
1059,2006,53.24
1059,2007,59.43
1059,2008,53.55
1059,2009,68.01
1059,2010,62.4
1059,2011,75.4
1059,2012,67.68
1059,2013,69.49
1059,2014,89.27
1059,2015,64.33
1059,2016,76.2
1059,2017,74.21
1059,2018,76.15
1059,2019,83.37
1059,2020,83.2
1059,2021,81.92
1060,1979,37.5
1060,1980,34.9
1060,1981,43.6
1060,1982,43.68
1060,1983,30.48
1060,1984,43.47
1060,1985,45.5
1060,1986,44.8
1060,1987,32.74
1060,1988,45.28
1060,1989,46.94
1060,1990,48.23
1060,1991,42.69
1060,1992,45.56
1060,1993,48.93
1060,1994,41.95
1060,1995,40.24
1060,1996,44.66
1060,1997,49.83
1060,1998,46.91
1060,1999,51.83
1060,2000,54.17
1060,2001,52.29
1060,2002,47.95
1060,2003,50.79
1060,2004,55.33
1060,2005,55.11
1060,2006,54.96
1060,2007,58.66
1060,2008,55.29
1060,2009,66.79
1060,2010,56.84
1060,2011,71.48
1060,2012,65.36
1060,2013,60.61
1060,2014,82.07
1060,2015,67.07
1060,2016,76.18
1060,2017,78.3
1060,2018,57.12
1060,2019,87.71
1060,2020,76.03
1060,2021,82.84
1061,1979,38.3
1061,1980,35.8
1061,1981,42.3
1061,1982,39.0
1061,1983,28.47
1061,1984,42.58
1061,1985,47.4
1061,1986,46.23
1061,1987,29.67
1061,1988,45.32
1061,1989,42.12
1061,1990,48.65
1061,1991,41.38
1061,1992,44.17
1061,1993,49.85
1061,1994,40.09
1061,1995,40.4
1061,1996,40.7
1061,1997,47.26
1061,1998,44.78
1061,1999,49.16
1061,2000,53.06
1061,2001,51.08
1061,2002,46.25
1061,2003,44.21
1061,2004,53.59
1061,2005,55.57
1061,2006,55.42
1061,2007,54.44
1061,2008,55.74
1061,2009,58.13
1061,2010,53.87
1061,2011,64.73
1061,2012,57.17
1061,2013,63.09
1061,2014,76.43
1061,2015,69.01
1061,2016,73.55
1061,2017,72.7
1061,2018,65.86
1061,2019,82.63
1061,2020,79.2
1061,2021,76.46
1062,1979,37.1
1062,1980,37.0
1062,1981,41.5
1062,1982,46.38
1062,1983,32.37
1062,1984,46.03
1062,1985,44.23
1062,1986,46.38
1062,1987,35.58
1062,1988,45.29
1062,1989,45.99
1062,1990,49.45
1062,1991,44.79
1062,1992,46.87
1062,1993,47.58
1062,1994,42.57
1062,1995,40.0
1062,1996,48.38
1062,1997,53.98
1062,1998,46.01
1062,1999,51.0
1062,2000,53.03
1062,2001,54.32
1062,2002,50.07
1062,2003,52.26
1062,2004,51.22
1062,2005,53.72
1062,2006,53.57
1062,2007,57.57
1062,2008,53.89
1062,2009,65.35
1062,2010,61.84
1062,2011,72.02
1062,2012,69.0
1062,2013,68.0
1062,2014,79.62
1062,2015,72.64
3101,1979,41.18
3101,1980,45.12
3101,1981,43.99
3101,1982,50.2
3101,1983,30.9
3101,1984,45.84
3101,1985,47.9
3101,1986,48.56
3101,1987,46.42
3101,1988,39.79
3101,1989,44.78
3101,1990,54.61
3101,1991,49.48
3101,1992,47.71
3101,1993,53.44
3101,1994,47.7
3101,1995,48.28
3101,1996,46.63
3101,1997,45.08
3101,1998,51.23
3101,1999,53.16
3101,2000,55.66
3101,2001,52.75
3101,2002,54.39
3101,2003,53.2
3101,2004,57.13
3101,2005,55.49
3101,2006,50.17
3101,2007,59.5
3101,2008,59.34
3101,2009,68.48
3101,2010,61.28
3101,2011,69.85
3101,2012,67.4
3101,2013,55.56
3101,2014,78.63
3101,2015,71.84
3101,2016,75.57
3101,2017,76.84
3101,2018,69.5
3101,2019,72.34
3101,2020,72.26
3101,2021,77.36
3102,1979,44.26
3102,1980,46.14
3102,1981,48.66
3102,1982,53.59
3102,1983,34.17
3102,1984,47.4
3102,1985,49.34
3102,1986,51.92
3102,1987,49.11
3102,1988,46.41
3102,1989,52.46
3102,1990,58.61
3102,1991,53.31
3102,1992,51.77
3102,1993,56.98
3102,1994,47.05
3102,1995,53.78
3102,1996,52.23
3102,1997,51.94
3102,1998,55.09
3102,1999,58.59
3102,2000,59.71
3102,2001,58.24
3102,2002,59.2
3102,2003,59.41
3102,2004,61.22
3102,2005,61.7
3102,2006,53.24
3102,2007,66.25
3102,2008,66.69
3102,2009,71.49
3102,2010,63.28
3102,2011,75.21
3102,2012,69.83
3102,2013,64.56
3102,2014,81.69
3102,2015,81.12
3102,2016,86.21
3102,2017,89.36
3102,2018,65.23
3102,2019,77.05
3102,2020,80.29
3102,2021,90.78
3103,1979,32.27
3103,1980,38.85
3103,1981,39.96
3103,1982,40.44
3103,1983,30.6
3103,1984,38.85
3103,1985,42.97
3103,1986,41.94
3103,1987,42.28
3103,1988,37.91
3103,1989,38.37
3103,1990,50.14
3103,1991,47.78
3103,1992,38.67
3103,1993,54.92
3103,1994,45.63
3103,1995,43.8
3103,1996,47.89
3103,1997,48.39
3103,1998,51.33
3103,1999,52.56
3103,2000,57.84
3103,2001,51.4
3103,2002,46.58
3103,2003,52.99
3103,2004,57.66
3103,2005,55.51
3103,2006,52.43
3103,2007,58.66
3103,2008,58.72
3103,2009,66.71
3103,2010,56.83
3103,2011,68.17
3103,2012,68.97
3103,2013,63.47
3103,2014,81.61
3103,2015,67.62
3103,2016,78.1
3103,2017,78.2
3103,2018,44.63
3103,2020,74.78
3151,1979,39.47
3151,1980,41.29
3151,1981,44.06
3151,1982,46.24
3151,1983,36.78
3151,1984,42.97
3151,1985,47.1
3151,1986,47.19
3151,1987,45.27
3151,1988,40.14
3151,1989,46.01
3151,1990,49.95
3151,1991,49.07
3151,1992,47.83
3151,1993,52.46
3151,1994,48.98
3151,1995,48.91
3151,1996,47.93
3151,1997,49.53
3151,1998,51.64
3151,1999,54.23
3151,2000,57.31
3151,2001,54.81
3151,2002,51.52
3151,2003,61.57
3151,2004,58.26
3151,2005,59.01
3151,2006,56.8
3151,2007,61.66
3151,2008,63.62
3151,2009,70.54
3151,2010,61.69
3151,2011,73.9
3151,2012,73.39
3151,2013,65.15
3151,2014,84.69
3151,2015,76.04
3151,2016,79.07
3151,2017,80.12
3151,2018,75.15
3151,2019,74.67
3151,2020,77.81
3151,2021,80.22
3153,1979,40.05
3153,1980,42.37
3153,1981,45.16
3153,1982,49.91
3153,1983,29.09
3153,1984,44.7
3153,1985,49.8
3153,1986,50.84
3153,1987,47.0
3153,1988,42.16
3153,1989,47.18
3153,1990,54.98
3153,1991,47.67
3153,1992,48.78
3153,1993,55.88
3153,1994,48.13
3153,1995,48.85
3153,1996,46.69
3153,1997,51.65
3153,1998,53.69
3153,1999,56.12
3153,2000,58.78
3153,2001,55.77
3153,2002,56.33
3153,2003,60.18
3153,2004,59.78
3153,2005,58.56
3153,2006,52.02
3153,2007,66.85
3153,2008,68.31
3153,2009,71.82
3153,2010,63.96
3153,2011,74.54
3153,2012,69.41
3153,2013,61.36
3153,2014,80.84
3153,2015,78.36
3153,2016,83.94
3153,2017,85.69
3153,2018,63.27
3153,2019,79.57
3153,2020,79.79
3153,2021,85.36
3154,1979,39.49
3154,1980,42.46
3154,1981,43.15
3154,1982,46.89
3154,1983,27.71
3154,1984,41.74
3154,1985,47.53
3154,1986,45.98
3154,1987,44.61
3154,1988,31.34
3154,1989,40.53
3154,1990,49.45
3154,1991,45.78
3154,1992,44.52
3154,1993,54.89
3154,1994,45.54
3154,1995,46.55
3154,1996,47.82
3154,1997,47.0
3154,1998,52.3
3154,1999,51.28
3154,2000,57.39
3154,2001,52.4
3154,2002,53.26
3154,2003,54.27
3154,2004,56.98
3154,2005,56.98
3154,2006,48.86
3154,2007,59.69
3154,2008,58.53
3154,2009,66.18
3154,2010,58.4
3154,2011,70.63
3154,2012,69.13
3154,2013,56.94
3154,2014,78.34
3154,2015,73.43
3154,2016,74.49
3154,2017,78.37
3154,2018,53.7
3154,2019,68.84
3154,2020,69.86
3154,2021,76.06
3155,1979,40.15
3155,1980,40.49
3155,1981,42.63
3155,1982,46.94
3155,1983,30.42
3155,1984,42.22
3155,1985,45.87
3155,1986,46.24
3155,1987,42.91
3155,1988,42.63
3155,1989,47.28
3155,1990,49.96
3155,1991,47.61
3155,1992,52.33
3155,1993,54.87
3155,1994,48.63
3155,1995,51.09
3155,1996,48.32
3155,1997,52.53
3155,1998,53.32
3155,1999,59.23
3155,2000,59.18
3155,2001,55.46
3155,2002,55.28
3155,2003,63.25
3155,2004,59.92
3155,2005,62.41
3155,2006,58.9
3155,2007,63.02
3155,2008,67.51
3155,2009,72.25
3155,2010,66.57
3155,2011,77.1
3155,2012,73.19
3155,2013,68.21
3155,2014,85.32
3155,2015,77.38
3155,2016,81.31
3155,2017,88.15
3155,2018,83.05
3155,2019,81.1
3155,2020,88.53
3155,2021,85.12
3157,1979,44.62
3157,1980,46.04
3157,1981,46.4
3157,1982,52.74
3157,1983,39.01
3157,1984,47.03
3157,1985,48.67
3157,1986,51.8
3157,1987,47.79
3157,1988,45.3
3157,1989,52.67
3157,1990,56.88
3157,1991,51.93
3157,1992,51.73
3157,1993,56.15
3157,1994,49.5
3157,1995,51.55
3157,1996,49.99
3157,1997,50.35
3157,1998,53.8
3157,1999,57.27
3157,2000,56.7
3157,2001,54.36
3157,2002,55.88
3157,2003,56.94
3157,2004,61.07
3157,2005,60.59
3157,2006,53.24
3157,2007,63.09
3157,2008,65.31
3157,2009,68.55
3157,2010,64.41
3157,2011,73.37
3157,2012,71.62
3157,2013,61.77
3157,2014,81.88
3157,2015,77.37
3157,2016,82.59
3157,2017,84.09
3157,2018,69.87
3157,2019,69.48
3157,2020,79.48
3157,2021,81.71
3158,1979,41.37
3158,1980,43.77
3158,1981,42.85
3158,1982,50.13
3158,1983,31.47
3158,1984,45.48
3158,1985,48.25
3158,1986,48.68
3158,1987,45.19
3158,1988,38.16
3158,1989,42.05
3158,1990,53.24
3158,1991,48.34
3158,1992,49.46
3158,1993,55.68
3158,1994,48.76
3158,1995,50.33
3158,1996,47.55
3158,1997,49.35
3158,1998,54.05
3158,1999,53.81
3158,2000,57.12
3158,2001,54.07
3158,2002,55.17
3158,2003,57.46
3158,2004,59.19
3158,2005,58.65
3158,2006,51.35
3158,2007,62.65
3158,2008,65.99
3158,2009,67.13
3158,2010,62.52
3158,2011,73.05
3158,2012,69.68
3158,2013,61.43
3158,2014,82.32
3158,2015,79.34
3158,2016,82.41
3158,2017,82.78
3158,2018,63.9
3158,2019,77.95
3158,2020,74.97
3158,2021,81.17
3159,1979,36.7117313842762
3159,1980,39.163505511013
3159,1981,40.4112928664448
3159,1982,44.2943917230892
3159,1983,32.3322660455674
3159,1984,40.7843701309314
3159,1985,45.6549356300997
3159,1986,46.3538284844752
3159,1987,42.1750118355929
3159,1988,41.1680579476139
3159,1989,44.792508190558
3159,1990,47.670455496825
3159,1991,43.8000771071978
3159,1992,49.2298927002649
3159,1993,50.7866068000868
3159,1994,46.9072802840504
3159,1995,49.1289624308287
3159,1996,47.0941639638281
3159,1997,50.6613369182273
3159,1998,50.4720371022661
3159,1999,56.8412815010729
3159,2000,56.773521725062
3159,2001,53.3552443223201
3159,2002,54.7607552435935
3159,2003,60.2811691928034
3159,2004,61.0207279503106
3159,2005,60.9024784046597
3159,2006,59.4259887886672
3159,2007,61.1380872527185
3159,2008,64.6473710106019
3159,2009,71.5692616504801
3159,2010,67.0468592577873
3159,2011,75.4195383357548
3159,2012,72.446299087225
3159,2013,67.9579331894763
3159,2014,83.6437786071442
3159,2015,76.3697085912519
3159,2016,82.3577495299735
3159,2017,86.57
3159,2018,68.4
3159,2019,77.23
3159,2020,85.2
3159,2021,85.87
3241,1979,44.0151650175351
3241,1980,44.1372245976509
3241,1981,45.1082500415076
3241,1982,50.391146372384
3241,1983,39.0005797146498
3241,1984,44.8789446434858
3241,1985,48.6401775905505
3241,1986,46.7374235861898
3241,1987,45.401063948363
3241,1988,45.2212914465777
3241,1989,49.849242984797
3241,1990,54.2175689996682
3241,1991,51.8184611068809
3241,1992,50.4600926711024
3241,1993,54.542517081333
3241,1994,49.5982242017816
3241,1995,50.1799318084246
3241,1996,50.7515884887001
3241,1997,51.5910014665059
3241,1998,54.5519905318069
3241,1999,59.3074747156778
3241,2000,59.7885765647773
3241,2001,56.06
3241,2002,56.43
3241,2003,60.54
3241,2004,61.67
3241,2005,61.79
3241,2006,58.44
3241,2007,66.16
3241,2008,66.4
3241,2009,71.05
3241,2010,65.37
3241,2011,76.7
3241,2012,73.16
3241,2013,67.46
3241,2014,83.0
3241,2015,79.68
3241,2016,82.02
3241,2017,85.45
3241,2018,74.81
3241,2019,74.78
3241,2020,82.52
3241,2021,84.76
3251,1979,39.47
3251,1980,42.01
3251,1981,43.39
3251,1982,43.41
3251,1983,36.25
3251,1984,45.76
3251,1985,46.7
3251,1986,44.17
3251,1987,44.2
3251,1988,43.94
3251,1989,46.62
3251,1990,49.48
3251,1991,49.65
3251,1992,48.28
3251,1993,52.54
3251,1994,48.81
3251,1995,48.26
3251,1996,48.95
3251,1997,51.07
3251,1998,52.19
3251,1999,51.25
3251,2000,57.45
3251,2001,54.38
3251,2002,52.37
3251,2003,51.79
3251,2004,59.2
3251,2005,58.02
3251,2006,56.32
3251,2007,64.06
3251,2008,64.11
3251,2009,68.85
3251,2010,63.0
3251,2011,75.24
3251,2012,71.71
3251,2013,71.81
3251,2014,83.37
3251,2015,78.17
3251,2016,74.97
3251,2017,83.6
3251,2018,53.63
3251,2019,62.66
3251,2020,77.31
3251,2021,81.42
3252,1979,41.94
3252,1980,41.25
3252,1981,44.29
3252,1982,49.48
3252,1983,35.45
3252,1984,43.25
3252,1985,46.36
3252,1986,46.62
3252,1987,44.07
3252,1988,45.97
3252,1989,51.45
3252,1990,52.41
3252,1991,50.54
3252,1992,51.33
3252,1993,55.81
3252,1994,51.07
3252,1995,51.76
3252,1996,52.34
3252,1997,54.0
3252,1998,54.43
3252,1999,62.14
3252,2000,61.12
3252,2001,56.44
3252,2002,56.43
3252,2003,64.84
3252,2004,63.23
3252,2005,65.19
3252,2006,61.77
3252,2007,68.06
3252,2008,69.19
3252,2009,75.18
3252,2010,66.54
3252,2011,81.02
3252,2012,75.4
3252,2013,68.58
3252,2014,86.85
3252,2015,78.68
3252,2016,81.41
3252,2017,86.76
3252,2018,78.89
3252,2019,83.27
3252,2020,88.27
3252,2021,86.29
3254,1979,44.25
3254,1980,45.12
3254,1981,45.92
3254,1982,52.46
3254,1983,35.2
3254,1984,45.23
3254,1985,48.51
3254,1986,50.41
3254,1987,46.53
3254,1988,46.34
3254,1989,51.79
3254,1990,55.69
3254,1991,49.73
3254,1992,51.67
3254,1993,55.58
3254,1994,49.74
3254,1995,53.42
3254,1996,51.76
3254,1997,52.56
3254,1998,55.61
3254,1999,59.63
3254,2000,58.85
3254,2001,56.8
3254,2002,58.21
3254,2003,60.76
3254,2004,61.33
3254,2005,61.3
3254,2006,55.62
3254,2007,63.83
3254,2008,66.11
3254,2009,71.32
3254,2010,63.55
3254,2011,76.89
3254,2012,71.69
3254,2013,66.63
3254,2014,82.3
3254,2015,80.59
3254,2016,83.39
3254,2017,85.16
3254,2018,71.17
3254,2019,77.85
3254,2020,83.99
3254,2021,86.11
3255,1979,42.35
3255,1980,41.87
3255,1981,42.27
3255,1982,46.9
3255,1983,33.53
3255,1984,40.98
3255,1985,45.51
3255,1986,46.08
3255,1987,40.36
3255,1988,43.11
3255,1989,44.05
3255,1990,49.63
3255,1991,49.12
3255,1992,51.01
3255,1993,52.52
3255,1994,50.02
3255,1995,50.79
3255,1996,50.79
3255,1997,52.44
3255,1998,51.55
3255,1999,62.46
3255,2000,60.69
3255,2001,55.38
3255,2002,54.06
3255,2003,61.24
3255,2004,61.94
3255,2005,63.78
3255,2006,61.1
3255,2007,64.79
3255,2008,66.06
3255,2009,73.52
3255,2010,64.24
3255,2011,78.32
3255,2012,75.97
3255,2013,65.21
3255,2014,83.78
3255,2015,76.83
3255,2016,85.83
3255,2017,83.56
3255,2018,65.97
3255,2019,80.49
3255,2020,87.83
3255,2021,83.03
3256,1979,40.54
3256,1980,43.66
3256,1981,42.63
3256,1982,40.26
3256,1983,34.56
3256,1984,45.58
3256,1985,48.95
3256,1986,43.85
3256,1987,45.38
3256,1988,41.87
3256,1989,46.01
3256,1990,49.13
3256,1991,48.44
3256,1992,46.49
3256,1993,52.36
3256,1994,49.6
3256,1995,45.88
3256,1996,48.2
3256,1997,50.02
3256,1998,52.36
3256,1999,52.43
3256,2000,57.41
3256,2001,53.11
3256,2002,51.31
3256,2003,50.93
3256,2004,59.81
3256,2005,59.8
3256,2006,58.14
3256,2007,63.76
3256,2008,63.6
3256,2009,68.6
3256,2010,63.09
3256,2011,74.55
3256,2012,72.36
3256,2013,72.41
3256,2014,85.49
3256,2015,77.08
3256,2016,79.02
3256,2017,87.24
3256,2018,69.71
3256,2019,71.95
3256,2020,77.37
3256,2021,83.89
3257,1979,40.87
3257,1980,42.58
3257,1981,43.08
3257,1982,48.14
3257,1983,38.06
3257,1984,43.55
3257,1985,46.5
3257,1986,48.05
3257,1987,44.15
3257,1988,45.46
3257,1989,50.2
3257,1990,54.33
3257,1991,51.85
3257,1992,53.34
3257,1993,54.31
3257,1994,52.3
3257,1995,52.27
3257,1996,51.61
3257,1997,52.66
3257,1998,55.04
3257,1999,61.69
3257,2000,61.14
3257,2001,58.36
3257,2002,57.69
3257,2003,64.57
3257,2004,64.4
3257,2005,67.88
3257,2006,64.22
3257,2007,68.45
3257,2008,72.21
3257,2009,72.89
3257,2010,66.59
3257,2011,78.31
3257,2012,73.97
3257,2013,68.25
3257,2014,84.22
3257,2015,79.85
3257,2016,75.86
3257,2017,85.22
3257,2018,72.22
3257,2019,75.62
3257,2020,85.25
3257,2021,83.77
3351,1979,39.88
3351,1980,39.69
3351,1981,44.15
3351,1982,44.94
3351,1983,36.28
3351,1984,39.79
3351,1985,46.32
3351,1986,45.68
3351,1987,45.36
3351,1988,43.01
3351,1989,45.71
3351,1990,47.13
3351,1991,45.81
3351,1992,45.6
3351,1993,50.26
3351,1994,46.39
3351,1995,48.93
3351,1996,50.02
3351,1997,49.45
3351,1998,49.64
3351,1999,53.53
3351,2000,54.21
3351,2001,52.4
3351,2002,49.42
3351,2003,56.59
3351,2004,57.52
3351,2005,57.37
3351,2006,54.96
3351,2007,62.21
3351,2008,60.94
3351,2009,70.29
3351,2010,61.42
3351,2011,74.55
3351,2012,70.68
3351,2013,63.19
3351,2014,86.22
3351,2015,75.67
3351,2016,81.17
3351,2017,81.07
3351,2018,69.04
3351,2019,65.67
3351,2020,74.43
3351,2021,77.86
3352,1979,39.74
3352,1980,36.74
3352,1981,40.02
3352,1982,40.1
3352,1983,31.47
3352,1984,39.77
3352,1985,42.51
3352,1986,40.91
3352,1987,40.04
3352,1988,41.11
3352,1989,39.01
3352,1990,39.65
3352,1991,38.3
3352,1992,39.63
3352,1993,44.85
3352,1994,42.54
3352,1995,41.92
3352,1996,45.03
3352,1997,46.28
3352,1999,49.7269096509203
3352,2001,51.39
3352,2002,48.44
3352,2010,61.26
3352,2011,73.6
3352,2012,71.31
3352,2013,64.53
3352,2014,85.16
3352,2015,76.7
3353,1979,38.43
3353,1980,38.77
3353,1981,43.76
3353,1982,38.81
3353,1983,30.66
3353,1984,41.68
3353,1985,42.61
3353,1986,43.4
3353,1987,39.14
3353,1988,41.14
3353,1989,42.27
3353,1990,46.88
3353,1991,42.79
3353,1992,40.85
3353,1993,52.37
3353,1994,44.95
3353,1995,44.84
3353,1996,45.84
3353,1997,48.8
3353,1998,49.59
3353,1999,50.53
3353,2000,52.44
3353,2001,51.89
3353,2002,49.42
3353,2003,51.92
3353,2004,53.64
3353,2005,57.16
3353,2006,54.34
3353,2007,61.6
3353,2008,62.17
3353,2009,68.22
3353,2010,60.85
3353,2011,73.02
3353,2012,71.02
3353,2013,64.6
3353,2014,84.97
3353,2015,75.52
3353,2016,82.77
3353,2017,77.59
3353,2018,65.77
3353,2019,68.87
3353,2020,76.9
3353,2021,68.08
3354,1979,40.32
3354,1980,42.63
3354,1981,44.48
3354,1982,43.84
3354,1983,35.87
3354,1984,42.98
3354,1985,45.8
3354,1986,44.06
3354,1987,42.86
3354,1988,39.83
3354,1989,41.58
3354,1990,46.28
3354,1991,45.71
3354,1992,47.08
3354,1993,51.81
3354,1994,45.05
3354,1995,46.58
3354,1996,48.2
3354,1997,49.26
3354,1998,50.31
3354,1999,49.46
3354,2000,53.72
3354,2001,52.8
3354,2002,49.22
3354,2003,52.87
3354,2004,54.86
3354,2005,55.81
3354,2006,52.53
3354,2007,60.35
3354,2008,59.58
3354,2009,66.44
3354,2010,61.1
3354,2011,72.26
3354,2012,69.34
3354,2013,65.71
3354,2014,85.47
3354,2015,74.77
3354,2016,74.74
3354,2017,85.53
3354,2018,67.42
3354,2019,73.64
3354,2020,76.04
3354,2021,79.16
3355,1979,41.88
3355,1980,41.95
3355,1981,43.22
3355,1982,43.25
3355,1983,37.37
3355,1984,44.21
3355,1985,48.35
3355,1986,47.09
3355,1987,43.26
3355,1988,41.38
3355,1989,44.05
3355,1990,48.58
3355,1991,44.68
3355,1992,45.77
3355,1993,52.42
3355,1994,45.51
3355,1995,45.46
3355,1996,46.75
3355,1997,50.69
3355,1998,49.59
3355,1999,51.38
3355,2000,54.34
3355,2001,50.98
3355,2002,49.59
3355,2003,53.91
3355,2004,56.15
3355,2005,57.05
3355,2006,53.4
3355,2007,61.17
3355,2008,59.94
3355,2009,68.23
3355,2010,58.94
3355,2011,72.4
3355,2012,68.94
3355,2013,63.83
3355,2014,84.08
3355,2015,74.84
3355,2016,79.84
3355,2017,75.58
3355,2018,68.11
3355,2019,76.38
3355,2020,75.45
3355,2021,77.89
3356,1979,24.55
3356,1982,28.33
3356,1983,26.55
3356,1984,34.47
3356,1986,38.27
3356,1987,32.46
3356,1988,38.33
3356,1990,41.15
3356,1995,43.24
3356,1999,48.4820267718066
3356,2010,61.26
3356,2011,73.6
3356,2012,71.31
3356,2013,64.53
3356,2015,76.7
3357,1979,40.29
3357,1980,38.56
3357,1981,42.01
3357,1982,36.9
3357,1983,28.31
3357,1984,43.07
3357,1985,45.48
3357,1986,41.54
3357,1987,41.99
3357,1988,40.65
3357,1989,41.82
3357,1990,40.92
3357,1991,40.21
3357,1992,38.64
3357,1993,47.69
3357,1994,40.34
3357,1995,40.12
3357,1996,41.74
3357,1997,45.75
3357,1998,49.54
3357,1999,46.19
3357,2000,53.76
3357,2001,54.22
3357,2002,48.93
3357,2003,47.09
3357,2004,57.04
3357,2005,58.36
3357,2006,52.57
3357,2007,62.03
3357,2008,62.2
3357,2009,69.13
3357,2010,60.3
3357,2011,73.04
3357,2012,72.04
3357,2013,64.12
3357,2014,84.47
3357,2015,76.89
3357,2016,75.14
3357,2017,88.53
3357,2018,50.52
3357,2019,71.66
3357,2020,68.88
3357,2021,86.33
3358,1979,36.5
3358,1980,35.36
3358,1981,39.0
3358,1982,40.9
3358,1983,29.73
3358,1984,38.46
3358,1985,42.83
3358,1986,41.97
3358,1987,39.25
3358,1988,37.42
3358,1989,38.63
3358,1990,42.37
3358,1991,43.52
3358,1992,41.24
3358,1993,49.08
3358,1994,43.63
3358,1995,41.5
3358,1996,42.73
3358,1997,46.7
3358,1998,48.88
3358,1999,49.74
3358,2000,53.8
3358,2001,50.59
3358,2002,47.95
3358,2003,47.82
3358,2004,53.99
3358,2005,56.59
3358,2006,51.8
3358,2007,60.31
3358,2008,59.03
3358,2009,68.17
3358,2010,60.32
3358,2011,72.83
3358,2012,69.46
3358,2013,64.4
3358,2014,84.77
3358,2015,76.27
3358,2016,74.0
3358,2017,84.89
3358,2018,65.29
3358,2019,68.44
3358,2020,79.94
3358,2021,76.3
3359,1979,37.98
3359,1980,36.93
3359,1981,45.57
3359,1982,40.04
3359,1983,30.28
3359,1984,43.78
3359,1985,46.78
3359,1986,45.11
3359,1987,41.86
3359,1988,44.41
3359,1989,43.37
3359,1990,48.86
3359,1991,45.39
3359,1992,43.45
3359,1993,51.11
3359,1994,42.56
3359,1995,48.46
3359,1996,45.2
3359,1997,52.14
3359,1998,50.15
3359,1999,49.53
3359,2000,54.98
3359,2001,50.6
3359,2002,48.55
3359,2003,49.22
3359,2004,57.07
3359,2005,59.6
3359,2006,55.37
3359,2007,63.73
3359,2008,62.57
3359,2009,70.15
3359,2010,60.58
3359,2011,72.3
3359,2012,70.62
3359,2013,64.22
3359,2014,84.02
3359,2015,76.85
3359,2016,71.92
3359,2017,72.99
3359,2018,70.55
3359,2020,72.52
3359,2021,70.71
3360,1979,41.27
3360,1980,42.14
3360,1981,45.36
3360,1982,47.4
3360,1983,40.1
3360,1984,45.52
3360,1985,47.71
3360,1986,49.33
3360,1987,45.49
3360,1988,42.8
3360,1989,46.08
3360,1990,52.65
3360,1991,48.85
3360,1992,48.68
3360,1993,53.59
3360,1994,47.63
3360,1995,48.44
3360,1996,49.14
3360,1997,51.5
3360,1998,51.3
3360,1999,55.32
3360,2000,56.78
3360,2001,54.4
3360,2002,52.8
3360,2003,60.12
3360,2004,58.42
3360,2005,59.63
3360,2006,56.55
3360,2007,63.22
3360,2008,63.11
3360,2009,70.83
3360,2010,61.31
3360,2011,71.6
3360,2012,69.79
3360,2013,63.76
3360,2014,84.24
3360,2015,74.46
3360,2016,76.81
3360,2017,70.09
3360,2018,74.95
3360,2019,68.97
3360,2020,73.71
3360,2021,74.18
3361,1979,39.31
3361,1980,41.99
3361,1981,42.97
3361,1982,39.12
3361,1983,30.43
3361,1984,42.47
3361,1985,45.54
3361,1986,41.29
3361,1987,42.83
3361,1988,40.78
3361,1989,47.35
3361,1990,43.96
3361,1991,42.79
3361,1992,40.85
3361,1993,50.01
3361,1994,42.65
3361,1995,42.56
3361,1996,45.41
3361,1997,49.45
3361,1998,51.77
3361,1999,50.94
3361,2000,56.98
3361,2001,52.77
3361,2002,52.61
3361,2003,53.18
3361,2004,59.24
3361,2005,60.99
3361,2006,55.78
3361,2007,60.83
3361,2008,60.02
3361,2009,68.7
3361,2010,62.82
3361,2011,76.13
3361,2012,72.45
3361,2013,65.04
3361,2014,84.4
3361,2015,75.51
3361,2016,70.81
3361,2017,81.11
3361,2018,62.93
3361,2019,66.48
3361,2020,83.17
3361,2021,87.29
3401,1979,45.63
3401,1980,47.56
3401,1981,47.07
3401,1982,42.19
3401,1983,36.22
3401,1984,43.48
3401,1985,50.62
3401,1986,42.54
3402,1979,42.64
3402,1987,38.96
3402,2012,73.2
3402,2015,76.14
3403,1995,49.57
3404,1979,40.41
3404,1981,50.72
3404,1986,52.0
3404,1995,48.88
3404,1999,56.8398258010921
3404,2010,62.21
3404,2011,72.94
3404,2012,71.19
3451,1979,40.0
3451,1995,43.07
3451,1999,48.9998498285277
3451,2012,75.76
3451,2013,75.21
3451,2015,84.24
3452,1979,44.0
3452,1980,37.88
3452,1981,36.98
3452,1982,38.56
3452,1983,29.11
3452,1984,34.53
3452,1985,36.71
3452,1986,51.03
3452,1987,32.03
3452,1995,69.37
3452,1999,48.9998498285277
3452,2012,74.52
3452,2013,76.41
3452,2014,85.35
3452,2015,79.65
3453,1979,36.15
3453,1980,36.01
3453,1981,49.22
3453,1982,40.16
3453,1983,33.43
3453,1984,38.67
3453,1985,43.45
3453,1986,45.72
3453,1987,44.18
3453,1988,42.25
3453,1989,47.18
3453,1990,46.88
3453,1991,48.64
3453,1992,52.44
3453,1993,48.15
3453,1994,46.7
3453,1995,42.96
3453,1996,54.93
3453,1997,58.84
3453,1998,56.45
3453,1999,64.93
3453,2000,59.92
3453,2001,56.3
3453,2002,62.53
3453,2003,59.61
3453,2010,61.94
3453,2011,73.0
3453,2012,75.76
3453,2013,75.55
3453,2014,84.96
3453,2015,84.41
3453,2017,85.44
3453,2021,76.41
3454,1979,44.43
3454,1980,40.37
3454,1981,43.22
3454,1982,37.63
3454,1983,30.35
3454,1984,44.4
3454,1985,44.65
3454,1986,38.99
3454,1987,47.09
3454,1988,44.12
3454,1989,54.55
3454,1990,53.89
3454,1991,39.94
3454,1992,42.22
3454,1993,48.66
3454,1994,39.17
3454,1995,42.61
3454,1996,44.8
3454,1997,47.26
3454,1998,45.83
3454,1999,49.46
3454,2000,53.59
3454,2001,51.95
3454,2002,50.95
3454,2003,46.7
3454,2004,53.92
3454,2005,53.44
3454,2006,47.19
3454,2008,60.33
3454,2010,61.16
3454,2011,72.93
3454,2012,76.18
3454,2013,75.25
3454,2014,84.74
3454,2015,84.33
3454,2016,86.07
3454,2018,61.17
3454,2019,60.68
3454,2020,68.08
3454,2021,74.27
3455,1979,41.447676128397
3455,1995,46.48
3456,1979,38.68
3456,1981,42.05
3456,1982,27.97
3456,1984,39.08
3456,1985,44.62
3456,1986,44.62
3456,1987,47.59
3456,1990,56.67
3456,1994,42.08
3456,1995,43.07
3456,1999,48.9998498285277
3456,2006,48.27
3456,2010,61.26
3456,2011,72.84
3456,2012,75.77
3456,2013,74.56
3456,2014,84.79
3456,2015,83.56
3457,1979,39.97
3457,1980,38.26
3457,1981,45.52
3457,1982,50.95
3457,1983,49.82
3457,1984,48.09
3457,1985,47.24
3457,1986,49.37
3457,1987,45.86
3457,1988,46.38
3457,1989,52.5
3457,1990,53.03
3457,1991,47.74
3457,1992,48.64
3457,1993,56.78
3457,1994,52.86
3457,1995,60.37
3457,1996,52.67
3457,1997,54.77
3457,1998,48.69
3457,1999,63.1
3457,2000,67.39
3457,2001,56.67
3457,2002,55.41
3457,2003,64.73
3457,2004,59.91
3457,2005,59.94
3457,2006,64.84
3457,2008,63.2
3457,2010,71.5
3457,2011,73.79
3457,2012,75.06
3457,2013,79.63
3457,2014,86.36
3457,2015,73.15
3457,2020,81.22
3458,1979,45.63
3458,1980,47.56
3458,1981,47.07
3458,1982,42.19
3458,1983,36.22
3458,1984,43.48
3458,1985,50.62
3458,1986,42.54
3458,1987,43.9
3458,1988,44.76
3458,1989,47.47
3458,1990,50.33
3458,1991,45.76
3458,1992,47.6
3458,1993,52.19
3458,1994,47.53
3458,1995,46.89
3458,1996,48.06
3458,1997,48.85
3458,1998,47.82
3458,1999,48.97
3458,2000,54.69
3458,2001,51.99
3458,2002,53.43
3458,2003,49.24
3458,2004,52.45
3458,2005,55.5
3458,2006,49.62
3458,2007,59.62
3458,2008,62.08
3458,2010,61.31
3458,2011,72.42
3458,2012,73.69
3458,2013,74.16
3458,2014,83.55
3458,2015,83.06
3458,2016,68.85
3459,1979,41.85
3459,1980,44.29
3459,1981,49.37
3459,1982,52.45
3459,1983,41.08
3459,1984,46.29
3459,1985,49.99
3459,1986,52.17
3459,1987,45.87
3459,1988,46.57
3459,1989,49.73
3459,1990,53.88
3459,1991,52.39
3459,1992,46.29
3459,1993,50.99
3459,1994,52.28
3459,1995,50.41
3459,1996,51.56
3459,1997,52.09
3459,1998,47.85
3459,1999,54.84
3459,2000,55.87
3459,2001,54.48
3459,2002,53.99
3459,2003,56.61
3459,2004,57.54
3459,2005,59.1
3459,2006,58.84
3459,2007,62.97
3459,2008,59.51
3459,2009,70.96
3459,2010,64.16
3459,2011,78.35
3459,2012,72.95
3459,2013,74.38
3459,2014,85.84
3459,2015,80.62
3459,2017,86.61
3459,2018,74.87
3459,2019,87.25
3459,2020,83.5
3459,2021,79.08
3460,1979,42.77
3460,1980,50.97
3460,1981,55.69
3460,1982,43.37
3460,1983,36.85
3460,1984,45.81
3460,1985,49.31
3460,1986,45.0
3460,1987,43.23
3460,1988,46.17
3460,1989,44.81
3460,1990,45.88
3460,1991,42.15
3460,1992,45.71
3460,1993,50.41
3460,1994,45.93
3460,1995,45.86
3460,1996,48.42
3460,1997,49.67
3460,1999,53.36
3460,2000,55.26
3460,2001,54.22
3460,2003,48.84
3460,2004,53.67
3460,2005,57.1
3460,2008,64.77
3460,2010,60.54
3460,2011,72.94
3460,2012,71.19
3460,2013,69.84
3460,2014,84.61
3460,2015,75.58
3461,2012,73.43
3461,2013,77.36
3461,2015,78.34
3462,1979,42.63
3462,2015,79.85
5111,1979,33.05
5111,1980,45.67
5111,1981,52.25
5111,1982,52.33
5111,1983,34.47
5111,1984,37.0
5111,1985,48.5
5111,1986,44.35
5111,1987,47.58
5111,1988,46.5
5111,1989,41.0
5111,1990,46.0
5111,1991,47.99
5111,1992,49.0
5111,1993,51.0
5111,1994,46.0
5111,1995,40.0
5111,1996,50.0
5111,1997,49.0
5111,1998,48.0
5111,1999,57.17
5111,2000,59.6
5111,2001,45.0
5111,2002,47.5
5111,2003,55.47
5111,2004,52.51
5111,2005,55.96
5111,2006,49.5
5111,2007,51.9
5111,2008,54.1
5111,2009,55.0
5111,2011,71.7
5111,2012,69.0
5111,2013,55.0
5112,1979,45.72
5112,1980,49.5
5112,1981,52.0
5112,1982,45.0
5112,1983,54.95
5112,1984,40.0
5112,1985,56.0
5112,1986,46.33
5112,1987,47.57
5112,1988,55.0
5112,1989,47.5
5112,1990,38.0
5112,1991,45.99
5112,1992,49.0
5112,1993,48.0
5112,1994,48.0
5112,1995,47.0
5112,1996,52.0
5112,1997,60.0
5112,1998,54.0
5112,1999,58.0
5112,2000,60.67
5112,2001,58.35
5112,2002,60.83
5112,2003,55.5
5112,2004,61.0
5112,2008,58.5
5112,2009,65.0
5113,1979,46.03
5113,1983,44.84
5113,1986,50.0
5113,1987,52.07
5113,1988,50.0
5113,1989,44.0
5113,1990,44.0
5113,1991,47.99
5113,1992,52.0
5113,2000,63.5
5113,2001,59.0
5113,2002,60.3
5114,1979,52.05
5114,1980,53.99
5114,1981,59.66
5114,1982,58.17
5114,1983,45.57
5114,1984,46.82
5114,1985,53.33
5114,1986,51.62
5114,1987,53.81
5114,1988,54.33
5114,1989,45.85
5114,1990,55.67
5114,1991,52.99
5114,1992,55.0
5114,1993,60.0
5114,1994,57.0
5114,1995,45.0
5114,1996,56.1
5114,1997,59.0
5114,1998,56.5
5114,1999,52.0
5114,2000,58.0
5114,2003,62.5
5114,2005,76.0
5114,2006,52.0
5114,2007,65.5
5114,2008,61.0
5116,1979,47.65
5116,1980,52.25
5116,1981,57.01
5116,1982,55.2
5116,1983,42.21
5116,1984,54.83
5116,1985,37.08
5116,1986,50.81
5116,1987,53.99
5116,1988,55.4
5116,1989,61.8
5116,1990,63.51
5116,1991,59.99
5116,1992,59.33
5116,1993,60.6
5116,1994,47.52
5116,1995,37.67
5116,1996,55.68
5116,1997,59.03
5116,1998,49.0
5116,1999,60.0
5116,2000,77.07
5116,2001,56.0
5116,2002,46.5
5116,2003,60.2
5116,2004,66.5
5116,2005,68.5
5116,2006,62.0
5116,2007,72.0
5116,2008,35.0
5116,2009,82.0
5116,2010,74.67
5116,2011,78.1
5116,2012,79.75
5116,2013,70.0
5116,2014,86.5
5116,2015,84.9
5116,2016,86.55
5116,2018,64.4
5116,2019,81.48
5116,2020,80.65
5116,2021,83.61
5117,1979,33.5
5117,1980,42.0
5117,1981,53.5
5117,1982,50.0
5117,1983,28.97
5117,1984,40.96
5117,1985,44.0
5117,1986,46.61
5117,1987,56.95
5117,1989,48.0
5117,1990,48.0
5117,1991,47.99
5117,1992,42.0
5117,2000,62.15
5117,2001,55.65
5117,2002,55.35
5120,1983,21.0
5124,1979,46.01
5124,1983,46.96
5124,1984,42.0
5124,1987,45.12
5124,2004,62.0
5124,2005,61.0
5124,2006,56.0
5124,2007,59.0
5124,2008,53.0
5124,2009,61.5
5154,1979,46.32
5154,1980,45.98
5154,1981,52.64
5154,1982,52.13
5154,1983,44.13
5154,1984,49.0
5154,1985,48.31
5154,1986,50.78
5154,1987,53.76
5154,1988,54.47
5154,1989,54.9
5154,1990,56.46
5154,1991,53.3
5154,1992,56.98
5154,1993,63.89
5154,1994,54.38
5154,1995,52.43
5154,1996,58.63
5154,1997,58.19
5154,1998,52.08
5154,1999,61.58
5154,2000,59.87
5154,2001,52.21
5154,2002,57.95
5154,2003,56.82
5154,2004,59.21
5154,2005,60.52
5154,2006,57.72
5154,2007,65.72
5154,2008,66.47
5154,2009,69.9
5154,2010,65.17
5154,2011,77.11
5154,2012,75.92
5154,2013,68.92
5154,2014,85.17
5154,2015,75.77
5154,2016,67.77
5154,2017,88.41
5154,2018,66.15
5154,2019,75.28
5154,2020,74.25
5154,2021,84.71
5158,1979,46.86
5158,1980,42.35
5158,1981,50.41
5158,1982,49.74
5158,1983,31.61
5158,1984,37.69
5158,1985,44.89
5158,1986,50.0
5158,1987,44.7
5158,1988,52.5
5158,1989,46.51
5158,1990,39.75
5158,1991,47.75
5158,1992,60.92
5158,1993,60.33
5158,1994,54.0
5158,1995,51.4
5158,1996,51.75
5158,1997,51.09
5158,1998,45.13
5158,1999,57.81
5158,2000,60.54
5158,2001,45.36
5158,2002,40.48
5158,2003,57.38
5158,2004,58.88
5158,2005,58.55
5158,2006,55.63
5158,2007,62.81
5158,2008,65.4
5158,2009,68.92
5158,2010,60.67
5158,2011,64.94
5158,2012,63.68
5158,2013,76.44
5158,2014,70.61
5158,2015,73.84
5162,1979,46.78
5162,1980,52.34
5162,1981,60.4
5162,1982,57.6
5162,1983,43.97
5162,1984,46.59
5162,1985,56.04
5162,1986,50.81
5162,1987,54.68
5162,1988,55.38
5162,1989,53.18
5162,1990,58.59
5162,1991,58.42
5162,1992,56.62
5162,1993,61.43
5162,1994,52.87
5162,1995,53.39
5162,1996,55.74
5162,1997,55.36
5162,1998,55.18
5162,1999,60.27
5162,2000,62.91
5162,2001,56.39
5162,2002,57.52
5162,2003,61.21
5162,2004,62.67
5162,2005,65.84
5162,2006,59.35
5162,2007,63.71
5162,2008,67.72
5162,2009,72.12
5162,2010,67.74
5162,2011,77.01
5162,2012,69.23
5162,2013,74.61
5162,2014,88.02
5162,2015,80.72
5162,2016,78.56
5162,2017,93.74
5162,2018,69.39
5162,2019,79.62
5162,2020,78.8
5162,2021,93.15
5166,1979,45.49
5166,1980,50.78
5166,1981,54.18
5166,1982,53.59
5166,1983,35.35
5166,1984,45.11
5166,1985,48.89
5166,1986,49.91
5166,1987,51.99
5166,1988,55.04
5166,1989,50.51
5166,1990,55.99
5166,1991,49.67
5166,1992,53.43
5166,1993,62.47
5166,1994,51.11
5166,1995,50.16
5166,1996,58.33
5166,1997,54.61
5166,1998,50.87
5166,1999,58.23
5166,2000,48.55
5166,2001,55.26
5166,2002,58.4
5166,2003,58.71
5166,2004,61.02
5166,2005,65.14
5166,2006,58.2
5166,2007,66.27
5166,2008,67.96
5166,2009,68.78
5166,2010,72.61
5166,2011,82.0
5166,2012,82.14
5166,2013,76.12
5166,2014,85.86
5166,2015,75.56
5166,2016,76.5
5166,2017,94.62
5166,2018,71.28
5166,2019,71.3
5166,2021,85.62
5170,1979,43.53
5170,1980,46.61
5170,1981,48.66
5170,1982,46.78
5170,1983,39.42
5170,1984,42.84
5170,1985,41.87
5170,1986,40.46
5170,1987,44.54
5170,1988,49.33
5170,1989,44.86
5170,1990,43.37
5170,1991,45.87
5170,1992,50.91
5170,1993,56.02
5170,1994,49.84
5170,1995,45.53
5170,1996,56.4
5170,1997,57.88
5170,1998,54.68
5170,1999,58.73
5170,2000,58.17
5170,2001,52.49
5170,2002,57.84
5170,2003,58.71
5170,2004,59.62
5170,2005,59.92
5170,2006,56.03
5170,2007,66.24
5170,2008,63.04
5170,2009,69.76
5170,2010,74.41
5170,2011,81.51
5170,2012,90.73
5170,2013,74.28
5170,2014,90.7
5170,2015,74.9
5170,2016,71.65
5170,2017,86.75
5170,2018,43.37
5170,2019,68.89
5314,1979,39.79
5314,1980,44.0
5314,1981,57.5
5314,1982,42.0
5314,1983,26.22
5314,1984,35.75
5314,1985,43.0
5314,1986,41.5
5314,1987,43.56
5314,1988,55.25
5314,1989,60.1
5314,1990,60.85
5314,1991,56.69
5314,1992,62.0
5314,1993,60.0
5314,1994,56.0
5314,1995,58.0
5314,1996,60.0
5314,1997,60.0
5314,1998,60.0
5314,1999,60.0
5314,2000,60.9
5314,2009,71.0
5314,2010,66.0
5314,2011,76.5
5314,2012,61.0
5314,2013,71.2
5314,2014,81.0
5314,2015,76.0
5315,1979,47.14
5315,1980,46.11
5315,1981,50.8
5315,1982,47.07
5315,1983,31.56
5315,1984,42.83
5315,1985,46.17
5315,1986,45.4
5315,1987,52.87
5315,1988,48.2
5315,1989,51.25
5315,1990,52.9
5315,1991,53.74
5315,1992,55.5
5315,1993,55.4
5315,1994,46.67
5315,1995,50.63
5315,1996,57.08
5315,1997,44.25
5315,1998,51.17
5315,1999,52.1
5315,2000,59.8
5315,2001,49.5
5315,2002,57.75
5315,2003,55.33
5315,2004,59.5
5315,2005,61.5
5315,2006,61.0
5315,2008,61.5
5315,2009,71.5
5315,2010,70.0
5315,2011,74.0
5315,2012,65.0
5316,1979,43.42
5316,1980,44.0
5316,1981,55.5
5316,1982,45.0
5316,1983,29.97
5316,1984,28.0
5316,1985,40.0
5316,1986,35.0
5316,1987,40.06
5316,1988,36.0
5316,1989,45.0
5316,1990,50.0
5316,1991,51.99
5316,1992,48.0
5316,1993,54.5
5316,1994,49.0
5316,1995,49.0
5316,1996,52.0
5316,1997,47.0
5316,1998,51.0
5316,1999,48.0
5316,2000,51.5
5316,2001,49.0
5316,2002,49.5
5316,2003,57.0
5316,2004,51.5
5316,2005,53.0
5316,2006,60.0
5316,2007,49.0
5316,2008,50.5
5316,2009,57.0
5316,2010,54.75
5316,2011,56.5
5316,2012,61.75
5316,2013,48.0
5316,2014,68.0
5316,2015,63.0
5334,1979,49.9539052890529
5334,1980,51.7151755860239
5334,1981,60.0041703193488
5334,1982,57.9216600505233
5334,1983,49.9793464351006
5334,1984,48.85
5334,1985,50.3947325876492
5334,1986,53.5776175009553
5334,1987,53.119628047004
5334,1988,56.5365101962293
5334,1989,61.8454337056824
5334,1990,60.732338630567
5334,1991,57.9600137066771
5334,1992,56.0139351942221
5334,1993,59.4885850063039
5334,1994,55.4718183607203
5334,1995,55.2387833252545
5334,1996,58.5453497536946
5334,1997,58.0740563045202
5334,1998,59.7288238213399
5334,1999,64.2195390620387
5334,2000,65.825312416581
5334,2001,55.8325498405104
5334,2002,61.1062041859094
5334,2003,69.265815733385
5334,2004,74.8134119580453
5334,2005,66.5606125204977
5334,2006,63.4682922824302
5334,2007,69.62
5334,2008,67.0144685172647
5334,2009,72.94
5334,2010,68.12
5334,2011,79.2
5334,2012,77.87
5334,2013,76.79
5334,2014,85.2
5334,2015,75.93
5334,2016,86.54
5334,2017,98.76
5334,2018,72.23
5334,2019,85.63
5334,2020,92.29
5334,2021,86.27
5358,1979,47.86
5358,1980,49.74
5358,1981,60.93
5358,1982,57.83
5358,1983,44.35
5358,1984,49.25
5358,1985,50.85
5358,1986,51.81
5358,1987,53.37
5358,1988,54.14
5358,1989,54.42
5358,1990,57.19
5358,1991,52.85
5358,1992,52.8
5358,1993,57.97
5358,1994,50.96
5358,1995,52.71
5358,1996,52.43
5358,1997,52.88
5358,1998,55.79
5358,1999,62.17
5358,2000,61.12
5358,2001,55.85
5358,2002,60.15
5358,2003,57.59
5358,2004,68.08
5358,2005,63.14
5358,2006,61.05
5358,2007,68.49
5358,2008,68.9
5358,2009,71.69
5358,2010,68.51
5358,2011,79.28
5358,2012,77.56
5358,2013,74.82
5358,2014,90.39
5358,2015,81.41
5358,2016,75.08
5358,2017,90.59
5358,2018,57.25
5358,2019,76.73
5358,2020,72.21
5358,2021,84.88
5362,1979,46.14
5362,1980,57.14
5362,1981,59.27
5362,1982,55.85
5362,1983,39.09
5362,1984,46.43
5362,1985,55.14
5362,1986,49.54
5362,1987,49.77
5362,1988,55.84
5362,1989,56.92
5362,1990,65.02
5362,1991,55.87
5362,1992,55.95
5362,1993,62.83
5362,1994,54.88
5362,1995,58.83
5362,1996,56.68
5362,1997,56.17
5362,1998,56.01
5362,1999,64.21
5362,2000,65.33
5362,2001,57.12
5362,2002,59.36
5362,2003,60.79
5362,2004,66.6
5362,2005,63.51
5362,2006,59.7
5362,2007,69.42
5362,2008,70.71
5362,2009,69.49
5362,2010,71.11
5362,2011,69.54
5362,2012,74.28
5362,2013,76.51
5362,2014,89.79
5362,2015,81.69
5362,2016,73.79
5362,2017,89.15
5362,2018,68.01
5362,2019,77.53
5362,2020,88.88
5362,2021,93.86
5366,1979,43.18
5366,1980,45.23
5366,1981,54.39
5366,1982,50.09
5366,1983,34.22
5366,1984,41.87
5366,1985,43.88
5366,1986,48.19
5366,1987,50.12
5366,1988,45.21
5366,1989,46.04
5366,1990,45.43
5366,1991,46.72
5366,1992,49.69
5366,1993,49.32
5366,1994,41.58
5366,1995,41.64
5366,1996,49.84
5366,1997,47.09
5366,1998,54.05
5366,1999,48.71
5366,2000,64.64
5366,2001,52.85
5366,2002,50.88
5366,2003,48.82
5366,2004,58.19
5366,2005,56.58
5366,2006,61.59
5366,2007,66.9
5366,2008,62.37
5366,2009,70.78
5366,2010,57.64
5366,2011,68.91
5366,2012,65.17
5366,2013,73.72
5366,2014,85.36
5366,2015,74.55
5366,2016,75.17
5366,2017,83.11
5366,2018,50.66
5366,2019,65.94
5366,2020,64.62
5366,2021,79.5
5370,1979,47.21
5370,1980,53.82
5370,1981,57.36
5370,1982,58.88
5370,1983,47.6
5370,1984,49.55
5370,1985,53.86
5370,1986,51.81
5370,1987,54.47
5370,1988,56.33
5370,1989,58.24
5370,1990,58.63
5370,1991,56.61
5370,1992,57.67
5370,1993,65.24
5370,1994,52.34
5370,1995,51.12
5370,1996,56.36
5370,1997,57.33
5370,1998,55.44
5370,1999,62.54
5370,2000,62.23
5370,2001,57.68
5370,2002,55.15
5370,2003,54.62
5370,2004,65.23
5370,2005,70.39
5370,2006,62.73
5370,2007,70.8
5370,2008,71.38
5370,2009,74.64
5370,2010,73.79
5370,2011,79.11
5370,2012,78.22
5370,2013,74.11
5370,2014,86.23
5370,2015,77.61
5370,2016,77.34
5370,2017,85.34
5370,2018,72.54
5370,2019,75.87
5370,2020,88.64
5370,2021,84.49
5374,1979,47.1
5374,1980,37.5
5374,1983,26.0
5378,1979,44.04
5378,1980,37.0
5378,1981,45.5
5378,1983,39.96
5378,1984,45.0
5378,1986,50.01
5378,1987,38.06
5378,1988,55.0
5378,1989,48.0
5378,1990,46.0
5378,1991,50.0
5378,1993,65.0
5378,1995,39.0
5378,1996,58.0
5378,1998,37.5
5378,1999,46.5
5378,2000,52.0
5382,1979,49.5
5382,1980,45.03
5382,1981,56.31
5382,1982,51.76
5382,1983,33.03
5382,1984,45.26
5382,1985,44.27
5382,1986,46.43
5382,1987,51.27
5382,1988,51.37
5382,1989,47.84
5382,1990,55.11
5382,1991,48.26
5382,1992,59.07
5382,1993,56.66
5382,1994,46.88
5382,1995,50.99
5382,1996,50.8
5382,1997,51.54
5382,1998,50.69
5382,1999,49.47
5382,2000,61.73
5382,2001,48.59
5382,2002,53.79
5382,2003,51.88
5382,2004,57.32
5382,2005,56.7
5382,2006,56.99
5382,2007,57.82
5382,2008,58.3
5382,2009,62.93
5382,2010,64.1
5382,2011,69.47
5382,2012,67.86
5382,2013,67.26
5382,2014,85.66
5382,2015,68.53
5382,2016,55.44
5382,2017,86.72
5382,2018,46.43
5382,2019,65.63
5382,2020,56.73
5382,2021,90.45
5512,1979,44.0
5512,1980,52.0
5512,1981,47.5
5512,1982,45.0
5512,1983,44.0
5512,1984,48.0
5512,1985,50.0
5512,1988,50.0
5512,1989,50.0
5513,1979,41.0
5513,1982,40.0
5513,1983,42.98
5513,1986,50.0
5513,1987,48.16
5513,1988,53.0
5513,1989,50.0
5513,1990,47.0
5513,1991,45.0
5513,1992,40.0
5515,1979,44.27
5515,1980,41.63
5515,1981,42.65
5515,1982,43.25
5515,1983,37.54
5515,1984,34.4
5515,1985,44.24
5515,1986,42.25
5515,1987,46.15
5515,1988,49.0
5515,1989,56.73
5515,1990,46.33
5515,1991,33.91
5515,1992,46.5
5515,1993,51.67
5515,1994,51.0
5515,1995,56.0
5515,1996,53.0
5515,1997,53.0
5515,1998,54.0
5515,1999,56.0
5515,2000,54.0
5515,2001,58.0
5515,2002,58.0
5515,2004,58.0
5515,2005,68.0
5515,2006,58.0
5515,2007,59.01
5515,2008,62.0
5515,2009,65.0
5515,2011,97.5
5515,2012,90.0
5554,1979,43.2
5554,1980,45.53
5554,1981,46.1
5554,1982,48.11
5554,1983,41.11
5554,1984,46.44
5554,1985,44.34
5554,1986,46.5
5554,1987,47.53
5554,1988,47.89
5554,1989,52.01
5554,1990,48.17
5554,1991,47.21
5554,1992,46.19
5554,1993,52.15
5554,1994,47.2
5554,1995,49.08
5554,1996,51.57
5554,1997,51.37
5554,1998,43.94
5554,1999,53.68
5554,2000,52.29
5554,2001,50.44
5554,2002,54.31
5554,2003,48.89
5554,2004,53.24
5554,2005,57.04
5554,2006,50.36
5554,2007,55.61
5554,2008,60.04
5554,2009,61.19
5554,2010,54.81
5554,2011,69.88
5554,2012,68.38
5554,2013,63.83
5554,2014,66.54
5554,2015,63.82
5554,2016,51.83
5554,2017,86.0
5554,2018,48.1
5554,2019,47.62
5554,2020,76.94
5554,2021,87.92
5558,1979,48.45
5558,1980,41.79
5558,1981,49.49
5558,1982,47.21
5558,1983,44.07
5558,1984,50.54
5558,1985,46.41
5558,1986,51.68
5558,1987,46.51
5558,1988,53.03
5558,1989,48.33
5558,1990,45.19
5558,1991,45.55
5558,1992,48.95
5558,1993,57.97
5558,1994,49.53
5558,1995,52.2
5558,1996,49.28
5558,1997,51.63
5558,1998,47.32
5558,1999,50.85
5558,2000,54.34
5558,2001,56.0
5558,2002,54.31
5558,2003,55.72
5558,2004,52.94
5558,2005,60.0
5558,2006,50.0
5558,2007,54.28
5558,2009,55.0
5558,2012,93.0
5558,2013,85.0
5558,2014,106.0
5558,2015,103.0
5562,1979,43.81
5562,1980,41.88
5562,1981,49.25
5562,1982,52.0
5562,1983,40.13
5562,1984,53.47
5562,1985,49.19
5562,1986,49.87
5562,1987,45.34
5562,1988,57.15
5562,1989,53.21
5562,1990,39.57
5562,1991,43.15
5562,1992,51.96
5562,1993,59.49
5562,1994,44.75
5562,1995,50.62
5562,1996,54.42
5562,1997,55.04
5562,1998,49.8
5562,1999,53.0
5562,2000,56.0
5562,2001,50.59
5562,2002,52.41
5562,2003,61.93
5562,2004,55.07
5562,2005,62.0
5562,2006,57.0
5562,2007,28.0
5566,1979,38.54
5566,1980,42.5
5566,1981,37.97
5566,1982,40.13
5566,1983,41.93
5566,1984,48.14
5566,1985,46.5
5566,1986,44.5
5566,1987,48.48
5566,1988,56.57
5566,1989,46.75
5566,1990,59.14
5566,1991,49.19
5566,1992,55.23
5566,1993,55.58
5566,1994,51.9
5566,1995,50.9
5566,1996,54.8
5566,1997,48.91
5566,1998,49.28
5566,1999,55.65
5566,2000,58.2
5566,2001,54.06
5566,2002,54.57
5566,2003,42.08
5566,2004,48.6
5566,2005,53.23
5566,2006,45.31
5566,2007,59.99
5566,2008,50.05
5566,2009,53.11
5566,2010,50.9
5566,2011,51.9
5566,2012,51.6
5566,2013,50.2
5566,2014,49.9
5566,2015,50.0
5566,2016,52.47
5566,2017,52.6
5566,2019,49.93
5570,1979,43.24
5570,1980,43.86
5570,1981,48.19
5570,1982,52.29
5570,1983,43.04
5570,1984,46.12
5570,1985,46.18
5570,1986,56.42
5570,1987,44.32
5570,1988,47.36
5570,1989,51.99
5570,1990,52.15
5570,1991,54.4
5570,1992,53.93
5570,1993,58.13
5570,1994,47.13
5570,1995,50.52
5570,1996,55.97
5570,1997,58.09
5570,1998,55.26
5570,1999,59.89
5570,2000,65.88
5570,2001,55.21
5570,2002,58.93
5570,2003,75.5
5570,2004,67.33
5570,2005,65.5
5570,2006,57.0
5570,2007,60.39
5570,2008,70.96
5570,2009,71.67
5570,2010,62.73
5570,2011,73.18
5570,2012,75.75
5570,2013,69.0
5570,2014,69.0
5570,2015,63.0
5711,1979,41.99
5711,1980,47.33
5711,1981,45.75
5711,1982,57.0
5711,1983,40.22
5711,1984,41.33
5711,1985,43.51
5711,1986,50.0
5711,1987,47.31
5711,1988,49.9
5711,1989,57.87
5711,1990,59.5
5711,1991,53.9
5711,1992,55.5
5711,1993,58.75
5711,1994,54.25
5711,1995,54.75
5711,1996,58.75
5711,1997,63.33
5711,1998,48.5
5711,1999,67.67
5711,2000,66.67
5711,2001,58.0
5711,2002,57.33
5711,2003,72.33
5711,2004,62.33
5711,2005,65.67
5711,2006,61.0
5711,2007,67.68
5711,2008,71.0
5711,2009,76.0
5711,2010,71.0
5711,2011,80.0
5711,2012,78.0
5711,2013,63.0
5711,2014,86.5
5711,2015,81.2
5711,2016,75.02
5754,1979,42.3
5754,1980,42.27
5754,1981,45.99
5754,1982,58.3
5754,1983,41.39
5754,1984,41.1
5754,1985,48.26
5754,1986,50.88
5754,1987,43.31
5754,1988,52.16
5754,1989,51.74
5754,1990,51.49
5754,1991,47.05
5754,1992,53.48
5754,1993,53.58
5754,1994,51.42
5754,1995,54.49
5754,1996,57.21
5754,1997,55.59
5754,1998,51.37
5754,1999,64.16
5754,2000,67.47
5754,2001,55.49
5754,2002,59.62
5754,2003,65.62
5754,2004,58.24
5754,2005,74.08
5754,2006,67.08
5754,2007,56.92
5754,2008,49.55
5754,2009,63.17
5754,2010,58.59
5754,2011,74.61
5754,2012,82.94
5754,2013,76.43
5754,2014,82.13
5754,2015,85.03
5754,2018,66.47
5754,2020,63.58
5754,2021,64.53
5758,1979,44.36
5758,1980,49.0
5758,1981,48.99
5758,1982,55.51
5758,1983,41.53
5758,1984,46.23
5758,1985,51.27
5758,1986,51.25
5758,1987,48.19
5758,1988,53.18
5758,1989,46.04
5758,1990,58.98
5758,1991,57.04
5758,1992,52.37
5758,1993,59.31
5758,1994,59.17
5758,1995,58.05
5758,1996,58.05
5758,1997,57.78
5758,1998,57.88
5758,1999,66.94
5758,2000,66.5
5758,2001,55.09
5758,2002,55.25
5758,2003,65.01
5758,2004,63.5
5758,2005,67.03
5758,2006,64.01
5758,2007,66.89
5758,2008,71.0
5758,2009,76.9
5758,2010,75.16
5758,2011,86.14
5758,2012,88.92
5758,2013,76.74
5758,2014,97.96
5758,2015,102.02
5758,2017,84.45
5758,2018,78.53
5758,2019,74.18
5758,2020,94.39
5758,2021,85.55
5762,1979,41.77
5762,1980,42.43
5762,1981,46.62
5762,1982,49.0
5762,1983,39.78
5762,1984,42.19
5762,1985,50.16
5762,1986,47.27
5762,1987,43.14
5762,1988,44.42
5762,1989,49.07
5762,1990,50.84
5762,1991,49.16
5762,1992,53.78
5762,1993,57.64
5762,1994,51.37
5762,1995,54.47
5762,1996,50.26
5762,1997,53.88
5762,1998,53.21
5762,1999,61.7
5762,2000,62.21
5762,2001,54.08
5762,2002,53.15
5762,2003,57.74
5762,2004,60.85
5762,2005,55.92
5762,2006,56.52
5762,2007,60.31
5762,2008,64.79
5762,2009,66.51
5762,2010,70.7
5762,2011,78.88
5762,2012,77.41
5762,2013,75.5
5762,2014,90.06
5762,2015,76.62
5762,2016,84.54
5762,2017,98.24
5762,2018,63.75
5762,2019,81.5
5762,2020,85.14
5762,2021,81.94
5766,1979,43.01
5766,1980,43.1
5766,1981,47.67
5766,1982,50.96
5766,1983,38.79
5766,1984,44.76
5766,1985,48.56
5766,1986,49.63
5766,1987,44.76
5766,1988,51.88
5766,1989,57.26
5766,1990,56.68
5766,1991,54.2
5766,1992,57.75
5766,1993,60.7
5766,1994,56.43
5766,1995,54.99
5766,1996,57.61
5766,1997,57.64
5766,1998,53.53
5766,1999,65.06
5766,2000,65.37
5766,2001,54.83
5766,2002,55.48
5766,2003,66.18
5766,2004,62.24
5766,2005,67.76
5766,2006,62.51
5766,2007,66.33
5766,2008,68.85
5766,2009,68.13
5766,2010,72.33
5766,2011,80.95
5766,2012,78.98
5766,2013,76.89
5766,2014,92.83
5766,2015,85.95
5766,2016,78.76
5766,2017,76.29
5766,2018,69.29
5766,2019,78.07
5766,2020,86.25
5766,2021,84.65
5770,1979,43.17
5770,1980,41.85
5770,1981,47.58
5770,1982,45.37
5770,1983,38.9
5770,1984,45.35
5770,1985,51.22
5770,1986,49.41
5770,1987,47.56
5770,1988,48.45
5770,1989,58.0
5770,1990,54.81
5770,1991,52.37
5770,1992,54.93
5770,1993,55.89
5770,1994,49.2
5770,1995,47.08
5770,1996,51.05
5770,1997,54.8
5770,1998,54.01
5770,1999,57.03
5770,2000,56.43
5770,2001,54.68
5770,2002,53.52
5770,2003,57.8
5770,2004,57.91
5770,2005,57.7
5770,2006,61.2
5770,2007,58.51
5770,2008,61.08
5770,2009,67.47
5770,2010,64.46
5770,2011,73.07
5770,2012,74.82
5770,2013,70.36
5770,2014,68.99
5770,2015,77.0
5774,1979,39.97
5774,1980,39.82
5774,1981,42.33
5774,1982,42.96
5774,1983,32.54
5774,1984,46.33
5774,1985,48.09
5774,1986,43.64
5774,1987,41.14
5774,1988,48.53
5774,1989,43.0
5774,1990,47.79
5774,1991,42.0
5774,1992,49.17
5774,1993,48.0
5774,1994,47.5
5774,1995,45.0
5774,1996,49.5
5774,1997,48.0
5774,1998,44.5
5774,1999,45.0
5774,2000,50.0
5774,2001,48.0
5774,2002,46.0
5774,2003,43.0
5774,2004,44.5
5774,2005,45.0
5774,2006,37.0
5774,2007,41.0
5774,2008,39.5
5774,2009,40.0
5774,2010,47.0
5774,2012,69.38
5774,2013,44.19
5774,2014,67.91
5774,2015,55.7
5774,2016,67.53
5913,1979,38.0
5913,1980,40.4
5913,1981,44.6
5913,1982,41.25
5913,1983,37.72
5913,1984,41.13
5913,1985,44.19
5913,1986,47.91
5913,1987,45.7
5913,1988,49.07
5913,1989,49.04
5913,1990,51.27
5913,1991,51.0
5913,1992,59.0
5913,1993,59.0
5913,1994,57.0
5913,1995,59.0
5913,1996,57.0
5913,1997,57.0
5913,1998,52.0
5913,1999,55.2
5913,2000,55.75
5913,2001,52.8
5913,2002,45.75
5913,2003,69.33
5913,2004,62.33
5913,2005,64.5
5913,2006,64.0
5913,2007,57.5
5913,2008,61.5
5913,2009,64.6
5913,2010,62.0
5913,2011,79.0
5913,2012,78.5
5913,2013,75.75
5913,2014,81.0
5913,2015,79.0
5914,1979,32.0
5914,1980,38.0
5914,1983,35.94
5914,1987,37.6
5915,1979,34.95
5915,1980,41.55
5915,1981,50.63
5915,1982,50.5
5915,1983,51.05
5915,1984,47.0
5915,1985,49.5
5915,1986,50.81
5915,1987,46.65
5915,1988,53.91
5915,1989,56.16
5915,1990,55.53
5915,1991,55.4
5915,1992,57.61
5915,1993,52.5
5915,1994,55.1
5915,1995,58.8
5915,1996,57.9
5915,1997,56.3
5915,1998,56.2
5915,1999,61.8
5915,2000,59.17
5915,2001,57.4
5915,2002,56.2
5915,2003,67.17
5915,2004,63.5
5915,2005,63.67
5915,2006,62.54
5915,2007,66.09
5915,2008,68.6
5915,2009,71.33
5915,2010,70.0
5915,2011,72.5
5915,2012,74.9
5915,2013,74.5
5915,2014,77.0
5915,2015,62.1
5954,1979,45.0
5954,1980,44.5
5954,1987,30.67
5954,1990,92.0
5958,1979,40.0
5958,1983,34.94
5958,1985,44.5
5958,1986,50.0
5958,1987,31.1
5958,1989,51.0
5958,1990,12.0
5958,1991,51.0
5958,2007,65.16
5958,2014,82.0
5962,1979,41.0
5962,1980,38.0
5962,1981,50.0
5962,1982,50.0
5962,1983,39.93
5962,1984,35.0
5962,1985,46.5
5962,1986,30.0
5962,1987,45.15
5962,1988,51.5
5962,1989,33.0
5962,1990,51.15
5962,1992,25.0
5962,1993,52.0
5962,1997,55.0
5962,1998,50.0
5962,1999,52.0
5962,2004,55.0
5962,2005,66.5
5962,2006,69.0
5962,2007,68.01
5962,2008,70.0
5962,2009,72.0
5966,1979,41.95
5966,1983,32.03
5966,1987,32.1
5970,1979,44.0
5970,1981,45.5
5970,1983,33.0
5970,1987,35.1
5974,1979,42.55
5974,1980,43.15
5974,1981,48.66
5974,1982,51.99
5974,1983,45.34
5974,1984,48.18
5974,1985,49.05
5974,1986,51.53
5974,1987,47.2
5974,1988,52.06
5974,1989,53.83
5974,1990,54.5
5974,1991,50.8
5974,1992,55.4
5974,1993,59.17
5974,1994,53.31
5974,1995,55.91
5974,1996,58.45
5974,1997,56.71
5974,1998,54.86
5974,1999,63.03
5974,2000,65.07
5974,2001,56.44
5974,2002,57.04
5974,2003,68.67
5974,2004,63.0
5974,2005,65.02
5974,2006,62.91
5974,2007,65.34
5974,2008,69.78
5974,2009,72.73
5974,2010,71.98
5974,2011,79.84
5974,2012,79.14
5974,2013,76.62
5974,2014,81.24
5974,2015,81.33
5974,2016,80.55
5974,2017,91.31
5974,2018,76.73
5974,2019,82.92
5974,2020,86.72
5974,2021,86.45
5978,1979,42.9
5978,1980,39.55
5978,1981,50.15
5978,1982,54.23
5978,1983,48.54
5978,1984,45.76
5978,1985,43.63
5978,1986,46.86
5978,1987,46.93
5978,1988,51.96
5978,1989,54.31
5978,1990,53.72
5978,1991,55.69
5978,1992,56.72
5978,1993,60.03
5978,1994,54.61
5978,1995,55.93
5978,1996,57.74
5978,1997,57.31
5978,1998,56.07
5978,1999,62.58
5978,2000,65.56
5978,2001,58.12
5978,2002,58.39
5978,2003,66.02
5978,2004,64.91
5978,2005,64.55
5978,2006,62.22
5978,2007,64.4
5978,2008,72.69
5978,2009,71.88
5978,2010,82.32
5978,2011,86.14
5978,2012,86.2
5978,2013,78.5
5978,2014,86.5
5978,2015,79.91
5978,2016,75.0
5978,2020,76.5
6411,1979,48.76
6411,1980,49.06
6411,1981,43.69
6411,1982,42.64
6411,1983,34.75
6411,1984,47.92
6411,1985,52.53
6411,1986,47.16
6411,1987,48.9
6411,1988,48.72
6411,1989,55.05
6411,1990,45.87
6411,1991,35.75
6411,1992,41.37
6411,1993,52.05
6411,1994,47.77
6411,1995,48.07
6411,1996,40.03
6411,1997,43.82
6411,1998,54.82
6411,1999,59.97
6411,2000,63.66
6411,2001,54.1
6411,2002,57.51
6411,2003,53.97
6411,2004,62.63
6411,2005,58.71
6411,2006,60.02
6411,2007,60.15
6411,2008,65.53
6411,2009,66.59
6411,2010,67.06
6411,2011,69.76
6411,2012,71.6
6411,2013,67.56
6411,2014,84.18
6411,2015,68.79
6412,1979,50.03
6412,1980,49.51
6412,1981,54.42
6412,1982,51.2
6412,1983,37.87
6412,1984,47.28
6412,1985,51.87
6412,1986,48.33
6412,1987,54.38
6412,1988,50.97
6412,1989,48.51
6412,1990,50.15
6412,1991,45.05
6412,1992,55.21
6412,1993,57.66
6412,1994,54.16
6412,1995,53.76
6412,1996,55.71
6412,1997,52.6
6412,1998,59.12
6412,1999,60.5
6412,2000,69.08
6412,2001,55.72
6412,2002,67.08
6412,2003,54.48
6412,2004,61.14
6412,2005,62.06
6412,2006,69.4
6412,2007,62.5
6412,2008,61.77
6412,2009,67.71
6412,2010,69.93
6412,2011,78.51
6412,2012,76.76
6412,2013,73.78
6412,2014,86.2
6412,2015,69.41
6414,1979,50.97
6414,1980,43.16
6414,1981,60.7
6414,1982,49.06
6414,1983,40.7
6414,1984,46.54
6414,1985,44.35
6414,1986,44.29
6414,1987,49.47
6414,1988,52.54
6414,1989,53.43
6414,1990,54.79
6414,1991,37.15
6414,1992,56.02
6414,1993,58.25
6414,1994,45.68
6414,1995,50.03
6414,1996,57.19
6414,1997,48.21
6414,1998,59.02
6414,1999,60.5
6414,2000,69.08
6414,2001,57.7
6414,2002,57.51
6414,2003,53.97
6414,2004,62.63
6414,2005,59.77
6414,2006,60.02
6414,2007,60.74
6414,2008,63.48
6414,2009,67.66
6414,2010,69.93
6414,2011,78.51
6414,2012,76.76
6414,2013,73.78
6414,2014,86.2
6414,2015,69.41
6414,2021,90.33
6431,1979,54.04
6431,1980,52.68
6431,1981,54.74
6431,1982,54.34
6431,1983,43.66
6431,1984,48.49
6431,1985,55.97
6431,1986,50.09
6431,1987,55.92
6431,1988,57.66
6431,1989,52.46
6431,1990,55.42
6431,1991,55.44
6431,1992,54.26
6431,1993,60.75
6431,1994,55.86
6431,1995,56.12
6431,1996,56.69
6431,1997,49.38
6431,1998,51.21
6431,1999,61.56
6431,2000,68.12
6431,2001,55.0
6431,2002,58.1
6431,2003,48.41
6431,2004,55.87
6431,2005,53.41
6431,2006,57.55
6431,2007,54.77
6431,2008,69.76
6431,2009,69.61
6431,2010,65.54
6431,2011,76.08
6431,2012,70.79
6431,2013,67.93
6431,2014,86.65
6431,2015,72.14
6431,2019,84.83
6432,1979,44.47
6432,1980,45.3
6432,1981,50.3
6432,1982,42.64
6432,1983,42.37
6432,1984,52.69
6432,1985,50.15
6432,1986,51.55
6432,1987,54.79
6432,1988,55.55
6432,1989,55.15
6432,1990,54.79
6432,1991,46.39
6432,1992,52.59
6432,1993,55.78
6432,1994,53.86
6432,1995,55.23
6432,1996,57.58
6432,1997,50.45
6432,1998,59.42
6432,1999,61.14
6432,2000,66.53
6432,2001,55.9
6432,2002,61.71
6432,2003,50.23
6432,2004,66.31
6432,2005,59.04
6432,2006,61.01
6432,2007,63.97
6432,2008,66.12
6432,2009,69.98
6432,2010,65.62
6432,2011,77.0
6432,2012,71.28
6432,2013,67.94
6432,2014,86.65
6432,2015,71.99
6432,2016,81.48
6432,2017,88.3
6432,2018,57.0
6432,2019,81.78
6432,2020,71.79
6432,2021,80.09
6433,1979,49.61
6433,1980,46.07
6433,1981,45.72
6433,1982,46.87
6433,1983,39.14
6433,1984,45.55
6433,1985,50.84
6433,1986,46.74
6433,1987,50.88
6433,1988,48.28
6433,1989,50.32
6433,1990,54.42
6433,1991,44.16
6433,1992,51.14
6433,1993,59.03
6433,1994,50.91
6433,1995,49.35
6433,1996,55.81
6433,1997,45.97
6433,1998,53.21
6433,1999,57.0
6433,2000,66.53
6433,2001,47.34
6433,2002,52.73
6433,2003,49.73
6433,2004,63.73
6433,2005,58.39
6433,2006,56.96
6433,2007,60.05
6433,2008,57.84
6433,2009,70.49
6433,2010,65.52
6433,2011,76.74
6433,2012,71.09
6433,2013,67.91
6433,2014,86.58
6433,2015,72.16
6433,2016,70.21
6433,2017,88.72
6433,2018,70.7
6433,2019,80.37
6433,2020,71.53
6433,2021,83.38
6434,1979,52.01
6434,1980,53.28
6434,1981,57.51
6434,1982,55.38
6434,1983,35.35
6434,1984,47.25
6434,1985,49.39
6434,1986,47.1
6434,1987,50.02
6434,1988,47.59
6434,1989,55.9
6434,1990,50.92
6434,1991,45.72
6434,1992,52.89
6434,1993,60.93
6434,1994,53.38
6434,1995,53.96
6434,1996,55.12
6434,1997,54.16
6434,1998,53.62
6434,1999,63.68
6434,2000,67.91
6434,2001,60.05
6434,2002,66.69
6434,2003,61.96
6434,2004,73.67
6434,2005,63.77
6434,2006,69.1
6434,2007,69.44
6434,2008,68.87
6434,2009,67.09
6434,2010,69.33
6434,2011,74.35
6434,2012,75.41
6434,2013,72.35
6434,2014,87.18
6434,2015,69.06
6434,2017,92.11
6434,2018,61.64
6434,2019,82.43
6434,2020,74.93
6434,2021,92.38
6435,1979,48.17
6435,1980,43.96
6435,1981,48.05
6435,1982,45.98
6435,1983,43.9
6435,1984,48.55
6435,1985,50.21
6435,1986,50.15
6435,1987,51.3
6435,1988,47.84
6435,1989,49.15
6435,1990,49.42
6435,1991,44.38
6435,1992,53.29
6435,1993,60.55
6435,1994,52.54
6435,1995,55.33
6435,1996,48.81
6435,1997,49.97
6435,1998,58.12
6435,1999,61.14
6435,2000,69.08
6435,2001,55.45
6435,2002,66.4
6435,2003,54.58
6435,2004,75.95
6435,2005,65.57
6435,2006,69.2
6435,2007,66.22
6435,2008,65.36
6435,2009,67.73
6435,2010,69.69
6435,2011,77.41
6435,2012,76.05
6435,2013,72.81
6435,2014,85.88
6435,2015,69.34
6435,2016,75.95
6435,2017,86.27
6435,2018,65.02
6435,2019,81.35
6436,1979,57.08
6436,1980,53.15
6436,1981,58.88
6436,1982,61.27
6436,1983,44.85
6436,1984,47.28
6436,1985,55.83
6436,1986,50.1
6436,1987,50.88
6436,1988,53.71
6436,1989,52.04
6436,1990,53.15
6436,1991,46.95
6436,1992,51.7
6436,1993,57.21
6436,1994,54.97
6436,1995,59.84
6436,1996,58.37
6436,1997,51.33
6436,1998,54.52
6436,1999,63.68
6436,2000,69.08
6436,2001,56.35
6436,2002,72.16
6436,2003,50.94
6436,2004,62.63
6436,2005,59.12
6436,2006,60.02
6436,2007,61.42
6436,2008,57.85
6436,2009,67.54
6436,2010,69.87
6436,2011,76.99
6436,2012,76.62
6436,2013,73.62
6436,2014,86.33
6436,2015,69.37
6437,1979,53.51
6437,1980,48.64
6437,1981,58.24
6437,1982,51.89
6437,1983,43.07
6437,1984,49.31
6437,1985,49.86
6437,1986,51.61
6437,1987,50.65
6437,1988,57.01
6437,1989,53.02
6437,1990,48.15
6437,1991,46.4
6437,1992,56.23
6437,1993,53.08
6437,1994,53.72
6437,1995,57.88
6437,1996,59.06
6437,1997,53.58
6437,1998,54.52
6437,1999,63.68
6437,2000,65.89
6437,2001,52.29
6437,2002,56.63
6437,2003,59.53
6437,2004,68.6
6437,2005,64.26
6437,2006,69.1
6437,2007,58.68
6437,2008,65.53
6437,2009,67.13
6437,2010,67.1
6437,2011,69.96
6437,2012,70.63
6437,2013,68.69
6437,2014,88.78
6437,2015,69.63
6438,1979,49.87
6438,1980,45.3
6438,1981,48.05
6438,1982,45.46
6438,1983,45.33
6438,1984,48.28
6438,1985,47.76
6438,1986,48.73
6438,1987,48.88
6438,1988,54.73
6438,1989,51.96
6438,1990,51.12
6438,1991,45.53
6438,1992,53.09
6438,1993,58.25
6438,1994,46.68
6438,1995,50.23
6438,1996,50.38
6438,1997,45.48
6438,1998,53.62
6438,1999,62.62
6438,2000,65.57
6438,2001,56.8
6438,2002,57.51
6438,2003,53.97
6438,2004,62.63
6438,2006,60.02
6438,2007,60.45
6438,2008,66.55
6438,2009,66.59
6438,2010,67.06
6438,2011,73.64
6438,2012,71.6
6438,2013,67.56
6438,2014,84.18
6438,2015,68.79
6439,1979,50.97
6439,1980,43.16
6439,1981,50.74
6439,1982,49.57
6439,1983,45.52
6439,1984,48.48
6439,1985,47.74
6439,1986,48.71
6439,1987,48.91
6439,1988,49.93
6439,1989,48.82
6439,1990,50.62
6439,1991,44.77
6439,1992,51.63
6439,1993,56.55
6439,1994,49.16
6439,1995,49.45
6439,1996,49.6
6439,1997,43.92
6439,1998,53.21
6439,1999,59.44
6439,2000,69.08
6439,2001,59.51
6439,2002,58.59
6439,2003,71.76
6439,2004,69.09
6439,2005,59.77
6439,2006,69.1
6439,2007,58.68
6439,2008,69.62
6439,2009,67.37
6439,2010,66.68
6439,2011,72.73
6439,2012,69.78
6439,2013,68.48
6439,2014,86.06
6439,2015,69.14
6440,1979,52.81
6440,1980,47.91
6440,1981,54.82
6440,1982,53.58
6440,1983,43.64
6440,1984,51.34
6440,1985,50.85
6440,1986,51.6
6440,1987,54.43
6440,1988,50.96
6440,1989,54.84
6440,1990,55.06
6440,1991,50.27
6440,1992,57.32
6440,1993,60.6
6440,1994,54.13
6440,1995,55.63
6440,1996,56.69
6440,1997,51.04
6440,1998,57.12
6440,1999,58.38
6440,2000,62.07
6440,2001,57.07
6440,2002,64.15
6440,2003,47.61
6440,2004,61.34
6440,2005,62.79
6440,2006,61.4
6440,2007,64.26
6440,2008,66.22
6440,2009,67.64
6440,2010,69.92
6440,2011,79.1
6440,2012,76.74
6440,2013,73.76
6440,2014,89.05
6440,2015,71.18
6440,2016,72.12
6440,2017,89.9
6440,2018,65.62
6440,2019,83.38
6440,2020,72.83
6440,2021,93.0
6531,1979,51.8
6531,1980,47.93
6531,1981,54.24
6531,1982,51.27
6531,1983,39.91
6531,1984,50.43
6531,1985,56.33
6531,1986,50.23
6531,1987,53.32
6531,1988,52.33
6531,1989,52.68
6531,1990,53.67
6531,1991,47.74
6531,1992,58.37
6531,1993,58.36
6531,1994,53.25
6531,1995,56.9
6531,1996,57.48
6531,1997,51.53
6531,1998,58.12
6531,1999,60.5
6531,2000,68.66
6531,2001,55.09
6531,2002,64.15
6531,2003,52.96
6531,2004,67.9
6531,2005,61.4
6531,2006,61.01
6531,2007,66.51
6531,2008,67.23
6531,2009,67.01
6531,2010,68.62
6531,2011,74.9
6531,2012,73.5
6531,2013,70.59
6531,2014,85.1
6531,2015,68.75
6531,2017,91.06
6531,2018,64.29
6531,2019,81.57
6531,2020,75.22
6531,2021,86.67
6532,1979,53.3
6532,1980,42.87
6532,1981,50.95
6532,1982,50.09
6532,1983,34.75
6532,1984,40.38
6532,1985,39.91
6532,1986,43.28
6532,1987,43.94
6532,1988,42.54
6532,1989,45.59
6532,1990,46.01
6532,1991,40.67
6532,1992,51.44
6532,1993,53.75
6532,1994,43.7
6532,1995,45.82
6532,1996,45.95
6532,1997,44.99
6532,1998,51.81
6532,1999,62.94
6532,2000,65.79
6532,2001,53.65
6532,2002,57.51
6532,2003,53.97
6532,2004,62.63
6532,2005,59.12
6532,2006,60.02
6532,2007,60.35
6532,2008,57.34
6532,2009,66.89
6532,2010,67.58
6532,2011,71.45
6532,2012,72.01
6532,2013,68.4
6532,2014,87.33
6532,2015,68.49
6533,1979,57.12
6533,1980,53.95
6533,1981,50.74
6533,1982,60.49
6533,1983,43.44
6533,1984,49.25
6533,1985,56.45
6533,1986,49.69
6533,1987,50.38
6533,1988,42.65
6533,1989,49.02
6533,1990,49.68
6533,1991,50.96
6533,1992,57.55
6533,1993,58.27
6533,1994,58.36
6533,1995,53.17
6533,1996,58.47
6533,1997,58.55
6533,1998,55.72
6533,1999,50.95
6533,2000,63.77
6533,2001,47.16
6533,2002,50.77
6533,2003,70.75
6533,2004,62.63
6533,2005,57.0
6533,2006,69.1
6533,2007,58.68
6533,2008,65.32
6533,2009,66.76
6533,2010,67.19
6533,2011,74.71
6533,2012,71.72
6533,2013,67.79
6533,2014,85.05
6533,2015,68.71
6534,1979,48.8
6534,1980,42.87
6534,1981,47.91
6534,1982,56.77
6534,1983,43.81
6534,1984,41.37
6534,1985,51.99
6534,1986,47.04
6534,1987,47.08
6534,1988,55.02
6534,1989,46.89
6534,1990,50.12
6534,1991,46.12
6534,1992,60.04
6534,1993,57.58
6534,1994,52.07
6534,1995,57.78
6534,1996,54.13
6534,1997,52.7
6534,1998,53.52
6534,1999,58.69
6534,2000,69.08
6534,2001,52.29
6534,2002,50.77
6534,2003,63.68
6534,2004,72.08
6534,2005,60.59
6534,2006,65.15
6534,2007,58.68
6534,2008,63.48
6534,2009,66.7
6534,2010,67.55
6534,2011,78.5
6534,2012,71.7
6534,2013,68.73
6534,2014,83.32
6534,2015,70.77
6535,1979,48.89
6535,1980,39.87
6535,1981,46.31
6535,1982,44.87
6535,1983,39.59
6535,1984,38.02
6535,1985,40.88
6535,1986,43.8
6535,1987,43.23
6535,1988,43.54
6535,1989,51.19
6535,1990,44.9
6535,1991,39.64
6535,1992,45.3
6535,1993,57.66
6535,1994,48.6
6535,1995,43.26
6535,1996,47.52
6535,1997,51.04
6535,1998,51.11
6535,1999,53.28
6535,2000,61.96
6535,2001,53.2
6535,2002,54.09
6535,2003,52.56
6535,2004,46.82
6535,2005,56.84
6535,2006,49.65
6535,2007,51.45
6535,2008,60.76
6535,2009,67.4
6535,2010,67.84
6535,2011,75.36
6535,2012,71.45
6535,2013,68.7
6535,2014,83.31
6535,2015,70.52
6535,2017,82.48
6535,2018,63.28
6535,2019,75.02
6535,2021,82.1
6611,1979,44.13
6611,1980,40.14
6611,1981,44.94
6611,1982,50.55
6611,1983,39.27
6611,1984,41.62
6611,1985,40.95
6611,1986,49.14
6611,1987,42.43
6611,1988,43.69
6611,1989,42.94
6611,1990,46.61
6611,1991,42.67
6611,1992,51.73
6611,1993,55.95
6611,1994,49.66
6611,1995,46.5
6611,1996,46.64
6611,1997,45.87
6611,1998,52.31
6611,1999,59.65
6611,2000,63.34
6611,2001,55.0
6611,2002,57.51
6611,2003,53.97
6611,2004,62.63
6611,2005,59.12
6611,2006,60.02
6611,2007,57.71
6611,2008,64.5
6611,2009,66.29
6611,2010,67.92
6611,2011,79.06
6611,2012,71.79
6611,2013,69.75
6611,2014,82.58
6611,2015,72.51
6631,1979,48.86
6631,1980,41.53
6631,1981,44.62
6631,1982,46.84
6631,1983,44.93
6631,1984,39.73
6631,1985,42.37
6631,1986,43.48
6631,1987,41.11
6631,1988,43.18
6631,1989,41.67
6631,1990,40.96
6631,1991,43.46
6631,1992,49.0
6631,1993,57.02
6631,1994,43.27
6631,1995,44.15
6631,1996,41.41
6631,1997,43.33
6631,1998,52.11
6631,1999,50.95
6631,2000,60.58
6631,2001,54.55
6631,2002,57.32
6631,2003,36.39
6631,2004,59.65
6631,2005,50.8
6631,2006,44.42
6631,2007,41.08
6631,2008,63.99
6631,2009,67.52
6631,2010,67.52
6632,1979,41.08
6632,1980,39.36
6632,1981,42.35
6632,1982,43.22
6632,1983,39.09
6632,1984,41.41
6632,1985,41.26
6632,1986,41.78
6632,1987,44.7
6632,1988,39.39
6632,1989,47.37
6632,1990,43.67
6632,1991,38.3
6632,1992,54.61
6632,1993,57.67
6632,1994,46.47
6632,1995,47.09
6632,1996,51.07
6632,1997,47.04
6632,1998,52.21
6632,1999,61.88
6632,2000,63.98
6632,2001,53.92
6632,2002,54.29
6632,2003,49.02
6632,2004,61.04
6632,2005,54.47
6632,2006,53.8
6632,2007,49.88
6632,2008,69.62
6632,2009,67.74
6632,2010,68.41
6632,2011,71.64
6632,2012,72.28
6632,2013,67.71
6632,2014,84.17
6632,2015,68.98
6633,1979,44.13
6633,1980,40.14
6633,1981,44.94
6633,1982,50.55
6633,1983,39.27
6633,1984,41.62
6633,1985,40.95
6633,1986,49.14
6633,1987,42.43
6633,1988,43.36
6633,1989,43.74
6633,1990,47.51
6633,1991,43.55
6633,1992,49.89
6633,1993,53.24
6633,1994,46.09
6633,1995,47.39
6633,1996,46.54
6633,1997,47.72
6633,1998,49.61
6633,1999,59.65
6633,2000,63.55
6633,2001,52.29
6633,2002,50.48
6633,2003,57.51
6633,2004,54.18
6633,2005,59.12
6633,2006,59.13
6633,2007,56.63
6633,2008,66.05
6633,2009,66.18
6633,2010,67.69
6633,2011,77.74
6633,2012,71.56
6633,2013,69.1
6633,2014,85.22
6633,2015,72.55
6633,2016,75.44
6633,2017,86.51
6633,2018,69.18
6633,2019,81.45
6633,2020,81.2
6633,2021,82.29
6634,1979,42.61
6634,1980,41.71
6634,1981,45.43
6634,1982,47.47
6634,1983,39.77
6634,1984,40.74
6634,1985,44.83
6634,1986,44.63
6634,1987,43.24
6634,1988,46.28
6634,1989,47.45
6634,1990,50.4
6634,1991,45.41
6634,1992,51.3
6634,1993,56.68
6634,1994,52.87
6634,1995,54.06
6634,1996,50.68
6634,1997,49.97
6634,1998,53.01
6634,1999,61.77
6634,2000,64.72
6634,2001,53.47
6634,2002,57.22
6634,2003,59.63
6634,2004,67.4
6634,2005,62.06
6634,2006,61.2
6634,2007,62.01
6634,2008,60.38
6634,2009,66.6
6634,2010,67.93
6634,2011,80.58
6634,2012,71.81
6634,2013,69.64
6634,2014,82.67
6634,2015,72.32
6634,2016,75.06
6634,2017,89.15
6634,2018,66.84
6634,2019,78.98
6634,2020,79.7
6634,2021,81.63
6635,1979,44.77
6635,1980,40.92
6635,1981,57.19
6635,1982,48.85
6635,1983,41.3
6635,1984,47.17
6635,1985,45.43
6635,1986,43.72
6635,1987,42.68
6635,1988,43.94
6635,1989,44.83
6635,1990,48.05
6635,1991,47.49
6635,1992,58.24
6635,1993,60.86
6635,1994,46.74
6635,1995,47.09
6635,1996,58.67
6635,1997,53.67
6635,1998,49.91
6635,1999,59.65
6635,2000,62.39
6635,2001,52.84
6635,2002,49.99
6635,2003,52.15
6635,2004,57.66
6635,2005,59.12
6635,2006,60.02
6635,2007,56.73
6635,2008,63.89
6635,2009,66.77
6635,2010,67.16
6635,2011,76.22
6635,2012,71.52
6635,2013,67.65
6635,2014,84.69
6635,2015,69.54
6636,1979,41.54
6636,1980,42.01
6636,1981,49.56
6636,1982,48.01
6636,1983,37.82
6636,1984,39.22
6636,1985,47.9
6636,1986,48.28
6636,1987,44.77
6636,1988,39.53
6636,1989,45.98
6636,1990,47.23
6636,1991,47.27
6636,1992,53.88
6636,1993,57.36
6636,1994,53.09
6636,1995,44.15
6636,1996,50.98
6636,1997,49.28
6636,1998,52.21
6636,1999,54.24
6636,2000,63.34
6636,2001,54.55
6636,2002,49.41
6636,2003,56.2
6636,2004,55.77
6636,2005,57.9
6636,2006,54.0
6636,2007,59.47
6636,2008,57.79
6636,2009,66.75
6636,2010,66.28
6636,2011,70.63
6636,2012,70.87
6636,2013,66.27
6636,2014,84.4
6636,2015,68.15
6636,2016,64.87
6636,2017,77.01
6636,2018,45.56
6636,2019,74.28
6636,2020,68.96
6636,2021,77.11
7111,1979,47.7
7111,1980,47.05
7111,1981,55.5
7111,1982,52.7
7111,1983,42.5
7111,1984,49.8
7111,1985,50.16
7111,1986,49.5
7111,1987,51.0
7111,1988,50.5
7111,1989,54.0
7111,1990,50.1
7111,1992,52.0
7111,2018,63.5
7131,1979,45.68
7131,1980,44.87
7131,1981,59.74
7131,1982,50.86
7131,1983,34.8
7131,1984,47.45
7131,1985,50.85
7131,1986,51.5
7131,1987,50.0
7131,1988,50.0
7131,1989,54.67
7131,1990,51.33
7131,1991,48.5
7131,1992,53.6
7131,1993,55.2
7131,1994,50.26
7131,1995,53.17
7131,1996,51.33
7131,1997,52.5
7131,1998,53.63
7131,1999,52.83
7131,2000,65.5
7131,2003,46.0
7131,2005,53.55
7131,2017,87.47
7132,1981,53.06
7132,1982,50.59
7133,1979,48.07
7133,1980,48.47
7133,1981,56.47
7133,1982,51.52
7133,1983,40.3
7133,1984,47.53
7133,1985,47.44
7133,1986,49.09
7133,1987,50.69
7133,1988,51.3
7133,1989,56.86
7133,1990,51.79
7133,1991,42.51
7133,1992,54.91
7133,1993,52.17
7133,1994,48.86
7133,1995,51.63
7133,1996,51.45
7133,1997,51.3
7133,1998,52.98
7133,1999,56.64
7133,2000,69.61
7133,2001,55.5
7133,2002,61.67
7133,2003,40.61
7133,2004,59.2
7133,2005,57.32
7133,2006,56.43
7133,2007,61.55
7133,2008,61.25
7133,2009,69.6
7133,2016,85.79
7133,2018,69.58
7133,2019,84.04
7134,1981,54.07
7134,1982,49.1
7135,1981,55.19
7135,1982,51.37
7135,1999,57.0
7135,2005,55.0
7137,1979,49.31
7137,1980,46.69
7137,1981,55.47
7137,1982,53.46
7137,1983,40.0
7137,1984,48.53
7137,1985,49.91
7137,1986,48.58
7137,1987,51.27
7137,1988,48.57
7137,1989,53.89
7137,1990,48.66
7137,1991,43.91
7137,1992,57.49
7137,1993,58.38
7137,1994,52.91
7137,1995,54.61
7137,1996,52.3
7137,1997,53.9
7137,1998,54.72
7137,1999,54.47
7137,2000,72.67
7137,2001,52.56
7137,2002,59.95
7137,2003,49.12
7137,2004,62.12
7137,2005,57.55
7137,2006,53.99
7137,2007,54.58
7137,2008,60.4
7137,2009,67.3
7137,2010,62.38
7137,2011,61.73
7137,2012,69.54
7137,2014,78.07
7137,2015,65.89
7137,2016,73.82
7137,2017,86.51
7137,2018,59.55
7137,2019,76.15
7137,2020,59.96
7137,2021,82.65
7138,1979,49.83
7138,1980,47.0
7138,1981,53.9
7138,1982,51.5
7138,1983,39.85
7138,1984,47.8
7138,1985,51.6
7138,1986,50.0
7138,1987,53.1
7138,1988,52.22
7138,1989,53.0
7138,1990,51.73
7138,1991,39.58
7138,1992,56.05
7138,1993,56.3
7138,1994,51.0
7138,1995,52.4
7138,1996,51.2
7138,1997,50.66
7138,1998,53.07
7138,1999,52.5
7138,2000,59.2
7138,2003,51.75
7138,2005,53.17
7140,1981,54.52
7140,1982,50.9
7141,1979,49.46
7141,1980,47.22
7141,1981,53.85
7141,1982,49.56
7141,1983,40.56
7141,1984,49.83
7141,1985,52.74
7141,1986,48.0
7141,1987,51.28
7141,1988,51.95
7141,1989,51.43
7141,1990,48.0
7141,1991,46.08
7141,1992,55.67
7141,1993,55.1
7141,1994,49.49
7141,1995,53.41
7141,1996,53.43
7141,1997,56.0
7141,1998,53.97
7141,1999,53.33
7141,2000,65.33
7141,2003,66.0
7141,2005,64.5
7143,1981,52.56
7143,1982,49.45
7231,1979,49.52
7231,1980,43.2
7231,1981,53.53
7231,1982,50.25
7231,1983,35.5
7231,1984,44.0
7231,1985,48.1
7231,1986,44.0
7231,1987,47.5
7231,1988,55.0
7231,1989,54.4
7231,1990,44.55
7231,1991,39.1
7231,1992,50.4
7231,1993,51.35
7231,1994,49.0
7231,1995,50.28
7231,1996,51.5
7231,1997,48.0
7231,1998,49.75
7231,1999,51.5
7231,2000,62.17
7231,2003,63.0
7231,2005,59.0
7232,1979,47.67
7232,1980,48.2
7232,1981,53.7
7232,1982,49.5
7232,2005,59.0
7233,1981,52.58
7233,1982,45.0
7235,1979,49.81
7235,1980,47.52
7235,1981,55.53
7235,1982,49.0
7235,1994,51.0
7311,1979,52.56
7311,1980,49.52
7311,1981,57.09
7311,1982,55.0
7311,1983,46.79
7311,1984,55.1
7311,1985,53.02
7311,1986,57.0
7311,1987,56.0
7311,1988,54.5
7311,1989,56.14
7311,1990,44.5
7311,1991,45.03
7311,1992,53.2
7311,1993,53.8
7311,1994,50.5
7311,1995,55.8
7312,1979,51.62
7312,1980,51.53
7312,1981,55.53
7312,1982,54.75
7312,1983,39.7
7312,1984,49.01
7312,1985,50.94
7312,1986,55.0
7312,1987,55.0
7312,1988,53.0
7312,1989,50.0
7312,1990,45.0
7312,1991,40.0
7312,1992,54.0
7312,1993,53.36
7313,1979,52.63
7313,1980,51.56
7313,1981,56.05
7313,1982,55.34
7313,1983,42.4
7313,1984,53.0
7313,1985,50.6
7313,1986,58.0
7313,1987,56.1
7313,1988,53.0
7313,1989,52.53
7313,1990,53.0
7313,1991,48.0
7313,1992,55.2
7313,1993,54.18
7314,1979,51.45
7314,1980,52.03
7314,1981,58.0
7314,1982,56.1
7314,1983,48.25
7314,1984,55.94
7314,1985,56.13
7314,1986,57.5
7314,1987,57.0
7314,1988,55.05
7314,1989,56.34
7314,1990,57.0
7314,1991,52.05
7314,1992,56.0
7314,1993,54.93
7315,1979,53.53
7315,1980,47.63
7315,1981,54.13
7315,1982,53.17
7315,1983,46.33
7315,1984,54.25
7315,1985,51.73
7315,1986,52.5
7315,1987,54.25
7315,1988,50.0
7315,1989,52.33
7315,1990,50.55
7315,1991,42.0
7315,1992,52.85
7315,1993,52.08
7315,1994,52.25
7315,1995,56.08
7316,1979,51.44
7316,1980,52.2
7316,1981,59.5
7316,1982,58.0
7316,1983,45.0
7316,1984,53.19
7316,1985,48.6
7316,1986,55.0
7316,1987,52.0
7316,1988,55.0
7316,1989,58.0
7316,1990,56.5
7316,1991,51.0
7316,1992,57.5
7316,1993,55.5
7316,1994,53.5
7316,1995,55.4
7318,1979,51.64
7318,1980,50.0
7318,1981,59.7
7318,1982,56.0
7318,1983,42.5
7318,1984,54.1
7318,1985,50.6
7318,1986,47.5
7318,1987,54.0
7318,1988,56.5
7318,1989,53.5
7318,1990,42.0
7318,1991,52.13
7318,1992,55.0
7318,1993,55.16
7318,1994,52.5
7319,1979,52.07
7319,1980,51.01
7319,1981,57.01
7319,1982,54.0
7319,1983,46.4
7319,1984,54.93
7319,1985,49.1
7319,1986,51.0
7319,1987,56.5
7319,1988,53.0
7319,1989,51.5
7319,1990,49.5
7319,1991,45.0
7319,1992,53.6
7319,1993,52.5
7319,1994,53.0
7319,1995,52.6
7320,1981,51.02
7320,1982,52.97
7331,1979,52.63
7331,1980,52.31
7331,1981,56.65
7331,1982,54.6
7331,1983,47.08
7331,1984,54.34
7331,1985,52.35
7331,1986,54.56
7331,1987,58.37
7331,1988,54.74
7331,1989,56.37
7331,1990,53.16
7331,1991,43.95
7331,1992,55.03
7331,1993,52.26
7331,1994,54.41
7331,1995,54.75
7331,1996,56.59
7331,1997,50.6
7331,1998,54.0
7331,1999,56.52
7331,2000,73.72
7331,2001,56.74
7331,2002,68.12
7331,2003,44.95
7331,2004,60.42
7331,2005,57.95
7331,2006,68.91
7331,2007,66.88
7331,2008,60.09
7331,2009,67.41
7331,2010,72.29
7331,2011,71.84
7331,2012,67.52
7331,2013,65.6
7331,2014,82.74
7331,2015,56.66
7331,2016,73.86
7331,2017,77.98
7331,2018,67.08
7331,2019,78.18
7331,2020,62.62
7331,2021,82.23
7332,1979,51.69
7332,1980,54.04
7332,1981,57.31
7332,1982,52.8
7332,1983,43.9
7332,1984,52.83
7332,1985,47.78
7332,1986,54.76
7332,1987,57.07
7332,1988,53.65
7332,1989,54.35
7332,1990,49.91
7332,1991,40.52
7332,1992,52.08
7332,1993,50.71
7332,1994,53.69
7332,1995,55.84
7332,1996,53.95
7332,1997,49.76
7332,1998,52.09
7332,1999,53.78
7332,2000,73.52
7332,2001,52.91
7332,2002,65.44
7332,2003,42.1
7332,2004,56.66
7332,2005,54.25
7332,2006,66.94
7332,2007,68.54
7332,2008,59.49
7332,2009,66.75
7332,2010,69.57
7332,2011,74.8
7332,2013,70.57
7332,2014,81.03
7332,2015,65.13
7332,2016,77.32
7332,2017,74.55
7332,2018,55.05
7332,2019,71.52
7332,2020,26.24
7332,2021,70.16
7333,1979,48.71
7333,1980,51.5
7333,1981,56.31
7333,1982,50.28
7333,1983,38.96
7333,1984,52.26
7333,1985,46.33
7333,1986,52.8
7333,1987,59.36
7333,1988,51.82
7333,1989,52.34
7333,1990,52.24
7333,1991,44.22
7333,1992,54.28
7333,1993,52.25
7333,1994,52.84
7333,1995,53.95
7333,1996,52.94
7333,1997,47.91
7333,1998,52.09
7333,1999,53.99
7333,2000,73.92
7333,2001,53.25
7333,2002,64.6
7333,2003,41.49
7333,2004,61.18
7333,2005,56.35
7333,2006,67.65
7333,2007,67.91
7333,2008,62.79
7333,2009,71.32
7333,2010,74.2
7333,2011,75.06
7333,2012,70.01
7333,2013,71.55
7333,2014,88.36
7333,2015,64.2
7333,2016,82.35
7333,2017,89.69
7333,2018,60.73
7333,2019,77.35
7333,2020,68.67
7333,2021,87.99
7334,1979,52.2
7334,1980,51.28
7334,1981,58.46
7334,1982,53.67
7334,1983,45.19
7334,1984,53.58
7334,1985,52.22
7334,1986,53.59
7334,1987,54.34
7334,1988,55.34
7334,1989,52.75
7334,1990,51.86
7334,1991,46.81
7334,1992,52.95
7334,1993,54.8
7334,1994,55.41
7334,1995,56.21
7334,1996,58.2
7334,1997,54.95
7334,1998,55.56
7334,1999,57.31
7334,2000,71.06
7334,2001,56.86
7334,2002,70.8
7334,2003,52.83
7334,2004,59.23
7334,2005,58.26
7334,2006,61.43
7334,2007,66.83
7334,2008,60.8
7334,2009,69.75
7334,2010,73.54
7334,2011,73.92
7334,2012,71.39
7334,2013,71.65
7334,2014,83.66
7334,2015,63.12
7334,2016,72.7
7334,2017,77.96
7334,2018,54.88
7334,2019,67.24
7334,2020,54.7
7334,2021,86.37
7335,1979,52.09
7335,1980,51.46
7335,1981,53.31
7335,1982,56.0
7335,1983,38.85
7335,1984,48.67
7335,1985,50.6
7335,1986,53.0
7335,1987,56.67
7335,1988,55.0
7335,1989,51.25
7335,1990,61.67
7335,1991,41.0
7335,1992,54.25
7335,1993,53.5
7335,1994,53.9
7335,1995,53.27
7335,1996,53.5
7335,1997,47.5
7335,1998,52.0
7335,1999,52.2
7335,2000,73.0
7335,2003,42.0
7335,2005,59.0
7336,1981,51.0
7336,1982,51.15
7336,2005,58.53
7337,1979,53.52
7337,1980,52.02
7337,1981,57.44
7337,1982,55.42
7337,1983,41.67
7337,1984,52.41
7337,1985,50.19
7337,1986,54.87
7337,1987,57.83
7337,1988,57.26
7337,1989,51.86
7337,1990,49.63
7337,1991,46.99
7337,1992,53.5
7337,1993,53.31
7337,1994,52.92
7337,1995,56.24
7337,1996,56.2
7337,1997,53.68
7337,1998,55.74
7337,1999,59.18
7337,2000,73.58
7337,2001,56.96
7337,2002,64.15
7337,2003,52.81
7337,2004,66.27
7337,2005,62.3
7337,2006,69.56
7337,2007,69.56
7337,2008,62.78
7337,2009,75.97
7337,2010,70.86
7337,2011,76.39
7337,2012,76.13
7337,2013,76.01
7337,2014,84.29
7337,2015,75.97
7337,2016,76.43
7337,2017,84.46
7337,2018,75.4
7337,2019,82.84
7337,2020,68.11
7337,2021,87.58
7338,1979,51.73
7338,1980,51.92
7338,1981,58.18
7338,1982,55.0
7338,1983,47.6
7338,1984,55.6
7338,1985,56.28
7338,1986,56.5
7338,1987,57.86
7338,1988,55.94
7338,1989,56.29
7338,1990,58.0
7338,1991,52.05
7338,1992,56.33
7338,1993,55.29
7338,1994,55.5
7338,1995,56.0
7338,1996,56.94
7338,1997,52.97
7338,1998,55.18
7338,1999,59.29
7338,2000,70.27
7338,2001,55.73
7338,2002,64.37
7338,2003,51.18
7338,2004,61.14
7338,2005,60.36
7338,2006,67.01
7338,2007,62.3
7338,2008,61.8
7338,2009,66.84
7338,2010,68.87
7338,2011,77.62
7338,2012,80.77
7338,2013,78.53
7338,2014,91.41
7338,2015,80.86
7338,2016,86.91
7338,2017,39.21
7338,2018,92.23
7339,1979,53.47
7339,1980,52.16
7339,1981,57.18
7339,1982,54.43
7339,1983,43.2
7339,1984,53.54
7339,1985,50.16
7339,1986,52.21
7339,1987,56.27
7339,1988,51.26
7339,1989,52.95
7339,1990,51.71
7339,1991,42.27
7339,1992,54.85
7339,1993,53.56
7339,1994,52.82
7339,1995,53.7
7339,1996,55.47
7339,1997,52.53
7339,1998,55.57
7339,1999,56.0
7339,2000,76.0
7339,2001,53.69
7339,2002,67.56
7339,2003,44.53
7339,2004,60.78
7339,2005,61.0
7339,2006,60.83
7339,2007,69.28
7339,2008,61.54
7339,2009,69.94
7339,2010,73.03
7339,2011,72.28
7339,2012,72.4
7339,2013,71.14
7339,2014,83.91
7339,2015,52.54
7339,2016,86.74
7339,2017,84.91
7339,2018,59.71
7339,2019,78.31
7339,2020,53.48
7339,2021,87.17
7340,1981,50.3
7340,1982,53.0
7340,1991,47.0
7340,1992,51.1
7340,1993,50.9
7340,1994,49.72
7340,1995,49.5
7340,1996,51.02
7340,1997,45.0
7340,1998,53.0
7340,1999,51.0
7340,2000,65.0
7340,2003,30.17
8111,1979,49.75
8111,1980,51.24
8111,1981,53.16
8111,1982,56.18
8111,1983,45.05
8111,1984,53.24
8111,1985,48.57
8111,1986,56.69
8111,1987,56.73
8111,1988,55.37
8111,1989,53.11
8111,1990,54.72
8111,1991,50.23
8111,1992,55.95
8111,1993,62.14
8111,1994,57.09
8111,1995,60.26
8111,1996,58.9
8111,1997,58.03
8111,1998,58.99
8111,1999,63.48
8111,2000,62.04
8111,2001,56.58
8111,2002,71.74
8111,2004,60.76
8111,2007,60.32
8111,2008,62.77
8111,2016,79.79
8111,2017,84.09
8111,2018,64.67
8111,2019,82.92
8111,2020,65.46
8111,2021,83.05
8115,1979,48.0
8115,1980,52.2
8115,1981,54.64
8115,1982,59.09
8115,1983,43.37
8115,1984,52.27
8115,1985,53.32
8115,1986,54.33
8115,1987,54.23
8115,1988,56.11
8115,1989,51.86
8115,1990,52.01
8115,1991,50.36
8115,1992,52.09
8115,1993,61.17
8115,1994,56.65
8115,1995,54.97
8115,1996,54.01
8115,1997,56.22
8115,1998,53.49
8115,1999,62.78
8115,2000,66.13
8115,2001,56.38
8115,2002,67.13
8115,2003,48.18
8115,2004,64.72
8115,2005,66.72
8115,2006,66.9
8115,2007,62.56
8115,2008,69.76
8115,2009,76.31
8115,2010,74.5
8115,2011,81.3
8115,2012,80.14
8115,2013,74.54
8115,2014,89.06
8115,2015,71.62
8115,2016,75.18
8115,2017,89.88
8115,2019,86.58
8116,1979,49.55
8116,1980,50.65
8116,1981,55.11
8116,1982,54.94
8116,1983,42.33
8116,1984,48.15
8116,1985,47.27
8116,1986,51.34
8116,1987,52.58
8116,1988,51.84
8116,1989,50.68
8116,1990,49.92
8116,1991,49.88
8116,1992,55.25
8116,1993,62.76
8116,1994,55.28
8116,1995,55.3
8116,1996,57.08
8116,1997,53.56
8116,1998,56.07
8116,1999,57.4
8116,2000,57.08
8116,2001,56.43
8116,2002,62.21
8116,2003,50.13
8116,2004,61.29
8116,2005,63.91
8116,2006,61.33
8117,1979,47.0
8117,1980,50.5
8117,1981,51.69
8117,1982,55.11
8117,1999,67.59
8118,1979,50.53
8118,1980,51.73
8118,1981,54.74
8118,1982,58.35
8118,1983,45.06
8118,1984,53.99
8118,1985,52.4
8118,1986,55.83
8118,1987,56.66
8118,1988,54.51
8118,1989,55.89
8118,1990,53.7
8118,1991,51.41
8118,1992,56.52
8118,1993,66.2
8118,1994,56.51
8118,1995,58.54
8118,1996,59.75
8118,1997,61.28
8118,1998,57.88
8118,1999,69.3
8118,2000,70.72
8118,2001,60.5
8118,2002,67.68
8118,2003,46.95
8118,2004,64.2
8118,2005,70.33
8118,2006,69.57
8118,2007,66.19
8118,2008,72.34
8118,2009,74.75
8118,2010,70.17
8118,2011,84.19
8118,2012,75.99
8118,2013,74.12
8118,2014,83.55
8118,2015,67.27
8118,2016,76.88
8118,2017,86.64
8118,2018,57.44
8118,2019,78.26
8118,2020,64.59
8118,2021,81.88
8119,1979,49.28
8119,1980,49.45
8119,1981,49.69
8119,1982,55.44
8119,1983,44.66
8119,1984,53.04
8119,1985,49.08
8119,1986,54.88
8119,1987,58.2
8119,1988,60.15
8119,1989,55.9
8119,1990,55.92
8119,1991,55.91
8119,1992,59.19
8119,1993,66.18
8119,1994,57.82
8119,1995,56.9
8119,1996,61.55
8119,1997,59.14
8119,1998,59.2
8119,1999,66.75
8119,2000,67.97
8119,2001,57.52
8119,2002,67.74
8119,2003,48.09
8119,2004,63.42
8119,2005,67.65
8119,2006,67.73
8119,2007,65.18
8119,2008,67.85
8119,2009,74.43
8119,2010,65.69
8119,2011,82.43
8119,2012,81.88
8119,2015,73.51
8119,2016,82.02
8119,2019,81.36
8119,2020,59.07
8121,1979,58.63
8121,1980,54.06
8121,1981,56.1
8121,1982,61.91
8121,1983,48.59
8121,1999,60.82
8125,1979,51.55
8125,1980,51.27
8125,1981,53.58
8125,1982,55.04
8125,1983,43.08
8125,1984,54.2
8125,1985,53.55
8125,1986,55.69
8125,1987,54.1
8125,1988,54.51
8125,1989,56.93
8125,1990,52.51
8125,1991,49.7
8125,1992,57.03
8125,1993,65.49
8125,1994,58.26
8125,1995,57.51
8125,1996,61.36
8125,1997,57.64
8125,1998,61.51
8125,1999,60.81
8125,2000,68.6
8125,2001,59.62
8125,2002,69.94
8125,2003,51.37
8125,2004,66.45
8125,2005,68.25
8125,2006,69.56
8125,2007,65.77
8125,2008,68.43
8125,2009,74.94
8125,2010,72.33
8125,2011,80.24
8125,2012,68.36
8125,2013,79.87
8125,2014,89.42
8125,2015,72.09
8125,2016,83.04
8125,2017,91.85
8125,2018,61.26
8125,2019,84.63
8125,2020,63.06
8125,2021,85.1
8126,1979,51.45
8126,1980,48.4
8126,1981,53.03
8126,1982,56.48
8126,1983,43.52
8126,1984,53.74
8126,1985,55.03
8126,1986,58.3
8126,1987,54.07
8126,1988,56.64
8126,1989,57.82
8126,1990,54.63
8126,1991,51.23
8126,1992,58.66
8126,1993,65.21
8126,1994,57.43
8126,1995,57.49
8126,1996,62.83
8126,1997,58.14
8126,1998,60.3
8126,1999,60.14
8126,2000,69.38
8126,2001,60.0
8126,2002,67.29
8126,2003,46.06
8126,2004,63.9
8126,2005,65.63
8126,2006,66.26
8126,2007,66.41
8126,2008,67.48
8126,2009,73.8
8126,2010,65.83
8126,2011,84.47
8126,2012,70.86
8126,2013,73.72
8126,2014,90.92
8126,2015,62.96
8126,2016,75.47
8126,2017,91.55
8126,2018,62.81
8126,2019,82.38
8126,2020,67.41
8126,2021,86.0
8127,1979,47.61
8127,1980,45.87
8127,1981,49.19
8127,1982,55.15
8127,1983,43.32
8127,1984,52.96
8127,1985,50.33
8127,1986,52.24
8127,1987,51.41
8127,1988,53.57
8127,1989,52.76
8127,1990,52.41
8127,1991,48.65
8127,1992,54.1
8127,1993,60.91
8127,1994,52.89
8127,1995,51.75
8127,1996,56.91
8127,1997,52.46
8127,1998,57.72
8127,1999,59.45
8127,2000,63.11
8127,2001,57.69
8127,2002,61.43
8127,2003,43.72
8127,2004,61.95
8127,2005,61.01
8127,2006,60.91
8127,2007,62.31
8127,2008,61.91
8127,2009,65.84
8127,2010,61.66
8127,2019,77.8
8128,1979,44.81
8128,1980,48.32
8128,1981,54.0
8128,1982,49.93
8128,1983,35.88
8128,1984,49.3
8128,1985,50.44
8128,1986,54.26
8128,1987,54.02
8128,1988,47.63
8128,1989,49.37
8128,1990,48.76
8128,1991,43.88
8128,1992,56.82
8128,1993,54.99
8128,1994,54.3
8128,1995,56.52
8128,1996,58.18
8128,1997,53.82
8128,1998,55.99
8128,1999,55.88
8128,2000,66.78
8128,2001,58.07
8128,2002,65.51
8128,2003,45.44
8128,2004,65.82
8128,2005,65.8
8128,2006,66.09
8128,2007,65.1
8128,2008,61.58
8128,2009,73.68
8128,2010,63.36
8128,2011,77.42
8128,2012,73.94
8128,2013,72.63
8128,2014,90.91
8128,2015,57.48
8128,2016,75.44
8128,2017,86.88
8128,2018,58.34
8128,2019,77.75
8128,2020,73.21
8128,2021,89.38
8135,1979,47.93
8135,1980,45.85
8135,1981,52.12
8135,1982,52.56
8135,1983,45.72
8135,1984,48.69
8135,1985,51.49
8135,1986,53.64
8135,1987,51.85
8135,1988,55.81
8135,1989,54.44
8135,1990,48.8
8135,1991,49.42
8135,1992,53.2
8135,1993,56.53
8135,1994,57.5
8135,1995,54.0
8135,1996,57.97
8135,1997,49.89
8135,1998,62.57
8135,1999,61.67
8135,2000,64.23
8135,2001,61.09
8135,2002,66.11
8135,2003,49.28
8135,2004,63.93
8135,2007,69.63
8136,1979,49.69
8136,1980,46.06
8136,1981,52.66
8136,1982,55.22
8136,1983,47.07
8136,1984,46.86
8136,1985,47.52
8136,1986,55.13
8136,1987,52.22
8136,1988,55.4
8136,1989,50.69
8136,1990,48.06
8136,1991,47.58
8136,1992,54.53
8136,1993,61.5
8136,1994,54.1
8136,1995,59.75
8136,1996,61.76
8136,1997,56.42
8136,1999,59.41
8136,2000,63.38
8136,2002,59.74
8136,2004,56.29
8136,2005,57.87
8136,2007,67.38
8211,2001,54.94
8212,1979,43.92
8212,1980,47.89
8212,1981,51.71
8212,1982,50.59
8212,1999,54.26
8215,1979,50.02
8215,1980,48.9
8215,1981,53.48
8215,1982,55.57
8215,1983,43.23
8215,1984,53.49
8215,1985,51.55
8215,1986,55.6
8215,1987,52.83
8215,1988,52.04
8215,1989,50.01
8215,1990,51.05
8215,1991,47.14
8215,1992,52.55
8215,1993,59.28
8215,1994,54.29
8215,1995,57.47
8215,1996,57.03
8215,1997,53.13
8215,1998,49.85
8215,1999,54.26
8215,2000,64.94
8215,2001,53.97
8215,2002,59.99
8215,2003,44.6
8215,2004,61.31
8215,2005,62.33
8215,2006,57.87
8215,2007,59.67
8215,2008,59.06
8215,2009,68.73
8215,2010,62.28
8215,2011,73.59
8215,2012,69.97
8215,2013,70.14
8215,2014,86.12
8215,2015,68.11
8215,2016,74.95
8215,2017,77.35
8215,2018,57.08
8215,2019,76.19
8215,2020,56.37
8215,2021,86.4
8216,1979,49.0
8216,1980,48.0
8216,1981,49.58
8216,2001,53.97
8221,1979,55.0
8221,1980,60.0
8221,1999,56.83
8222,1979,49.31
8222,1980,52.0
8222,1999,56.83
8225,1979,47.15
8225,1980,47.4
8225,1981,50.18
8225,1982,52.22
8225,1983,33.26
8225,1984,51.71
8225,1985,50.63
8225,1986,52.51
8225,1987,50.96
8225,1988,53.47
8225,1989,53.45
8225,1990,50.62
8225,1991,43.43
8225,1992,54.53
8225,1993,60.78
8225,1994,50.9
8225,1995,52.31
8225,1996,57.67
8225,1997,55.0
8225,1998,57.32
8225,1999,56.1
8225,2000,63.09
8225,2001,56.98
8225,2002,63.93
8225,2003,46.5
8225,2004,65.14
8225,2005,60.37
8225,2006,63.37
8225,2007,62.44
8225,2008,64.69
8225,2009,70.96
8225,2010,65.53
8225,2011,75.93
8225,2012,70.05
8225,2014,81.33
8225,2017,94.44
8225,2018,46.28
8225,2019,77.41
8225,2020,71.49
8225,2021,73.95
8226,1979,49.32
8226,1980,49.32
8226,1981,51.98
8226,1982,50.41
8226,1983,40.09
8226,1984,53.37
8226,1985,49.32
8226,1986,50.77
8226,1987,53.84
8226,1988,50.88
8226,1989,50.78
8226,1990,50.42
8226,1991,46.76
8226,1992,50.77
8226,1993,56.55
8226,1994,51.4
8226,1995,59.76
8226,1996,55.21
8226,1997,52.74
8226,1998,56.3
8226,1999,56.83
8226,2000,65.9
8226,2001,55.22
8226,2002,64.03
8226,2003,44.2
8226,2004,66.35
8226,2005,62.87
8226,2006,65.45
8226,2007,59.9
8226,2008,63.05
8226,2009,68.31
8226,2010,66.45
8226,2011,78.21
8226,2012,73.11
8226,2013,76.22
8226,2014,89.02
8226,2015,73.37
8226,2016,79.42
8226,2017,85.45
8226,2018,63.1
8226,2019,79.42
8226,2020,76.94
8226,2021,89.34
8235,1979,48.0
8235,1980,39.0
8235,1981,43.0
8235,1982,39.33
8235,1999,55.0
8236,1979,48.92
8236,1980,47.84
8236,1981,50.82
8236,1982,50.33
8236,1983,38.67
8236,1984,51.58
8236,1985,49.09
8236,1986,53.38
8236,1987,51.97
8236,1988,51.04
8236,1989,49.0
8236,1990,48.14
8236,1991,45.99
8236,1992,48.33
8236,1993,59.88
8236,1994,50.67
8236,1995,52.32
8236,1996,59.06
8236,1997,57.27
8236,1998,54.69
8236,1999,57.79
8236,2000,59.47
8236,2001,56.1
8236,2002,58.94
8236,2003,48.04
8236,2004,56.44
8236,2005,55.82
8236,2006,58.55
8236,2009,56.62
8237,1979,43.0
8237,1980,45.5
8237,1981,47.0
8237,1982,52.5
8237,1984,52.0
8311,1979,61.4
8311,1980,50.0
8311,1981,58.41
8311,1982,64.36
8311,1999,61.04
8315,1979,52.66
8315,1980,50.98
8315,1981,56.83
8315,1982,58.81
8315,1983,48.68
8315,1984,53.53
8315,1986,50.71
8315,1987,59.58
8315,1988,52.36
8315,1989,49.94
8315,1990,59.98
8315,1991,56.34
8315,1992,55.37
8315,1993,55.23
8315,1994,52.32
8315,1995,54.88
8315,1996,59.39
8315,1997,61.68
8315,1998,58.51
8315,1999,61.04
8315,2000,64.36
8315,2001,56.78
8315,2002,60.3
8315,2003,50.91
8315,2004,63.89
8315,2005,61.18
8315,2006,60.68
8315,2007,65.48
8316,1979,50.83
8316,1980,49.67
8316,1981,56.45
8316,1982,54.07
8316,1983,48.59
8316,1984,54.52
8316,1985,51.31
8316,1986,50.23
8316,1987,50.29
8316,1988,54.23
8316,1989,52.26
8316,1990,55.76
8316,1991,53.77
8316,1992,52.62
8316,1993,57.0
8316,1994,55.16
8316,1995,56.65
8316,1996,63.95
8316,1997,60.58
8316,1998,57.9
8316,1999,61.18
8316,2000,65.19
8316,2001,58.25
8316,2002,69.03
8316,2003,51.54
8316,2004,64.82
8317,1979,59.35
8317,1980,55.72
8317,1981,50.9
8317,1982,55.88
8317,1983,47.12
8317,1984,57.83
8317,1987,53.07
8317,1988,66.52
8317,1989,58.17
8317,1991,53.48
8317,1992,53.87
8317,1993,61.86
8317,1994,57.7
8317,1999,60.98
8317,2004,65.92
8317,2006,62.01
8325,1979,48.5
8325,1980,46.8
8325,1981,37.0
8325,1999,59.23
8326,1979,35.0
8326,1980,45.0
8326,1981,38.5
8326,1999,59.23
8327,1979,43.0
8327,1980,46.0
8327,1981,39.0
8335,1979,49.57
8335,1980,47.55
8335,1981,48.37
8335,1982,51.07
8335,1983,43.32
8335,1984,47.93
8335,1985,45.94
8335,1986,53.53
8335,1987,50.1
8335,1988,53.56
8335,1989,50.35
8335,1990,48.02
8335,1991,42.93
8335,1992,45.96
8335,1993,47.29
8335,1994,56.17
8335,1995,43.09
8335,1997,51.54
8335,1998,48.12
8335,1999,51.54
8335,2002,48.95
8335,2005,53.71
8336,1979,45.0
8336,1980,46.7
8336,1981,54.83
8336,1982,51.48
8336,1999,52.29
8337,1979,54.57
8337,1980,51.3
8337,1981,57.36
8337,1982,58.36
8337,1983,44.25
8337,1984,54.11
8337,1987,52.4
8337,1988,59.09
8337,1989,51.92
8337,1991,48.45
8337,1999,52.29
8337,2004,64.96
8415,1979,52.0
8415,1980,47.24
8415,1981,47.33
8415,1982,48.55
8415,1999,60.39
8416,1979,48.1
8416,1980,49.59
8416,1981,47.51
8416,1982,51.92
8416,1983,36.36
8416,1984,50.29
8416,1985,48.34
8416,1986,50.49
8416,1987,50.54
8416,1988,51.04
8416,1989,53.18
8416,1990,51.36
8416,1991,49.04
8416,1992,46.58
8416,1993,62.8
8416,1999,60.39
8416,2009,71.6
8417,1979,51.0
8417,1980,48.57
8417,1981,45.0
8417,1999,60.39
8421,1979,48.95
8421,1980,51.56
8421,1981,45.0
8421,1982,59.44
8421,1983,47.42
8421,1984,47.83
8421,1986,54.83
8421,1988,55.26
8421,1993,53.04
8421,1999,61.27
8425,1979,49.84
8425,1980,49.08
8425,1981,53.86
8425,1982,50.65
8425,1983,46.79
8425,1984,45.95
8425,1985,46.19
8425,1986,51.9
8425,1987,52.33
8425,1988,53.45
8425,1989,52.45
8425,1990,50.71
8425,1991,49.69
8425,1992,51.77
8425,1993,53.04
8425,1994,53.54
8425,1995,50.58
8425,1996,55.38
8425,1997,51.03
8425,1998,57.7
8425,1999,61.26
8425,2000,62.56
8425,2001,58.92
8425,2002,66.68
8425,2003,53.19
8425,2004,63.8
8425,2005,66.8
8425,2006,56.48
8425,2007,64.94
8425,2008,67.87
8425,2009,66.4
8425,2010,71.06
8425,2011,75.3
8425,2012,79.33
8425,2016,65.19
8425,2018,65.46
8425,2019,74.15
8425,2020,80.46
8425,2021,76.39
8426,1979,49.58
8426,1980,48.01
8426,1981,48.76
8426,1982,51.25
8426,1983,47.31
8426,1984,49.97
8426,1985,50.96
8426,1986,50.27
8426,1987,51.09
8426,1988,53.45
8426,1989,54.19
8426,1990,52.82
8426,1991,51.09
8426,1992,53.4
8426,1993,55.16
8426,1994,57.14
8426,1995,51.48
8426,1996,54.45
8426,1997,53.09
8426,1998,59.0
8426,1999,64.1
8426,2000,63.21
8426,2001,62.21
8426,2002,63.27
8426,2003,58.47
8426,2004,64.96
8426,2005,65.8
8426,2006,62.84
8426,2007,68.03
8426,2008,68.02
8426,2009,70.63
8426,2010,72.91
8435,1979,50.76
8435,1980,48.33
8435,1981,50.68
8435,1982,52.65
8435,1983,48.59
8435,1984,50.66
8435,1985,52.6
8435,1986,47.81
8435,1987,48.36
8435,1988,53.35
8435,1989,54.8
8435,1990,53.98
8435,1991,52.61
8435,1992,54.81
8435,1993,56.79
8435,1994,55.12
8435,1995,52.18
8435,1996,58.97
8435,1997,56.68
8435,1998,57.98
8435,1999,54.93
8435,2000,61.85
8435,2001,59.36
8435,2002,69.92
8435,2003,58.3
8435,2004,63.55
8435,2005,64.23
8435,2006,63.47
8435,2007,65.12
8436,1979,52.57
8436,1980,49.16
8436,1981,46.29
8436,1982,52.78
8436,1999,58.98
8436,2002,69.6
8436,2003,58.69
8436,2004,61.56
8436,2005,65.05
8436,2006,61.09
8437,1979,50.2
8437,1980,59.94
8437,1981,46.5
8437,1982,55.0
8437,1984,55.0
8437,1991,51.67
8437,1999,58.98
9161,1979,51.5
9161,1980,48.75
9161,1981,58.45
9161,1982,59.3
9161,1983,47.46
9161,1984,49.09
9161,1985,56.27
9161,1986,57.17
9161,1987,50.09
9161,1988,54.61
9161,1989,56.02
9161,1990,57.77
9161,1991,53.07
9161,1992,54.79
9161,1993,68.54
9161,1994,59.92
9161,1995,57.05
9161,1996,59.57
9161,1997,60.15
9161,1998,71.15
9161,1999,60.51
9161,2000,69.96
9161,2001,67.69
9161,2002,73.09
9161,2003,56.91
9161,2004,70.75
9161,2005,74.44
9161,2006,65.5
9161,2007,71.91
9161,2008,67.5
9161,2009,70.81
9161,2010,74.74
9161,2011,83.43
9161,2012,71.7
9161,2013,70.68
9161,2014,72.44
9161,2015,56.09
9161,2016,79.18
9162,1979,50.0
9162,1980,50.26
9162,1981,62.79
9162,1982,65.43
9162,1983,52.95
9162,1984,54.6
9162,1985,53.55
9162,1986,50.7
9162,1987,49.09
9162,1988,48.51
9162,1989,51.4
9162,1990,59.33
9162,1991,52.07
9162,1992,49.16
9162,1993,54.0
9162,1994,57.03
9162,1995,55.7
9162,1996,56.37
9162,1997,59.05
9162,1998,67.07
9162,1999,62.57
9162,2000,66.13
9162,2001,59.21
9162,2002,63.84
9162,2003,63.77
9162,2004,69.72
9162,2005,56.69
9162,2006,66.03
9162,2007,57.94
9162,2008,64.17
9162,2009,60.55
9162,2010,57.61
9162,2011,66.11
9162,2012,70.69
9162,2013,63.62
9162,2014,91.82
9162,2015,57.11
9162,2016,80.1
9171,1979,44.54
9171,1980,45.51
9171,1981,44.28
9171,1982,50.7
9171,1983,45.35
9171,1984,52.61
9171,1985,52.25
9171,1986,47.15
9171,1987,44.42
9171,1988,51.5
9171,1989,50.82
9171,1990,60.05
9171,1991,57.63
9171,1992,57.81
9171,1993,59.91
9171,1994,50.47
9171,1995,53.48
9171,1996,57.23
9171,1997,58.27
9171,1998,62.67
9171,1999,62.58
9171,2000,67.22
9171,2001,60.53
9171,2002,67.25
9171,2003,56.92
9171,2004,65.71
9171,2005,56.48
9171,2006,59.8
9171,2007,66.82
9171,2008,64.78
9171,2009,59.52
9171,2010,70.7
9171,2011,62.98
9171,2012,69.68
9171,2013,66.66
9171,2014,91.86
9171,2015,62.2
9171,2016,80.1
9172,1980,42.22
9172,1981,36.21
9172,1982,52.31
9172,1985,49.25
9172,1986,41.76
9172,1991,46.09
9172,1992,41.99
9172,1993,54.65
9172,1994,48.58
9173,2007,64.16
9173,2008,64.44
9173,2009,61.7
9174,1979,49.88
9174,1980,47.83
9174,1981,58.7
9174,1982,55.65
9174,1983,50.36
9174,1984,52.25
9174,1985,58.33
9174,1986,58.48
9174,1987,48.25
9174,1988,56.06
9174,1989,55.55
9174,1990,59.43
9174,1991,52.09
9174,1992,58.23
9174,1993,59.97
9174,1994,54.63
9174,1995,55.97
9174,1996,61.41
9174,1997,62.01
9174,1998,61.73
9174,1999,61.71
9174,2000,68.41
9174,2001,59.02
9174,2002,66.95
9174,2003,59.03
9174,2004,65.67
9174,2005,61.69
9174,2006,62.17
9174,2007,76.28
9174,2008,67.38
9174,2009,69.28
9174,2010,61.09
9174,2011,78.42
9174,2012,76.59
9174,2013,66.07
9174,2014,80.82
9174,2015,73.31
9174,2016,79.62
9174,2018,97.72
9174,2019,81.09
9175,1979,47.92
9175,1980,44.3
9175,1981,51.17
9175,1982,57.29
9175,1983,49.79
9175,1984,49.25
9175,1985,52.79
9175,1986,55.92
9175,1987,56.56
9175,1988,58.94
9175,1989,59.21
9175,1990,56.59
9175,1991,52.64
9175,1992,48.75
9175,1993,59.72
9175,1994,49.37
9175,1995,56.42
9175,1996,60.65
9175,1997,53.94
9175,1998,63.96
9175,1999,61.82
9175,2000,67.82
9175,2001,60.21
9175,2002,65.32
9175,2003,59.15
9175,2004,66.21
9175,2005,67.3
9175,2006,65.07
9175,2007,76.51
9175,2008,67.88
9175,2009,67.57
9175,2010,62.41
9175,2011,80.06
9175,2012,63.14
9175,2013,64.85
9175,2014,61.21
9175,2015,60.16
9175,2016,60.0
9176,1979,54.26
9176,1980,51.38
9176,1981,61.05
9176,1982,61.54
9176,1983,51.77
9176,1984,54.58
9176,1985,56.37
9176,1986,57.15
9176,1987,56.32
9176,1988,56.57
9176,1989,61.99
9176,1990,58.99
9176,1991,57.84
9176,1992,58.6
9176,1993,66.37
9176,1994,57.95
9176,1995,57.32
9176,1996,60.57
9176,1997,60.98
9176,1998,65.94
9176,1999,62.89
9176,2000,76.02
9176,2001,67.82
9176,2002,76.43
9176,2003,62.19
9176,2004,73.86
9176,2005,70.89
9176,2006,68.66
9176,2007,77.73
9176,2008,74.73
9176,2009,81.42
9176,2010,74.73
9176,2011,85.76
9176,2012,82.83
9176,2013,73.04
9176,2014,94.49
9176,2015,65.01
9176,2016,85.57
9176,2017,90.92
9176,2018,81.33
9176,2019,81.94
9176,2020,84.97
9176,2021,86.33
9177,1979,49.33
9177,1980,47.44
9177,1981,58.47
9177,1982,61.62
9177,1983,53.36
9177,1984,55.24
9177,1985,55.76
9177,1986,52.97
9177,1987,47.3
9177,1988,57.48
9177,1989,58.97
9177,1990,60.9
9177,1991,52.36
9177,1992,54.94
9177,1993,56.18
9177,1994,61.43
9177,1995,56.08
9177,1996,60.43
9177,1997,60.66
9177,1998,64.97
9177,1999,63.87
9177,2000,71.17
9177,2001,56.02
9177,2002,70.17
9177,2003,58.74
9177,2004,64.51
9177,2005,67.49
9177,2006,58.11
9177,2007,67.8
9177,2008,69.74
9177,2009,71.44
9177,2010,73.49
9177,2011,80.67
9177,2012,84.33
9177,2013,72.47
9177,2014,92.56
9177,2015,73.65
9177,2016,88.04
9177,2020,91.04
9177,2021,93.44
9178,1979,47.56
9178,1980,45.57
9178,1981,59.82
9178,1982,58.03
9178,1983,51.23
9178,1984,50.16
9178,1985,52.98
9178,1986,57.84
9178,1987,52.48
9178,1988,57.06
9178,1989,58.09
9178,1990,56.28
9178,1991,52.28
9178,1992,58.88
9178,1993,61.74
9178,1994,57.11
9178,1995,52.96
9178,1996,59.59
9178,1997,59.53
9178,1998,64.51
9178,1999,61.05
9178,2000,69.67
9178,2001,55.53
9178,2002,71.88
9178,2003,60.98
9178,2004,68.79
9178,2005,67.28
9178,2006,69.72
9178,2007,69.66
9178,2008,74.79
9178,2009,70.98
9178,2010,70.94
9178,2011,78.01
9178,2012,85.87
9178,2013,60.8
9178,2014,95.43
9178,2015,64.68
9178,2016,76.79
9178,2017,85.34
9179,1979,49.39
9179,1980,48.51
9179,1981,61.65
9179,1982,59.87
9179,1983,55.18
9179,1984,51.77
9179,1985,56.24
9179,1986,51.58
9179,1987,46.78
9179,1988,57.05
9179,1989,57.74
9179,1990,59.38
9179,1991,50.62
9179,1992,57.62
9179,1993,56.56
9179,1994,56.25
9179,1995,56.15
9179,1996,57.78
9179,1997,57.6
9179,1998,62.27
9179,1999,57.99
9179,2000,70.03
9179,2001,61.81
9179,2002,67.39
9179,2003,59.71
9179,2004,66.47
9179,2005,61.92
9179,2006,63.42
9179,2007,71.54
9179,2008,70.0
9179,2009,72.21
9179,2010,67.44
9179,2011,73.49
9179,2012,59.43
9179,2013,55.88
9179,2014,86.5
9179,2015,60.1
9179,2016,68.8
9179,2017,88.42
9181,1979,50.82
9181,1980,47.92
9181,1981,60.93
9181,1982,61.19
9181,1983,59.57
9181,1984,48.92
9181,1985,55.14
9181,1986,55.45
9181,1987,50.9
9181,1988,57.93
9181,1989,61.32
9181,1990,58.5
9181,1991,49.34
9181,1992,58.9
9181,1993,59.36
9181,1994,56.83
9181,1995,57.27
9181,1996,61.71
9181,1997,63.91
9181,1998,65.26
9181,1999,60.38
9181,2000,66.35
9181,2001,59.45
9181,2002,65.93
9181,2003,64.8
9181,2004,65.63
9181,2005,63.73
9181,2006,65.03
9181,2007,74.15
9181,2008,64.72
9181,2009,73.81
9181,2010,69.82
9181,2011,81.33
9181,2012,78.21
9181,2013,57.54
9181,2014,83.48
9181,2015,63.36
9181,2016,82.16
9181,2017,89.77
9181,2018,98.76
9181,2019,91.9
9181,2020,88.73
9181,2021,77.68
9183,1979,46.32
9183,1980,41.74
9183,1981,47.56
9183,1982,53.61
9183,1983,48.2
9183,1984,46.11
9183,1985,54.63
9183,1986,47.6
9183,1987,47.16
9183,1988,53.09
9183,1989,55.51
9183,1990,58.47
9183,1991,52.02
9183,1992,52.78
9183,1993,55.8
9183,1994,50.87
9183,1995,51.16
9183,1996,57.88
9183,1997,56.2
9183,1998,63.01
9183,1999,66.24
9183,2000,70.31
9183,2001,67.26
9183,2002,71.48
9183,2003,68.7
9183,2004,68.6
9183,2005,65.77
9183,2006,63.01
9183,2007,85.16
9183,2008,70.7
9183,2009,73.4
9183,2010,70.95
9183,2011,86.78
9183,2012,83.78
9183,2013,60.58
9183,2014,95.75
9183,2015,63.07
9183,2016,78.69
9184,1979,50.0
9184,1980,50.26
9184,1981,67.24
9184,1982,65.43
9184,1983,49.96
9184,1984,53.43
9184,1985,53.93
9184,1986,54.68
9184,1987,55.1
9184,1988,50.14
9184,1989,56.54
9184,1990,57.25
9184,1991,53.57
9184,1992,52.23
9184,1993,58.62
9184,1994,58.61
9184,1995,54.97
9184,1996,55.07
9184,1997,55.14
9184,1998,67.57
9184,1999,63.6
9184,2000,65.3
9184,2001,58.71
9184,2002,64.91
9184,2003,61.13
9184,2004,67.23
9184,2005,61.62
9184,2006,59.9
9184,2007,72.57
9184,2008,66.92
9184,2009,63.63
9184,2010,59.15
9184,2011,65.31
9184,2012,63.55
9184,2013,63.2
9184,2014,72.2
9184,2015,57.02
9184,2016,59.45
9185,1979,53.66
9185,1980,50.18
9185,1981,60.83
9185,1982,59.13
9185,1983,53.6
9185,1984,54.01
9185,1985,58.18
9185,1986,57.25
9185,1987,54.36
9185,1988,61.27
9185,1989,59.64
9185,1990,60.59
9185,1991,52.7
9185,1992,58.64
9185,1993,65.71
9185,1994,58.19
9185,1995,56.59
9185,1996,61.98
9185,1997,61.37
9185,1998,63.38
9185,1999,60.82
9185,2000,71.71
9185,2001,67.11
9185,2002,72.4
9185,2003,57.85
9185,2004,65.53
9185,2005,70.15
9185,2006,63.96
9185,2007,70.24
9185,2008,67.84
9185,2009,72.65
9185,2010,75.74
9185,2011,81.85
9185,2012,79.31
9185,2013,70.03
9185,2014,95.47
9185,2015,63.84
9185,2016,81.15
9185,2017,89.45
9185,2018,78.3
9185,2019,87.85
9185,2020,85.92
9185,2021,81.05
9186,1979,54.32
9186,1980,52.26
9186,1981,61.55
9186,1982,60.36
9186,1983,55.18
9186,1984,57.19
9186,1985,59.32
9186,1986,58.39
9186,1987,54.68
9186,1988,56.62
9186,1989,63.53
9186,1990,51.39
9186,1991,55.49
9186,1992,55.6
9186,1993,64.54
9186,1994,59.25
9186,1995,58.62
9186,1996,63.68
9186,1997,64.63
9186,1998,65.51
9186,1999,66.89
9186,2000,76.04
9186,2001,66.51
9186,2002,80.43
9186,2003,66.15
9186,2004,70.84
9186,2005,71.88
9186,2006,67.49
9186,2007,81.81
9186,2008,72.18
9186,2009,79.57
9186,2010,69.09
9186,2011,86.98
9186,2012,79.82
9186,2013,69.99
9186,2014,93.83
9186,2015,71.46
9186,2016,83.31
9186,2017,87.0
9186,2018,74.14
9186,2019,79.04
9186,2021,81.76
9187,1980,48.25
9187,1981,49.38
9187,1982,59.82
9187,1985,53.39
9187,1986,47.72
9187,1987,47.89
9187,1988,54.14
9187,1989,57.09
9187,1990,57.9
9187,1991,50.12
9187,1992,46.3
9187,1993,59.74
9187,1994,57.18
9187,1996,61.6
9187,1997,56.72
9187,1998,62.51
9187,2010,55.54
9187,2011,70.34
9187,2012,70.83
9187,2013,59.62
9187,2014,76.52
9187,2015,61.18
9188,1979,48.04
9188,1980,30.15
9188,1981,36.21
9188,1982,52.31
9188,1983,52.95
9188,1984,49.09
9188,1985,54.26
9188,1986,51.7
9188,1987,48.09
9188,1988,57.07
9188,1989,54.48
9188,1990,57.25
9188,1991,51.59
9188,1992,51.21
9188,1993,59.11
9188,1994,58.68
9188,1995,54.4
9188,1996,54.94
9188,1997,56.37
9188,1998,62.61
9188,1999,54.39
9188,2000,65.34
9188,2001,60.0
9188,2002,64.84
9188,2003,55.3
9188,2004,66.07
9188,2005,66.32
9188,2006,63.61
9188,2007,75.09
9188,2008,64.91
9188,2009,65.66
9188,2010,56.08
9188,2011,69.07
9188,2012,70.69
9188,2013,55.53
9188,2014,75.5
9188,2015,56.09
9188,2016,63.0
9189,1979,47.25
9189,1980,50.46
9189,1981,63.1
9189,1982,63.11
9189,1983,50.0
9189,1984,51.47
9189,1985,56.98
9189,1986,48.95
9189,1987,51.94
9189,1988,56.22
9189,1989,57.38
9189,1990,59.25
9189,1991,50.61
9189,1992,44.78
9189,1993,54.51
9189,1994,58.13
9189,1995,52.13
9189,1996,53.04
9189,1997,54.17
9189,1998,60.3
9189,1999,50.74
9189,2000,62.86
9189,2001,66.2
9189,2002,69.62
9189,2003,56.59
9189,2004,66.97
9189,2005,66.6
9189,2006,63.99
9189,2007,72.55
9189,2008,65.51
9189,2009,66.26
9189,2010,50.28
9189,2011,79.52
9189,2012,70.27
9189,2013,60.16
9189,2014,77.54
9189,2015,56.49
9189,2016,80.1
9190,1985,53.11
9190,1986,44.74
9190,1995,57.01
9261,1979,49.5
9261,1980,49.76
9261,1981,52.76
9261,1982,52.14
9261,1983,46.96
9261,1984,51.09
9261,1985,56.27
9261,1986,55.18
9261,1987,51.09
9261,1988,54.12
9261,1989,55.51
9261,1990,60.43
9261,1991,50.06
9261,1992,52.23
9261,1993,62.96
9261,1994,55.2
9261,1996,60.57
9261,1997,60.15
9261,1998,65.49
9261,1999,57.44
9261,2000,66.39
9261,2001,60.43
9261,2002,71.17
9261,2003,59.06
9261,2004,66.49
9261,2005,61.62
9261,2006,58.85
9261,2007,67.84
9261,2008,62.43
9261,2010,63.89
9261,2011,78.22
9261,2012,71.24
9261,2013,68.23
9261,2014,89.87
9261,2015,69.34
9261,2016,85.0
9262,1979,51.8
9262,1980,50.48
9262,1981,59.23
9262,1982,58.99
9262,1987,55.2
9262,1988,56.12
9262,1989,61.77
9262,1990,62.46
9262,1995,61.66
9262,2001,68.18
9263,1979,57.5
9263,1980,52.27
9263,1981,67.24
9263,1982,62.37
9263,1983,56.95
9263,1984,58.11
9263,1985,64.3
9263,1986,59.65
9263,1987,55.1
9263,1988,58.06
9263,1989,62.74
9263,1990,66.67
9263,1991,60.08
9263,1992,58.38
9263,1993,66.0
9263,1994,60.54
9263,1995,61.66
9263,1996,64.08
9263,1997,64.68
9263,1998,67.57
9263,1999,71.8
9263,2000,80.86
9263,2001,68.18
9263,2002,77.46
9263,2003,63.32
9263,2004,73.78
9263,2005,73.94
9263,2006,73.69
9263,2007,81.74
9263,2008,79.13
9263,2009,84.02
9263,2010,77.51
9263,2011,91.42
9263,2012,88.87
9263,2013,70.79
9263,2014,99.98
9263,2015,77.5
9263,2016,87.59
9271,1979,57.55
9271,1980,54.34
9271,1981,67.13
9271,1982,65.36
9271,1983,57.82
9271,1984,59.9
9271,1985,65.55
9271,1986,64.5
9271,1987,58.46
9271,1988,59.9
9271,1989,65.46
9271,1990,66.44
9271,1991,60.55
9271,1992,64.29
9271,1993,65.73
9271,1994,64.59
9271,1995,61.19
9271,1996,62.16
9271,1997,64.1
9271,1998,67.19
9271,1999,71.27
9271,2000,78.25
9271,2001,67.27
9271,2002,75.89
9271,2003,65.61
9271,2004,75.16
9271,2005,72.09
9271,2006,71.62
9271,2007,81.11
9271,2008,75.66
9271,2009,84.67
9271,2010,79.76
9271,2011,88.94
9271,2012,85.48
9271,2013,72.8
9271,2014,95.61
9271,2015,78.6
9271,2016,85.02
9271,2017,94.02
9271,2018,87.37
9271,2019,93.35
9271,2020,94.24
9271,2021,99.67
9272,1979,51.65
9272,1980,43.22
9272,1981,46.55
9272,1982,50.1
9272,1983,44.45
9272,1984,45.08
9272,1985,48.74
9272,1986,49.71
9272,1987,50.09
9272,1988,49.2
9272,1989,53.51
9272,1990,54.66
9272,1991,50.07
9272,1992,44.06
9272,1993,57.62
9272,1994,50.6
9273,1979,51.71
9273,1980,46.38
9273,1981,60.28
9273,1982,55.59
9273,1983,46.16
9273,1984,51.76
9273,1985,55.22
9273,1986,54.24
9273,1987,51.49
9273,1988,55.54
9273,1989,57.8
9273,1990,60.57
9273,1991,57.63
9273,1992,55.0
9273,1993,70.22
9273,1994,58.02
9273,1995,56.72
9273,1996,61.53
9273,1997,62.13
9273,1998,64.53
9273,1999,59.09
9273,2000,70.47
9273,2001,65.12
9273,2002,74.02
9273,2003,60.28
9273,2004,68.72
9273,2005,69.58
9273,2006,68.55
9273,2007,77.51
9273,2008,75.12
9273,2009,81.86
9273,2010,75.87
9273,2011,90.31
9273,2012,88.61
9273,2013,71.42
9273,2014,92.98
9273,2015,70.16
9273,2016,83.97
9273,2017,96.85
9273,2018,82.04
9273,2019,94.25
9273,2020,96.03
9273,2021,96.25
9274,1979,49.51
9274,1980,46.8
9274,1981,55.65
9274,1982,55.58
9274,1983,49.04
9274,1984,52.75
9274,1985,56.72
9274,1986,56.58
9274,1987,51.29
9274,1988,53.07
9274,1989,55.59
9274,1990,60.39
9274,1991,54.14
9274,1992,54.36
9274,1993,62.35
9274,1994,55.54
9274,1995,56.08
9274,1996,58.94
9274,1997,59.47
9274,1998,64.34
9274,1999,59.2
9274,2000,66.61
9274,2001,62.75
9274,2002,69.29
9274,2003,58.12
9274,2004,67.3
9274,2005,69.95
9274,2006,64.33
9274,2007,73.58
9274,2008,69.75
9274,2009,75.77
9274,2010,72.22
9274,2011,80.56
9274,2012,80.14
9274,2013,67.82
9274,2014,90.73
9274,2015,72.24
9274,2016,80.4
9274,2017,90.19
9274,2018,92.23
9274,2019,83.89
9274,2020,93.61
9274,2021,101.95
9275,1979,51.83
9275,1980,50.48
9275,1981,59.23
9275,1982,58.99
9275,1983,49.31
9275,1984,58.96
9275,1985,59.6
9275,1986,54.34
9275,1987,55.17
9275,1988,56.31
9275,1989,65.96
9275,1990,62.61
9275,1991,53.07
9275,1992,56.65
9275,1993,63.2
9275,1994,56.99
9275,1995,57.49
9275,1996,61.85
9275,1997,63.91
9275,1998,65.03
9275,1999,66.5
9275,2000,65.71
9275,2001,63.47
9275,2002,68.55
9275,2003,63.36
9275,2004,68.66
9275,2005,63.77
9275,2006,63.48
9275,2007,72.07
9275,2008,72.9
9275,2009,76.42
9275,2010,75.35
9275,2011,83.69
9275,2012,77.24
9275,2013,72.36
9275,2014,91.43
9275,2015,68.12
9275,2016,82.05
9276,1980,40.21
9276,1981,45.27
9276,1982,51.15
9276,1983,45.0
9276,1984,46.08
9276,1985,49.05
9276,1986,50.75
9276,1987,50.14
9276,1988,50.23
9276,1989,54.55
9276,1990,54.83
9276,1991,50.58
9276,1992,47.02
9276,1993,60.78
9276,1994,51.61
9276,2003,54.62
9276,2004,65.14
9276,2005,61.59
9276,2006,59.89
9277,1979,45.8
9277,1980,45.09
9277,1981,54.28
9277,1982,52.55
9277,1983,49.13
9277,1984,51.58
9277,1985,54.33
9277,1986,52.2
9277,1987,51.39
9277,1988,54.56
9277,1989,57.56
9277,1990,56.8
9277,1991,52.79
9277,1992,60.07
9277,1993,63.03
9277,1994,54.52
9277,1995,55.47
9277,1996,58.38
9277,1997,58.08
9277,1998,61.55
9277,1999,61.55
9277,2000,66.52
9277,2001,59.72
9277,2002,61.03
9277,2003,50.33
9277,2004,64.81
9277,2005,70.29
9277,2006,62.75
9277,2007,68.02
9277,2008,64.73
9277,2009,66.98
9277,2010,69.21
9277,2011,69.55
9277,2012,72.85
9277,2013,59.29
9277,2014,72.72
9277,2015,59.29
9277,2016,61.64
9277,2017,80.46
9277,2018,72.54
9277,2019,66.3
9277,2020,74.61
9277,2021,83.61
9278,1979,56.43
9278,1980,51.49
9278,1981,64.66
9278,1982,60.37
9278,1983,53.07
9278,1984,57.9
9278,1985,63.2
9278,1986,60.47
9278,1987,56.81
9278,1988,58.5
9278,1989,63.69
9278,1990,66.06
9278,1991,61.03
9278,1992,60.63
9278,1993,70.5
9278,1994,61.38
9278,1995,60.73
9278,1996,60.81
9278,1997,63.09
9278,1998,67.86
9278,1999,68.56
9278,2000,77.69
9278,2001,66.1
9278,2002,74.93
9278,2003,58.58
9278,2004,73.12
9278,2005,70.27
9278,2006,70.08
9278,2007,80.09
9278,2008,78.27
9278,2009,82.5
9278,2010,77.78
9278,2011,90.24
9278,2012,87.84
9278,2013,68.66
9278,2014,98.29
9278,2015,83.24
9278,2016,89.87
9278,2017,97.76
9278,2018,82.77
9278,2019,96.33
9278,2020,97.8
9278,2021,96.71
9279,1979,51.87
9279,1980,50.91
9279,1981,62.6
9279,1982,61.5
9279,1983,52.18
9279,1984,57.84
9279,1985,63.2
9279,1986,56.86
9279,1987,55.2
9279,1988,57.21
9279,1989,62.95
9279,1990,58.15
9279,1991,55.26
9279,1992,58.24
9279,1993,67.11
9279,1994,60.84
9279,1995,58.93
9279,1996,59.97
9279,1997,64.13
9279,1998,65.08
9279,1999,67.7
9279,2000,73.54
9279,2001,62.97
9279,2002,75.1
9279,2003,57.41
9279,2004,73.87
9279,2005,69.44
9279,2006,67.55
9279,2007,76.88
9279,2008,71.12
9279,2009,78.89
9279,2010,74.13
9279,2011,85.26
9279,2012,85.77
9279,2013,54.51
9279,2014,93.44
9279,2015,72.9
9279,2016,83.3
9279,2017,92.5
9279,2018,79.46
9279,2019,84.48
9279,2020,90.73
9279,2021,92.08
9361,1983,46.6
9361,1984,53.23
9361,1985,53.85
9361,1986,51.7
9362,1979,51.15
9362,1980,48.25
9362,1981,63.36
9362,1982,59.81
9362,1983,50.96
9362,1984,53.7
9362,1985,58.78
9362,1986,57.41
9362,1987,53.6
9362,1988,56.83
9362,1989,56.79
9362,1990,64.54
9362,1991,53.82
9362,1992,61.45
9362,1993,65.19
9362,1994,60.19
9362,1995,62.13
9362,1996,62.07
9362,1997,63.16
9362,1998,69.15
9362,1999,64.19
9362,2000,64.31
9362,2001,62.23
9362,2002,67.01
9362,2003,60.69
9362,2004,71.91
9362,2005,66.81
9362,2006,69.85
9362,2007,82.77
9362,2008,76.09
9362,2009,82.1
9362,2010,78.56
9362,2011,90.94
9362,2012,85.84
9362,2013,70.68
9362,2014,86.72
9362,2015,86.68
9362,2016,85.02
9363,1979,50.5
9363,1980,47.24
9363,1981,60.0
9363,1982,51.12
9371,1979,48.18
9371,1980,43.33
9371,1981,54.31
9371,1982,54.01
9371,1983,46.56
9371,1984,53.23
9371,1985,54.43
9371,1986,52.2
9371,1987,46.86
9371,1988,53.14
9371,1989,55.96
9371,1990,56.21
9371,1991,58.13
9371,1992,58.83
9371,1993,61.94
9371,1994,53.11
9371,1995,58.57
9371,1996,63.98
9371,1997,60.65
9371,1998,63.93
9371,1999,60.01
9371,2000,64.3
9371,2001,53.12
9371,2002,60.57
9371,2003,49.8
9371,2004,51.32
9371,2005,58.56
9371,2006,48.65
9371,2007,62.62
9371,2008,46.3
9371,2009,51.22
9371,2010,50.25
9371,2011,53.93
9371,2012,53.27
9371,2013,41.84
9371,2014,48.97
9371,2015,55.07
9371,2016,80.1
9372,1979,46.5
9372,1980,36.19
9372,1981,36.21
9372,1982,40.9
9372,1983,43.55
9372,1984,47.09
9372,1985,51.69
9372,1986,49.71
9372,1987,50.32
9372,1988,51.98
9372,1989,48.85
9372,1990,55.47
9372,1991,53.1
9372,1992,50.51
9372,1993,56.29
9372,1994,50.26
9372,1995,51.64
9372,1996,58.39
9372,1997,58.77
9372,1998,64.51
9372,1999,57.48
9372,2000,62.2
9372,2001,55.18
9372,2002,58.7
9372,2003,52.84
9372,2004,55.45
9372,2005,60.67
9372,2006,65.54
9372,2007,68.89
9372,2008,51.07
9372,2009,50.92
9372,2010,53.5
9372,2011,51.85
9372,2012,54.09
9372,2013,55.54
9372,2014,86.79
9372,2015,56.09
9373,1979,47.94
9373,1980,41.39
9373,1981,52.11
9373,1982,51.19
9373,1983,51.0
9373,1984,51.33
9373,1985,55.71
9373,1986,53.63
9373,1987,51.82
9373,1988,51.5
9373,1989,50.38
9373,1990,53.95
9373,1991,52.38
9373,1992,47.11
9373,1993,60.64
9373,1994,49.83
9373,1995,50.88
9373,1996,55.38
9373,1997,54.68
9373,1998,60.27
9373,1999,54.0
9373,2000,54.11
9373,2001,52.05
9373,2002,54.32
9373,2003,39.53
9373,2004,51.9
9373,2005,61.39
9373,2006,63.0
9373,2007,63.16
9373,2008,46.26
9373,2009,50.15
9373,2010,51.43
9373,2011,57.49
9373,2012,54.61
9373,2013,58.14
9373,2014,86.4
9373,2015,58.13
9373,2016,80.1
9374,1979,50.5
9374,1980,49.25
9374,1981,60.0
9374,1982,51.12
9374,1983,42.47
9374,1984,52.1
9374,1985,52.81
9374,1986,51.7
9374,1987,50.27
9374,1988,52.63
9374,1989,50.96
9374,1990,56.33
9374,1991,52.65
9374,1992,52.73
9374,1993,54.67
9374,1994,58.17
9374,1995,52.65
9374,1996,58.81
9374,1997,58.19
9374,1998,61.45
9374,1999,61.36
9374,2000,63.27
9374,2001,57.65
9374,2002,60.21
9374,2016,80.1
9375,1979,53.2
9375,1980,49.07
9375,1981,62.22
9375,1982,60.28
9375,1983,53.58
9375,1984,56.35
9375,1985,62.67
9375,1986,60.42
9375,1987,55.82
9375,1988,58.45
9375,1989,63.99
9375,1990,64.32
9375,1991,58.4
9375,1992,57.91
9375,1993,63.92
9375,1994,59.34
9375,1995,61.56
9375,1996,61.48
9375,1997,62.73
9375,1998,68.45
9375,1999,65.97
9375,2000,74.07
9375,2001,69.74
9375,2002,72.1
9375,2003,60.65
9375,2004,71.33
9375,2005,66.85
9375,2006,69.72
9375,2007,79.49
9375,2008,72.28
9375,2009,80.3
9375,2010,75.83
9375,2011,88.43
9375,2012,85.62
9375,2013,68.44
9375,2014,86.48
9375,2015,75.51
9375,2016,85.91
9375,2017,88.67
9375,2018,85.16
9375,2019,83.81
9375,2020,91.52
9375,2021,90.62
9376,1979,51.39
9376,1980,48.7
9376,1981,52.19
9376,1982,50.83
9376,1983,43.55
9376,1984,47.66
9376,1985,51.74
9376,1986,53.22
9376,1987,49.64
9376,1988,51.17
9376,1989,52.05
9376,1990,56.4
9376,1991,50.46
9376,1992,47.98
9376,1993,61.62
9376,1994,49.57
9376,1995,55.83
9376,1996,55.67
9376,1997,54.43
9376,1998,59.81
9376,1999,56.21
9376,2000,59.18
9376,2001,62.2
9376,2002,67.96
9376,2003,45.32
9376,2004,53.31
9376,2005,60.33
9376,2006,59.36
9376,2007,69.32
9376,2008,50.59
9376,2009,51.7
9376,2010,54.04
9376,2011,51.67
9376,2012,55.62
9376,2013,60.61
9376,2014,85.73
9376,2015,70.26
9376,2016,80.1
9377,1979,47.0
9377,1980,47.24
9377,1981,41.38
9377,1982,53.16
9377,1983,42.46
9377,1984,51.09
9377,1985,50.13
9377,1986,50.7
9377,1987,50.14
9377,1988,51.7
9377,1989,51.46
9377,1990,56.17
9377,1991,52.11
9377,1992,49.02
9377,1993,55.91
9377,1994,50.13
9377,1995,51.98
9377,1996,57.8
9377,1997,56.35
9377,1998,60.68
9377,2003,49.08
9377,2004,53.18
9377,2005,59.49
9377,2006,59.89
9377,2007,63.95
9377,2008,49.36
9377,2009,52.41
9377,2010,54.51
9377,2011,52.05
9377,2012,55.13
9377,2013,60.45
9377,2014,83.69
9377,2015,60.16
9377,2016,80.1
9461,1979,45.0
9461,1980,43.22
9461,1981,49.65
9461,1982,47.03
9461,1983,31.98
9461,1984,48.09
9461,1985,46.22
9461,1986,46.73
9461,1987,46.08
9461,1988,44.33
9461,1989,48.34
9461,1990,49.96
9461,1991,42.58
9461,1992,56.4
9461,1993,54.4
9461,1994,50.76
9461,1995,53.12
9461,1996,56.21
9461,1997,49.17
9461,1998,55.09
9461,1999,59.49
9461,2000,65.32
9461,2001,53.17
9461,2002,59.44
9461,2003,40.05
9461,2004,63.91
9461,2005,59.57
9461,2006,52.79
9461,2007,60.04
9461,2008,52.83
9461,2009,57.61
9461,2010,61.87
9461,2011,66.62
9461,2012,63.62
9461,2013,56.54
9461,2014,68.36
9461,2015,52.01
9461,2016,69.1
9462,1979,45.0
9462,1980,43.22
9462,1981,45.52
9462,1982,46.01
9462,1983,37.97
9462,1984,45.08
9462,1985,45.21
9462,1986,54.68
9462,1987,41.07
9462,1988,43.3
9462,1989,49.61
9462,1990,50.48
9462,1991,43.09
9462,1992,51.21
9462,1993,53.5
9462,1994,47.83
9462,1995,49.68
9462,1996,54.6
9462,1997,47.65
9462,1998,52.56
9462,1999,58.47
9462,2000,52.95
9462,2001,44.69
9462,2002,47.96
9462,2003,38.49
9462,2004,53.93
9462,2005,50.35
9462,2006,50.17
9462,2007,53.86
9462,2008,61.46
9462,2009,64.94
9462,2010,71.38
9462,2011,71.26
9462,2012,60.46
9462,2013,57.79
9462,2014,63.26
9462,2015,51.9
9462,2016,80.1
9463,1979,48.0
9463,1980,48.25
9463,1981,49.71
9463,1982,51.12
9463,1983,32.97
9463,1984,46.08
9463,1985,58.28
9463,1986,57.66
9463,1987,52.09
9463,1988,42.83
9463,1989,51.93
9463,1990,51.04
9463,1991,41.63
9463,1992,52.56
9463,1993,58.2
9463,1994,49.82
9463,1995,53.05
9463,1996,55.08
9463,1997,49.63
9463,1998,56.15
9463,1999,60.52
9463,2000,64.32
9463,2001,55.16
9463,2002,57.68
9463,2003,50.59
9463,2004,60.49
9463,2005,55.46
9463,2006,56.29
9463,2007,60.01
9463,2008,55.8
9463,2009,68.8
9463,2010,67.64
9463,2011,68.2
9463,2012,70.19
9463,2013,60.58
9463,2014,85.7
9463,2015,40.79
9463,2016,46.87
9464,1979,43.5
9464,1980,42.22
9464,1981,47.59
9464,1982,47.03
9464,1983,41.97
9464,1984,40.07
9464,1985,43.2
9464,1986,42.75
9464,1987,43.58
9464,1988,45.26
9464,1989,46.77
9464,1990,48.94
9464,1991,40.06
9464,1992,40.36
9464,1993,47.13
9464,1994,48.14
9464,1995,50.64
9464,1996,57.13
9464,1997,54.16
9464,1998,53.41
9471,1979,46.1
9471,1980,46.52
9471,1981,51.38
9471,1982,50.38
9471,1983,37.99
9471,1984,46.9
9471,1985,47.74
9471,1986,48.27
9471,1987,48.56
9471,1988,44.43
9471,1989,47.83
9471,1990,54.4
9471,1991,42.04
9471,1992,55.19
9471,1993,57.33
9471,1994,47.96
9471,1995,51.6
9471,1996,56.65
9471,1997,48.61
9471,1998,54.31
9471,1999,55.48
9471,2000,58.37
9471,2001,53.07
9471,2002,55.58
9471,2003,40.1
9471,2004,59.13
9471,2005,54.47
9471,2006,52.62
9471,2007,60.04
9471,2008,52.51
9471,2009,57.69
9471,2010,60.93
9471,2011,76.59
9471,2012,65.05
9471,2013,58.81
9471,2014,65.87
9471,2015,51.81
9471,2016,54.0
9471,2017,82.26
9471,2018,43.38
9471,2020,60.98
9471,2021,60.57
9472,1979,45.8
9472,1980,34.97
9472,1981,44.71
9472,1982,46.74
9472,1983,38.05
9472,1984,44.23
9472,1985,43.61
9472,1986,43.8
9472,1987,39.61
9472,1988,43.05
9472,1989,47.74
9472,1990,48.66
9472,1991,42.94
9472,1992,51.51
9472,1993,56.16
9472,1994,47.17
9472,1995,48.99
9472,1996,54.18
9472,1997,46.74
9472,1998,52.3
9472,1999,54.81
9472,2000,50.68
9472,2001,44.39
9472,2002,47.19
9472,2003,36.92
9472,2004,51.41
9472,2005,45.23
9472,2006,44.72
9472,2007,52.1
9472,2008,61.88
9472,2009,65.0
9472,2010,69.77
9472,2011,72.93
9472,2012,61.2
9472,2013,57.55
9472,2014,61.21
9472,2015,51.8
9472,2016,48.0
9473,1979,45.94
9473,1980,43.67
9473,1981,49.99
9473,1982,48.28
9473,1983,36.61
9473,1984,45.65
9473,1985,49.41
9473,1986,49.41
9473,1987,46.51
9473,1988,42.4
9473,1989,48.69
9473,1990,50.93
9473,1991,41.13
9473,1992,52.36
9473,1993,57.07
9473,1994,49.56
9473,1995,53.48
9473,1996,55.5
9473,1997,50.3
9473,1998,56.17
9473,1999,56.2
9473,2000,61.28
9473,2001,53.55
9473,2002,59.27
9473,2003,47.22
9473,2004,60.44
9473,2005,60.89
9473,2006,54.16
9473,2007,58.11
9473,2008,58.41
9473,2009,68.38
9473,2010,66.78
9473,2011,67.02
9473,2012,72.42
9473,2013,65.01
9473,2014,79.34
9473,2015,68.68
9473,2016,70.41
9473,2017,91.91
9473,2018,49.08
9474,1979,46.23
9474,1980,43.18
9474,1981,47.21
9474,1982,52.61
9474,1983,37.1
9474,1984,45.72
9474,1985,45.41
9474,1986,45.17
9474,1987,43.95
9474,1988,42.82
9474,1989,45.18
9474,1990,49.07
9474,1991,39.18
9474,1992,55.33
9474,1993,53.65
9474,1994,47.94
9474,1995,48.88
9474,1996,55.86
9474,1997,44.31
9474,1998,52.44
9474,1999,55.23
9474,2000,60.56
9474,2001,53.45
9474,2002,60.01
9474,2003,39.93
9474,2004,64.92
9474,2005,45.06
9474,2006,53.16
9474,2007,51.44
9474,2008,55.56
9474,2009,62.81
9474,2010,56.29
9474,2011,66.97
9474,2012,64.48
9474,2013,54.79
9474,2014,71.49
9474,2015,50.57
9474,2016,65.36
9475,1979,44.69
9475,1980,37.71
9475,1981,47.4
9475,1982,45.68
9475,1983,39.34
9475,1984,40.28
9475,1985,43.4
9475,1986,43.44
9475,1987,40.07
9475,1988,45.26
9475,1989,46.26
9475,1990,48.85
9475,1991,39.05
9475,1992,44.1
9475,1993,48.98
9475,1994,45.62
9475,1995,50.39
9475,1996,58.9
9475,1997,53.66
9475,1998,52.32
9475,1999,61.57
9475,2000,73.59
9475,2001,54.36
9475,2002,60.8
9475,2003,47.89
9475,2004,57.52
9475,2005,52.58
9475,2006,51.18
9475,2007,51.73
9475,2008,58.54
9475,2009,54.08
9475,2010,54.0
9475,2011,49.22
9475,2012,53.1
9475,2013,42.41
9475,2014,81.67
9475,2015,45.89
9476,1979,45.0
9476,1980,40.7
9476,1981,48.69
9476,1982,46.98
9476,1983,35.0
9476,1984,37.57
9476,1985,46.6
9476,1986,48.72
9476,1987,42.06
9476,1988,43.69
9476,1989,44.78
9476,1990,48.44
9476,1991,40.32
9476,1992,47.5
9476,1993,50.38
9476,1994,47.17
9476,1995,49.94
9476,1996,53.65
9476,1997,47.7
9476,1998,58.77
9476,1999,59.49
9476,2000,50.1
9476,2001,48.54
9476,2002,46.05
9476,2003,36.18
9476,2004,62.88
9476,2005,68.12
9476,2006,53.24
9477,1979,41.38
9477,1980,37.08
9477,1981,39.04
9477,1982,41.64
9477,1983,39.47
9477,1984,44.08
9477,1985,48.23
9477,1986,52.36
9477,1987,46.76
9477,1988,49.59
9477,1989,44.28
9477,1990,48.06
9477,1991,39.25
9477,1992,43.02
9477,1993,48.74
9477,1994,46.1
9477,1995,48.96
9477,1996,54.16
9477,1997,50.13
9477,1998,57.17
9477,1999,49.31
9477,2000,67.4
9477,2001,50.17
9477,2002,54.57
9477,2003,39.61
9477,2004,56.41
9477,2005,65.56
9477,2006,57.39
9477,2007,54.51
9477,2008,57.71
9477,2009,61.4
9477,2010,57.16
9477,2011,69.13
9477,2012,60.84
9477,2013,56.21
9477,2014,66.35
9477,2015,50.99
9477,2016,80.1
9478,1979,47.29
9478,1980,38.1
9478,1981,46.06
9478,1982,54.33
9478,1983,41.31
9478,1984,48.02
9478,1985,49.37
9478,1986,52.26
9478,1987,45.88
9478,1988,44.55
9478,1989,50.64
9478,1990,52.23
9478,1991,42.64
9478,1992,50.16
9478,1993,50.11
9478,1994,50.1
9478,1995,51.49
9478,1996,54.24
9478,1997,50.31
9478,1998,57.0
9478,1999,56.02
9478,2000,60.72
9478,2001,64.03
9478,2002,60.94
9478,2003,48.1
9478,2004,62.93
9478,2005,61.75
9478,2006,55.47
9478,2007,55.29
9478,2008,61.83
9478,2009,67.25
9478,2010,67.67
9478,2011,84.3
9478,2012,59.19
9478,2013,63.4
9478,2014,77.54
9478,2015,48.62
9478,2016,60.95
9479,1979,41.05
9479,1980,42.48
9479,1981,46.05
9479,1982,46.21
9479,1983,39.2
9479,1984,40.07
9479,1985,44.56
9479,1986,45.73
9479,1987,40.28
9479,1988,43.87
9479,1989,45.1
9479,1990,48.38
9479,1991,40.19
9479,1992,44.85
9479,1993,48.66
9479,1994,48.14
9479,2003,47.06
9479,2004,56.26
9479,2005,64.18
9479,2006,54.65
9561,1979,42.0
9561,1980,43.72
9561,1981,51.72
9561,1982,44.99
9561,1983,34.97
9561,1984,35.06
9561,1985,50.24
9561,1986,48.72
9561,1987,42.08
9561,1988,49.2
9561,1989,50.39
9561,1990,53.14
9561,1991,43.07
9561,1992,47.11
9561,1993,53.85
9561,1994,47.04
9561,1995,50.32
9561,1996,58.11
9561,1997,49.96
9561,1998,59.08
9561,1999,61.57
9561,2000,62.24
9561,2001,54.21
9561,2002,60.27
9561,2003,40.09
9561,2004,61.64
9561,2005,51.7
9561,2006,53.39
9561,2007,65.22
9561,2008,53.32
9561,2009,69.3
9561,2010,52.4
9561,2011,73.28
9561,2012,65.64
9561,2013,60.58
9561,2014,83.66
9561,2015,61.18
9561,2016,58.91
9562,1979,41.5
9562,1980,42.22
9562,1981,51.72
9562,1982,52.14
9562,1983,41.96
9562,1984,41.58
9562,1985,48.73
9562,1986,48.72
9562,1987,49.09
9562,1988,47.23
9562,1989,49.34
9562,1990,53.09
9562,1991,42.55
9562,1992,52.23
9562,1993,52.38
9562,1994,49.57
9562,1995,51.11
9562,1996,53.12
9562,1997,49.63
9562,1998,53.01
9562,1999,50.26
9562,2000,56.58
9562,2001,51.17
9562,2002,52.57
9562,2003,43.5
9562,2004,55.45
9562,2005,55.79
9562,2006,54.25
9562,2007,69.84
9562,2008,61.42
9562,2009,69.96
9562,2010,61.32
9562,2011,77.48
9562,2012,61.14
9562,2013,60.83
9562,2014,72.46
9562,2015,46.91
9562,2016,80.1
9563,1979,46.29
9563,1980,47.49
9563,1981,54.79
9563,1982,52.27
9563,1983,37.1
9563,1984,44.63
9563,1985,50.74
9563,1986,46.73
9563,1987,50.09
9563,1988,44.28
9563,1989,47.32
9563,1990,52.91
9563,1991,42.06
9563,1992,50.9
9563,1993,53.86
9563,1994,48.56
9563,1995,53.12
9563,1996,55.11
9563,1997,50.4
9563,1998,53.72
9563,1999,55.39
9563,2000,61.19
9563,2001,48.19
9563,2002,57.07
9563,2003,41.11
9563,2004,56.39
9563,2005,58.14
9563,2006,56.33
9563,2007,60.01
9563,2008,53.35
9563,2009,59.52
9563,2010,68.13
9563,2011,70.97
9563,2012,50.49
9563,2013,50.48
9563,2014,81.62
9563,2015,50.99
9563,2016,50.0
9564,1979,48.0
9564,1980,48.25
9564,1981,54.83
9564,1982,49.53
9564,1983,39.88
9564,1984,49.09
9564,1985,49.23
9564,1986,41.76
9564,1987,51.09
9564,1988,48.22
9564,1989,47.82
9564,1990,52.05
9564,1991,45.06
9564,1992,44.81
9564,1993,51.03
9564,1994,47.73
9564,1995,52.61
9564,1996,51.06
9564,1997,48.48
9564,1998,53.45
9564,1999,53.88
9564,2000,57.03
9564,2001,53.5
9564,2002,53.81
9564,2003,43.76
9564,2004,54.46
9564,2005,53.96
9564,2006,49.13
9564,2007,61.06
9564,2008,60.42
9564,2009,62.17
9564,2010,66.04
9564,2011,67.17
9564,2012,65.87
9564,2013,61.63
9564,2014,70.47
9564,2015,60.16
9564,2016,80.1
9565,1979,40.0
9565,1980,38.2
9565,1981,33.1
9565,1982,53.16
9565,1983,32.97
9565,1984,45.08
9565,1985,48.23
9565,1986,44.74
9565,1987,40.07
9565,1988,45.76
9565,1989,50.42
9565,1990,50.02
9565,1991,40.05
9565,1992,46.1
9565,1993,57.92
9565,1994,48.39
9565,1995,48.1
9565,1996,53.23
9565,1997,50.13
9565,1998,55.17
9565,1999,61.55
9565,2000,62.23
9565,2001,52.22
9565,2002,61.72
9565,2003,45.27
9565,2004,59.15
9565,2005,63.65
9565,2006,59.44
9565,2007,64.2
9565,2008,63.88
9565,2009,64.59
9565,2010,60.31
9565,2011,63.57
9565,2012,73.24
9565,2013,68.73
9565,2014,70.43
9565,2015,55.07
9565,2016,80.1
9571,1979,46.53
9571,1980,47.2
9571,1981,54.19
9571,1982,53.14
9571,1983,35.66
9571,1984,46.75
9571,1985,49.59
9571,1986,52.06
9571,1987,50.73
9571,1988,50.02
9571,1989,50.59
9571,1990,52.42
9571,1991,43.02
9571,1992,51.81
9571,1993,57.62
9571,1994,48.32
9571,1995,52.15
9571,1996,58.01
9571,1997,53.49
9571,1998,58.88
9571,1999,56.79
9571,2000,63.93
9571,2001,53.69
9571,2002,66.4
9571,2003,40.64
9571,2004,62.33
9571,2005,61.58
9571,2006,62.13
9571,2007,64.87
9571,2008,57.49
9571,2009,69.1
9571,2010,51.22
9571,2011,72.92
9571,2012,66.95
9571,2013,64.88
9571,2014,76.52
9571,2015,52.88
9571,2016,66.17
9571,2017,91.73
9571,2018,47.17
9571,2019,69.93
9571,2020,57.23
9571,2021,83.25
9572,1979,47.97
9572,1980,50.57
9572,1981,50.47
9572,1982,53.25
9572,1983,38.03
9572,1984,47.14
9572,1985,51.3
9572,1986,48.93
9572,1987,48.5
9572,1988,47.01
9572,1989,46.96
9572,1990,52.89
9572,1991,45.59
9572,1992,50.65
9572,1993,53.55
9572,1994,47.63
9572,1995,48.17
9572,1996,52.26
9572,1997,47.77
9572,1998,53.63
9572,1999,52.53
9572,2000,60.61
9572,2001,50.48
9572,2002,54.86
9572,2003,43.34
9572,2004,54.3
9572,2005,55.82
9572,2006,58.32
9572,2007,68.7
9572,2008,61.82
9572,2009,69.42
9572,2010,60.75
9572,2011,77.04
9572,2012,60.13
9572,2013,62.81
9572,2014,71.47
9572,2015,46.35
9572,2016,48.2
9573,1979,46.29
9573,1980,47.49
9573,1981,54.79
9573,1982,52.27
9573,1983,37.1
9573,1984,44.63
9573,1985,48.37
9573,1986,46.81
9573,1987,49.6
9573,1988,44.03
9573,1989,46.17
9573,1990,52.59
9573,1991,40.71
9573,1992,51.77
9573,1993,55.29
9573,1994,46.71
9573,1995,54.52
9573,1996,54.84
9573,1997,47.69
9573,1998,53.66
9573,1999,51.18
9573,2000,57.4
9573,2001,46.87
9573,2002,59.77
9573,2003,34.43
9573,2004,53.48
9573,2005,55.14
9573,2006,52.57
9573,2007,59.41
9573,2008,52.21
9573,2009,58.76
9573,2010,69.61
9573,2011,71.53
9573,2012,53.6
9573,2013,59.42
9573,2014,76.01
9573,2015,45.88
9573,2016,55.66
9573,2017,72.33
9573,2018,43.25
9573,2019,72.17
9573,2020,64.93
9573,2021,84.83
9574,1979,47.89
9574,1980,42.69
9574,1981,50.62
9574,1982,49.53
9574,1983,39.85
9574,1984,44.22
9574,1985,48.43
9574,1986,45.36
9574,1987,41.02
9574,1988,44.83
9574,1989,45.57
9574,1990,48.55
9574,1991,45.31
9574,1992,48.14
9574,1993,53.24
9574,1994,47.51
9574,1995,51.06
9574,1996,50.92
9574,1997,50.2
9574,1998,53.46
9574,1999,53.34
9574,2000,57.01
9574,2001,53.16
9574,2002,51.53
9574,2003,43.83
9574,2004,54.49
9574,2005,50.79
9574,2006,50.55
9574,2007,59.79
9574,2008,59.86
9574,2009,59.52
9574,2010,65.78
9574,2011,66.52
9574,2012,65.64
9574,2013,63.61
9574,2014,66.31
9574,2015,61.18
9574,2016,62.0
9575,1979,49.05
9575,1980,51.89
9575,1981,59.26
9575,1982,56.92
9575,1983,39.37
9575,1984,52.98
9575,1985,56.8
9575,1986,57.46
9575,1987,54.41
9575,1988,50.99
9575,1989,51.6
9575,1990,56.06
9575,1991,49.97
9575,1992,60.33
9575,1993,59.07
9575,1994,53.75
9575,1995,59.81
9575,1996,61.34
9575,1997,56.3
9575,1998,60.15
9575,1999,61.42
9575,2000,73.03
9575,2001,60.77
9575,2002,72.6
9575,2003,50.59
9575,2004,67.07
9575,2005,66.99
9575,2006,69.49
9575,2007,69.86
9575,2008,66.28
9575,2009,78.61
9575,2010,57.83
9575,2011,86.29
9575,2012,70.15
9575,2013,78.52
9575,2014,92.05
9575,2015,56.93
9575,2016,70.59
9575,2017,95.23
9575,2018,60.93
9575,2019,79.16
9575,2020,70.2
9575,2021,91.07
9576,1979,46.59
9576,1980,45.14
9576,1981,53.25
9576,1982,53.81
9576,1983,34.34
9576,1984,47.06
9576,1985,48.79
9576,1986,50.0
9576,1987,48.59
9576,1988,46.41
9576,1989,50.68
9576,1990,49.42
9576,1991,42.04
9576,1992,54.75
9576,1993,57.69
9576,1994,48.7
9576,1995,50.08
9576,1996,53.36
9576,1997,52.1
9576,1998,55.53
9576,1999,55.0
9576,2000,62.58
9576,2001,51.71
9576,2002,63.05
9576,2003,45.27
9576,2004,59.25
9576,2005,63.5
9576,2006,59.3
9576,2007,63.83
9576,2008,63.8
9576,2009,64.29
9576,2010,59.12
9576,2011,63.32
9576,2012,78.95
9576,2013,74.01
9576,2014,71.99
9576,2015,54.87
9576,2016,71.56
9576,2017,76.22
9577,1979,49.12
9577,1980,45.64
9577,1981,53.78
9577,1982,50.8
9577,1983,40.43
9577,1984,52.07
9577,1985,50.09
9577,1986,53.34
9577,1987,48.32
9577,1988,49.86
9577,1989,50.54
9577,1990,52.66
9577,1991,48.3
9577,1992,53.58
9577,1993,58.07
9577,1994,51.31
9577,1995,49.61
9577,1996,54.52
9577,1997,53.35
9577,1998,59.47
9577,1999,59.75
9577,2000,63.26
9577,2001,58.68
9577,2002,69.85
9577,2003,44.78
9577,2004,60.42
9577,2005,66.89
9577,2006,59.84
9577,2007,71.63
9577,2008,63.71
9577,2009,70.18
9577,2010,78.3
9577,2011,75.93
9577,2012,77.06
9577,2013,69.36
9577,2014,88.43
9577,2015,55.75
9577,2016,78.49
9577,2018,63.66
9577,2019,62.62
9661,1979,49.0
9661,1980,49.43
9661,1981,58.96
9661,1982,52.14
9661,1983,38.98
9661,1984,51.59
9661,1985,53.25
9661,1986,51.7
9661,1987,44.28
9661,1988,46.74
9661,1989,53.32
9661,1990,51.53
9661,1991,41.05
9661,1992,54.08
9661,1993,57.88
9661,1994,53.89
9661,1995,55.07
9661,1996,60.1
9661,1997,51.12
9661,1998,57.24
9661,1999,52.31
9661,2000,68.46
9661,2001,61.2
9661,2002,66.5
9661,2003,36.95
9661,2004,66.76
9661,2005,60.59
9661,2006,59.36
9661,2007,70.35
9661,2008,58.84
9661,2009,62.68
9662,1979,44.18
9662,1980,50.84
9662,1981,57.29
9662,1982,51.12
9662,1983,39.97
9662,1984,58.11
9662,1985,55.26
9662,1986,54.68
9662,1987,53.1
9662,1988,45.8
9662,1989,51.42
9662,1990,53.61
9662,1991,40.05
9662,1992,56.84
9662,1993,57.88
9662,1994,55.8
9662,1995,56.24
9662,1996,58.07
9662,1997,51.99
9662,1998,57.22
9662,1999,61.06
9662,2000,72.64
9662,2001,55.29
9662,2002,65.41
9662,2003,32.67
9662,2004,66.64
9662,2005,57.51
9662,2006,60.39
9662,2007,60.01
9662,2008,55.8
9662,2009,75.94
9662,2010,70.39
9662,2011,74.0
9662,2012,68.67
9662,2013,55.53
9662,2014,82.64
9662,2015,41.81
9662,2016,59.16
9663,1979,53.0
9663,1980,51.26
9663,1981,62.07
9663,1982,54.19
9663,1983,39.96
9663,1984,53.1
9663,1985,56.27
9663,1986,57.66
9663,1987,65.12
9663,1988,55.1
9663,1989,53.49
9663,1990,54.19
9663,1991,44.09
9663,1992,59.2
9663,1993,58.9
9663,1994,56.68
9663,1995,63.21
9663,1996,53.2
9663,1997,58.87
9663,1998,62.39
9663,1999,63.6
9663,2000,72.65
9663,2001,60.26
9663,2002,70.09
9663,2003,50.59
9663,2004,69.89
9663,2005,65.73
9663,2006,63.46
9663,2007,71.39
9663,2008,68.99
9663,2009,76.97
9663,2010,67.04
9663,2011,83.37
9663,2012,71.22
9663,2013,70.68
9663,2014,85.7
9663,2015,63.22
9663,2016,85.64
9671,1979,49.2
9671,1980,49.43
9671,1981,56.77
9671,1982,54.7
9671,1983,42.09
9671,1984,51.59
9671,1985,51.86
9671,1986,54.12
9671,1987,50.46
9671,1988,50.69
9671,1989,57.12
9671,1990,54.12
9671,1991,43.57
9671,1992,58.95
9671,1993,52.83
9671,1994,55.23
9671,1995,54.96
9671,1996,62.59
9671,1997,52.35
9671,1998,59.81
9671,1999,57.89
9671,2000,65.83
9671,2001,61.14
9671,2002,66.18
9671,2003,35.72
9671,2004,66.74
9671,2005,60.13
9671,2006,59.6
9671,2007,65.69
9671,2008,61.07
9671,2009,61.8
9671,2010,68.08
9671,2011,68.99
9671,2012,78.78
9671,2013,68.56
9671,2014,79.91
9671,2015,48.1
9671,2016,78.0
9672,1979,46.08
9672,1980,45.57
9672,1981,51.14
9672,1982,49.74
9672,1983,36.51
9672,1984,48.35
9672,1985,49.47
9672,1986,52.7
9672,1987,51.24
9672,1988,44.97
9672,1989,56.59
9672,1990,49.03
9672,1991,42.2
9672,1992,54.6
9672,1993,54.36
9672,1994,50.72
9672,1995,52.1
9672,1996,57.32
9672,1997,55.37
9672,1998,57.19
9672,1999,58.11
9672,2000,63.58
9672,2001,56.46
9672,2002,62.86
9672,2003,42.55
9672,2004,63.35
9672,2005,59.24
9672,2006,61.67
9672,2007,60.29
9672,2008,54.11
9672,2009,70.71
9672,2010,71.23
9672,2011,70.97
9672,2012,67.33
9672,2013,67.97
9672,2014,83.13
9672,2015,56.46
9672,2016,64.06
9672,2017,81.02
9672,2018,47.37
9672,2019,62.39
9672,2020,63.11
9672,2021,85.98
9673,1979,48.3
9673,1980,49.31
9673,1981,52.1
9673,1982,49.08
9673,1983,38.25
9673,1984,47.1
9673,1985,50.31
9673,1986,50.94
9673,1987,51.84
9673,1988,43.66
9673,1989,52.05
9673,1990,51.9
9673,1991,41.92
9673,1992,57.48
9673,1993,54.32
9673,1994,53.05
9673,1995,53.57
9673,1996,56.33
9673,1997,49.32
9673,1998,57.51
9673,1999,59.04
9673,2000,65.07
9673,2001,55.55
9673,2002,58.49
9673,2003,42.24
9673,2004,61.91
9673,2005,55.88
9673,2006,59.26
9673,2007,58.83
9673,2008,52.07
9673,2009,64.56
9673,2010,64.45
9673,2011,67.43
9673,2012,68.86
9673,2013,58.31
9673,2014,74.05
9673,2015,56.77
9673,2016,60.52
9673,2017,86.98
9673,2018,60.05
9673,2019,60.44
9673,2020,68.93
9673,2021,75.48
9674,1979,46.56
9674,1980,46.82
9674,1981,51.91
9674,1982,51.25
9674,1983,33.89
9674,1984,46.59
9674,1985,51.09
9674,1986,51.82
9674,1987,48.93
9674,1988,45.24
9674,1989,47.8
9674,1990,50.94
9674,1991,44.04
9674,1992,58.68
9674,1993,56.1
9674,1994,50.53
9674,1995,54.07
9674,1996,57.14
9674,1997,51.58
9674,1998,56.95
9674,1999,57.18
9674,2000,66.0
9674,2001,52.01
9674,2002,61.74
9674,2003,43.2
9674,2004,66.24
9674,2005,62.12
9674,2006,51.8
9674,2007,56.76
9674,2008,49.55
9674,2009,65.33
9674,2010,63.27
9674,2011,74.84
9674,2012,67.05
9674,2013,57.06
9674,2014,76.96
9674,2015,55.21
9674,2016,66.3
9674,2017,88.89
9674,2018,64.65
9674,2019,59.55
9674,2020,68.18
9674,2021,76.33
9675,1979,47.76
9675,1980,51.56
9675,1981,59.16
9675,1982,53.73
9675,1983,37.6
9675,1984,52.03
9675,1985,54.79
9675,1986,58.59
9675,1987,57.07
9675,1988,49.34
9675,1989,51.37
9675,1990,54.78
9675,1991,46.29
9675,1992,62.77
9675,1993,54.88
9675,1994,53.68
9675,1995,58.97
9675,1996,61.91
9675,1997,52.75
9675,1998,55.02
9675,1999,58.66
9675,2000,66.56
9675,2001,56.19
9675,2002,70.73
9675,2003,38.26
9675,2004,67.06
9675,2005,58.39
9675,2006,56.69
9675,2007,65.32
9675,2008,59.23
9675,2009,78.21
9675,2010,63.68
9675,2011,83.02
9675,2012,69.57
9675,2013,72.83
9675,2014,91.35
9675,2015,54.73
9675,2016,70.49
9675,2017,92.89
9675,2018,51.85
9675,2019,71.37
9675,2020,63.06
9675,2021,84.8
9676,1979,47.91
9676,1980,46.71
9676,1981,56.01
9676,1982,52.06
9676,1983,40.72
9676,1984,48.23
9676,1985,51.89
9676,1986,53.43
9676,1987,54.71
9676,1988,51.87
9676,1989,56.91
9676,1990,55.45
9676,1991,46.48
9676,1992,60.35
9676,1993,58.57
9676,1994,57.4
9676,1995,60.14
9676,1996,58.4
9676,1997,53.79
9676,1998,58.35
9676,1999,59.96
9676,2000,68.02
9676,2001,59.36
9676,2002,64.64
9676,2003,53.88
9676,2004,66.52
9676,2005,66.51
9676,2006,61.87
9676,2007,57.71
9676,2008,62.52
9676,2009,67.75
9676,2010,66.16
9676,2011,76.49
9676,2012,74.23
9676,2013,68.49
9676,2014,79.38
9676,2015,64.15
9676,2016,75.63
9676,2017,89.34
9676,2018,71.2
9676,2019,80.81
9676,2020,72.89
9677,1979,45.09
9677,1980,49.9
9677,1981,52.42
9677,1982,55.14
9677,1983,37.93
9677,1984,49.12
9677,1985,51.51
9677,1986,51.53
9677,1987,52.31
9677,1988,46.97
9677,1989,50.97
9677,1990,53.71
9677,1991,44.45
9677,1992,59.66
9677,1993,55.298
9677,1994,53.69
9677,1995,54.23
9677,1996,58.61
9677,1997,53.22
9677,1998,57.98
9677,1999,57.29
9677,2000,65.75
9677,2001,60.75
9677,2002,65.55
9677,2003,49.51
9677,2004,66.86
9677,2005,59.85
9677,2006,60.99
9677,2007,62.63
9677,2008,59.74
9677,2009,74.2
9677,2010,75.28
9677,2011,79.07
9677,2012,67.87
9677,2013,67.11
9677,2014,83.79
9677,2015,47.19
9677,2016,75.07
9677,2017,90.16
9677,2018,68.97
9677,2019,69.66
9677,2020,76.56
9677,2021,87.75
9678,1979,44.18
9678,1980,50.84
9678,1981,57.29
9678,1982,52.76
9678,1983,36.7
9678,1984,50.6
9678,1985,52.35
9678,1986,51.78
9678,1987,52.87
9678,1988,46.13
9678,1989,51.15
9678,1990,53.69
9678,1991,42.41
9678,1992,58.52
9678,1993,54.99
9678,1994,53.01
9678,1995,55.82
9678,1996,59.02
9678,1997,50.11
9678,1998,55.72
9678,1999,56.75
9678,2000,70.45
9678,2001,54.54
9678,2002,65.0
9678,2003,37.31
9678,2004,67.84
9678,2005,57.41
9678,2006,54.02
9678,2007,65.66
9678,2008,57.98
9678,2009,72.92
9678,2010,70.52
9678,2011,78.04
9678,2012,67.05
9678,2013,63.67
9678,2014,79.59
9678,2015,51.53
9678,2016,65.03
9678,2017,86.0
9678,2018,59.12
9678,2019,57.44
9678,2020,61.54
9678,2021,81.18
9679,1979,50.75
9679,1980,52.73
9679,1981,61.6
9679,1982,57.07
9679,1983,42.21
9679,1984,52.46
9679,1985,56.36
9679,1986,58.37
9679,1987,57.77
9679,1988,54.33
9679,1989,51.18
9679,1990,56.14
9679,1991,48.7
9679,1992,61.8
9679,1993,60.35
9679,1994,55.23
9679,1995,63.36
9679,1996,52.36
9679,1997,57.84
9679,1998,61.89
9679,1999,62.67
9679,2000,72.05
9679,2001,61.64
9679,2002,72.76
9679,2003,51.0
9679,2004,70.57
9679,2005,65.56
9679,2006,70.12
9679,2007,72.99
9679,2008,69.31
9679,2009,80.5
9679,2010,68.47
9679,2011,86.26
9679,2012,75.6
9679,2013,74.58
9679,2014,92.14
9679,2015,61.68
9679,2016,82.61
9679,2017,95.47
9679,2018,60.18
9679,2019,79.29
9679,2020,72.46
9679,2021,89.47
9761,1979,53.0
9761,1980,49.5
9761,1981,54.57
9761,1982,60.32
9761,1983,50.46
9761,1984,50.59
9761,1985,54.75
9761,1986,53.68
9761,1987,54.07
9761,1988,60.52
9761,1989,56.54
9761,1990,58.29
9761,1991,57.07
9761,1992,58.38
9761,1993,59.91
9761,1994,57.73
9761,1995,56.12
9761,1996,62.22
9761,1997,63.66
9761,1998,68.08
9761,1999,62.6
9761,2000,73.66
9761,2001,64.72
9761,2002,75.13
9761,2003,64.84
9761,2004,74.06
9761,2005,68.29
9761,2006,68.58
9761,2007,76.56
9761,2008,73.04
9761,2009,74.95
9761,2010,70.08
9761,2011,86.61
9761,2012,78.26
9761,2013,68.15
9761,2014,90.8
9761,2015,73.93
9761,2016,80.1
9762,2016,80.1
9764,1980,48.55
9764,1981,61.99
9764,1982,58.07
9771,1979,52.07
9771,1980,47.58
9771,1981,59.09
9771,1982,58.18
9771,1983,52.29
9771,1984,53.6
9771,1985,58.21
9771,1986,57.55
9771,1987,50.2
9771,1988,60.0
9771,1989,62.08
9771,1990,61.5
9771,1991,55.03
9771,1992,63.19
9771,1993,62.21
9771,1994,60.88
9771,1995,58.15
9771,1996,61.35
9771,1997,60.31
9771,1998,65.29
9771,1999,61.81
9771,2000,73.32
9771,2001,63.86
9771,2002,68.19
9771,2003,64.1
9771,2004,70.51
9771,2005,71.69
9771,2006,67.71
9771,2007,76.16
9771,2008,75.44
9771,2009,76.92
9771,2010,76.89
9771,2011,84.81
9771,2012,82.46
9771,2013,74.19
9771,2014,97.37
9771,2015,76.22
9771,2016,87.02
9771,2017,95.09
9771,2018,95.42
9771,2019,94.89
9771,2020,99.54
9771,2021,89.75
9772,1979,53.66
9772,1980,49.09
9772,1981,56.81
9772,1982,60.01
9772,1983,53.53
9772,1984,48.04
9772,1985,53.62
9772,1986,56.4
9772,1987,52.05
9772,1988,59.75
9772,1989,59.37
9772,1990,57.85
9772,1991,54.98
9772,1992,58.55
9772,1993,60.93
9772,1994,58.36
9772,1995,55.57
9772,1996,61.39
9772,1997,59.4
9772,1998,64.94
9772,1999,62.32
9772,2000,72.21
9772,2001,61.95
9772,2002,68.38
9772,2003,64.41
9772,2004,69.88
9772,2005,66.52
9772,2006,66.22
9772,2007,76.19
9772,2008,69.96
9772,2009,74.84
9772,2010,72.27
9772,2011,86.48
9772,2012,85.68
9772,2013,74.31
9772,2014,97.32
9772,2015,71.59
9772,2016,82.92
9772,2017,94.89
9772,2018,81.73
9772,2019,94.1
9772,2020,94.69
9772,2021,81.81
9773,1979,52.51
9773,1980,50.2
9773,1981,58.93
9773,1982,57.38
9773,1983,51.34
9773,1984,52.34
9773,1985,53.25
9773,1986,57.08
9773,1987,53.18
9773,1988,57.71
9773,1989,59.48
9773,1990,59.0
9773,1991,54.31
9773,1992,61.49
9773,1993,65.5
9773,1994,59.63
9773,1995,56.71
9773,1996,61.97
9773,1997,57.57
9773,1998,63.33
9773,1999,63.51
9773,2000,70.75
9773,2001,64.71
9773,2002,70.08
9773,2003,56.95
9773,2004,67.78
9773,2005,68.42
9773,2006,69.19
9773,2007,72.75
9773,2008,71.3
9773,2009,75.46
9773,2010,76.64
9773,2011,84.83
9773,2012,85.6
9773,2013,69.44
9773,2014,89.45
9773,2015,66.47
9773,2016,81.0
9773,2017,96.72
9773,2018,74.76
9773,2019,92.39
9773,2020,97.29
9773,2021,85.71
9774,1979,53.13
9774,1980,49.28
9774,1981,59.86
9774,1982,58.91
9774,1983,52.19
9774,1984,51.51
9774,1985,57.54
9774,1986,56.85
9774,1987,50.69
9774,1988,58.7
9774,1989,60.3
9774,1990,61.91
9774,1991,53.45
9774,1992,59.81
9774,1993,66.28
9774,1994,62.03
9774,1995,58.12
9774,1996,62.41
9774,1997,58.15
9774,1998,63.19
9774,1999,64.91
9774,2000,71.68
9774,2001,64.06
9774,2002,70.15
9774,2003,60.78
9774,2004,70.12
9774,2005,66.81
9774,2006,68.79
9774,2007,75.23
9774,2008,68.21
9774,2009,73.39
9774,2010,73.66
9774,2011,87.37
9774,2012,78.89
9774,2013,64.42
9774,2014,89.66
9774,2015,77.04
9774,2016,80.73
9774,2017,102.74
9774,2018,87.47
9774,2019,98.16
9774,2020,97.96
9774,2021,88.63
9775,1979,52.4
9775,1980,47.79
9775,1981,58.62
9775,1982,55.72
9775,1983,49.99
9775,1984,52.31
9775,1985,52.31
9775,1986,55.59
9775,1987,53.22
9775,1988,57.27
9775,1989,62.53
9775,1990,63.96
9775,1991,55.61
9775,1992,61.19
9775,1993,66.92
9775,1994,59.03
9775,1995,60.08
9775,1996,62.59
9775,1997,61.92
9775,1998,63.68
9775,1999,64.13
9775,2000,67.79
9775,2001,63.94
9775,2002,70.49
9775,2003,66.53
9775,2004,64.98
9775,2005,67.41
9775,2006,63.74
9775,2007,69.51
9775,2008,67.84
9775,2009,70.95
9775,2010,71.14
9775,2011,78.81
9775,2012,70.39
9775,2013,57.72
9775,2014,74.17
9775,2015,57.47
9775,2016,69.69
9775,2017,83.9
9775,2018,78.02
9775,2019,78.5
9775,2020,83.52
9775,2021,74.05
9776,1987,49.59
9776,1988,55.62
9776,1989,58.61
9776,1990,58.31
9777,1979,42.46
9777,1980,45.23
9777,1981,66.05
9777,1982,55.84
9777,1983,53.8
9777,1984,40.07
9777,1985,47.61
9777,1986,49.21
9777,1987,50.09
9777,1988,64.24
9777,1989,46.73
9777,1990,55.22
9777,1991,50.06
9777,1992,53.26
9777,1993,54.86
9777,1994,54.34
9777,1995,56.89
9777,1996,60.01
9777,1997,56.14
9777,1998,62.95
9777,1999,49.24
9777,2000,67.37
9777,2001,57.29
9777,2002,59.73
9777,2003,55.34
9777,2004,63.57
9777,2005,71.89
9777,2006,69.6
9777,2007,74.8
9777,2008,78.63
9777,2009,74.92
9777,2010,75.43
9777,2011,62.98
9777,2012,69.68
9777,2013,62.6
9777,2014,99.98
9777,2015,63.22
9777,2016,72.0
9778,1979,48.16
9778,1980,48.55
9778,1981,61.99
9778,1982,58.07
9778,1983,53.01
9778,1984,52.98
9778,1985,54.46
9778,1986,50.83
9778,1987,49.66
9778,1988,56.12
9778,1989,59.72
9778,1990,59.47
9778,1991,52.78
9778,1992,56.54
9778,1993,59.48
9778,1994,59.57
9778,1995,51.97
9778,1996,60.5
9778,1997,53.2
9778,1998,65.4
9778,1999,62.14
9778,2000,64.69
9778,2001,58.81
9778,2002,64.52
9778,2003,64.59
9778,2004,68.73
9778,2005,67.63
9778,2006,63.47
9778,2007,73.3
9778,2008,65.99
9778,2009,65.87
9778,2010,70.54
9778,2011,70.19
9778,2012,73.05
9778,2013,78.75
9778,2014,86.72
9778,2015,67.19
9778,2016,85.0
9779,1979,53.33
9779,1980,50.61
9779,1981,59.54
9779,1982,59.33
9779,1983,55.18
9779,1984,55.23
9779,1985,56.83
9779,1986,57.06
9779,1987,55.19
9779,1988,59.67
9779,1989,63.18
9779,1990,62.57
9779,1991,55.99
9779,1992,59.21
9779,1993,63.87
9779,1994,59.27
9779,1995,56.93
9779,1996,61.88
9779,1997,59.66
9779,1998,64.13
9779,1999,64.0
9779,2000,71.79
9779,2001,62.58
9779,2002,72.61
9779,2003,62.79
9779,2004,70.99
9779,2005,71.05
9779,2006,66.43
9779,2007,79.03
9779,2008,74.3
9779,2009,79.3
9779,2010,71.23
9779,2011,87.19
9779,2012,81.77
9779,2013,70.02
9779,2014,92.78
9779,2015,73.13
9779,2016,82.95
9779,2017,89.63
9779,2018,89.56
9779,2019,94.07
9779,2020,91.56
9779,2021,83.52
9780,1995,54.14
9780,1996,60.24
9780,1997,55.69
9780,1998,62.62
9780,2003,54.69
9780,2004,63.72
9780,2005,67.65
9780,2006,63.69
9780,2007,73.19
9780,2008,74.59
9780,2009,69.35
10041,1979,36.8
10041,1980,31.28
10041,1984,42.9
10041,1985,35.18
10042,1979,38.0
10042,1980,31.88
10042,1981,39.6
10042,1982,40.82
10042,1983,25.0
10042,1984,43.2
10042,1985,29.89
10042,1986,41.78
10043,1981,38.01
10043,1982,29.16
10043,1986,41.04
10044,1979,36.0
10044,1980,47.05
10044,1981,36.75
10044,1982,44.54
10044,1983,25.6
10044,1985,32.0
10045,1979,37.0
10045,1980,35.05
10045,1981,39.49
10045,1982,34.56
10046,1979,35.0
10046,1980,39.5
10046,1982,39.0
10046,1983,22.0
10046,1984,37.75
12051,1979,22.61
12051,1980,18.35
12051,1981,21.42
12051,1982,18.2
12051,1983,15.07
12051,1984,26.31
12051,1986,29.71
12051,1988,21.6
12051,1991,42.4
12051,1992,31.74
12051,1993,41.13
12052,1979,27.09
12052,1980,19.97
12052,1981,20.02
12052,1982,24.44
12052,1983,27.67
12052,1984,33.3
12052,1985,28.33
12052,1986,21.57
12052,1987,20.99
12052,1992,24.0
12053,1979,20.87
12053,1980,20.09
12053,1981,29.85
12053,1982,18.88
12053,1983,19.63
12053,1984,32.33
12053,1985,31.11
12053,1986,30.37
12053,1987,32.85
12053,1988,20.32
12053,1989,27.14
12053,1990,30.94
12054,1980,29.0
12060,1979,21.7149977548271
12060,1980,21.0452166444851
12060,1981,29.8470112663572
12060,1982,28.0851911239016
12060,1983,30.8340444590417
12060,1984,34.4022580769513
12060,1985,38.4633371054542
12060,1986,35.9405889249069
12060,1987,36.9480250942872
12060,1988,29.5973170405695
12060,1989,36.7149114781086
12060,1990,42.6105592488559
12060,1991,44.6260622792373
12060,1992,37.4788676951805
12060,1993,45.0778401841446
12060,1995,31.44
12060,1996,49.9
12060,1997,51.4
12060,1998,54.97
12060,1999,45.34
12060,2000,52.32
12060,2001,50.46
12060,2002,52.1
12060,2013,43.73
12061,1979,32.8875398038354
12061,1980,29.3267667464546
12061,1981,35.4746649734382
12061,1982,28.5362512959501
12061,1983,27.142705477612
12061,1984,37.4270895924687
12061,1985,37.736788364358
12061,1986,35.8881073020613
12061,1987,40.3764641624724
12061,1988,34.8040664693463
12061,1989,36.9174596953975
12061,1990,40.4934728249685
12061,1991,29.89
12061,1992,27.718544651912
12061,1993,59.57
12061,1994,35.45
12061,1995,39.56
12061,1996,45.64
12061,1998,43.81
12061,1999,45.9
12061,2000,36.2
12061,2001,46.87
12061,2002,53.25
12061,2003,33.46
12061,2004,54.13
12062,1979,27.4476903373385
12062,1980,26.2743132601488
12062,1981,29.1935640552882
12062,1982,25.6916383732006
12062,1983,27.7101198973634
12062,1984,35.7083050414285
12062,1985,32.3571992315972
12062,1986,34.5444776167696
12062,1987,37.0732757884912
12062,1988,25.6124994996865
12062,1989,35.4300391397019
12062,1990,41.3921237337811
12062,1991,29.9031206226994
12062,1992,29.4911839004403
12062,1993,50.2315018543322
12062,1994,37.77
12062,1995,43.92
12062,1996,52.15
12062,1997,43.52
12062,1998,55.44
12062,1999,46.26
12062,2000,48.61
12062,2001,57.49
12062,2002,52.34
12062,2003,31.89
12062,2004,55.24
12062,2005,58.05
12062,2006,47.09
12062,2007,64.03
12062,2008,52.08
12062,2009,62.26
12062,2010,64.56
12062,2011,66.52
12062,2012,65.25
12062,2013,48.07
12062,2014,77.58
12062,2015,62.28
12062,2016,75.56
12062,2017,73.01
12062,2018,69.87
12062,2019,67.12
12063,1979,23.2004735973838
12063,1980,24.4601500813249
12063,1981,28.8626317987887
12063,1982,21.2108224839843
12063,1983,18.1389271137892
12063,1984,30.5976013045615
12063,1985,31.9873847601129
12063,1986,32.9812278662136
12063,1987,35.3028611326841
12063,1988,26.3650136162741
12063,1989,33.5148246511559
12063,1990,39.0000569204045
12063,1991,36.4547095830285
12063,1992,37.7933585906112
12063,1993,49.4839944640327
12063,1994,33.35
12063,1995,36.79
12063,1996,42.17
12063,1997,36.38
12063,1998,48.87
12063,1999,38.08
12063,2000,48.73
12063,2001,42.84
12063,2002,41.36
12063,2003,34.79
12063,2004,55.1
12063,2005,48.5
12063,2006,38.99
12063,2007,46.62
12063,2009,58.44
12063,2010,42.78
12063,2011,62.38
12063,2012,58.35
12063,2013,67.57
12063,2014,91.36
12063,2015,80.09
12063,2016,76.98
12063,2017,82.28
12063,2018,43.18
12063,2019,61.82
12063,2020,78.13
12063,2021,68.86
12064,1979,25.9099941988248
12064,1980,26.2002431191449
12064,1981,32.9219641563734
12064,1982,28.1033858067778
12064,1983,26.1236449966186
12064,1984,33.7100096243739
12064,1985,32.9763913595505
12064,1986,30.9236911109241
12064,1987,36.3653987005912
12064,1988,28.0140669319927
12064,1989,33.018431174452
12064,1990,37.4841236665621
12064,1991,34.6199316022681
12064,1992,32.575920199133
12064,1993,46.0169079761444
12064,1994,37.06
12064,1995,38.97
12064,1996,47.21
12064,1997,46.06
12064,1998,49.48
12064,1999,42.48
12064,2000,49.02
12064,2001,48.3
12064,2002,53.37
12064,2003,43.66
12064,2004,52.79
12064,2005,55.66
12064,2006,39.21
12064,2007,56.68
12064,2008,40.43
12064,2009,62.89
12064,2010,53.37
12064,2011,60.59
12064,2012,64.29
12064,2013,58.05
12064,2014,68.03
12064,2015,50.05
12064,2016,63.35
12064,2017,67.79
12064,2018,61.8
12064,2019,56.83
12064,2020,42.86
12065,1979,24.2786379295253
12065,1980,23.0139266053235
12065,1981,27.0598067502694
12065,1982,24.4858012501954
12065,1983,14.2212880013874
12065,1984,28.0388707144807
12065,1985,31.3972274058256
12065,1986,29.5821109771488
12065,1987,30.6677201480879
12065,1988,23.6585033339073
12065,1989,30.7659330910497
12065,1990,36.4112338185127
12065,1991,37.1296177603041
12065,1992,44.6821355396855
12065,1993,49.55
12065,1998,51.4
12065,1999,43.5
12065,2000,47.39
12066,1979,35.81
12066,1980,15.48
12066,1981,35.65
12066,1982,27.43
12066,1983,20.81
12066,1999,41.16
12067,1979,24.87
12067,1980,23.4543659003573
12067,1981,29.6646386333913
12067,1982,21.8760360183196
12067,1983,22.9913877192764
12067,1984,33.9364181613699
12067,1985,35.6241281338644
12067,1986,27.8175359077783
12067,1987,37.5142048478538
12067,1988,27.1301687139349
12067,1989,34.2237418708776
12067,1990,38.8069435982456
12067,1991,36.5
12067,1992,28.8468861078877
12067,1993,45.17
12067,1999,45.12
12068,1979,25.2976556366438
12068,1980,25.48816459328
12068,1981,28.9281404029392
12068,1982,29.0498369734319
12068,1983,20.8222311616721
12068,1984,30.114350797145
12068,1985,32.7843478613695
12068,1986,31.9657319998034
12068,1987,35.2142804627989
12068,1988,26.6730099885434
12068,1989,29.5751516144974
12068,1990,34.1602623799756
12068,1991,37.6973434884507
12068,1992,37.7428100137699
12068,1993,51.6214274621261
12068,1994,33.22
12068,1995,39.85
12068,1996,47.68
12068,1997,38.24
12068,1998,49.18
12068,1999,44.08
12068,2000,52.57
12068,2001,47.84
12068,2002,42.78
12068,2003,27.85
12068,2004,55.11
12068,2005,53.35
12068,2006,42.35
12068,2007,55.7
12068,2018,60.95
12069,1979,24.7458786236151
12069,1980,22.9586575866161
12069,1981,26.3832517086629
12069,1982,21.838041659419
12069,1983,20.3625081046473
12069,1984,28.1570499817877
12069,1985,33.8392606121675
12069,1986,32.5527710351671
12069,1987,37.7478730637298
12069,1988,20.4949536918476
12069,1989,22.3513748326245
12069,1990,35.7248150969378
12069,1991,33.7925224007911
12069,1992,33.1791200484918
12069,1993,46.6171019824727
12069,1994,42.49
12069,1995,46.46
12069,1996,43.92
12069,1997,29.66
12069,1998,50.01
12069,1999,32.65
12069,2000,45.07
12069,2001,52.86
12069,2002,52.33
12069,2003,27.93
12069,2004,49.35
12069,2005,51.41
12069,2006,37.1
12069,2007,55.71
12069,2018,37.35
12069,2019,50.02
12070,1979,26.7998210211461
12070,1980,27.6503162669557
12070,1981,28.4759840802068
12070,1982,27.764404831354
12070,1983,16.4655537093448
12070,1984,29.3626319991096
12070,1985,32.2540362359848
12070,1986,32.8458251966563
12070,1987,33.1243568065975
12070,1988,24.9068285147744
12070,1989,30.4511762286687
12070,1990,36.4155772124156
12070,1991,38.271158094946
12070,1992,34.3617679495456
12070,1993,49.2423077627712
12070,1994,37.26
12070,1995,37.89
12070,1996,46.21
12070,1997,42.64
12070,1998,50.12
12070,1999,44.39
12070,2000,51.57
12070,2001,53.53
12070,2002,45.37
12070,2003,41.23
12070,2004,52.83
12070,2005,54.56
12070,2006,41.31
12070,2007,49.69
12070,2008,46.03
12070,2009,52.77
12070,2010,45.62
12070,2011,57.02
12070,2012,55.08
12070,2013,57.18
12070,2014,68.35
12070,2015,65.48
12070,2016,71.43
12070,2017,75.49
12070,2018,51.99
12070,2019,73.23
12070,2020,74.04
12070,2021,81.77
12071,1979,29.8487764027556
12071,1980,27.4700441021192
12071,1981,28.4427795394126
12071,1982,30.716253903289
12071,1983,28.7296008685628
12071,1984,34.8380215676676
12071,1985,35.2591212502707
12071,1986,29.0657661526948
12071,1987,31.8205835824777
12071,1988,31.0142830794201
12071,1989,43.1757078676716
12071,1990,39.5256935618859
12071,1991,38.2845394087048
12071,1992,23.9772288108684
12071,1993,45.1161431372549
12071,1994,31.9
12071,1995,35.14
12071,1996,45.74
12071,1997,45.9
12071,1998,51.54
12071,1999,40.77
12071,2000,53.21
12071,2001,53.25
12071,2002,53.0
12072,1979,30.079345291229
12072,1980,26.8786448437467
12072,1981,32.1890888569934
12072,1982,30.6346931063545
12072,1983,30.0559847605641
12072,1984,33.930312647363
12072,1985,36.4123642851661
12072,1986,32.6629973788693
12072,1987,38.9555872772512
12072,1988,28.636250452386
12072,1989,34.4949484704688
12072,1990,37.266146386766
12072,1991,31.2980855194836
12072,1992,36.6082751624609
12072,1993,49.0377235286106
12072,1994,35.81
12072,1995,39.91
12072,1996,41.49
12072,1997,34.89
12072,1998,41.26
12072,1999,36.23
12072,2000,42.58
12072,2001,46.78
12072,2002,50.57
12072,2003,37.17
12072,2004,54.53
12072,2005,53.49
12072,2006,43.79
12072,2007,56.75
12073,1979,24.2746719831821
12073,1980,21.9940738017042
12073,1981,24.6056049589363
12073,1982,22.4664880758394
12073,1983,19.9436350447958
12073,1984,32.0158823938559
12073,1985,29.7117042090708
12073,1986,29.4772639433123
12073,1987,29.6259115253527
12073,1988,26.0540557331987
12073,1989,25.6379704554599
12073,1990,34.1349183246537
12073,1991,40.7254366313728
12073,1992,31.8099288016796
12073,1993,48.8166982993485
12073,1994,28.56
12073,1995,37.51
12073,1996,47.92
12073,1997,43.23
12073,1998,49.62
12073,1999,40.73
12073,2000,47.54
12073,2001,51.42
12073,2002,49.17
12073,2003,46.93
12073,2004,52.17
12073,2005,48.21
12073,2006,47.48
12073,2007,57.12
12073,2008,46.01
12073,2009,63.21
12073,2010,60.0
12073,2011,63.37
12073,2012,61.66
12073,2013,64.29
12073,2014,83.92
12073,2015,66.49
12073,2016,66.17
12073,2017,70.55
12073,2018,47.88
12073,2019,65.31
12073,2020,67.05
12073,2021,70.94
13003,1992,37.44
13003,1993,53.78
13003,1999,49.33
13071,1979,22.2735282025179
13071,1980,20.455628638984
13071,1981,24.1867733717155
13071,1982,23.4866621486609
13071,1983,16.5108842083817
13071,1984,27.2715988275595
13071,1985,26.6696996018203
13071,1986,27.7618379421498
13071,1987,29.873038283825
13071,1988,24.0208217044685
13071,1989,27.416618865377
13071,1990,35.3205183364371
13071,1991,38.1626312075204
13071,1992,39.9148379495795
13071,1993,47.2244073270441
13071,1994,29.8012918734943
13071,1995,40.6746531093552
13071,1996,41.4613921046193
13071,1997,45.0676709778009
13071,1998,46.8410109754601
13071,1999,41.340402370969
13071,2000,43.9142648757965
13071,2001,46.9204529111792
13071,2002,47.1976449409697
13071,2003,46.0020521144848
13071,2004,52.5248672037365
13071,2005,44.3943871730647
13071,2006,47.7585671563689
13071,2007,50.8862943470607
13071,2008,40.9778114087169
13071,2009,49.7387273082736
13071,2010,51.795837599662
13071,2011,61.11
13071,2012,65.72
13071,2013,60.85
13071,2014,77.58
13071,2015,64.06
13071,2016,74.24
13071,2017,73.11
13071,2018,56.56
13071,2019,67.96
13071,2020,73.35
13071,2021,70.82
13072,1979,25.0195956032666
13072,1980,21.9967223556492
13072,1981,25.0938607214802
13072,1982,30.3621024811392
13072,1983,16.2515011875466
13072,1984,27.8100404751666
13072,1985,30.5874419777181
13072,1986,33.9473549181981
13072,1987,27.304916579799
13072,1988,29.3957186343069
13072,1989,32.8351769061986
13072,1990,39.2089340227627
13072,1991,40.1493378691726
13072,1992,36.9292600470369
13072,1993,48.5753880992239
13072,1994,32.8030175333156
13072,1995,40.36054844318
13072,1996,41.6440930129917
13072,1997,43.1854120964331
13072,1998,46.0381015764919
13072,1999,46.7905452400862
13072,2000,50.5730791608485
13072,2001,46.2379105098278
13072,2002,47.7662257750189
13072,2003,51.109569558884
13072,2004,53.3048463580032
13072,2005,49.8312454820267
13072,2006,51.5725418173475
13072,2007,53.9399214220323
13072,2008,46.9561763017525
13072,2009,50.9729494136533
13072,2010,51.218183714237
13072,2011,62.02
13072,2012,58.4
13072,2013,62.44
13072,2014,74.79
13072,2015,73.94
13072,2016,73.43
13072,2017,74.88
13072,2018,68.44
13072,2019,77.78
13072,2020,80.78
13072,2021,74.57
13073,1979,27.1916130775309
13073,1980,22.0889038067759
13073,1981,28.2087104711458
13073,1982,30.3026904323584
13073,1983,21.4531209461136
13073,1984,30.6380241692557
13073,1985,26.985006376454
13073,1986,34.2659297029232
13073,1987,26.1178682507716
13073,1988,31.264138618233
13073,1989,37.9046489471702
13073,1990,41.3055862151876
13073,1991,41.8651317416788
13073,1992,37.2790574409324
13073,1993,51.5388231755826
13073,1994,37.2037651055374
13073,1995,43.8732914430393
13073,1996,48.625656041949
13073,1997,48.222555530817
13073,1998,49.4287954438074
13073,1999,50.1719862396593
13073,2000,51.5632050808961
13073,2001,46.6560419693096
13073,2002,53.3598090855502
13073,2003,56.3261445264258
13073,2004,54.5259879523004
13073,2005,47.7257722513089
13073,2006,52.4396032533973
13073,2007,53.586078272909
13073,2008,49.8318929272128
13073,2009,59.7756120362015
13073,2010,57.6985396998269
13073,2011,63.27
13073,2012,62.68
13073,2013,69.86
13073,2014,83.25
13073,2015,73.88
13073,2016,79.06
13073,2017,79.26
13073,2018,69.9
13073,2019,81.19
13073,2020,82.62
13073,2021,90.37
13074,1979,21.6200791194347
13074,1980,25.903124206216
13074,1981,26.2362879034948
13074,1982,31.085300542023
13074,1983,16.1988986221788
13074,1984,30.9466111219503
13074,1985,31.1514135894927
13074,1986,35.6150467703452
13074,1987,26.7772294895955
13074,1988,28.0745788877539
13074,1989,30.315643114865
13074,1990,36.7021794969039
13074,1991,42.6434954206668
13074,1992,36.7198167649304
13074,1993,48.2557025864813
13074,1994,35.92
13074,1995,43.36
13074,1996,44.23
13074,1997,45.82
13074,1998,46.51
13074,1999,48.22
13074,2000,52.56
13074,2001,48.22
13074,2002,48.61
13074,2003,56.0
13074,2004,55.8
13074,2005,56.91
13074,2006,52.81
13074,2007,57.54
13074,2008,51.93
13074,2009,61.08
13074,2010,55.29
13074,2011,62.06
13074,2012,63.5
13074,2013,62.47
13074,2014,80.74
13074,2015,71.96
13074,2016,73.52
13074,2017,72.98
13074,2018,56.48
13074,2019,78.22
13074,2020,79.01
13074,2021,63.41
13075,1979,26.373891016242
13075,1980,23.5550795816093
13075,1981,26.8289995185559
13075,1982,26.4771470887537
13075,1983,21.8753237583281
13075,1984,28.7632332770551
13075,1985,29.297916678489
13075,1986,30.7269005899814
13075,1987,29.7917369469135
13075,1988,29.9097851917448
13075,1989,31.5576004421777
13075,1990,38.025761823937
13075,1991,41.5909546726232
13075,1992,36.4254267300155
13075,1993,53.6213338774642
13075,1994,29.4918254977297
13075,1995,40.6780124698418
13075,1996,43.0971377072309
13075,1997,45.2858345533305
13075,1998,48.0435860171765
13075,1999,45.285197687412
13075,2000,48.1434706736444
13075,2001,49.7675555521344
13075,2002,48.9951623902062
13075,2003,49.0715478166005
13075,2004,54.2093989549532
13075,2005,47.6901250655622
13075,2006,49.600032477648
13075,2007,57.0981159460585
13075,2008,46.0352747035353
13075,2009,59.839603471863
13075,2010,53.0434943313657
13075,2011,64.37
13075,2012,62.38
13075,2013,63.98
13075,2014,82.85
13075,2015,67.78
13075,2016,70.81
13075,2017,73.54
13075,2018,57.17
13075,2019,70.15
13075,2020,70.87
13075,2021,71.76
13076,1979,21.9741266344473
13076,1980,26.4665718215948
13076,1981,29.115880206866
13076,1982,31.3517906997503
13076,1983,16.9390948035668
13076,1984,31.145316993013
13076,1985,33.3749146381204
13076,1986,34.9902348904815
13076,1987,29.1211505508818
13076,1988,27.7716255767888
13076,1989,32.1791094372455
13076,1990,38.9479225031589
13076,1991,41.8474117533583
13076,1993,47.7758799248799
13076,1994,36.7264139308218
13076,1995,35.8303885113155
13076,1996,42.729785008225
13076,1997,42.2974949700688
13076,1998,47.1847494677487
13076,1999,44.1504762367152
13076,2000,48.1232514621019
13076,2001,48.670289795958
13076,2002,46.0922108539404
13076,2003,47.2022142899286
13076,2004,54.1199235007014
13076,2005,50.5897441651706
13076,2006,45.0352110039965
13076,2007,54.2130761442368
13076,2008,43.4549424924959
13076,2009,53.5453145523427
13076,2010,49.6213993908335
13076,2011,56.38
13076,2012,57.09
13076,2013,60.45
13076,2014,65.87
13076,2015,63.51
13076,2016,72.11
13076,2017,72.92
13076,2018,61.26
13076,2019,70.64
13076,2020,77.22
13076,2021,50.36
14511,1979,36.04
14511,1980,25.61
14511,1981,31.82
14511,1982,27.39
14511,1983,32.31
14511,1984,28.18
14511,1985,29.43
14511,1986,39.3
14511,1987,32.59
14511,1988,24.83
14511,1989,32.09
14511,1990,36.49
14511,1991,36.5
14511,1993,45.0
14521,1979,36.04
14521,1980,25.61
14521,1981,31.82
14521,1982,27.39
14521,1983,32.31
14521,1984,28.18
14521,1985,29.43
14521,1986,39.3
14521,1987,32.59
14521,1988,24.83
14521,1989,32.09
14521,1990,36.49
14521,1991,30.2856383111099
14521,1993,45.0
14521,1995,40.4497629761075
14521,2001,48.02
14522,1979,32.2039812288792
14522,1980,27.6016203393893
14522,1981,31.9818806999036
14522,1982,30.028047511663
14522,1983,32.7667625769282
14522,1984,34.6529555004106
14522,1985,35.5219612305061
14522,1986,35.590627875419
14522,1987,38.8814398347559
14522,1988,27.9622687421584
14522,1989,33.5490538775753
14522,1990,41.1247330963684
14522,1991,37.6053196436289
14522,1992,46.7462740561336
14522,1993,49.4672634290496
14522,1994,44.0882284136256
14522,1995,46.6386341160141
14522,1996,47.6157683994995
14522,1997,47.3700975429417
14522,1998,52.1019913309536
14522,1999,50.623354390398
14522,2000,54.950200341842
14522,2001,50.3576255027691
14522,2002,56.3363754924218
14522,2003,53.2189074704445
14522,2004,59.5280159979577
14522,2005,59.8796754439682
14522,2006,52.6579057750545
14522,2007,67.9773158646175
14522,2008,62.92
14522,2009,71.23
14522,2010,64.37
14522,2011,70.15
14522,2012,72.75
14522,2013,56.93
14522,2014,83.52
14522,2015,76.11
14522,2016,80.45
14522,2017,85.53
14522,2018,69.54
14522,2019,81.15
14522,2020,78.58
14522,2021,84.01
14523,1991,29.5
14524,1979,34.4303070116307
14524,1980,26.9615161132484
14524,1981,33.6342589103069
14524,1982,26.128722641579
14524,1983,28.4917472782633
14524,1984,34.6744814254883
14524,1985,37.1902923377455
14524,1986,41.1502393927415
14524,1987,33.2232141920746
14524,1988,25.2235805402404
14524,1989,33.343829444857
14524,1990,40.5161148276442
14524,1991,31.5287749595643
14524,1992,50.08
14524,1993,55.1217841731193
14524,1994,47.2258229525576
14524,1995,45.3373124834349
14524,1996,45.5699347074638
14524,1997,43.9907310203559
14524,1998,54.632539184953
14524,1999,50.7774009104559
14524,2000,51.7386058507289
14524,2001,49.8346720042572
14524,2002,56.7385283197437
14524,2003,41.9513448897113
14524,2004,52.4391116231439
14524,2005,57.3102451650713
14524,2006,50.7228332885447
14524,2007,65.8283145133695
14524,2011,70.09
14524,2013,49.81
14524,2014,80.56
14524,2015,69.31
14524,2016,51.12
14524,2017,77.97
14524,2018,52.07
14524,2019,57.32
14524,2020,72.09
14524,2021,72.21
14612,1979,35.0716361820687
14612,1980,23.1373777339892
14612,1981,32.888356282923
14612,1982,33.1742425615251
14612,1983,34.3491156247552
14612,1984,32.523981187539
14612,1985,39.8269362184314
14612,1986,39.7210147720565
14612,1987,36.4402870417651
14612,1988,31.8285271877438
14612,1989,38.7390289563797
14612,1990,39.1263034559196
14612,1991,30.8492574913208
14612,1993,45.5989979320755
14612,1994,44.3118667236771
14612,1995,31.5120037147715
14612,1996,32.3
14612,1997,40.81
14612,1998,50.77
14612,1999,58.58
14612,2000,46.39
14612,2001,50.41
14612,2002,44.5
14612,2004,54.29
14612,2005,61.28
14625,1979,29.9058426960504
14625,1980,27.171797810777
14625,1981,33.972621739626
14625,1982,26.4438946611051
14625,1983,30.2511881148634
14625,1984,34.1657629049504
14625,1985,36.8513107948788
14625,1986,38.9716264046343
14625,1987,37.547616830756
14625,1988,28.4602413651673
14625,1989,37.0974419065268
14625,1990,35.7224203885584
14625,1991,35.0839883744337
14625,1992,36.0132209474675
14625,1993,49.2039453657874
14625,1994,37.6154173940358
14625,1995,38.8283834433314
14625,1996,39.8346735914798
14625,1997,44.3064532246401
14625,1998,48.5190698864218
14625,1999,48.3470724812483
14625,2000,50.3565883838384
14625,2001,53.6298576199684
14625,2002,54.7062134843453
14625,2003,38.2530088528913
14625,2004,51.9761671411655
14625,2005,59.0825822391285
14625,2006,45.380602603185
14625,2007,61.7939880990061
14625,2008,59.32
14625,2009,66.16
14625,2010,63.78
14625,2011,68.26
14625,2012,67.94
14625,2013,56.67
14625,2014,77.61
14625,2015,65.93
14625,2016,68.56
14625,2017,76.37
14625,2018,52.65
14625,2019,63.49
14625,2020,73.89
14625,2021,73.95
14626,1979,30.2874466728494
14626,1980,30.2621062546642
14626,1981,35.8155327463938
14626,1982,30.1859209576347
14626,1983,32.6583605656959
14626,1984,33.9184689668941
14626,1985,40.5794727930877
14626,1986,41.410356709616
14626,1987,39.6752104252447
14626,1988,34.1290178782349
14626,1989,41.2137054436835
14626,1990,41.5392366585961
14626,1991,37.2107776202634
14626,1992,34.8062688043726
14626,1993,48.0560487629312
14626,1994,38.9519788753347
14626,1995,41.5615188931866
14626,1996,42.909711990926
14626,1997,45.8240854677273
14626,1998,45.6080029232788
14626,1999,47.742633038525
14626,2000,52.4852733911319
14626,2001,54.4467684949933
14626,2002,56.5403397241843
14626,2003,42.8884562242991
14626,2004,53.2817917419568
14626,2005,58.6374113507173
14626,2006,50.2332957025664
14626,2007,60.6023072982583
14626,2008,58.64
14626,2009,60.08
14626,2010,60.13
14626,2011,67.8
14626,2012,65.27
14626,2013,51.45
14626,2014,73.49
14626,2015,57.21
14626,2016,64.02
14626,2017,71.42
14626,2018,47.91
14626,2019,61.06
14626,2020,70.49
14626,2021,73.13
14627,1979,32.548788159497
14627,1980,27.8534686245312
14627,1981,35.3042528670201
14627,1982,31.7306734860198
14627,1983,33.0596895531941
14627,1984,37.3829015695137
14627,1985,39.2832697501606
14627,1986,39.818775403357
14627,1987,36.7951935719455
14627,1988,29.7627917088796
14627,1989,40.8525281045295
14627,1990,37.8893963206418
14627,1991,36.6786676998954
14627,1992,45.332875859585
14627,1993,54.4455567615488
14627,1994,43.2403479525485
14627,1995,44.784701511804
14627,1996,47.098476524757
14627,1997,50.5262329038656
14627,1998,52.8894502960424
14627,1999,55.1234358840817
14627,2000,55.3099540121892
14627,2001,56.9899242965995
14627,2002,55.1348581415743
14627,2003,42.7337299544645
14627,2004,64.2265717734139
14627,2005,62.2045860965713
14627,2006,54.9291457360081
14627,2007,66.7394638467716
14627,2008,65.26
14627,2009,73.67
14627,2010,70.79
14627,2011,76.19
14627,2012,74.94
14627,2013,63.24
14627,2014,90.83
14627,2015,76.38
14627,2016,81.0
14627,2017,86.61
14627,2018,65.31
14627,2019,76.53
14627,2020,74.81
14627,2021,87.97
14628,1979,33.4908018551714
14628,1980,28.6842342931708
14628,1981,36.4330418350188
14628,1982,35.6587576051904
14628,1983,36.7513115006256
14628,1984,35.1601589280287
14628,1985,40.770895585059
14628,1986,42.9634934822356
14628,1987,39.5081771423287
14628,1988,33.2954778984439
14628,1989,42.7063818977908
14628,1990,40.2109967618605
14628,1991,31.1157662983029
14628,1992,46.1536074198878
14628,1993,48.5238923395015
14628,1994,46.694725155601
14628,1995,40.5007220356422
14628,1996,41.8790898020276
14628,1997,44.3980554691509
14628,1998,53.7850497032043
14628,1999,51.9413350521459
14628,2000,55.7375225164152
14628,2001,53.583294471387
14628,2002,59.2147957852093
14628,2003,40.77
14628,2004,54.814127504625
14628,2005,62.2783125918667
14628,2006,56.54
14628,2007,54.73
14628,2012,73.07
14628,2013,60.64
14628,2014,84.3
14628,2015,66.32
14628,2016,72.33
14628,2017,75.4
14628,2018,54.64
14628,2019,68.69
14713,1991,29.0
14713,1999,52.87
14713,2000,60.3
14713,2001,61.42
14713,2002,57.35
14713,2003,45.59
14713,2004,64.55
14713,2005,62.6
14713,2006,46.19
14713,2007,67.52
14713,2008,56.74
14713,2009,67.0
14713,2010,57.08
14713,2011,72.19
14713,2012,63.32
14713,2013,57.96
14713,2014,88.19
14713,2015,51.83
14713,2016,70.94
14713,2017,81.1
14713,2018,46.39
14713,2019,56.31
14713,2020,50.82
14713,2021,82.9
14729,1979,27.7453364313425
14729,1980,27.0893656069903
14729,1981,29.7990866114908
14729,1982,29.1400292791391
14729,1983,30.4871404116182
14729,1984,33.5098857868489
14729,1985,32.5626316371228
14729,1986,33.6325557208579
14729,1987,35.2707751839324
14729,1988,22.8150834567537
14729,1989,33.282653199135
14729,1990,37.3817779315162
14729,1991,32.1329928727406
14729,1992,41.3276209649647
14729,1993,52.191701164425
14729,1994,41.9315644047135
14729,1995,46.5398212108899
14729,1996,46.7726619102221
14729,1997,44.6943256041109
14729,1998,52.6843688136135
14729,1999,50.2803921173865
14729,2000,54.2273671689136
14729,2001,54.1521475797335
14729,2002,56.0386239157977
14729,2003,45.5771136489224
14729,2004,58.5931914389831
14729,2005,59.3160634118642
14729,2006,51.1484578353832
14729,2007,67.0580894625959
14729,2008,60.92
14729,2009,69.65
14729,2010,66.68
14729,2011,77.14
14729,2012,66.48
14729,2013,59.88
14729,2014,86.83
14729,2015,77.59
14729,2016,71.74
14729,2017,82.9
14729,2018,49.74
14729,2019,61.85
14729,2020,54.55
14729,2021,82.49
14730,1979,25.72819116181
14730,1980,27.5545183575391
14730,1981,29.0851557328579
14730,1982,27.4627793501741
14730,1983,30.1835290213534
14730,1984,33.7253599418419
14730,1985,31.6068025605869
14730,1986,33.490986363271
14730,1987,37.978220735786
14730,1988,23.7462981770717
14730,1989,31.8637316520363
14730,1990,37.409547263493
14730,1991,34.5375098831425
14730,1992,36.918396804421
14730,1993,52.2237597108762
14730,1994,40.4029874300143
14730,1995,43.6898257218136
14730,1996,43.8688629542287
14730,1997,44.5479673598456
14730,1998,50.7701129577084
14730,1999,49.533885218098
14730,2000,50.7346693251534
14730,2001,53.6078231494933
14730,2002,49.7169317348762
14730,2003,38.6428315879405
14730,2004,59.4416811469636
14730,2005,61.0418941447063
14730,2006,46.4447541237753
14730,2007,66.0809317557574
14730,2008,58.57
14730,2009,67.94
14730,2010,65.88
14730,2011,71.77
14730,2012,64.12
14730,2013,59.43
14730,2014,85.49
14730,2015,67.61
14730,2016,63.99
14730,2017,77.37
14730,2018,42.49
14730,2019,55.55
14730,2020,53.55
14730,2021,82.84
15001,1979,23.4893525953915
15001,1980,29.1511075312117
15001,1981,29.3212086938495
15001,1982,22.4312412315308
15001,1983,27.1905974551736
15001,1984,35.6197957998516
15001,1985,27.2148979531571
15001,1986,30.1261870453415
15001,1987,35.425927509485
15001,1988,16.6671698096426
15001,1989,30.1509215454536
15001,1990,35.0541220483756
15001,1991,30.9804286357586
15001,1992,39.3301438559023
15001,1993,48.6848729675821
15001,1994,34.2577643454765
15001,1995,35.0
15001,1996,45.7337786869795
15001,1997,42.6136310661714
15001,1998,48.3325068575708
15001,1999,46.116501624756
15001,2000,51.2010953626703
15001,2001,50.119091529535
15001,2002,38.8117149322799
15001,2003,36.2075362662679
15001,2004,50.6696783420805
15001,2005,55.64
15001,2006,41.886812761299
15001,2008,48.89
15001,2009,53.37
15001,2011,58.21
15001,2012,55.11
15001,2013,45.54
15001,2014,65.97
15001,2015,55.65
15001,2016,53.63
15001,2019,42.98
15002,1999,60.52
15002,2000,59.14
15002,2001,59.89
15002,2002,49.28
15002,2016,67.7
15002,2019,48.72
15003,1979,22.8514142668943
15003,1980,32.8697221825868
15003,1981,31.7192512808379
15003,1982,26.5516031999507
15003,1983,19.572363535381
15003,1984,34.8161724753064
15003,1985,28.9968330242466
15003,1986,33.8138924138543
15003,1987,36.4929517806144
15003,1988,15.5656018166431
15003,1989,21.5551031613077
15003,1990,34.8010833534629
15003,1991,34.9525583352073
15003,1992,39.4162349647059
15003,1993,52.206600563235
15003,1994,46.71
15003,1995,46.52
15003,1996,49.89
15003,1997,48.86
15003,1998,48.26
15003,1999,46.2661246325018
15003,2000,54.02
15003,2001,46.49
15003,2002,53.55
15003,2003,48.05
15003,2005,55.79
15003,2006,46.51
15003,2007,64.41
15003,2008,59.0
15003,2009,62.42
15003,2010,47.72
15003,2012,56.66
15003,2013,64.83
15003,2015,79.27
15003,2016,71.01
15003,2017,64.26
15003,2018,46.3
15003,2019,56.92
15003,2020,52.16
15003,2021,74.13
15081,1979,20.7878308143811
15081,1980,30.189686988185
15081,1981,25.3290236551964
15081,1982,28.0576040332492
15081,1983,14.3834745133827
15081,1984,28.1272970848866
15081,1985,30.5972930792399
15081,1986,26.8762244915435
15081,1987,33.9152842488093
15081,1988,20.5195849675678
15081,1989,27.0854318535699
15081,1990,34.8098761215455
15081,1991,41.6146937459646
15081,1992,34.0286475573914
15081,1993,51.3150534438815
15081,1994,39.98
15081,1995,36.71
15081,1996,43.36
15081,1997,46.06
15081,1998,48.44
15081,1999,40.75
15081,2000,47.51
15081,2001,49.2
15081,2002,48.01
15081,2003,38.79
15081,2004,53.4
15081,2005,56.27
15081,2006,45.4
15081,2007,59.53
15081,2008,53.94
15081,2009,58.97
15081,2010,50.57
15081,2011,67.24
15081,2012,65.05
15081,2013,57.28
15081,2014,81.41
15081,2015,70.14
15081,2016,67.74
15081,2017,71.39
15081,2018,44.29
15081,2019,55.17
15081,2020,59.09
15081,2021,67.45
15082,1979,21.9776326126966
15082,1980,29.8102626245837
15082,1981,27.6579538713303
15082,1982,20.5346442055082
15082,1983,22.1657087856301
15082,1984,33.3594917304575
15082,1985,23.7990339113478
15082,1986,27.4801898435015
15082,1987,35.0595703735873
15082,1988,17.6992622548112
15082,1989,23.2844757213196
15082,1990,29.9211018332681
15082,1991,31.9252644115541
15082,1992,36.9138908071566
15082,1993,49.635254926738
15082,1994,37.3397880840464
15082,1995,37.4886042883686
15082,1996,46.3317644788066
15082,1997,37.8404850591575
15082,1998,45.3539647923014
15082,1999,42.4890274951307
15082,2000,48.9226338693344
15082,2001,48.8713865517341
15082,2002,47.6753621479121
15082,2003,34.7081459804502
15082,2004,51.6572754815738
15082,2005,52.5965554800433
15082,2006,45.1893609282655
15082,2007,61.36
15082,2008,55.23
15082,2009,56.37
15082,2010,58.62
15082,2011,68.88
15082,2012,62.46
15082,2013,54.13
15082,2014,76.71
15082,2015,66.04
15082,2016,55.86
15082,2017,75.25
15082,2018,27.09
15082,2019,38.75
15082,2020,46.66
15082,2021,69.44
15083,1979,25.2856018511597
15083,1980,32.4153791620639
15083,1981,32.4008290285312
15083,1982,28.7728366497535
15083,1983,20.5609470820382
15083,1984,34.8894733081335
15083,1985,36.5778431413178
15083,1986,40.134580540616
15083,1987,38.2409710848397
15083,1988,21.5452317012004
15083,1989,27.0509874627435
15083,1990,41.2599642474694
15083,1991,40.850593947099
15083,1992,42.9365431943384
15083,1993,55.2023783294987
15083,1994,47.5441312423074
15083,1995,49.0814813885475
15083,1996,48.5577373296971
15083,1997,49.1561283792519
15083,1998,49.9469976127983
15083,1999,50.6151144328271
15083,2000,54.8016948071834
15083,2001,51.1808636424145
15083,2002,52.5917930430523
15083,2003,47.0419196681264
15083,2004,54.5834719937154
15083,2005,51.8497983038348
15083,2006,47.1253691740413
15083,2007,63.15
15083,2008,58.72
15083,2009,60.04
15083,2010,57.77
15083,2011,69.11
15083,2012,66.73
15083,2013,63.81
15083,2014,78.94
15083,2015,70.94
15083,2016,72.42
15083,2017,74.33
15083,2018,49.59
15083,2019,53.64
15083,2020,66.66
15083,2021,74.19
15084,1979,30.553089040181
15084,1980,29.4343091982195
15084,1981,38.7414730124796
15084,1982,32.3783960958095
15084,1983,32.3073192931874
15084,1984,35.3595354899279
15084,1985,33.2152640616664
15084,1986,36.622220022227
15084,1987,40.8427888436739
15084,1988,19.4451734003174
15084,1989,24.5958086859262
15084,1990,33.9049106509021
15084,1991,29.0160375877519
15084,1992,41.5537537301827
15084,1993,50.9881620133007
15084,1994,42.5863447663966
15084,1995,52.7276424298574
15084,1996,49.0788656410734
15084,1997,52.1283288400307
15084,1998,53.0525578790142
15084,1999,55.1769028098942
15084,2000,55.395229474325
15084,2001,54.3106780019009
15084,2002,57.4775000877943
15084,2003,50.1001869606343
15084,2004,56.9881482280126
15084,2005,58.4914328594364
15084,2006,56.8757087511925
15084,2007,63.53
15084,2008,63.73
15084,2009,70.98
15084,2010,66.52
15084,2011,73.79
15084,2012,66.65
15084,2013,62.76
15084,2014,82.78
15084,2015,77.54
15084,2016,73.77
15084,2017,83.67
15084,2018,53.81
15084,2019,56.33
15084,2020,61.99
15084,2021,83.19
15085,1979,25.6831356741137
15085,1980,28.9761972233248
15085,1981,28.8671439700542
15085,1982,31.9294131070858
15085,1983,15.6177661204256
15085,1984,32.5465168534271
15085,1985,36.4547880584509
15085,1986,38.4639304558863
15085,1987,35.7715196877362
15085,1988,17.1199766057012
15085,1989,24.3159051347088
15085,1990,33.0355636481462
15085,1991,37.0084346772435
15085,1992,40.5877736049421
15085,1993,53.2367354458026
15085,1994,45.9941116569784
15085,1995,47.303696492186
15085,1996,48.1617779086401
15085,1997,48.9075678555322
15085,1998,48.8054297682293
15085,1999,50.8595025021122
15085,2000,55.6742143796513
15085,2001,51.9238787035643
15085,2002,52.9119457984406
15085,2003,51.5855488090585
15085,2004,54.4110168380424
15085,2005,52.9526324490661
15085,2006,46.9968843994172
15085,2007,61.94
15085,2008,60.63
15085,2009,61.68
15085,2010,59.81
15085,2011,65.58
15085,2012,61.17
15085,2013,59.16
15085,2014,77.87
15085,2015,73.88
15085,2016,72.07
15085,2017,80.89
15085,2018,41.12
15085,2019,51.89
15085,2020,52.96
15085,2021,69.58
15086,1979,18.0221341954745
15086,1980,29.2951928944422
15086,1981,29.1471218891478
15086,1982,19.2794017039989
15086,1983,17.7322275237471
15086,1984,30.8380626736042
15086,1985,25.8231504925257
15086,1986,27.079632166699
15086,1987,33.2571744877155
15086,1988,13.2723790038831
15086,1989,23.4914335142133
15086,1990,33.2024398217785
15086,1991,33.1886843166908
15086,1992,33.3760575278853
15086,1993,48.9282263605818
15086,1994,32.8888244395312
15086,1995,37.8877104668608
15086,1996,46.0977231049329
15086,1997,41.1336184723805
15086,1998,48.7076958903985
15086,1999,42.4631913843936
15086,2000,51.9903363918835
15086,2001,48.0967631391113
15086,2002,42.26045175438
15086,2003,35.6561404884284
15086,2004,50.1422362594244
15086,2005,50.9
15086,2006,39.8910591319205
15086,2007,50.65
15086,2008,46.53
15086,2009,52.21
15086,2010,48.49
15086,2011,58.96
15086,2012,66.74
15086,2013,53.85
15086,2014,81.2
15086,2015,69.81
15086,2016,63.58
15086,2017,73.56
15086,2018,44.32
15086,2019,45.8
15086,2020,54.28
15086,2021,69.04
15087,1979,24.4611699935687
15087,1980,30.6319710312064
15087,1981,30.3365991290437
15087,1982,26.7024638869296
15087,1983,22.4143450666723
15087,1984,32.5562904114192
15087,1985,28.1703772851516
15087,1986,34.6547794639964
15087,1987,35.3034607136616
15087,1988,15.6580929981563
15087,1989,20.7716434235674
15087,1990,30.8365535397683
15087,1991,31.6811964748337
15087,1992,37.5098946272793
15087,1993,46.6956733611862
15087,1994,39.0477985262348
15087,1995,44.1150401468569
15087,1996,44.2300671030607
15087,1997,47.4083883183285
15087,1998,45.4926010145181
15087,1999,52.2186762776595
15087,2000,53.2883530826538
15087,2001,48.4658811638681
15087,2002,52.0278775071368
15087,2003,47.0296473446513
15087,2004,53.7150071159983
15087,2005,54.5471536341871
15087,2006,49.2402100555631
15087,2007,63.9
15087,2008,59.96
15087,2009,65.85
15087,2010,63.53
15087,2011,69.14
15087,2012,69.17
15087,2013,64.88
15087,2014,79.6
15087,2015,70.08
15087,2016,74.52
15087,2017,77.46
15087,2018,47.55
15087,2019,59.88
15087,2020,56.85
15087,2021,79.04
15088,1979,29.1556564457344
15088,1980,33.8591763452259
15088,1981,32.6240233622315
15088,1982,29.026690101207
15088,1983,29.175566531687
15088,1984,36.1477470554096
15088,1985,28.5584344898651
15088,1986,36.1954606143245
15088,1987,39.7927577589197
15088,1988,18.9559495955661
15088,1989,23.1753810522387
15088,1990,31.8160038122981
15088,1991,25.5655458470655
15088,1992,37.9100053408295
15088,1993,51.1683066603221
15088,1994,42.607275002386
15088,1995,46.349105006646
15088,1996,46.0052180858891
15088,1997,49.0052155278991
15088,1998,48.8833519436036
15088,1999,52.0556182219453
15088,2000,55.8571747076217
15088,2001,54.1549517773491
15088,2002,54.9598992850945
15088,2003,49.4729528464327
15088,2004,55.8718480645917
15088,2005,55.9605988690975
15088,2006,48.6116885031986
15088,2007,63.12
15088,2008,62.1
15088,2009,68.87
15088,2010,65.53
15088,2011,73.15
15088,2012,66.2
15088,2013,61.35
15088,2014,81.93
15088,2015,70.01
15088,2016,67.35
15088,2017,78.29
15088,2018,36.26
15088,2019,43.68
15088,2020,53.32
15088,2021,76.5
15089,1979,24.0089733132591
15089,1980,32.4830231519699
15089,1981,29.3369809974701
15089,1982,24.4702240980766
15089,1983,19.1470763622562
15089,1984,35.1416164561932
15089,1985,30.5312815934637
15089,1986,35.5158540312103
15089,1987,37.5708327602557
15089,1988,15.8854700617038
15089,1989,19.7816991647181
15089,1990,29.5078491888608
15089,1991,32.2302233773471
15089,1992,33.4369378939921
15089,1993,50.6292955638259
15089,1994,40.9182376695374
15089,1995,41.0518264250726
15089,1996,45.9196582369819
15089,1997,43.1469761546274
15089,1998,43.2696501705621
15089,1999,43.6426931926652
15089,2000,46.3870737380659
15089,2001,47.7813149768717
15089,2002,48.3608952621222
15089,2003,39.7766109005403
15089,2004,49.503143248082
15089,2005,52.1453050192626
15089,2006,44.088539790756
15089,2007,57.98
15089,2008,55.78
15089,2009,55.65
15089,2010,58.09
15089,2011,67.8
15089,2012,66.18
15089,2013,52.82
15089,2014,80.42
15089,2015,71.48
15089,2016,63.56
15089,2017,69.6
15089,2018,36.49
15089,2019,44.07
15089,2020,47.64
15089,2021,62.76
15090,1979,20.8588201556114
15090,1980,30.7502996892604
15090,1981,27.8907212200244
15090,1982,26.1075691196589
15090,1983,16.2252199574529
15090,1984,29.3890274814939
15090,1985,31.547856339508
15090,1986,28.2809967099967
15090,1987,32.555073347817
15090,1988,16.0745843302424
15090,1989,26.3034483103942
15090,1990,34.5804488505442
15090,1991,38.0132033428662
15090,1992,32.6005880238742
15090,1993,50.8612615086019
15090,1994,36.98
15090,1995,38.08
15090,1996,43.49
15090,1997,43.32
15090,1998,48.68
15090,1999,40.45
15090,2000,52.37
15090,2001,50.24
15090,2002,43.9
15090,2003,36.96
15090,2004,52.86
15090,2005,52.86
15090,2006,43.63
15090,2007,54.35
15090,2008,48.28
15090,2009,50.36
15090,2010,49.7
15090,2011,65.33
15090,2012,66.18
15090,2013,51.36
15090,2014,79.41
15090,2015,65.83
15090,2016,67.05
15090,2017,68.64
15090,2018,44.64
15090,2019,48.78
15090,2020,66.67
15090,2021,70.68
15091,1979,26.5809174657848
15091,1980,32.1195665468208
15091,1981,35.4254018896299
15091,1982,25.522894873398
15091,1983,30.0803831737386
15091,1984,37.7447416060093
15091,1985,32.0735095302887
15091,1986,35.8862203992039
15091,1987,39.7699978882345
15091,1988,22.0109176621541
15091,1989,35.152825447843
15091,1990,40.751526883197
15091,1991,31.8193881538083
15091,1992,40.7049046271662
15091,1993,50.7744798316462
15091,1994,36.5631714030648
15091,1995,43.9290291485446
15091,1996,50.7782510142408
15091,1997,42.2433612244784
15091,1998,52.6244605418202
15091,1999,44.8874346613484
15091,2000,50.0181617484399
15091,2001,52.598992896488
15091,2002,25.6793232937556
15091,2003,38.9201672239903
15091,2004,51.8956337477463
15091,2005,62.13
15091,2006,46.5916434813524
15091,2007,59.29
15091,2008,52.23
15091,2009,57.44
15091,2010,63.02
15091,2011,67.51
15091,2012,54.09
15091,2013,48.98
15091,2014,71.54
15091,2015,53.58
15091,2016,47.28
15091,2017,57.13
15091,2018,30.86
15091,2019,48.9
15091,2020,59.71
15091,2021,67.21
16051,1979,31.3065354793861
16051,1980,31.5384552117144
16051,1981,39.46
16051,1982,28.24
16051,1983,28.74
16051,1984,31.67
16051,1985,30.6
16051,1986,40.43
16051,1987,40.47
16051,1988,16.57
16051,1989,19.18
16051,1990,28.86
16051,1991,23.33
16051,1992,38.26
16051,1993,44.8
16051,1994,43.39
16051,1995,49.2
16051,1996,47.58
16051,1997,46.7
16051,1998,47.63
16051,1999,49.86
16051,2000,54.19
16051,2001,47.54
16051,2002,53.58
16051,2003,43.98
16051,2004,49.77
16051,2005,52.91
16051,2006,52.04
16051,2007,58.23
16051,2008,50.31
16051,2009,60.09
16051,2010,62.73
16051,2011,62.78
16051,2012,56.99
16051,2013,52.46
16051,2014,79.87
16051,2015,56.95
16051,2016,65.77
16051,2017,79.44
16051,2018,47.92
16051,2019,57.62
16051,2020,60.49
16051,2021,68.77
16052,1979,33.34
16052,1980,23.18
16052,1981,38.34
16052,1982,26.74
16052,1983,27.28
16052,1984,32.89
16052,1985,36.19
16052,1986,35.63
16052,1987,38.73
16052,1988,23.04
16052,1989,32.12
16052,1990,38.24
16052,1991,36.76
16052,1992,46.72
16052,1993,51.77
16052,1994,48.0
16052,1995,40.3
16052,1997,37.98
16052,1999,54.64
16052,2000,62.27
16052,2001,57.63
16052,2002,59.96
16052,2003,55.54
16052,2004,58.86
16052,2005,65.59
16052,2006,51.79
16052,2007,75.7
16052,2008,61.51
16052,2009,72.62
16052,2010,64.82
16052,2011,74.8
16052,2012,73.64
16052,2013,57.34
16052,2014,86.79
16052,2015,69.57
16052,2016,77.68
16052,2017,82.55
16052,2018,62.59
16052,2019,86.47
16052,2020,79.79
16052,2021,87.81
16053,1979,25.29
16053,1980,25.29
16053,1981,34.26
16053,1982,30.25
16053,1983,31.14
16053,1984,33.08
16053,1985,35.29
16053,1986,35.36
16053,1987,36.52
16053,1988,16.1
16053,1989,25.08
16053,1990,34.46
16053,1991,33.26
16053,1992,38.52
16053,1993,47.21
16054,1983,32.02
16054,1984,30.0
16054,1985,10.0
16054,1986,29.41
16054,1987,29.86
16054,1988,16.79
16054,1989,35.83
16054,1990,36.38
16054,1999,52.78
16055,1979,28.93
16055,1980,30.38
16055,1981,32.56
16055,1982,28.79
16055,1983,29.01
16055,1984,33.3
16055,1985,32.15
16055,1986,37.12
16055,1987,37.43
16055,1988,17.39
16055,1989,22.14
16055,1990,31.92
16055,1991,32.65
16055,1992,40.12
16055,1993,44.81
16055,1994,40.37
16055,1996,45.0
16055,1999,59.8
16055,2000,61.2
16055,2001,57.89
16055,2002,55.8
16055,2003,52.6
16055,2004,54.46
16055,2005,62.57
16055,2006,52.97
16055,2007,50.65
16055,2012,63.7
16061,1979,18.3470301548899
16061,1980,19.5949393242876
16061,1981,27.4874358720412
16061,1982,24.2891678402886
16061,1983,22.7799136053075
16061,1984,30.585508758021
16061,1985,32.2162568306011
16061,1986,34.4384497881147
16061,1987,33.9641295811518
16061,1988,14.3246553985138
16061,1989,23.0644066559626
16061,1990,35.0149345561393
16061,1991,38.109914425102
16061,1992,42.5866556476767
16061,1993,54.0717730798966
16061,1994,43.04
16061,1995,42.21
16061,1996,34.96
16061,1997,42.73
16061,1998,41.18
16061,1999,50.45
16061,2001,56.84
16061,2002,37.51
16061,2003,54.44
16061,2004,54.09
16061,2005,52.69
16061,2006,61.61
16061,2008,60.93
16061,2009,73.53
16061,2010,61.14
16061,2011,65.73
16061,2012,74.71
16061,2013,66.01
16061,2018,54.93
16061,2019,69.35
16061,2020,70.09
16061,2021,75.32
16062,1979,23.43
16062,1980,21.98
16062,1981,28.61
16062,1982,25.53
16062,1983,19.09
16062,1984,31.18
16062,1985,35.42
16062,1986,36.51
16062,1987,34.84
16062,1988,14.61
16062,1989,23.68
16062,1990,34.22
16062,1991,36.19
16062,1992,37.33
16062,1994,41.42
16062,1995,37.36
16062,1996,38.2
16062,1997,45.12
16062,1998,43.59
16062,1999,47.7
16062,2000,52.78
16062,2001,51.6
16062,2002,52.41
16062,2003,50.02
16062,2004,53.88
16062,2005,55.17
16062,2006,44.94
16062,2007,57.49
16062,2008,51.37
16062,2009,67.13
16062,2010,62.22
16062,2011,61.66
16062,2012,62.45
16062,2013,64.42
16062,2014,75.11
16062,2015,46.38
16062,2016,60.66
16062,2017,75.36
16062,2018,43.37
16062,2019,71.53
16062,2020,69.8
16062,2021,66.01
16063,1979,25.6217602025794
16063,1980,22.2712582252201
16063,1981,29.1716149593763
16063,1982,25.2451439905289
16063,1983,25.5434046275544
16063,1984,29.4031742588434
16063,1985,32.7448623209387
16063,1986,33.7776838992922
16063,1987,31.5115168971572
16063,1988,19.4343845077897
16063,1989,22.9336171683305
16063,1990,33.6712462602052
16063,1991,34.6200284154406
16063,1992,41.513090921595
16063,1993,48.0607871295872
16063,1994,43.88
16063,1995,41.5
16063,1996,39.2
16063,1999,52.78
16063,2017,81.28
16063,2018,66.57
16063,2019,77.28
16063,2020,77.42
16063,2021,79.16
16064,1979,29.92065656369
16064,1980,28.2648505666359
16064,1981,37.4699431712363
16064,1982,32.1841912601724
16064,1983,31.5736514545261
16064,1984,35.051628524789
16064,1985,35.1593271769001
16064,1986,40.9736985996243
16064,1987,41.0162990772337
16064,1988,23.4738204569623
16064,1989,28.4446883458633
16064,1990,33.6219620476949
16064,1991,31.8541501914345
16064,1992,45.6283527404044
16064,1993,47.3510721395303
16064,1994,46.22
16064,1995,46.38
16064,1996,45.1
16064,1997,45.23
16064,1998,47.94
16064,1999,52.87
16064,2000,58.07
16064,2001,52.24
16064,2002,57.07
16064,2003,52.36
16064,2004,54.56
16064,2005,56.13
16064,2006,57.33
16064,2007,58.18
16064,2008,56.21
16064,2009,65.43
16064,2010,60.44
16064,2011,65.88
16064,2012,61.22
16064,2013,59.02
16064,2014,76.8
16064,2015,56.46
16064,2016,61.53
16064,2017,72.27
16064,2018,51.44
16064,2019,66.03
16064,2020,66.28
16064,2021,73.32
16065,1979,26.5475879168253
16065,1980,29.7479907581305
16065,1981,34.6110621872926
16065,1982,25.6842052982145
16065,1983,27.4161354004469
16065,1984,31.6307135428465
16065,1985,31.0783111920743
16065,1986,35.1708987622686
16065,1987,36.2727617391304
16065,1988,15.7477995032144
16065,1989,19.1177815001491
16065,1990,33.6043895166463
16065,1991,31.9033443811353
16065,1992,40.016103038288
16065,1993,49.49139177204
16065,1994,39.95
16065,1995,43.07
16065,1996,41.97
16065,1997,48.45
16065,1998,47.67
16065,1999,50.86
16065,2000,54.79
16065,2001,50.73
16065,2002,51.49
16065,2003,49.57
16065,2004,51.27
16065,2005,52.11
16065,2006,50.2
16065,2007,58.48
16065,2008,53.32
16065,2009,64.14
16065,2010,56.79
16065,2011,65.16
16065,2012,61.71
16065,2013,55.86
16065,2014,75.58
16065,2015,60.81
16065,2016,58.23
16065,2017,70.5
16065,2018,50.35
16065,2019,49.45
16065,2020,64.61
16065,2021,76.77
16066,1979,32.6653468442516
16066,1980,26.9739048169658
16066,1981,40.7873583578463
16066,1982,31.8463164483977
16066,1983,32.5831663225677
16066,1984,33.8759390142357
16066,1985,31.3099590975046
16066,1986,36.6306674486783
16066,1987,36.4790960077035
16066,1988,27.7820546427912
16066,1989,36.5977407757268
16066,1990,39.8972273402376
16066,1991,37.3
16066,1992,46.56
16066,1993,51.89
16066,1994,41.99
16066,1995,41.91
16066,1996,45.34
16066,1997,51.39
16066,1998,49.14
16066,1999,49.16
16066,2000,49.86
16066,2001,49.75
16066,2002,55.81
16066,2003,41.82
16066,2004,55.59
16066,2005,52.99
16066,2006,56.24
16066,2007,51.55
16066,2008,53.48
16066,2009,60.41
16066,2010,63.85
16066,2011,65.41
16066,2012,64.44
16066,2013,52.52
16066,2014,72.69
16066,2015,66.28
16066,2016,67.5
16066,2017,61.92
16066,2018,58.28
16066,2019,69.81
16067,1979,29.0159933748542
16067,1980,29.0630249221096
16067,1981,37.4957602089185
16067,1982,28.3007271789722
16067,1983,27.1507160387168
16067,1984,30.9258362938016
16067,1985,31.2454034544651
16067,1986,38.5075620822014
16067,1987,38.9244655266124
16067,1988,18.2782030081639
16067,1989,22.0472341259936
16067,1990,30.6485728857876
16067,1991,31.1346240098014
16067,1992,42.8632389575441
16067,1993,48.4579840105818
16067,1994,43.38
16067,1995,48.33
16067,1996,44.75
16067,1997,47.32
16067,1998,51.09
16067,1999,52.15
16067,2000,56.98
16067,2001,51.51
16067,2002,54.76
16067,2003,48.25
16067,2004,51.47
16067,2005,55.61
16067,2006,56.9
16067,2007,60.42
16067,2008,55.07
16067,2009,61.55
16067,2010,57.12
16067,2011,66.59
16067,2012,60.32
16067,2013,58.13
16067,2014,85.19
16067,2015,54.28
16067,2016,65.36
16067,2017,79.36
16067,2018,56.87
16067,2019,63.8
16067,2020,58.98
16067,2021,72.15
16068,1979,28.5052088872503
16068,1980,30.4227101657771
16068,1981,35.0251503022332
16068,1982,28.1513452823967
16068,1983,30.0108252476872
16068,1984,32.0151696861564
16068,1985,28.3833267353083
16068,1986,36.6677411399632
16068,1987,40.0010797959177
16068,1988,15.4820770511486
16068,1989,19.2844232569497
16068,1990,28.697657686377
16068,1991,27.4102947912803
16068,1992,34.9763263046615
16068,1993,48.8347435865074
16068,1994,42.47
16068,1995,43.68
16068,1996,46.32
16068,1997,46.79
16068,1998,49.17
16068,1999,52.18
16068,2000,53.09
16068,2001,47.4
16068,2002,51.29
16068,2003,46.59
16068,2004,52.28
16068,2005,54.11
16068,2006,50.8
16068,2007,54.34
16068,2008,50.67
16068,2009,63.7
16068,2010,56.4
16068,2011,65.59
16068,2012,61.17
16068,2013,58.19
16068,2014,72.19
16068,2015,58.61
16068,2016,61.93
16068,2017,73.49
16068,2018,44.3
16068,2019,46.11
16068,2020,59.6
16068,2021,80.24
16069,1979,25.3342015492492
16069,1980,25.9514407477983
16069,1981,33.4121446072627
16069,1982,29.0269301530719
16069,1983,27.0218060542068
16069,1984,26.7776349743895
16069,1985,26.1195334494983
16069,1986,31.0758650149589
16069,1987,31.8509694263236
16069,1988,18.8877539821536
16069,1989,24.9852011402043
16069,1990,31.8215589891529
16069,1991,41.877411521632
16069,1992,39.5449137035344
16069,1993,38.5730729893349
16069,1994,41.72
16069,1995,40.26
16069,1996,37.62
16069,1997,28.82
16069,1998,49.39
16069,1999,45.93
16069,2000,58.25
16069,2001,40.48
16069,2002,51.74
16069,2003,36.43
16069,2004,54.19
16069,2005,50.06
16069,2006,49.16
16069,2007,52.74
16069,2008,48.85
16069,2009,74.35
16069,2011,60.23
16069,2012,61.69
16069,2013,56.79
16069,2014,57.67
16069,2015,36.1
16069,2016,57.22
16070,1979,29.3154931284797
16070,1980,26.6154457859167
16070,1981,35.2715485252454
16070,1982,18.2916695297713
16070,1983,29.0718661680042
16070,1984,31.3372834553583
16070,1985,32.5285490240679
16070,1986,34.693220596496
16070,1987,35.9515893506825
16070,1988,13.096933038288
16070,1989,23.8927169016227
16070,1990,31.1432335655992
16070,1991,26.4766665675407
16070,1992,45.8714058565882
16070,1993,52.049399968287
16070,1994,45.51
16070,1995,46.13
16070,1996,43.54
16070,1997,44.97
16070,1998,46.92
16070,1999,59.14
16070,2000,50.62
16070,2001,45.83
16070,2002,46.99
16070,2003,38.92
16070,2004,50.12
16070,2005,49.32
16070,2006,52.08
16070,2007,51.95
16070,2008,56.51
16070,2009,63.51
16070,2010,46.08
16070,2011,63.05
16070,2012,61.79
16070,2013,53.88
16070,2014,65.03
16070,2015,43.5
16070,2017,85.39
16070,2018,63.03
16070,2021,69.69
16071,1979,30.5276704249012
16071,1980,31.7866918434035
16071,1981,35.9003542702201
16071,1982,29.9966741221079
16071,1983,30.2151904615554
16071,1984,33.8178255655726
16071,1985,32.1514818222257
16071,1986,37.7780311139934
16071,1987,37.6892021945281
16071,1988,18.4109248910785
16071,1989,23.6044111054531
16071,1990,32.4380838143897
16071,1991,31.9581464594993
16071,1992,41.0244390187481
16071,1993,47.5096789762314
16071,1994,43.2
16071,1995,46.77
16071,1996,47.1
16071,1997,48.04
16071,1998,52.5
16071,1999,55.47
16071,2000,56.47
16071,2001,54.86
16071,2002,54.71
16071,2003,51.7
16071,2004,56.15
16071,2005,60.62
16071,2006,56.96
16071,2007,64.14
16071,2008,62.02
16071,2009,67.63
16071,2010,64.6
16071,2011,77.69
16071,2012,65.84
16071,2013,61.1
16071,2014,76.82
16071,2015,63.71
16071,2016,73.11
16071,2017,81.94
16071,2018,58.91
16071,2019,58.65
16071,2020,62.34
16071,2021,80.77
16072,1979,31.85
16072,1980,24.22
16072,1981,26.25
16072,1982,38.33
16072,1983,28.02
16072,1984,27.92
16072,1985,34.25
16072,1986,24.57
16072,1987,33.59
16072,1988,24.37
16072,1989,21.61
16072,1990,33.26
16072,1991,37.89
16072,1992,41.5
16072,1993,49.04
16072,1994,34.98
16072,1995,42.08
16072,1996,47.2
16072,1997,35.69
16072,1998,36.15
16073,1979,35.4600946880847
16073,1980,27.405801367126
16073,1981,36.1511201452116
16073,1982,31.6946155537384
16073,1983,29.0508263962464
16073,1984,36.4625719895288
16073,1985,40.1716668339691
16073,1986,43.2320405093753
16073,1987,38.9941384037368
16073,1988,26.7335559265442
16073,1989,30.0586521958607
16073,1990,38.0
16073,1995,38.0
16073,1996,43.0
16073,1997,54.97
16073,1998,54.22
16073,1999,46.5
16074,1979,28.7576078969843
16074,1980,20.3273872727787
16074,1981,33.9128033177896
16074,1982,27.7514735419443
16074,1983,31.3859325308877
16074,1984,32.3637749431052
16074,1985,34.0291749817586
16074,1986,32.9208001994879
16074,1987,37.7859586895934
16074,1988,16.4107847394014
16074,1989,24.1761086074746
16074,1990,34.8859441130929
16074,1991,31.179610484351
16074,1992,31.7030957498852
16074,1993,40.4076100953432
16074,1994,39.06
16074,1995,41.9
16074,1996,39.91
16074,1997,45.99
16074,1998,52.21
16074,1999,48.72
16074,2000,54.07
16074,2001,54.94
16074,2002,51.92
16074,2003,49.04
16074,2004,53.35
16074,2005,55.83
16074,2006,52.97
16074,2007,58.17
16074,2008,56.48
16074,2009,62.73
16074,2010,65.72
16074,2011,74.52
16074,2012,67.21
16074,2013,53.81
16074,2014,81.39
16074,2015,60.56
16074,2016,65.82
16074,2017,80.29
16074,2018,61.59
16074,2019,67.75
16074,2020,68.96
16074,2021,79.72
16075,1979,30.3245529247447
16075,1980,27.0652070202105
16075,1981,30.1863677985813
16075,1982,24.9100493765879
16075,1983,26.349370823241
16075,1984,29.0531499649615
16075,1985,32.6092929175168
16075,1986,34.8212909374459
16075,1987,39.05
16075,1988,20.17
16075,1989,24.6352028409423
16075,1990,33.9
16075,1991,31.2261722444248
16075,1992,43.4
16075,1993,47.61
16075,1994,39.21
16075,1995,36.49
16075,1996,37.53
16075,1997,41.64
16075,1998,52.19
16075,1999,53.0
16075,2000,55.65
16075,2001,52.56
16075,2002,51.67
16075,2003,54.89
16075,2004,57.59
16075,2005,58.23
16075,2006,51.76
16075,2007,55.05
16075,2008,53.13
16075,2009,70.27
16075,2010,51.96
16075,2011,66.86
16075,2012,55.81
16075,2013,46.17
16075,2014,66.24
16075,2015,63.0
16075,2016,78.62
16075,2017,83.68
16075,2018,54.88
16075,2019,54.3
16075,2020,71.78
16075,2021,77.53
16076,1979,31.2123967046585
16076,1980,21.9227342257131
16076,1981,34.858162457005
16076,1982,23.8247381224308
16076,1983,25.8316311694804
16076,1984,31.0221985361269
16076,1985,34.3810725437913
16076,1986,34.6646304171259
16076,1987,33.3662366726845
16076,1988,22.511808260572
16076,1989,28.7892932031569
16076,1990,38.24
16076,1991,36.8939538981914
16076,1992,46.72
16076,1993,48.807792205903
16076,1994,45.81
16076,1995,46.45
16076,1996,43.91
16076,1997,45.32
16076,1998,54.71
16076,1999,52.85
16076,2000,61.78
16076,2001,58.19
16076,2002,60.05
16076,2003,45.35
16076,2004,59.31
16076,2005,63.17
16076,2006,54.8
16076,2007,65.03
16076,2008,55.76
16076,2009,70.72
16076,2010,65.12
16076,2011,72.62
16076,2012,68.34
16076,2013,52.07
16076,2014,79.48
16076,2015,66.74
16076,2016,74.47
16076,2017,77.72
16076,2018,63.3
16076,2019,72.54
16076,2020,63.28
16076,2021,85.37
16077,1979,33.5888695861261
16077,1980,30.0168825278587
16077,1981,39.8533009009009
16077,1982,30.99424036417
16077,1983,29.9864849281511
16077,1984,35.0574002866014
16077,1985,38.5961466165413
16077,1986,41.1560908113917
16077,1987,40.0190484025368
16077,1988,27.4949740808438
16077,1989,37.5727224722472
16077,1990,41.5948136459273
16077,1991,33.0796684733514
16077,1992,45.9438166214996
16077,1993,52.8513080397471
16077,1994,46.45
16077,1995,53.28
16077,1996,48.0
16077,1997,48.82
16077,1998,55.83
16077,1999,55.23
16077,2000,57.53
16077,2001,57.57
16077,2002,59.59
16077,2003,54.8
16077,2004,59.98
16077,2005,60.09
16077,2006,57.8
16077,2007,66.5
16077,2008,61.07
16077,2009,72.5
16077,2010,69.98
16077,2011,75.25
16077,2012,72.14
16077,2013,58.31
16077,2014,82.93
16077,2015,74.7
16077,2016,77.08
16077,2017,83.85
16077,2018,63.48
16077,2019,74.37
16077,2020,69.92
16077,2021,85.9
