district_no,year,yield,precip_total_peak_growth,temp_mean_peak_growth,heat_stress_days_peak_growth,solar_rad_peak_growth,state_name,latitude,longitude,avg_elevation,avg_soil_pawc,pflanzliche_erzeugung,zuckerrben,dngemittel,energie_und_schmierstoffe,pflanzenschutzmittel,saat_und_pflanzgut
01051,2017,75.65,340.1279602050781,15.87732982635498,0.0,14153486.0,Schleswig-Holstein,54.13288386150528,9.10891129597937,4.312761096339693,60.66861105434826,93.1,96.7,94.2,101.7,99.3,96.425
01051,2018,67.25,127.05349731445312,17.749713897705078,3.0,16386463.0,Schleswig-Holstein,54.13288386150528,9.10891129597937,4.312761096339693,60.66861105434826,102.7,95.4,96.925,109.125,99.125,98.025
01051,2019,86.17,257.2729797363281,16.926172256469727,3.0,14977523.0,Schleswig-Holstein,54.13288386150528,9.10891129597937,4.312761096339693,60.66861105434826,101.9,90.0,102.65,110.55,99.1,100.5
01051,2020,81.5,191.5880126953125,16.79399299621582,3.0,15106671.0,Schleswig-Holstein,54.13288386150528,9.10891129597937,4.312761096339693,60.66861105434826,100.0,100.0,100.0,100.0,100.025,100.025
01051,2021,89.82,252.6614990234375,17.03226089477539,0.0,14492836.0,Schleswig-Holstein,54.13288386150528,9.10891129597937,4.312761096339693,60.66861105434826,114.3,105.1,114.25,118.325,101.675,103.975
01053,2017,79.43,303.2143859863281,16.000898361206055,0.0,13363720.0,Schleswig-Holstein,53.58858731963378,10.60156834335143,40.00613405135157,48.82537288832111,93.1,96.7,94.2,101.7,99.3,96.425
01053,2018,64.67,96.13778686523438,18.29307174682617,10.0,16319521.0,Schleswig-Holstein,53.58858731963378,10.60156834335143,40.00613405135157,48.82537288832111,102.7,95.4,96.925,109.125,99.125,98.025
01053,2019,88.08,206.53330993652344,17.12238121032715,3.0,14374707.0,Schleswig-Holstein,53.58858731963378,10.60156834335143,40.00613405135157,48.82537288832111,101.9,90.0,102.65,110.55,99.1,100.5
01053,2020,75.49,172.70498657226562,17.105924606323242,4.0,14753414.0,Schleswig-Holstein,53.58858731963378,10.60156834335143,40.00613405135157,48.82537288832111,100.0,100.0,100.0,100.0,100.025,100.025
01053,2021,81.98,209.75889587402344,17.151037216186523,0.0,13621645.0,Schleswig-Holstein,53.58858731963378,10.60156834335143,40.00613405135157,48.82537288832111,114.3,105.1,114.25,118.325,101.675,103.975
01054,2018,70.93,168.00698852539062,17.512828826904297,1.0,16434328.0,Schleswig-Holstein,54.60900681856426,8.888943832957597,3.878989444346276,57.13157050524072,102.7,95.4,96.925,109.125,99.125,98.025
01054,2019,99.18,290.6126708984375,16.745433807373047,0.0,15022340.0,Schleswig-Holstein,54.60900681856426,8.888943832957597,3.878989444346276,57.13157050524072,101.9,90.0,102.65,110.55,99.1,100.5
01054,2020,88.57,213.3049774169922,16.65995979309082,0.0,15279665.0,Schleswig-Holstein,54.60900681856426,8.888943832957597,3.878989444346276,57.13157050524072,100.0,100.0,100.0,100.0,100.025,100.025
01054,2021,93.31,256.6513366699219,16.923311233520508,0.0,14724028.0,Schleswig-Holstein,54.60900681856426,8.888943832957597,3.878989444346276,57.13157050524072,114.3,105.1,114.25,118.325,101.675,103.975
01058,2017,74.04,305.47137451171875,15.617020606994627,0.0,13673043.0,Schleswig-Holstein,54.28851736791115,9.781565158652674,18.6739993731766,53.52441928771236,93.1,96.7,94.2,101.7,99.3,96.425
01058,2018,74.42,118.95137786865234,17.634565353393555,5.0,16094589.0,Schleswig-Holstein,54.28851736791115,9.781565158652674,18.6739993731766,53.52441928771236,102.7,95.4,96.925,109.125,99.125,98.025
01058,2019,83.81,234.00311279296875,16.586139678955078,2.0,14502322.0,Schleswig-Holstein,54.28851736791115,9.781565158652674,18.6739993731766,53.52441928771236,101.9,90.0,102.65,110.55,99.1,100.5
01058,2020,81.04,171.4569091796875,16.506717681884766,0.0,14778614.0,Schleswig-Holstein,54.28851736791115,9.781565158652674,18.6739993731766,53.52441928771236,100.0,100.0,100.0,100.0,100.025,100.025
01058,2021,81.67,236.99620056152344,16.81435203552246,0.0,14044374.0,Schleswig-Holstein,54.28851736791115,9.781565158652674,18.6739993731766,53.52441928771236,114.3,105.1,114.25,118.325,101.675,103.975
01059,2017,74.21,347.2473449707031,15.43790054321289,0.0,13886399.0,Schleswig-Holstein,54.61785881405948,9.48754409584054,21.813499268367053,51.94983958903685,93.1,96.7,94.2,101.7,99.3,96.425
01059,2018,76.15,133.8206787109375,17.379165649414062,2.0,16100814.0,Schleswig-Holstein,54.61785881405948,9.48754409584054,21.813499268367053,51.94983958903685,102.7,95.4,96.925,109.125,99.125,98.025
01059,2019,83.37,262.7526550292969,16.426719665527344,0.0,14565299.0,Schleswig-Holstein,54.61785881405948,9.48754409584054,21.813499268367053,51.94983958903685,101.9,90.0,102.65,110.55,99.1,100.5
01059,2020,83.2,180.5706329345703,16.308021545410156,0.0,14849913.0,Schleswig-Holstein,54.61785881405948,9.48754409584054,21.813499268367053,51.94983958903685,100.0,100.0,100.0,100.0,100.025,100.025
01059,2021,81.92,240.12599182128903,16.675527572631836,0.0,14188758.0,Schleswig-Holstein,54.61785881405948,9.48754409584054,21.813499268367053,51.94983958903685,114.3,105.1,114.25,118.325,101.675,103.975
01060,2017,78.3,286.70526123046875,15.782273292541504,0.0,13342904.0,Schleswig-Holstein,53.91993466525943,10.141101594511628,34.30699266787498,50.82564035364499,93.1,96.7,94.2,101.7,99.3,96.425
01060,2018,57.12,103.40789031982422,17.920719146728516,9.0,16029863.0,Schleswig-Holstein,53.91993466525943,10.141101594511628,34.30699266787498,50.82564035364499,102.7,95.4,96.925,109.125,99.125,98.025
01060,2019,87.71,222.2478790283203,16.811006546020508,3.0,14299665.0,Schleswig-Holstein,53.91993466525943,10.141101594511628,34.30699266787498,50.82564035364499,101.9,90.0,102.65,110.55,99.1,100.5
01060,2020,76.03,167.74578857421875,16.772794723510742,5.0,14653286.0,Schleswig-Holstein,53.91993466525943,10.141101594511628,34.30699266787498,50.82564035364499,100.0,100.0,100.0,100.0,100.025,100.025
01060,2021,82.84,230.3673858642578,16.963420867919922,0.0,13734829.0,Schleswig-Holstein,53.91993466525943,10.141101594511628,34.30699266787498,50.82564035364499,114.3,105.1,114.25,118.325,101.675,103.975
01061,2017,72.7,316.4684753417969,15.841331481933594,0.0,13581789.0,Schleswig-Holstein,53.9284280864405,9.518983361623944,8.498057820216552,61.49693127291663,93.1,96.7,94.2,101.7,99.3,96.425
01061,2018,65.86,111.71308135986328,17.858156204223633,7.0,16091189.0,Schleswig-Holstein,53.9284280864405,9.518983361623944,8.498057820216552,61.49693127291663,102.7,95.4,96.925,109.125,99.125,98.025
01061,2019,82.63,231.1923065185547,16.875362396240234,3.0,14556946.0,Schleswig-Holstein,53.9284280864405,9.518983361623944,8.498057820216552,61.49693127291663,101.9,90.0,102.65,110.55,99.1,100.5
01061,2020,79.2,176.44615173339844,16.822771072387695,7.0,14727829.0,Schleswig-Holstein,53.9284280864405,9.518983361623944,8.498057820216552,61.49693127291663,100.0,100.0,100.0,100.0,100.025,100.025
01061,2021,76.46,244.4438323974609,17.014659881591797,0.0,14001810.0,Schleswig-Holstein,53.9284280864405,9.518983361623944,8.498057820216552,61.49693127291663,114.3,105.1,114.25,118.325,101.675,103.975
03101,2017,76.84,320.54669189453125,16.623231887817383,0.0,13767091.0,Niedersachsen,52.27541301031559,10.52443500614499,79.36886014887196,46.774093627551125,93.1,96.7,94.2,101.7,99.3,96.425
03101,2018,69.5,98.13666534423828,19.13004493713379,12.0,17130384.0,Niedersachsen,52.27541301031559,10.52443500614499,79.36886014887196,46.774093627551125,102.7,95.4,96.925,109.125,99.125,98.025
03101,2019,72.34,144.08665466308594,17.990467071533203,9.0,15128691.0,Niedersachsen,52.27541301031559,10.52443500614499,79.36886014887196,46.774093627551125,101.9,90.0,102.65,110.55,99.1,100.5
03101,2020,72.26,179.58334350585938,17.839859008789062,5.0,15071155.0,Niedersachsen,52.27541301031559,10.52443500614499,79.36886014887196,46.774093627551125,100.0,100.0,100.0,100.0,100.025,100.025
03101,2021,77.36,202.65667724609372,17.343088150024414,0.0,13596580.0,Niedersachsen,52.27541301031559,10.52443500614499,79.36886014887196,46.774093627551125,114.3,105.1,114.25,118.325,101.675,103.975
03102,2017,89.36,343.8999938964844,16.665477752685547,0.0,13865767.0,Niedersachsen,52.125215224453555,10.37158734427358,117.4934737513266,52.202526218022896,93.1,96.7,94.2,101.7,99.3,96.425
03102,2018,65.23,105.2249984741211,19.07748031616211,12.0,17267506.0,Niedersachsen,52.125215224453555,10.37158734427358,117.4934737513266,52.202526218022896,102.7,95.4,96.925,109.125,99.125,98.025
03102,2019,77.05,151.57998657226562,17.950721740722656,9.0,15232918.0,Niedersachsen,52.125215224453555,10.37158734427358,117.4934737513266,52.202526218022896,101.9,90.0,102.65,110.55,99.1,100.5
03102,2020,80.29,193.0050048828125,17.83718490600586,5.0,15149956.0,Niedersachsen,52.125215224453555,10.37158734427358,117.4934737513266,52.202526218022896,100.0,100.0,100.0,100.0,100.025,100.025
03102,2021,90.78,230.80499267578125,17.297212600708008,0.0,13714271.0,Niedersachsen,52.125215224453555,10.37158734427358,117.4934737513266,52.202526218022896,114.3,105.1,114.25,118.325,101.675,103.975
03103,2017,78.2,309.6400146484375,16.68653106689453,0.0,13656565.0,Niedersachsen,52.4105998245712,10.783978400832318,82.63539670359086,43.88645822268728,93.1,96.7,94.2,101.7,99.3,96.425
03103,2018,44.63,93.8499984741211,19.21853828430176,12.0,17042336.0,Niedersachsen,52.4105998245712,10.783978400832318,82.63539670359086,43.88645822268728,102.7,95.4,96.925,109.125,99.125,98.025
03103,2020,74.78,180.38999938964844,17.909198760986328,5.0,15027343.0,Niedersachsen,52.4105998245712,10.783978400832318,82.63539670359086,43.88645822268728,100.0,100.0,100.0,100.0,100.025,100.025
03151,2017,80.12,321.36041259765625,16.552268981933594,0.0,13573518.0,Niedersachsen,52.57964993710375,10.604223248130491,73.6892495743334,42.563852771214265,93.1,96.7,94.2,101.7,99.3,96.425
03151,2018,75.15,98.21500396728516,19.136011123657227,12.0,16880180.0,Niedersachsen,52.57964993710375,10.604223248130491,73.6892495743334,42.563852771214265,102.7,95.4,96.925,109.125,99.125,98.025
03151,2019,74.67,167.38182067871094,17.96756362915039,9.0,14868786.0,Niedersachsen,52.57964993710375,10.604223248130491,73.6892495743334,42.563852771214265,101.9,90.0,102.65,110.55,99.1,100.5
03151,2020,77.81,185.7763671875,17.794248580932617,6.0,14820814.0,Niedersachsen,52.57964993710375,10.604223248130491,73.6892495743334,42.563852771214265,100.0,100.0,100.0,100.0,100.025,100.025
03151,2021,80.22,194.92955017089844,17.436302185058594,0.0,13361773.0,Niedersachsen,52.57964993710375,10.604223248130491,73.6892495743334,42.563852771214265,114.3,105.1,114.25,118.325,101.675,103.975
03153,2017,85.69,355.635009765625,14.889756202697754,0.0,13703720.0,Niedersachsen,51.874520939751854,10.400808060260024,387.65537837221,68.64159594833163,93.1,96.7,94.2,101.7,99.3,96.425
03153,2018,63.27,110.62749481201172,17.2929744720459,2.0,17169810.0,Niedersachsen,51.874520939751854,10.400808060260024,387.65537837221,68.64159594833163,102.7,95.4,96.925,109.125,99.125,98.025
03153,2019,79.57,167.03334045410156,16.06209945678711,2.0,15139928.0,Niedersachsen,51.874520939751854,10.400808060260024,387.65537837221,68.64159594833163,101.9,90.0,102.65,110.55,99.1,100.5
03153,2020,79.79,207.82501220703125,16.062915802001953,2.0,14997075.0,Niedersachsen,51.874520939751854,10.400808060260024,387.65537837221,68.64159594833163,100.0,100.0,100.0,100.0,100.025,100.025
03153,2021,85.36,260.1300354003906,15.39946746826172,0.0,13576121.0,Niedersachsen,51.874520939751854,10.400808060260024,387.65537837221,68.64159594833163,114.3,105.1,114.25,118.325,101.675,103.975
03154,2017,78.37,293.3537902832031,16.520273208618164,0.0,13809555.0,Niedersachsen,52.260516227122515,10.889356469804483,120.71246267567484,47.3940791687049,93.1,96.7,94.2,101.7,99.3,96.425
03154,2018,53.7,84.06375122070312,19.077482223510746,12.0,17178296.0,Niedersachsen,52.260516227122515,10.889356469804483,120.71246267567484,47.3940791687049,102.7,95.4,96.925,109.125,99.125,98.025
03154,2019,68.84,147.416259765625,17.858455657958984,9.0,15293446.0,Niedersachsen,52.260516227122515,10.889356469804483,120.71246267567484,47.3940791687049,101.9,90.0,102.65,110.55,99.1,100.5
03154,2020,69.86,174.54873657226562,17.77446937561035,5.0,15217455.0,Niedersachsen,52.260516227122515,10.889356469804483,120.71246267567484,47.3940791687049,100.0,100.0,100.0,100.0,100.025,100.025
03154,2021,76.06,197.58624267578125,17.226381301879883,0.0,13657848.0,Niedersachsen,52.260516227122515,10.889356469804483,120.71246267567484,47.3940791687049,114.3,105.1,114.25,118.325,101.675,103.975
03155,2017,88.15,365.5753173828125,15.893147468566896,0.0,13849223.0,Niedersachsen,51.74240833313617,9.847876396760032,231.4685232956745,58.19983547821087,93.1,96.7,94.2,101.7,99.3,96.425
03155,2018,83.05,115.90235137939452,18.250152587890625,9.0,17409952.0,Niedersachsen,51.74240833313617,9.847876396760032,231.4685232956745,58.19983547821087,102.7,95.4,96.925,109.125,99.125,98.025
03155,2019,81.1,164.82704162597656,16.95047950744629,4.0,15158694.0,Niedersachsen,51.74240833313617,9.847876396760032,231.4685232956745,58.19983547821087,101.9,90.0,102.65,110.55,99.1,100.5
03155,2020,88.53,203.95411682128903,16.910268783569336,2.0,15023238.0,Niedersachsen,51.74240833313617,9.847876396760032,231.4685232956745,58.19983547821087,100.0,100.0,100.0,100.0,100.025,100.025
03155,2021,85.12,250.4993896484375,16.34048080444336,0.0,13664557.0,Niedersachsen,51.74240833313617,9.847876396760032,231.4685232956745,58.19983547821087,114.3,105.1,114.25,118.325,101.675,103.975
03157,2017,84.09,332.9042663574219,16.695043563842773,0.0,13807135.0,Niedersachsen,52.304068929186364,10.255258372700169,73.38944065927016,45.43448187787549,93.1,96.7,94.2,101.7,99.3,96.425
03157,2018,69.87,103.32286071777344,19.1573429107666,12.0,17155536.0,Niedersachsen,52.304068929186364,10.255258372700169,73.38944065927016,45.43448187787549,102.7,95.4,96.925,109.125,99.125,98.025
03157,2019,69.48,146.1271514892578,18.085792541503903,9.0,15113266.0,Niedersachsen,52.304068929186364,10.255258372700169,73.38944065927016,45.43448187787549,101.9,90.0,102.65,110.55,99.1,100.5
03157,2020,79.48,178.73001098632812,17.91276741027832,5.0,15049345.0,Niedersachsen,52.304068929186364,10.255258372700169,73.38944065927016,45.43448187787549,100.0,100.0,100.0,100.0,100.025,100.025
03157,2021,81.71,205.17713928222656,17.423786163330078,0.0,13645038.0,Niedersachsen,52.304068929186364,10.255258372700169,73.38944065927016,45.43448187787549,114.3,105.1,114.25,118.325,101.675,103.975
03158,2017,82.78,337.0672607421875,16.52456283569336,0.0,13894535.0,Niedersachsen,52.12706030124737,10.584810588618774,130.02412529590924,49.33051719467714,93.1,96.7,94.2,101.7,99.3,96.425
03158,2018,63.9,102.6072769165039,18.93707847595215,12.0,17305284.0,Niedersachsen,52.12706030124737,10.584810588618774,130.02412529590924,49.33051719467714,102.7,95.4,96.925,109.125,99.125,98.025
03158,2019,77.95,154.05181884765625,17.777109146118164,9.0,15329231.0,Niedersachsen,52.12706030124737,10.584810588618774,130.02412529590924,49.33051719467714,101.9,90.0,102.65,110.55,99.1,100.5
03158,2020,74.97,194.00909423828125,17.689319610595703,5.0,15232778.0,Niedersachsen,52.12706030124737,10.584810588618774,130.02412529590924,49.33051719467714,100.0,100.0,100.0,100.0,100.025,100.025
03158,2021,81.17,230.5418243408203,17.129989624023438,0.0,13754880.0,Niedersachsen,52.12706030124737,10.584810588618774,130.02412529590924,49.33051719467714,114.3,105.1,114.25,118.325,101.675,103.975
03241,2017,85.45,357.01422119140625,16.545612335205078,0.0,13727951.0,Niedersachsen,52.42157736272502,9.719983266965194,65.35178068571408,44.86763110898455,93.1,96.7,94.2,101.7,99.3,96.425
03241,2018,74.81,114.14903259277344,18.907100677490234,12.0,16978368.0,Niedersachsen,52.42157736272502,9.719983266965194,65.35178068571408,44.86763110898455,102.7,95.4,96.925,109.125,99.125,98.025
03241,2019,74.78,162.2045135498047,18.020483016967773,9.0,14925418.0,Niedersachsen,52.42157736272502,9.719983266965194,65.35178068571408,44.86763110898455,101.9,90.0,102.65,110.55,99.1,100.5
03241,2020,82.52,182.1870880126953,17.794092178344727,6.0,14820319.0,Niedersachsen,52.42157736272502,9.719983266965194,65.35178068571408,44.86763110898455,100.0,100.0,100.0,100.0,100.025,100.025
03241,2021,84.76,215.19839477539065,17.34561538696289,0.0,13614266.0,Niedersachsen,52.42157736272502,9.719983266965194,65.35178068571408,44.86763110898455,114.3,105.1,114.25,118.325,101.675,103.975
03251,2017,83.6,299.13555908203125,16.38619613647461,0.0,13546081.0,Niedersachsen,52.727439366186495,8.700992571619611,37.82531227909938,50.47574318137497,93.1,96.7,94.2,101.7,99.3,96.425
03251,2018,53.63,100.83963012695312,18.60401153564453,11.0,16547812.0,Niedersachsen,52.727439366186495,8.700992571619611,37.82531227909938,50.47574318137497,102.7,95.4,96.925,109.125,99.125,98.025
03251,2019,62.66,200.8800048828125,17.70048713684082,8.0,14622417.0,Niedersachsen,52.727439366186495,8.700992571619611,37.82531227909938,50.47574318137497,101.9,90.0,102.65,110.55,99.1,100.5
03251,2020,77.31,196.90516662597656,17.456342697143555,7.0,14363905.0,Niedersachsen,52.727439366186495,8.700992571619611,37.82531227909938,50.47574318137497,100.0,100.0,100.0,100.0,100.025,100.025
03251,2021,81.42,232.9251708984375,17.229515075683594,0.0,13647034.0,Niedersachsen,52.727439366186495,8.700992571619611,37.82531227909938,50.47574318137497,114.3,105.1,114.25,118.325,101.675,103.975
03252,2017,86.76,385.9163513183594,16.067737579345703,0.0,13856238.0,Niedersachsen,52.09468937939088,9.389171702227225,168.64624754132518,59.42615305944366,93.1,96.7,94.2,101.7,99.3,96.425
03252,2018,78.89,135.20091247558594,18.262149810791016,8.0,17239142.0,Niedersachsen,52.09468937939088,9.389171702227225,168.64624754132518,59.42615305944366,102.7,95.4,96.925,109.125,99.125,98.025
03252,2019,83.27,171.5709228515625,17.332008361816406,7.0,15060255.0,Niedersachsen,52.09468937939088,9.389171702227225,168.64624754132518,59.42615305944366,101.9,90.0,102.65,110.55,99.1,100.5
03252,2020,88.27,204.00271606445312,17.152217864990234,2.0,14911296.0,Niedersachsen,52.09468937939088,9.389171702227225,168.64624754132518,59.42615305944366,100.0,100.0,100.0,100.0,100.025,100.025
03252,2021,86.29,256.6800231933594,16.631359100341797,0.0,13753277.0,Niedersachsen,52.09468937939088,9.389171702227225,168.64624754132518,59.42615305944366,114.3,105.1,114.25,118.325,101.675,103.975
03254,2017,85.16,368.9799499511719,16.214969635009766,0.0,13908189.0,Niedersachsen,52.089640574171774,9.943412788434705,145.42201172754338,54.37337369926457,93.1,96.7,94.2,101.7,99.3,96.425
03254,2018,71.17,114.61066436767578,18.582714080810547,10.0,17324002.0,Niedersachsen,52.089640574171774,9.943412788434705,145.42201172754338,54.37337369926457,102.7,95.4,96.925,109.125,99.125,98.025
03254,2019,77.85,154.09266662597656,17.473949432373047,9.0,15154226.0,Niedersachsen,52.089640574171774,9.943412788434705,145.42201172754338,54.37337369926457,101.9,90.0,102.65,110.55,99.1,100.5
03254,2020,83.99,192.98333740234372,17.307262420654297,2.0,15060927.0,Niedersachsen,52.089640574171774,9.943412788434705,145.42201172754338,54.37337369926457,100.0,100.0,100.0,100.0,100.025,100.025
03254,2021,86.11,236.38265991210935,16.807876586914062,0.0,13757799.0,Niedersachsen,52.089640574171774,9.943412788434705,145.42201172754338,54.37337369926457,114.3,105.1,114.25,118.325,101.675,103.975
03255,2017,83.56,390.6533508300781,15.881038665771484,0.0,13801528.0,Niedersachsen,51.87998191719255,9.550610446703711,244.77205326208195,66.78746385962387,93.1,96.7,94.2,101.7,99.3,96.425
03255,2018,65.97,132.77999877929688,18.16014862060547,9.0,17276632.0,Niedersachsen,51.87998191719255,9.550610446703711,244.77205326208195,66.78746385962387,102.7,95.4,96.925,109.125,99.125,98.025
03255,2019,80.49,167.8499755859375,17.0546875,5.0,15045382.0,Niedersachsen,51.87998191719255,9.550610446703711,244.77205326208195,66.78746385962387,101.9,90.0,102.65,110.55,99.1,100.5
03255,2020,87.83,210.47555541992188,16.903654098510742,2.0,14912426.0,Niedersachsen,51.87998191719255,9.550610446703711,244.77205326208195,66.78746385962387,100.0,100.0,100.0,100.0,100.025,100.025
03255,2021,83.03,258.9322204589844,16.39651107788086,0.0,13659712.0,Niedersachsen,51.87998191719255,9.550610446703711,244.77205326208195,66.78746385962387,114.3,105.1,114.25,118.325,101.675,103.975
03256,2017,87.24,319.5533447265625,16.527929306030273,0.0,13588253.0,Niedersachsen,52.60822427354838,9.114417594771304,36.69954350209412,45.6912156632667,93.1,96.7,94.2,101.7,99.3,96.425
03256,2018,69.71,105.7194366455078,18.805253982543945,11.0,16710044.0,Niedersachsen,52.60822427354838,9.114417594771304,36.69954350209412,45.6912156632667,102.7,95.4,96.925,109.125,99.125,98.025
03256,2019,71.95,187.3683319091797,17.9518985748291,8.0,14683693.0,Niedersachsen,52.60822427354838,9.114417594771304,36.69954350209412,45.6912156632667,101.9,90.0,102.65,110.55,99.1,100.5
03256,2020,77.37,189.6300201416016,17.70244026184082,7.0,14507581.0,Niedersachsen,52.60822427354838,9.114417594771304,36.69954350209412,45.6912156632667,100.0,100.0,100.0,100.0,100.025,100.025
03256,2021,83.89,219.55274963378903,17.355438232421875,0.0,13575263.0,Niedersachsen,52.60822427354838,9.114417594771304,36.69954350209412,45.6912156632667,114.3,105.1,114.25,118.325,101.675,103.975
03257,2017,85.22,353.5579833984375,16.388586044311523,0.0,13805511.0,Niedersachsen,52.2924562826786,9.206292306228923,110.06650836686582,54.52129291862677,93.1,96.7,94.2,101.7,99.3,96.425
03257,2018,72.22,120.98499298095705,18.636615753173828,10.0,17063628.0,Niedersachsen,52.2924562826786,9.206292306228923,110.06650836686582,54.52129291862677,102.7,95.4,96.925,109.125,99.125,98.025
03257,2019,75.62,173.10398864746094,17.79633140563965,8.0,14935939.0,Niedersachsen,52.2924562826786,9.206292306228923,110.06650836686582,54.52129291862677,101.9,90.0,102.65,110.55,99.1,100.5
03257,2020,85.25,190.47900390625,17.528894424438477,5.0,14762026.0,Niedersachsen,52.2924562826786,9.206292306228923,110.06650836686582,54.52129291862677,100.0,100.0,100.0,100.0,100.025,100.025
03257,2021,83.77,225.9070281982422,17.059003829956055,0.0,13753653.0,Niedersachsen,52.2924562826786,9.206292306228923,110.06650836686582,54.52129291862677,114.3,105.1,114.25,118.325,101.675,103.975
03351,2017,81.07,352.406494140625,16.381343841552734,0.0,13374660.0,Niedersachsen,52.71288411645541,10.10387391178879,63.23971096729696,45.982047716891806,93.1,96.7,94.2,101.7,99.3,96.425
03351,2018,69.04,103.2655029296875,18.900650024414062,14.0,16591691.0,Niedersachsen,52.71288411645541,10.10387391178879,63.23971096729696,45.982047716891806,102.7,95.4,96.925,109.125,99.125,98.025
03351,2019,65.67,175.64898681640625,17.828472137451172,9.0,14650579.0,Niedersachsen,52.71288411645541,10.10387391178879,63.23971096729696,45.982047716891806,101.9,90.0,102.65,110.55,99.1,100.5
03351,2020,74.43,187.9750061035156,17.643022537231445,6.0,14570336.0,Niedersachsen,52.71288411645541,10.10387391178879,63.23971096729696,45.982047716891806,100.0,100.0,100.0,100.0,100.025,100.025
03351,2021,77.86,205.61199951171875,17.334487915039062,0.0,13209849.0,Niedersachsen,52.71288411645541,10.10387391178879,63.23971096729696,45.982047716891806,114.3,105.1,114.25,118.325,101.675,103.975
03353,2017,77.59,321.01788330078125,16.032150268554688,0.0,13277800.0,Niedersachsen,53.31562772055694,9.961821092670844,47.83834153611925,52.692365997490334,93.1,96.7,94.2,101.7,99.3,96.425
03353,2018,65.77,93.78369140625,18.334238052368164,10.0,16175608.0,Niedersachsen,53.31562772055694,9.961821092670844,47.83834153611925,52.692365997490334,102.7,95.4,96.925,109.125,99.125,98.025
03353,2019,68.87,207.13262939453125,17.220142364501953,6.0,14438346.0,Niedersachsen,53.31562772055694,9.961821092670844,47.83834153611925,52.692365997490334,101.9,90.0,102.65,110.55,99.1,100.5
03353,2020,76.9,181.6231689453125,17.138900756835938,7.0,14543343.0,Niedersachsen,53.31562772055694,9.961821092670844,47.83834153611925,52.692365997490334,100.0,100.0,100.0,100.0,100.025,100.025
03353,2021,68.08,209.02528381347656,17.138036727905273,0.0,13448191.0,Niedersachsen,53.31562772055694,9.961821092670844,47.83834153611925,52.692365997490334,114.3,105.1,114.25,118.325,101.675,103.975
03354,2017,85.53,303.1737670898437,16.57176399230957,0.0,13473998.0,Niedersachsen,53.01965276509415,11.123489966858209,39.92315427805637,43.17562863257,93.1,96.7,94.2,101.7,99.3,96.425
03354,2018,67.42,79.80937194824219,19.074094772338867,12.0,16698017.0,Niedersachsen,53.01965276509415,11.123489966858209,39.92315427805637,43.17562863257,102.7,95.4,96.925,109.125,99.125,98.025
03354,2019,73.64,193.9850006103516,17.788877487182617,9.0,14517991.0,Niedersachsen,53.01965276509415,11.123489966858209,39.92315427805637,43.17562863257,101.9,90.0,102.65,110.55,99.1,100.5
03354,2020,76.04,178.51564025878906,17.70780372619629,5.0,14583107.0,Niedersachsen,53.01965276509415,11.123489966858209,39.92315427805637,43.17562863257,100.0,100.0,100.0,100.0,100.025,100.025
03354,2021,79.16,193.9181365966797,17.557178497314453,0.0,13331694.0,Niedersachsen,53.01965276509415,11.123489966858209,39.92315427805637,43.17562863257,114.3,105.1,114.25,118.325,101.675,103.975
03355,2017,75.58,323.3327941894531,16.261425018310547,0.0,13343737.0,Niedersachsen,53.2322787712149,10.572929162275178,38.40780862308837,48.089519521973926,93.1,96.7,94.2,101.7,99.3,96.425
03355,2018,68.11,84.74944305419922,18.71320343017578,12.0,16429867.0,Niedersachsen,53.2322787712149,10.572929162275178,38.40780862308837,48.089519521973926,102.7,95.4,96.925,109.125,99.125,98.025
03355,2019,76.38,202.5933380126953,17.502948760986328,7.0,14421837.0,Niedersachsen,53.2322787712149,10.572929162275178,38.40780862308837,48.089519521973926,101.9,90.0,102.65,110.55,99.1,100.5
03355,2020,75.45,177.945556640625,17.407482147216797,5.0,14598347.0,Niedersachsen,53.2322787712149,10.572929162275178,38.40780862308837,48.089519521973926,100.0,100.0,100.0,100.0,100.025,100.025
03355,2021,77.89,192.58221435546875,17.38576889038086,0.0,13376472.0,Niedersachsen,53.2322787712149,10.572929162275178,38.40780862308837,48.089519521973926,114.3,105.1,114.25,118.325,101.675,103.975
03357,2017,88.53,301.6034240722656,16.159713745117188,0.0,13360309.0,Niedersachsen,53.249808656106374,9.306470719694895,27.1948989674917,53.57489479719908,93.1,96.7,94.2,101.7,99.3,96.425
03357,2018,50.52,101.04769134521484,18.30378532409668,10.0,16221466.0,Niedersachsen,53.249808656106374,9.306470719694895,27.1948989674917,53.57489479719908,102.7,95.4,96.925,109.125,99.125,98.025
03357,2019,71.66,216.04421997070312,17.29888343811035,6.0,14539123.0,Niedersachsen,53.249808656106374,9.306470719694895,27.1948989674917,53.57489479719908,101.9,90.0,102.65,110.55,99.1,100.5
03357,2020,68.88,194.70155334472656,17.200490951538086,7.0,14450413.0,Niedersachsen,53.249808656106374,9.306470719694895,27.1948989674917,53.57489479719908,100.0,100.0,100.0,100.0,100.025,100.025
03357,2021,86.33,229.06576538085935,17.149925231933594,0.0,13589427.0,Niedersachsen,53.249808656106374,9.306470719694895,27.1948989674917,53.57489479719908,114.3,105.1,114.25,118.325,101.675,103.975
03358,2017,84.89,352.77838134765625,16.174304962158203,0.0,13295231.0,Niedersachsen,52.92786008551835,9.76945713279789,64.32476132692005,47.13149378999935,93.1,96.7,94.2,101.7,99.3,96.425
03358,2018,65.29,97.79440307617188,18.581531524658203,10.0,16401251.0,Niedersachsen,52.92786008551835,9.76945713279789,64.32476132692005,47.13149378999935,102.7,95.4,96.925,109.125,99.125,98.025
03358,2019,68.44,193.3419952392578,17.51181983947754,8.0,14541501.0,Niedersachsen,52.92786008551835,9.76945713279789,64.32476132692005,47.13149378999935,101.9,90.0,102.65,110.55,99.1,100.5
03358,2020,79.94,188.3404235839844,17.37505531311035,7.0,14456608.0,Niedersachsen,52.92786008551835,9.76945713279789,64.32476132692005,47.13149378999935,100.0,100.0,100.0,100.0,100.025,100.025
03358,2021,76.3,218.5287933349609,17.1323299407959,0.0,13232086.0,Niedersachsen,52.92786008551835,9.76945713279789,64.32476132692005,47.13149378999935,114.3,105.1,114.25,118.325,101.675,103.975
03359,2017,72.99,296.27313232421875,16.012226104736328,0.0,13458550.0,Niedersachsen,53.5783185490597,9.417451195489972,12.13256251059729,61.57862618853422,93.1,96.7,94.2,101.7,99.3,96.425
03359,2018,70.55,103.94564056396484,18.06989097595215,9.0,16156640.0,Niedersachsen,53.5783185490597,9.417451195489972,12.13256251059729,61.57862618853422,102.7,95.4,96.925,109.125,99.125,98.025
03359,2020,72.52,192.5343780517578,17.020620346069336,7.0,14621379.0,Niedersachsen,53.5783185490597,9.417451195489972,12.13256251059729,61.57862618853422,100.0,100.0,100.0,100.0,100.025,100.025
03359,2021,70.71,234.91064453125,17.093616485595703,0.0,13865551.0,Niedersachsen,53.5783185490597,9.417451195489972,12.13256251059729,61.57862618853422,114.3,105.1,114.25,118.325,101.675,103.975
03360,2017,70.09,327.086669921875,16.224925994873047,0.0,13414081.0,Niedersachsen,52.98287117798212,10.548068984074279,71.241791440513,46.17268689394237,93.1,96.7,94.2,101.7,99.3,96.425
03360,2018,74.95,86.76555633544922,18.778963088989254,12.0,16591469.0,Niedersachsen,52.98287117798212,10.548068984074279,71.241791440513,46.17268689394237,102.7,95.4,96.925,109.125,99.125,98.025
03360,2019,68.97,193.1688995361328,17.605850219726562,9.0,14565293.0,Niedersachsen,52.98287117798212,10.548068984074279,71.241791440513,46.17268689394237,101.9,90.0,102.65,110.55,99.1,100.5
03360,2020,73.71,186.24557495117188,17.411285400390625,6.0,14551780.0,Niedersachsen,52.98287117798212,10.548068984074279,71.241791440513,46.17268689394237,100.0,100.0,100.0,100.0,100.025,100.025
03360,2021,74.18,192.08224487304688,17.260713577270508,0.0,13225910.0,Niedersachsen,52.98287117798212,10.548068984074279,71.241791440513,46.17268689394237,114.3,105.1,114.25,118.325,101.675,103.975
03361,2017,81.11,312.1100158691406,16.346681594848633,0.0,13422440.0,Niedersachsen,52.972279108357846,9.176171159625728,20.634482190791463,51.58528505388986,93.1,96.7,94.2,101.7,99.3,96.425
03361,2018,62.93,99.51801300048828,18.570825576782227,10.0,16424051.0,Niedersachsen,52.972279108357846,9.176171159625728,20.634482190791463,51.58528505388986,102.7,95.4,96.925,109.125,99.125,98.025
03361,2019,66.48,202.76400756835935,17.65300941467285,8.0,14531627.0,Niedersachsen,52.972279108357846,9.176171159625728,20.634482190791463,51.58528505388986,101.9,90.0,102.65,110.55,99.1,100.5
03361,2020,83.17,188.88601684570312,17.4289493560791,7.0,14396177.0,Niedersachsen,52.972279108357846,9.176171159625728,20.634482190791463,51.58528505388986,100.0,100.0,100.0,100.0,100.025,100.025
03361,2021,87.29,235.34397888183597,17.254505157470703,0.0,13465715.0,Niedersachsen,52.972279108357846,9.176171159625728,20.634482190791463,51.58528505388986,114.3,105.1,114.25,118.325,101.675,103.975
03453,2017,85.44,307.7185363769531,16.330297470092773,0.0,13534337.0,Niedersachsen,52.91055493648768,7.904762412311685,23.37155096682817,53.732832910953526,93.1,96.7,94.2,101.7,99.3,96.425
03453,2021,76.41,266.2040100097656,17.187135696411133,0.0,13883214.0,Niedersachsen,52.91055493648768,7.904762412311685,23.37155096682817,53.732832910953526,114.3,105.1,114.25,118.325,101.675,103.975
03454,2018,61.17,103.5477523803711,18.265844345092773,9.0,16561009.0,Niedersachsen,52.7370365941379,7.40264284465385,21.883429345484306,56.02737782782792,102.7,95.4,96.925,109.125,99.125,98.025
03454,2019,60.68,210.51675415039065,17.537303924560547,7.0,14845139.0,Niedersachsen,52.7370365941379,7.40264284465385,21.883429345484306,56.02737782782792,101.9,90.0,102.65,110.55,99.1,100.5
03454,2020,68.08,218.29049682617188,17.236814498901367,6.0,14137267.0,Niedersachsen,52.7370365941379,7.40264284465385,21.883429345484306,56.02737782782792,100.0,100.0,100.0,100.0,100.025,100.025
03454,2021,74.27,261.2325134277344,17.085071563720703,0.0,13987855.0,Niedersachsen,52.7370365941379,7.40264284465385,21.883429345484306,56.02737782782792,114.3,105.1,114.25,118.325,101.675,103.975
03457,2020,81.22,256.81060791015625,16.948314666748047,0.0,14401789.0,Niedersachsen,53.242054491812965,7.472441539022771,1.1745174273697248,66.7988873785043,100.0,100.0,100.0,100.0,100.025,100.025
03459,2017,86.61,318.87481689453125,16.418458938598633,0.0,13750414.0,Niedersachsen,52.38074621622671,8.045334869657212,74.81949659993606,51.725908423046015,93.1,96.7,94.2,101.7,99.3,96.425
03459,2018,74.87,108.49119567871094,18.66737937927246,11.0,16699275.0,Niedersachsen,52.38074621622671,8.045334869657212,74.81949659993606,51.725908423046015,102.7,95.4,96.925,109.125,99.125,98.025
03459,2019,87.25,206.9620056152344,17.683931350708008,7.0,14937554.0,Niedersachsen,52.38074621622671,8.045334869657212,74.81949659993606,51.725908423046015,101.9,90.0,102.65,110.55,99.1,100.5
03459,2020,83.5,196.83839416503903,17.486021041870117,7.0,14363834.0,Niedersachsen,52.38074621622671,8.045334869657212,74.81949659993606,51.725908423046015,100.0,100.0,100.0,100.0,100.025,100.025
03459,2021,79.08,254.79400634765625,17.071226119995117,0.0,13870780.0,Niedersachsen,52.38074621622671,8.045334869657212,74.81949659993606,51.725908423046015,114.3,105.1,114.25,118.325,101.675,103.975
05116,2018,64.4,117.99000549316406,19.2618465423584,10.0,17344122.0,Nordrhein-Westfalen,51.16722370431317,6.41058420680497,67.46764971525674,41.93910841738373,102.7,95.4,96.925,109.125,99.125,98.025
05116,2019,81.48,197.06002807617188,18.079349517822266,6.0,15803306.0,Nordrhein-Westfalen,51.16722370431317,6.41058420680497,67.46764971525674,41.93910841738373,101.9,90.0,102.65,110.55,99.1,100.5
05116,2020,80.65,161.19000244140625,18.475744247436523,11.0,15132314.0,Nordrhein-Westfalen,51.16722370431317,6.41058420680497,67.46764971525674,41.93910841738373,100.0,100.0,100.0,100.0,100.025,100.025
05116,2021,83.61,323.25,17.18646240234375,0.0,14266618.0,Nordrhein-Westfalen,51.16722370431317,6.41058420680497,67.46764971525674,41.93910841738373,114.3,105.1,114.25,118.325,101.675,103.975
05154,2017,88.41,316.0653686523437,16.99770736694336,0.0,14401091.0,Nordrhein-Westfalen,51.65091108136289,6.260013276365838,25.55769146043866,43.19994338091747,93.1,96.7,94.2,101.7,99.3,96.425
05154,2018,66.15,116.45923614501952,18.97686195373535,9.0,17135412.0,Nordrhein-Westfalen,51.65091108136289,6.260013276365838,25.55769146043866,43.19994338091747,102.7,95.4,96.925,109.125,99.125,98.025
05154,2019,75.28,209.67462158203125,17.958036422729492,6.0,15600818.0,Nordrhein-Westfalen,51.65091108136289,6.260013276365838,25.55769146043866,43.19994338091747,101.9,90.0,102.65,110.55,99.1,100.5
05154,2020,74.25,187.75767517089844,18.030187606811523,10.0,14924093.0,Nordrhein-Westfalen,51.65091108136289,6.260013276365838,25.55769146043866,43.19994338091747,100.0,100.0,100.0,100.0,100.025,100.025
05154,2021,84.71,259.6300048828125,17.328062057495117,0.0,14200711.0,Nordrhein-Westfalen,51.65091108136289,6.260013276365838,25.55769146043866,43.19994338091747,114.3,105.1,114.25,118.325,101.675,103.975
05162,2017,93.74,334.6300048828125,17.283676147460938,0.0,14329910.0,Nordrhein-Westfalen,51.143360809577345,6.648202519490579,52.37456553622641,42.423848760014735,93.1,96.7,94.2,101.7,99.3,96.425
05162,2018,69.39,120.41000366210938,19.487045288085938,10.0,17286078.0,Nordrhein-Westfalen,51.143360809577345,6.648202519490579,52.37456553622641,42.423848760014735,102.7,95.4,96.925,109.125,99.125,98.025
05162,2019,79.62,199.13998413085935,18.251100540161133,7.0,15687651.0,Nordrhein-Westfalen,51.143360809577345,6.648202519490579,52.37456553622641,42.423848760014735,101.9,90.0,102.65,110.55,99.1,100.5
05162,2020,78.8,161.7100067138672,18.67703056335449,11.0,15033988.0,Nordrhein-Westfalen,51.143360809577345,6.648202519490579,52.37456553622641,42.423848760014735,100.0,100.0,100.0,100.0,100.025,100.025
05162,2021,93.15,337.4549865722656,17.355918884277344,0.0,14164604.0,Nordrhein-Westfalen,51.143360809577345,6.648202519490579,52.37456553622641,42.423848760014735,114.3,105.1,114.25,118.325,101.675,103.975
05166,2017,94.62,305.5,17.167633056640625,0.0,14396800.0,Nordrhein-Westfalen,51.28234059804309,6.325370833131204,48.98895390569765,41.116174446336814,93.1,96.7,94.2,101.7,99.3,96.425
05166,2018,71.28,119.5328598022461,19.221105575561523,10.0,17224138.0,Nordrhein-Westfalen,51.28234059804309,6.325370833131204,48.98895390569765,41.116174446336814,102.7,95.4,96.925,109.125,99.125,98.025
05166,2019,71.3,204.18569946289065,18.117481231689453,6.0,15757582.0,Nordrhein-Westfalen,51.28234059804309,6.325370833131204,48.98895390569765,41.116174446336814,101.9,90.0,102.65,110.55,99.1,100.5
05166,2021,85.62,300.8585510253906,17.269472122192383,0.0,14241611.0,Nordrhein-Westfalen,51.28234059804309,6.325370833131204,48.98895390569765,41.116174446336814,114.3,105.1,114.25,118.325,101.675,103.975
05170,2017,86.75,318.8273620605469,17.11215591430664,0.0,14256256.0,Nordrhein-Westfalen,51.626544824270134,6.619573969467336,31.455906099143768,42.85644848180261,93.1,96.7,94.2,101.7,99.3,96.425
05170,2018,43.37,116.42398834228516,19.172473907470703,10.0,17140488.0,Nordrhein-Westfalen,51.626544824270134,6.619573969467336,31.455906099143768,42.85644848180261,102.7,95.4,96.925,109.125,99.125,98.025
05170,2019,68.89,198.14401245117188,18.09737968444824,6.0,15521686.0,Nordrhein-Westfalen,51.626544824270134,6.619573969467336,31.455906099143768,42.85644848180261,101.9,90.0,102.65,110.55,99.1,100.5
05334,2017,98.76,306.4091186523437,15.994394302368164,0.0,14352132.0,Nordrhein-Westfalen,50.727028215824724,6.217109872752223,307.8268428732844,66.01130205590341,93.1,96.7,94.2,101.7,99.3,96.425
05334,2018,72.23,138.1236572265625,18.000091552734375,6.0,17316116.0,Nordrhein-Westfalen,50.727028215824724,6.217109872752223,307.8268428732844,66.01130205590341,102.7,95.4,96.925,109.125,99.125,98.025
05334,2019,85.63,210.14544677734372,16.9732723236084,5.0,16096698.0,Nordrhein-Westfalen,50.727028215824724,6.217109872752223,307.8268428732844,66.01130205590341,101.9,90.0,102.65,110.55,99.1,100.5
05334,2020,92.29,174.371826171875,17.504907608032227,8.0,15271339.0,Nordrhein-Westfalen,50.727028215824724,6.217109872752223,307.8268428732844,66.01130205590341,100.0,100.0,100.0,100.0,100.025,100.025
05334,2021,86.27,379.4781494140625,16.001117706298828,0.0,14329106.0,Nordrhein-Westfalen,50.727028215824724,6.217109872752223,307.8268428732844,66.01130205590341,114.3,105.1,114.25,118.325,101.675,103.975
05358,2017,90.59,283.99273681640625,17.06866455078125,0.0,14579840.0,Nordrhein-Westfalen,50.817382686166845,6.44511447805067,172.0221120671608,51.23521929115644,93.1,96.7,94.2,101.7,99.3,96.425
05358,2018,57.25,119.95545196533205,19.1857967376709,10.0,17488698.0,Nordrhein-Westfalen,50.817382686166845,6.44511447805067,172.0221120671608,51.23521929115644,102.7,95.4,96.925,109.125,99.125,98.025
05358,2019,76.73,198.99090576171875,18.12041282653809,7.0,16139635.0,Nordrhein-Westfalen,50.817382686166845,6.44511447805067,172.0221120671608,51.23521929115644,101.9,90.0,102.65,110.55,99.1,100.5
05358,2020,72.21,154.07363891601562,18.64484214782715,12.0,15380758.0,Nordrhein-Westfalen,50.817382686166845,6.44511447805067,172.0221120671608,51.23521929115644,100.0,100.0,100.0,100.0,100.025,100.025
05358,2021,84.88,359.5836486816406,17.016889572143555,0.0,14492280.0,Nordrhein-Westfalen,50.817382686166845,6.44511447805067,172.0221120671608,51.23521929115644,114.3,105.1,114.25,118.325,101.675,103.975
05362,2017,89.15,296.7445678710937,17.320581436157227,1.0,14502563.0,Nordrhein-Westfalen,50.90438067796902,6.716834255686832,87.39634517987913,46.73351601428842,93.1,96.7,94.2,101.7,99.3,96.425
05362,2018,68.01,117.66818237304688,19.62148666381836,12.0,17457516.0,Nordrhein-Westfalen,50.90438067796902,6.716834255686832,87.39634517987913,46.73351601428842,102.7,95.4,96.925,109.125,99.125,98.025
05362,2019,77.53,198.0191192626953,18.42120933532715,7.0,15951730.0,Nordrhein-Westfalen,50.90438067796902,6.716834255686832,87.39634517987913,46.73351601428842,101.9,90.0,102.65,110.55,99.1,100.5
05362,2020,88.88,148.33544921875,18.977209091186523,13.0,15249814.0,Nordrhein-Westfalen,50.90438067796902,6.716834255686832,87.39634517987913,46.73351601428842,100.0,100.0,100.0,100.0,100.025,100.025
05362,2021,93.86,369.1236572265625,17.289409637451172,0.0,14371981.0,Nordrhein-Westfalen,50.90438067796902,6.716834255686832,87.39634517987913,46.73351601428842,114.3,105.1,114.25,118.325,101.675,103.975
05366,2017,83.11,305.99237060546875,15.467491149902344,0.0,14727723.0,Nordrhein-Westfalen,50.53627953109914,6.644175820196566,400.8587965279651,62.31806896521423,93.1,96.7,94.2,101.7,99.3,96.425
05366,2018,50.66,135.54705810546875,17.461517333984375,5.0,17756034.0,Nordrhein-Westfalen,50.53627953109914,6.644175820196566,400.8587965279651,62.31806896521423,102.7,95.4,96.925,109.125,99.125,98.025
05366,2019,65.94,224.19528198242188,16.4549560546875,4.0,16580191.0,Nordrhein-Westfalen,50.53627953109914,6.644175820196566,400.8587965279651,62.31806896521423,101.9,90.0,102.65,110.55,99.1,100.5
05366,2020,64.62,179.7217559814453,17.02308464050293,5.0,15684077.0,Nordrhein-Westfalen,50.53627953109914,6.644175820196566,400.8587965279651,62.31806896521423,100.0,100.0,100.0,100.0,100.025,100.025
05366,2021,79.5,391.06353759765625,15.464083671569824,0.0,14724519.0,Nordrhein-Westfalen,50.53627953109914,6.644175820196566,400.8587965279651,62.31806896521423,114.3,105.1,114.25,118.325,101.675,103.975
05370,2017,85.34,287.7866516113281,17.159423828125,0.0,14411601.0,Nordrhein-Westfalen,51.04958349827371,6.164501004744539,72.57404322677954,43.13673419738953,93.1,96.7,94.2,101.7,99.3,96.425
05370,2018,72.54,123.18499755859376,19.18629646301269,10.0,17260726.0,Nordrhein-Westfalen,51.04958349827371,6.164501004744539,72.57404322677954,43.13673419738953,102.7,95.4,96.925,109.125,99.125,98.025
05370,2019,75.87,199.81333923339844,18.1190185546875,7.0,15911374.0,Nordrhein-Westfalen,51.04958349827371,6.164501004744539,72.57404322677954,43.13673419738953,101.9,90.0,102.65,110.55,99.1,100.5
05370,2020,88.64,160.1533203125,18.5212516784668,12.0,15181621.0,Nordrhein-Westfalen,51.04958349827371,6.164501004744539,72.57404322677954,43.13673419738953,100.0,100.0,100.0,100.0,100.025,100.025
05370,2021,84.49,314.3883056640625,17.189189910888672,0.0,14301436.0,Nordrhein-Westfalen,51.04958349827371,6.164501004744539,72.57404322677954,43.13673419738953,114.3,105.1,114.25,118.325,101.675,103.975
05382,2017,86.72,343.56134033203125,16.74728775024414,0.0,14570557.0,Nordrhein-Westfalen,50.76007594778134,7.234547664631009,171.6456726666031,57.84951835677244,93.1,96.7,94.2,101.7,99.3,96.425
05382,2018,46.43,124.74200439453124,19.11910820007324,11.0,17618604.0,Nordrhein-Westfalen,50.76007594778134,7.234547664631009,171.6456726666031,57.84951835677244,102.7,95.4,96.925,109.125,99.125,98.025
05382,2019,65.63,215.61399841308597,17.869516372680664,6.0,16116298.0,Nordrhein-Westfalen,50.76007594778134,7.234547664631009,171.6456726666031,57.84951835677244,101.9,90.0,102.65,110.55,99.1,100.5
05382,2020,56.73,163.0086669921875,18.383533477783203,8.0,15329582.0,Nordrhein-Westfalen,50.76007594778134,7.234547664631009,171.6456726666031,57.84951835677244,100.0,100.0,100.0,100.0,100.025,100.025
05382,2021,90.45,371.2739868164063,16.78919792175293,0.0,14423388.0,Nordrhein-Westfalen,50.76007594778134,7.234547664631009,171.6456726666031,57.84951835677244,114.3,105.1,114.25,118.325,101.675,103.975
05554,2017,86.0,313.55291748046875,16.780324935913086,0.0,14143000.0,Nordrhein-Westfalen,51.960689049997015,6.899273249584556,52.380458202545015,41.98573116093186,93.1,96.7,94.2,101.7,99.3,96.425
05554,2018,48.1,114.86117553710938,18.90359306335449,10.0,16997018.0,Nordrhein-Westfalen,51.960689049997015,6.899273249584556,52.380458202545015,41.98573116093186,102.7,95.4,96.925,109.125,99.125,98.025
05554,2019,47.62,205.81234741210935,17.823488235473633,7.0,15379574.0,Nordrhein-Westfalen,51.960689049997015,6.899273249584556,52.380458202545015,41.98573116093186,101.9,90.0,102.65,110.55,99.1,100.5
05554,2020,76.94,187.02291870117188,17.76862335205078,10.0,14505245.0,Nordrhein-Westfalen,51.960689049997015,6.899273249584556,52.380458202545015,41.98573116093186,100.0,100.0,100.0,100.0,100.025,100.025
05554,2021,87.92,264.5364685058594,17.17152214050293,0.0,14005485.0,Nordrhein-Westfalen,51.960689049997015,6.899273249584556,52.380458202545015,41.98573116093186,114.3,105.1,114.25,118.325,101.675,103.975
05566,2017,52.6,318.85040283203125,16.60147476196289,0.0,13901785.0,Nordrhein-Westfalen,52.21105047041336,7.579331160399973,60.48607477092469,47.07922651899528,93.1,96.7,94.2,101.7,99.3,96.425
05566,2019,49.93,204.1024932861328,17.816452026367188,11.0,15108657.0,Nordrhein-Westfalen,52.21105047041336,7.579331160399973,60.48607477092469,47.07922651899528,101.9,90.0,102.65,110.55,99.1,100.5
05754,2018,66.47,123.62799835205078,18.917041778564453,12.0,16983406.0,Nordrhein-Westfalen,51.93183571858522,8.35167714423749,91.19454333545588,48.81886725992208,102.7,95.4,96.925,109.125,99.125,98.025
05754,2020,63.58,198.6566619873047,17.703561782836914,6.0,14659672.0,Nordrhein-Westfalen,51.93183571858522,8.35167714423749,91.19454333545588,48.81886725992208,100.0,100.0,100.0,100.0,100.025,100.025
05754,2021,64.53,249.37132263183597,17.054119110107422,0.0,13764203.0,Nordrhein-Westfalen,51.93183571858522,8.35167714423749,91.19454333545588,48.81886725992208,114.3,105.1,114.25,118.325,101.675,103.975
05758,2017,84.45,334.8099975585937,16.31802749633789,0.0,13812973.0,Nordrhein-Westfalen,52.16770087763946,8.644743950804125,108.55503905963828,55.57771491542452,93.1,96.7,94.2,101.7,99.3,96.425
05758,2018,78.53,121.7239990234375,18.605392456054688,10.0,16983956.0,Nordrhein-Westfalen,52.16770087763946,8.644743950804125,108.55503905963828,55.57771491542452,102.7,95.4,96.925,109.125,99.125,98.025
05758,2019,74.18,185.864013671875,17.655271530151367,8.0,14995377.0,Nordrhein-Westfalen,52.16770087763946,8.644743950804125,108.55503905963828,55.57771491542452,101.9,90.0,102.65,110.55,99.1,100.5
05758,2020,94.39,199.18597412109372,17.414649963378906,5.0,14664267.0,Nordrhein-Westfalen,52.16770087763946,8.644743950804125,108.55503905963828,55.57771491542452,100.0,100.0,100.0,100.0,100.025,100.025
05758,2021,85.55,233.00999450683597,16.887405395507812,0.0,13808842.0,Nordrhein-Westfalen,52.16770087763946,8.644743950804125,108.55503905963828,55.57771491542452,114.3,105.1,114.25,118.325,101.675,103.975
05762,2017,98.24,383.7328796386719,15.863512992858888,0.0,13849518.0,Nordrhein-Westfalen,51.68395726030882,9.177196617998257,230.2836498008996,61.2674786619333,93.1,96.7,94.2,101.7,99.3,96.425
05762,2018,63.75,136.02142333984375,18.080659866333008,10.0,17402506.0,Nordrhein-Westfalen,51.68395726030882,9.177196617998257,230.2836498008996,61.2674786619333,102.7,95.4,96.925,109.125,99.125,98.025
05762,2019,81.5,187.16357421875,16.891565322875977,4.0,15284794.0,Nordrhein-Westfalen,51.68395726030882,9.177196617998257,230.2836498008996,61.2674786619333,101.9,90.0,102.65,110.55,99.1,100.5
05762,2020,85.14,211.0071258544922,16.908588409423828,2.0,15051969.0,Nordrhein-Westfalen,51.68395726030882,9.177196617998257,230.2836498008996,61.2674786619333,100.0,100.0,100.0,100.0,100.025,100.025
05762,2021,81.94,278.82501220703125,16.208147048950195,0.0,13693767.0,Nordrhein-Westfalen,51.68395726030882,9.177196617998257,230.2836498008996,61.2674786619333,114.3,105.1,114.25,118.325,101.675,103.975
05766,2017,76.29,371.2862243652344,16.033475875854492,0.0,13766406.0,Nordrhein-Westfalen,51.98091971038624,8.950770644143184,195.0615252904903,67.58305823046362,93.1,96.7,94.2,101.7,99.3,96.425
05766,2018,69.29,138.44937133789062,18.2270622253418,9.0,17139734.0,Nordrhein-Westfalen,51.98091971038624,8.950770644143184,195.0615252904903,67.58305823046362,102.7,95.4,96.925,109.125,99.125,98.025
05766,2019,78.07,177.12875366210938,17.290180206298828,6.0,15026255.0,Nordrhein-Westfalen,51.98091971038624,8.950770644143184,195.0615252904903,67.58305823046362,101.9,90.0,102.65,110.55,99.1,100.5
05766,2020,86.25,207.24436950683597,17.114797592163086,3.0,14779740.0,Nordrhein-Westfalen,51.98091971038624,8.950770644143184,195.0615252904903,67.58305823046362,100.0,100.0,100.0,100.0,100.025,100.025
05766,2021,84.65,261.6981201171875,16.507326126098633,0.0,13692310.0,Nordrhein-Westfalen,51.98091971038624,8.950770644143184,195.0615252904903,67.58305823046362,114.3,105.1,114.25,118.325,101.675,103.975
05974,2017,91.31,369.6666564941406,16.403427124023438,0.0,13896519.0,Nordrhein-Westfalen,51.564183866145676,8.216974214302548,184.8455356969452,63.28052138138053,93.1,96.7,94.2,101.7,99.3,96.425
05974,2018,76.73,136.3877716064453,18.60567283630371,11.0,17169294.0,Nordrhein-Westfalen,51.564183866145676,8.216974214302548,184.8455356969452,63.28052138138053,102.7,95.4,96.925,109.125,99.125,98.025
05974,2019,82.92,208.5111083984375,17.365022659301758,5.0,15310367.0,Nordrhein-Westfalen,51.564183866145676,8.216974214302548,184.8455356969452,63.28052138138053,101.9,90.0,102.65,110.55,99.1,100.5
05974,2020,86.72,202.76889038085935,17.413951873779297,4.0,14820248.0,Nordrhein-Westfalen,51.564183866145676,8.216974214302548,184.8455356969452,63.28052138138053,100.0,100.0,100.0,100.0,100.025,100.025
05974,2021,86.45,318.0939025878906,16.5635929107666,0.0,13773727.0,Nordrhein-Westfalen,51.564183866145676,8.216974214302548,184.8455356969452,63.28052138138053,114.3,105.1,114.25,118.325,101.675,103.975
05978,2020,76.5,187.6627349853516,17.900564193725586,7.0,14719335.0,Nordrhein-Westfalen,51.57797606319936,7.636551796517954,98.65422229152692,54.21490373855284,100.0,100.0,100.0,100.0,100.025,100.025
06414,2021,90.33,265.52667236328125,17.462739944458008,0.0,14791943.0,Hessen,50.07904982636198,8.262542764880802,209.4923269980455,52.72598136375322,114.3,105.1,114.25,118.325,101.675,103.975
06431,2019,84.83,166.52713012695312,19.328861236572266,10.0,17589082.0,Hessen,49.617634689445204,8.659377934406928,228.5186488360849,52.46739927321287,101.9,90.0,102.65,110.55,99.1,100.5
06432,2017,88.3,281.8375549316406,17.634174346923828,3.0,15552349.0,Hessen,49.85515735408605,8.796330813098015,189.48108460144596,51.88960179488917,93.1,96.7,94.2,101.7,99.3,96.425
06432,2018,57.0,97.13750457763672,20.346948623657227,15.0,18144784.0,Hessen,49.85515735408605,8.796330813098015,189.48108460144596,51.88960179488917,102.7,95.4,96.925,109.125,99.125,98.025
06432,2019,81.78,182.0512237548828,19.159181594848636,10.0,17479568.0,Hessen,49.85515735408605,8.796330813098015,189.48108460144596,51.88960179488917,101.9,90.0,102.65,110.55,99.1,100.5
06432,2020,71.79,117.69499206542967,19.726154327392575,11.0,16817584.0,Hessen,49.85515735408605,8.796330813098015,189.48108460144596,51.88960179488917,100.0,100.0,100.0,100.0,100.025,100.025
06432,2021,80.09,213.6337432861328,17.830419540405273,0.0,15021759.0,Hessen,49.85515735408605,8.796330813098015,189.48108460144596,51.88960179488917,114.3,105.1,114.25,118.325,101.675,103.975
06433,2017,88.72,240.8880157470703,18.1844425201416,5.0,15415541.0,Hessen,49.904888278714495,8.46976374874802,92.4125293783346,43.40426238206409,93.1,96.7,94.2,101.7,99.3,96.425
06433,2018,70.7,86.6520004272461,20.87837219238281,23.0,18095982.0,Hessen,49.904888278714495,8.46976374874802,92.4125293783346,43.40426238206409,102.7,95.4,96.925,109.125,99.125,98.025
06433,2019,80.37,161.1000213623047,19.793920516967773,14.0,17416948.0,Hessen,49.904888278714495,8.46976374874802,92.4125293783346,43.40426238206409,101.9,90.0,102.65,110.55,99.1,100.5
06433,2020,71.53,101.45000457763672,20.283184051513672,17.0,16664856.0,Hessen,49.904888278714495,8.46976374874802,92.4125293783346,43.40426238206409,100.0,100.0,100.0,100.0,100.025,100.025
06433,2021,83.38,212.1280212402344,18.29910087585449,1.0,14904552.0,Hessen,49.904888278714495,8.46976374874802,92.4125293783346,43.40426238206409,114.3,105.1,114.25,118.325,101.675,103.975
06434,2017,92.11,273.2283630371094,16.420425415039062,1.0,15079917.0,Hessen,50.28142883279827,8.504001697158326,376.41009902321633,58.18841328380765,93.1,96.7,94.2,101.7,99.3,96.425
06434,2018,61.64,96.63666534423828,19.05242347717285,10.0,17996252.0,Hessen,50.28142883279827,8.504001697158326,376.41009902321633,58.18841328380765,102.7,95.4,96.925,109.125,99.125,98.025
06434,2019,82.43,161.09165954589844,17.964035034179688,6.0,17093972.0,Hessen,50.28142883279827,8.504001697158326,376.41009902321633,58.18841328380765,101.9,90.0,102.65,110.55,99.1,100.5
06434,2020,74.93,123.51834106445312,18.39638328552246,6.0,16291218.0,Hessen,50.28142883279827,8.504001697158326,376.41009902321633,58.18841328380765,100.0,100.0,100.0,100.0,100.025,100.025
06434,2021,92.38,257.0616455078125,16.512676239013672,0.0,14647409.0,Hessen,50.28142883279827,8.504001697158326,376.41009902321633,58.18841328380765,114.3,105.1,114.25,118.325,101.675,103.975
06435,2017,86.27,296.7371826171875,16.47283363342285,1.0,15088850.0,Hessen,50.24352021445387,9.284950662657073,286.82231562732915,55.338006038509,93.1,96.7,94.2,101.7,99.3,96.425
06435,2018,65.02,106.55332946777344,18.940658569335938,10.0,17939328.0,Hessen,50.24352021445387,9.284950662657073,286.82231562732915,55.338006038509,102.7,95.4,96.925,109.125,99.125,98.025
06435,2019,81.35,181.5872039794922,17.71360206604004,4.0,16931618.0,Hessen,50.24352021445387,9.284950662657073,286.82231562732915,55.338006038509,101.9,90.0,102.65,110.55,99.1,100.5
06440,2017,89.9,276.6578369140625,16.941265106201172,1.0,15047565.0,Hessen,50.3546972754084,8.906529862895844,218.25923939842477,50.50510330848203,93.1,96.7,94.2,101.7,99.3,96.425
06440,2018,65.62,99.29285430908205,19.40001106262207,13.0,18067522.0,Hessen,50.3546972754084,8.906529862895844,218.25923939842477,50.50510330848203,102.7,95.4,96.925,109.125,99.125,98.025
06440,2019,83.38,158.8150177001953,18.355119705200195,8.0,16983532.0,Hessen,50.3546972754084,8.906529862895844,218.25923939842477,50.50510330848203,101.9,90.0,102.65,110.55,99.1,100.5
06440,2020,72.83,122.11213684082033,18.752965927124023,8.0,16331311.0,Hessen,50.3546972754084,8.906529862895844,218.25923939842477,50.50510330848203,100.0,100.0,100.0,100.0,100.025,100.025
06440,2021,93.0,246.2221527099609,17.05081558227539,0.0,14723630.0,Hessen,50.3546972754084,8.906529862895844,218.25923939842477,50.50510330848203,114.3,105.1,114.25,118.325,101.675,103.975
06531,2017,91.06,290.9779663085937,16.6483097076416,1.0,14884338.0,Hessen,50.570009169418,8.807793461091912,240.53761859489617,50.47837629224309,93.1,96.7,94.2,101.7,99.3,96.425
06531,2018,64.29,105.3280029296875,19.03323554992676,12.0,18142694.0,Hessen,50.570009169418,8.807793461091912,240.53761859489617,50.47837629224309,102.7,95.4,96.925,109.125,99.125,98.025
06531,2019,81.57,140.44801330566406,18.0236873626709,8.0,16803772.0,Hessen,50.570009169418,8.807793461091912,240.53761859489617,50.47837629224309,101.9,90.0,102.65,110.55,99.1,100.5
06531,2020,75.22,120.53199768066406,18.279035568237305,6.0,16120708.0,Hessen,50.570009169418,8.807793461091912,240.53761859489617,50.47837629224309,100.0,100.0,100.0,100.0,100.025,100.025
06531,2021,86.67,273.93603515625,16.76053237915039,0.0,14686495.0,Hessen,50.570009169418,8.807793461091912,240.53761859489617,50.47837629224309,114.3,105.1,114.25,118.325,101.675,103.975
06535,2017,82.48,311.9378967285156,15.93262004852295,0.0,14743005.0,Hessen,50.63812513875225,9.271114158716792,381.61814459518007,56.02250347734993,93.1,96.7,94.2,101.7,99.3,96.425
06535,2018,63.28,113.16999816894533,18.33711624145508,9.0,18030810.0,Hessen,50.63812513875225,9.271114158716792,381.61814459518007,56.02250347734993,102.7,95.4,96.925,109.125,99.125,98.025
06535,2019,75.02,164.68527221679688,17.04932403564453,4.0,16601724.0,Hessen,50.63812513875225,9.271114158716792,381.61814459518007,56.02250347734993,101.9,90.0,102.65,110.55,99.1,100.5
06535,2021,82.1,277.9520874023437,15.99029541015625,0.0,14521870.0,Hessen,50.63812513875225,9.271114158716792,381.61814459518007,56.02250347734993,114.3,105.1,114.25,118.325,101.675,103.975
06633,2017,86.51,346.17559814453125,15.83380126953125,0.0,14085642.0,Hessen,51.400419125992904,9.406239316603822,283.1839426580986,55.48021563816635,93.1,96.7,94.2,101.7,99.3,96.425
06633,2018,69.18,124.52375030517578,18.124401092529297,10.0,17666172.0,Hessen,51.400419125992904,9.406239316603822,283.1839426580986,55.48021563816635,102.7,95.4,96.925,109.125,99.125,98.025
06633,2019,81.45,178.26498413085938,16.74020004272461,4.0,15601116.0,Hessen,51.400419125992904,9.406239316603822,283.1839426580986,55.48021563816635,101.9,90.0,102.65,110.55,99.1,100.5
06633,2020,81.2,195.1681365966797,16.908607482910156,2.0,15342667.0,Hessen,51.400419125992904,9.406239316603822,283.1839426580986,55.48021563816635,100.0,100.0,100.0,100.0,100.025,100.025
06633,2021,82.29,249.60250854492188,16.111072540283203,0.0,13881626.0,Hessen,51.400419125992904,9.406239316603822,283.1839426580986,55.48021563816635,114.3,105.1,114.25,118.325,101.675,103.975
06634,2017,89.15,308.75555419921875,15.99295711517334,0.0,14370720.0,Hessen,51.02316538219369,9.373960315299572,302.2606762770996,50.86215178289449,93.1,96.7,94.2,101.7,99.3,96.425
06634,2018,66.84,119.1705551147461,18.29970359802246,11.0,17865252.0,Hessen,51.02316538219369,9.373960315299572,302.2606762770996,50.86215178289449,102.7,95.4,96.925,109.125,99.125,98.025
06634,2019,78.98,166.11611938476562,16.90859603881836,4.0,16063343.0,Hessen,51.02316538219369,9.373960315299572,302.2606762770996,50.86215178289449,101.9,90.0,102.65,110.55,99.1,100.5
06634,2020,79.7,160.26612854003906,17.219018936157227,3.0,15667339.0,Hessen,51.02316538219369,9.373960315299572,302.2606762770996,50.86215178289449,100.0,100.0,100.0,100.0,100.025,100.025
06634,2021,81.63,256.1111145019531,16.12262535095215,0.0,14167345.0,Hessen,51.02316538219369,9.373960315299572,302.2606762770996,50.86215178289449,114.3,105.1,114.25,118.325,101.675,103.975
06636,2017,77.01,326.9739685058594,15.749277114868164,0.0,14261372.0,Hessen,51.190589022512384,9.928688423723756,329.5856077347513,57.24082814403981,93.1,96.7,94.2,101.7,99.3,96.425
06636,2018,45.56,115.64933013916016,18.177244186401367,10.0,17786416.0,Hessen,51.190589022512384,9.928688423723756,329.5856077347513,57.24082814403981,102.7,95.4,96.925,109.125,99.125,98.025
06636,2019,74.28,166.12600708007812,16.633533477783203,3.0,15713475.0,Hessen,51.190589022512384,9.928688423723756,329.5856077347513,57.24082814403981,101.9,90.0,102.65,110.55,99.1,100.5
06636,2020,68.96,186.22532653808597,16.914581298828125,3.0,15486968.0,Hessen,51.190589022512384,9.928688423723756,329.5856077347513,57.24082814403981,100.0,100.0,100.0,100.0,100.025,100.025
06636,2021,77.11,244.5800018310547,15.996940612792969,0.0,13928499.0,Hessen,51.190589022512384,9.928688423723756,329.5856077347513,57.24082814403981,114.3,105.1,114.25,118.325,101.675,103.975
07111,2018,63.5,97.44750213623048,20.038609822591145,14.22222222222222,18155758.22222,Rheinland-Pfalz,50.34830670277825,7.5806759176390885,173.59164720950358,52.467054766996846,102.7,95.4,96.925,109.125,99.125,98.025
07131,2017,87.47,295.6155700683594,15.84316635131836,0.0,14790187.0,Rheinland-Pfalz,50.46743834560743,7.0458324024279815,347.5748997180113,61.81875079042029,93.1,96.7,94.2,101.7,99.3,96.425
07133,2018,69.58,92.90364074707033,19.07480239868164,10.0,18290106.0,Rheinland-Pfalz,49.82463481661068,7.687092730886227,296.724437063036,51.07921936344532,102.7,95.4,96.925,109.125,99.125,98.025
07133,2019,84.04,171.92092895507812,18.04244804382324,6.0,17705350.0,Rheinland-Pfalz,49.82463481661068,7.687092730886227,296.724437063036,51.07921936344532,101.9,90.0,102.65,110.55,99.1,100.5
07137,2017,86.51,249.0799865722656,16.5571231842041,0.0,14944552.0,Rheinland-Pfalz,50.33115547441304,7.332749353697043,275.56174301379946,52.56413776581187,93.1,96.7,94.2,101.7,99.3,96.425
07137,2018,59.55,108.75833892822266,18.519943237304688,11.0,17954062.0,Rheinland-Pfalz,50.33115547441304,7.332749353697043,275.56174301379946,52.56413776581187,102.7,95.4,96.925,109.125,99.125,98.025
07137,2019,76.15,195.01751708984372,17.511032104492188,5.0,16970672.0,Rheinland-Pfalz,50.33115547441304,7.332749353697043,275.56174301379946,52.56413776581187,101.9,90.0,102.65,110.55,99.1,100.5
07137,2020,59.96,146.09832763671875,17.930208206176758,8.0,15907233.0,Rheinland-Pfalz,50.33115547441304,7.332749353697043,275.56174301379946,52.56413776581187,100.0,100.0,100.0,100.0,100.025,100.025
07137,2021,82.65,280.32916259765625,16.499561309814453,0.0,14733254.0,Rheinland-Pfalz,50.33115547441304,7.332749353697043,275.56174301379946,52.56413776581187,114.3,105.1,114.25,118.325,101.675,103.975
07331,2017,77.98,226.24713134765625,17.950634002685547,4.0,15675481.0,Rheinland-Pfalz,49.7592181689366,8.15710638186486,184.74102991462405,48.12279545184597,93.1,96.7,94.2,101.7,99.3,96.425
07331,2018,67.08,84.26142120361328,20.501861572265625,15.0,18275896.0,Rheinland-Pfalz,49.7592181689366,8.15710638186486,184.74102991462405,48.12279545184597,102.7,95.4,96.925,109.125,99.125,98.025
07331,2019,78.18,164.855712890625,19.406177520751957,12.0,17704498.0,Rheinland-Pfalz,49.7592181689366,8.15710638186486,184.74102991462405,48.12279545184597,101.9,90.0,102.65,110.55,99.1,100.5
07331,2020,62.62,97.04286193847656,19.92459297180176,17.0,16902370.0,Rheinland-Pfalz,49.7592181689366,8.15710638186486,184.74102991462405,48.12279545184597,100.0,100.0,100.0,100.0,100.025,100.025
07331,2021,82.23,219.5900115966797,17.827299118041992,0.0,15154291.0,Rheinland-Pfalz,49.7592181689366,8.15710638186486,184.74102991462405,48.12279545184597,114.3,105.1,114.25,118.325,101.675,103.975
07332,2017,74.55,286.99664306640625,17.750560760498047,4.0,15794371.0,Rheinland-Pfalz,49.453688592673544,8.110968259053257,265.18497040983937,54.88075242723909,93.1,96.7,94.2,101.7,99.3,96.425
07332,2018,55.05,106.67333221435548,20.2612361907959,14.0,18186176.0,Rheinland-Pfalz,49.453688592673544,8.110968259053257,265.18497040983937,54.88075242723909,102.7,95.4,96.925,109.125,99.125,98.025
07332,2019,71.52,177.8300018310547,19.13032913208008,9.0,17740564.0,Rheinland-Pfalz,49.453688592673544,8.110968259053257,265.18497040983937,54.88075242723909,101.9,90.0,102.65,110.55,99.1,100.5
07332,2020,26.24,111.538330078125,19.753318786621094,12.0,17072884.0,Rheinland-Pfalz,49.453688592673544,8.110968259053257,265.18497040983937,54.88075242723909,100.0,100.0,100.0,100.0,100.025,100.025
07332,2021,70.16,259.8283386230469,17.600278854370117,0.0,15341519.0,Rheinland-Pfalz,49.453688592673544,8.110968259053257,265.18497040983937,54.88075242723909,114.3,105.1,114.25,118.325,101.675,103.975
07333,2017,89.69,262.7912292480469,17.140689849853516,2.0,15668737.0,Rheinland-Pfalz,49.63184448555766,7.914916119355594,306.886938037734,50.4921750699735,93.1,96.7,94.2,101.7,99.3,96.425
07333,2018,60.73,103.57750701904295,19.4162540435791,11.0,18206898.0,Rheinland-Pfalz,49.63184448555766,7.914916119355594,306.886938037734,50.4921750699735,102.7,95.4,96.925,109.125,99.125,98.025
07333,2019,77.35,179.58377075195312,18.334922790527344,7.0,17710560.0,Rheinland-Pfalz,49.63184448555766,7.914916119355594,306.886938037734,50.4921750699735,101.9,90.0,102.65,110.55,99.1,100.5
07333,2020,68.67,112.58250427246094,18.9301872253418,10.0,16940944.0,Rheinland-Pfalz,49.63184448555766,7.914916119355594,306.886938037734,50.4921750699735,100.0,100.0,100.0,100.0,100.025,100.025
07333,2021,87.99,261.9512634277344,16.876256942749023,0.0,15204455.0,Rheinland-Pfalz,49.63184448555766,7.914916119355594,306.886938037734,50.4921750699735,114.3,105.1,114.25,118.325,101.675,103.975
07334,2017,77.96,242.28598022460935,18.657041549682617,8.0,15857519.0,Rheinland-Pfalz,49.11560231096714,8.24652647260007,120.12467382252188,47.66931692198731,93.1,96.7,94.2,101.7,99.3,96.425
07334,2018,54.88,90.98400115966795,20.918970108032227,16.0,18021218.0,Rheinland-Pfalz,49.11560231096714,8.24652647260007,120.12467382252188,47.66931692198731,102.7,95.4,96.925,109.125,99.125,98.025
07334,2019,67.24,136.58001708984375,20.02142143249512,15.0,17780738.0,Rheinland-Pfalz,49.11560231096714,8.24652647260007,120.12467382252188,47.66931692198731,101.9,90.0,102.65,110.55,99.1,100.5
07334,2020,54.7,104.33399963378906,20.338747024536133,15.0,17232500.0,Rheinland-Pfalz,49.11560231096714,8.24652647260007,120.12467382252188,47.66931692198731,100.0,100.0,100.0,100.0,100.025,100.025
07334,2021,86.37,217.87998962402344,18.375438690185547,1.0,15507694.0,Rheinland-Pfalz,49.11560231096714,8.24652647260007,120.12467382252188,47.66931692198731,114.3,105.1,114.25,118.325,101.675,103.975
07337,2017,84.46,299.3614501953125,17.923080444335938,5.0,15847059.0,Rheinland-Pfalz,49.189469492051046,8.049466086615936,251.85473949706744,56.42069397953205,93.1,96.7,94.2,101.7,99.3,96.425
07337,2018,75.4,115.7514190673828,20.22307777404785,14.0,18095640.0,Rheinland-Pfalz,49.189469492051046,8.049466086615936,251.85473949706744,56.42069397953205,102.7,95.4,96.925,109.125,99.125,98.025
07337,2019,82.84,158.2285614013672,19.196992874145508,10.0,17789312.0,Rheinland-Pfalz,49.189469492051046,8.049466086615936,251.85473949706744,56.42069397953205,101.9,90.0,102.65,110.55,99.1,100.5
07337,2020,68.11,120.87857818603516,19.66623878479004,14.0,17209764.0,Rheinland-Pfalz,49.189469492051046,8.049466086615936,251.85473949706744,56.42069397953205,100.0,100.0,100.0,100.0,100.025,100.025
07337,2021,87.58,263.432861328125,17.660676956176758,0.0,15492033.0,Rheinland-Pfalz,49.189469492051046,8.049466086615936,251.85473949706744,56.42069397953205,114.3,105.1,114.25,118.325,101.675,103.975
07338,2017,39.21,243.885009765625,18.57971572875977,7.0,15900463.0,Rheinland-Pfalz,49.41661060422409,8.361416588624184,100.9821622520557,41.94914260173256,93.1,96.7,94.2,101.7,99.3,96.425
07338,2018,92.23,85.8949966430664,21.143871307373047,22.0,18194866.0,Rheinland-Pfalz,49.41661060422409,8.361416588624184,100.9821622520557,41.94914260173256,102.7,95.4,96.925,109.125,99.125,98.025
07339,2017,84.91,235.1457061767578,17.820375442504883,4.0,15505224.0,Rheinland-Pfalz,49.92208532098262,8.078814262481835,190.07160074730552,48.84544684417733,93.1,96.7,94.2,101.7,99.3,96.425
07339,2018,59.71,88.22286224365234,20.287471771240234,15.0,18176962.0,Rheinland-Pfalz,49.92208532098262,8.078814262481835,190.07160074730552,48.84544684417733,102.7,95.4,96.925,109.125,99.125,98.025
07339,2019,78.31,168.59715270996094,19.1885929107666,12.0,17565492.0,Rheinland-Pfalz,49.92208532098262,8.078814262481835,190.07160074730552,48.84544684417733,101.9,90.0,102.65,110.55,99.1,100.5
07339,2020,53.48,106.4528579711914,19.71449279785156,15.0,16717326.0,Rheinland-Pfalz,49.92208532098262,8.078814262481835,190.07160074730552,48.84544684417733,100.0,100.0,100.0,100.0,100.025,100.025
07339,2021,87.17,234.0471343994141,17.6923885345459,0.0,14989319.0,Rheinland-Pfalz,49.92208532098262,8.078814262481835,190.07160074730552,48.84544684417733,114.3,105.1,114.25,118.325,101.675,103.975
08111,2017,84.09,264.1500244140625,17.345699310302734,1.0,15713016.0,Baden-Württemberg,48.77387757959714,9.172288944953305,354.9420980627743,47.02420308255134,93.1,96.7,94.2,101.7,99.3,96.425
08111,2018,64.67,147.76666259765625,19.27665328979492,9.0,17677556.0,Baden-Württemberg,48.77387757959714,9.172288944953305,354.9420980627743,47.02420308255134,102.7,95.4,96.925,109.125,99.125,98.025
08111,2019,82.92,197.10333251953125,18.156179428100582,5.0,17464420.0,Baden-Württemberg,48.77387757959714,9.172288944953305,354.9420980627743,47.02420308255134,101.9,90.0,102.65,110.55,99.1,100.5
08111,2020,65.46,179.8100128173828,18.652374267578125,9.0,16985448.0,Baden-Württemberg,48.77387757959714,9.172288944953305,354.9420980627743,47.02420308255134,100.0,100.0,100.0,100.0,100.025,100.025
08111,2021,83.05,254.81332397460935,16.986984252929688,0.0,15257593.0,Baden-Württemberg,48.77387757959714,9.172288944953305,354.9420980627743,47.02420308255134,114.3,105.1,114.25,118.325,101.675,103.975
08115,2017,89.88,269.86376953125,16.851354598999023,1.0,15873869.0,Baden-Württemberg,48.67777231053375,8.94376115781159,470.1272866448536,48.94521501984948,93.1,96.7,94.2,101.7,99.3,96.425
08115,2019,86.58,222.15626525878903,17.594158172607422,4.0,17593196.0,Baden-Württemberg,48.67777231053375,8.94376115781159,470.1272866448536,48.94521501984948,101.9,90.0,102.65,110.55,99.1,100.5
08118,2017,86.64,271.1750183105469,17.764381408691406,3.0,15701686.0,Baden-Württemberg,48.939945838328384,9.12333679841158,282.4640191800873,46.63304415170457,93.1,96.7,94.2,101.7,99.3,96.425
08118,2018,57.44,146.1999969482422,19.768030166625977,11.0,17756018.0,Baden-Württemberg,48.939945838328384,9.12333679841158,282.4640191800873,46.63304415170457,102.7,95.4,96.925,109.125,99.125,98.025
08118,2019,78.26,192.3249969482422,18.60962677001953,6.0,17531050.0,Baden-Württemberg,48.939945838328384,9.12333679841158,282.4640191800873,46.63304415170457,101.9,90.0,102.65,110.55,99.1,100.5
08118,2020,64.59,172.52499389648438,19.0567684173584,11.0,17002638.0,Baden-Württemberg,48.939945838328384,9.12333679841158,282.4640191800873,46.63304415170457,100.0,100.0,100.0,100.0,100.025,100.025
08118,2021,81.88,247.2000274658203,17.430505752563477,0.0,15193535.0,Baden-Württemberg,48.939945838328384,9.12333679841158,282.4640191800873,46.63304415170457,114.3,105.1,114.25,118.325,101.675,103.975
08119,2019,81.36,180.302734375,17.924209594726562,4.0,17364214.0,Baden-Württemberg,48.898378905756736,9.501244279981655,382.740038914057,56.07542370943023,101.9,90.0,102.65,110.55,99.1,100.5
08119,2020,59.07,174.02273559570312,18.36261749267578,8.0,16870838.0,Baden-Württemberg,48.898378905756736,9.501244279981655,382.740038914057,56.07542370943023,100.0,100.0,100.0,100.0,100.025,100.025
08125,2017,91.85,262.6806030273437,17.641374588012695,3.0,15674106.0,Baden-Württemberg,49.17596765643398,9.190196207037213,256.19008124886005,52.63757019254051,93.1,96.7,94.2,101.7,99.3,96.425
08125,2018,61.26,113.17124938964844,19.957887649536133,14.0,17919504.0,Baden-Württemberg,49.17596765643398,9.190196207037213,256.19008124886005,52.63757019254051,102.7,95.4,96.925,109.125,99.125,98.025
08125,2019,84.63,161.46124267578125,18.67599868774414,5.0,17554260.0,Baden-Württemberg,49.17596765643398,9.190196207037213,256.19008124886005,52.63757019254051,101.9,90.0,102.65,110.55,99.1,100.5
08125,2020,63.06,143.7893829345703,19.048070907592773,10.0,16965412.0,Baden-Württemberg,49.17596765643398,9.190196207037213,256.19008124886005,52.63757019254051,100.0,100.0,100.0,100.0,100.025,100.025
08125,2021,85.1,216.72686767578125,17.456832885742188,0.0,15077734.0,Baden-Württemberg,49.17596765643398,9.190196207037213,256.19008124886005,52.63757019254051,114.3,105.1,114.25,118.325,101.675,103.975
08126,2017,91.55,261.5539855957031,17.02701187133789,1.0,15533542.0,Baden-Württemberg,49.27096058533672,9.613867796166538,336.4091301756647,55.46941274867426,93.1,96.7,94.2,101.7,99.3,96.425
08126,2018,62.81,110.56199645996094,19.199796676635746,10.0,17831614.0,Baden-Württemberg,49.27096058533672,9.613867796166538,336.4091301756647,55.46941274867426,102.7,95.4,96.925,109.125,99.125,98.025
08126,2019,82.38,166.60301208496094,17.909404754638672,4.0,17391742.0,Baden-Württemberg,49.27096058533672,9.613867796166538,336.4091301756647,55.46941274867426,101.9,90.0,102.65,110.55,99.1,100.5
08126,2020,67.41,154.61203002929688,18.39375877380371,9.0,16852902.0,Baden-Württemberg,49.27096058533672,9.613867796166538,336.4091301756647,55.46941274867426,100.0,100.0,100.0,100.0,100.025,100.025
08126,2021,86.0,227.04800415039065,16.799314498901367,0.0,14945873.0,Baden-Württemberg,49.27096058533672,9.613867796166538,336.4091301756647,55.46941274867426,114.3,105.1,114.25,118.325,101.675,103.975
08127,2019,77.8,189.0029296875,17.415029525756836,4.0,17273462.0,Baden-Württemberg,49.14405296435962,9.909042683056812,438.4217083344317,55.9660877410672,101.9,90.0,102.65,110.55,99.1,100.5
08128,2017,86.88,279.7831420898437,16.916887283325195,1.0,15532850.0,Baden-Württemberg,49.560234542971415,9.725699365110028,333.40966965901134,51.929721011856586,93.1,96.7,94.2,101.7,99.3,96.425
08128,2018,58.34,101.71375274658205,19.169483184814453,10.0,17953236.0,Baden-Württemberg,49.560234542971415,9.725699365110028,333.40966965901134,51.929721011856586,102.7,95.4,96.925,109.125,99.125,98.025
08128,2019,77.75,173.98251342773438,17.808971405029297,4.0,17320770.0,Baden-Württemberg,49.560234542971415,9.725699365110028,333.40966965901134,51.929721011856586,101.9,90.0,102.65,110.55,99.1,100.5
08128,2020,73.21,148.91749572753906,18.443191528320312,9.0,16807838.0,Baden-Württemberg,49.560234542971415,9.725699365110028,333.40966965901134,51.929721011856586,100.0,100.0,100.0,100.0,100.025,100.025
08128,2021,89.38,247.70562744140625,16.866456985473633,0.0,14932395.0,Baden-Württemberg,49.560234542971415,9.725699365110028,333.40966965901134,51.929721011856586,114.3,105.1,114.25,118.325,101.675,103.975
08215,2017,77.35,259.52716064453125,18.339231491088867,5.0,15936903.0,Baden-Württemberg,49.081694936953475,8.5621700521611,177.52681894776447,50.89967809672198,93.1,96.7,94.2,101.7,99.3,96.425
08215,2018,57.08,106.93356323242188,20.660680770874023,15.0,18082246.0,Baden-Württemberg,49.081694936953475,8.5621700521611,177.52681894776447,50.89967809672198,102.7,95.4,96.925,109.125,99.125,98.025
08215,2019,76.19,157.1364288330078,19.555673599243164,11.0,17816402.0,Baden-Württemberg,49.081694936953475,8.5621700521611,177.52681894776447,50.89967809672198,101.9,90.0,102.65,110.55,99.1,100.5
08215,2020,56.37,125.87142944335938,19.90579605102539,13.0,17247784.0,Baden-Württemberg,49.081694936953475,8.5621700521611,177.52681894776447,50.89967809672198,100.0,100.0,100.0,100.0,100.025,100.025
08215,2021,86.4,222.7514495849609,18.15177345275879,0.0,15481831.0,Baden-Württemberg,49.081694936953475,8.5621700521611,177.52681894776447,50.89967809672198,114.3,105.1,114.25,118.325,101.675,103.975
08225,2017,94.44,310.6014099121094,16.838998794555664,1.0,15605383.0,Baden-Württemberg,49.46583263550921,9.279789410923907,355.92770085814504,55.70083988664711,93.1,96.7,94.2,101.7,99.3,96.425
08225,2018,46.28,118.8835678100586,19.215293884277344,10.0,18000300.0,Baden-Württemberg,49.46583263550921,9.279789410923907,355.92770085814504,55.70083988664711,102.7,95.4,96.925,109.125,99.125,98.025
08225,2019,77.41,197.77569580078125,17.932849884033203,4.0,17475156.0,Baden-Württemberg,49.46583263550921,9.279789410923907,355.92770085814504,55.70083988664711,101.9,90.0,102.65,110.55,99.1,100.5
08225,2020,71.49,154.82284545898438,18.440448760986328,9.0,16877668.0,Baden-Württemberg,49.46583263550921,9.279789410923907,355.92770085814504,55.70083988664711,100.0,100.0,100.0,100.0,100.025,100.025
08225,2021,73.95,252.2057037353516,16.786911010742188,0.0,15003567.0,Baden-Württemberg,49.46583263550921,9.279789410923907,355.92770085814504,55.70083988664711,114.3,105.1,114.25,118.325,101.675,103.975
08226,2017,85.45,273.77880859375,17.803373336791992,3.0,15702781.0,Baden-Württemberg,49.366310800440836,8.767704700410492,209.0248696311348,54.230921024529486,93.1,96.7,94.2,101.7,99.3,96.425
08226,2018,63.1,102.7125015258789,20.40759658813477,14.0,18038548.0,Baden-Württemberg,49.366310800440836,8.767704700410492,209.0248696311348,54.230921024529486,102.7,95.4,96.925,109.125,99.125,98.025
08226,2019,79.42,164.8931427001953,19.035568237304688,7.0,17613600.0,Baden-Württemberg,49.366310800440836,8.767704700410492,209.0248696311348,54.230921024529486,101.9,90.0,102.65,110.55,99.1,100.5
08226,2020,76.94,123.0418701171875,19.53351593017578,10.0,16984628.0,Baden-Württemberg,49.366310800440836,8.767704700410492,209.0248696311348,54.230921024529486,100.0,100.0,100.0,100.0,100.025,100.025
08226,2021,89.34,213.88250732421875,17.72602653503418,0.0,15147313.0,Baden-Württemberg,49.366310800440836,8.767704700410492,209.0248696311348,54.230921024529486,114.3,105.1,114.25,118.325,101.675,103.975
08425,2018,65.46,202.89833068847656,17.989032745361328,3.0,17549616.0,Baden-Württemberg,48.40135703198232,9.827330052111236,606.9436369425779,51.33948169282452,102.7,95.4,96.925,109.125,99.125,98.025
08425,2019,74.15,268.02166748046875,16.977527618408203,3.0,17179628.0,Baden-Württemberg,48.40135703198232,9.827330052111236,606.9436369425779,51.33948169282452,101.9,90.0,102.65,110.55,99.1,100.5
08425,2020,80.46,282.63055419921875,17.25360679626465,2.0,16994614.0,Baden-Württemberg,48.40135703198232,9.827330052111236,606.9436369425779,51.33948169282452,100.0,100.0,100.0,100.0,100.025,100.025
08425,2021,76.39,346.60552978515625,15.951275825500488,0.0,15626688.0,Baden-Württemberg,48.40135703198232,9.827330052111236,606.9436369425779,51.33948169282452,114.3,105.1,114.25,118.325,101.675,103.975
09174,2018,97.72,220.1800079345703,18.737987518310547,9.0,17569098.0,Bayern,48.334040634893064,11.356450342633169,497.4195387326888,42.40783205362409,102.7,95.4,96.925,109.125,99.125,98.025
09174,2019,81.09,313.0950012207031,17.583209991455078,5.0,16688213.0,Bayern,48.334040634893064,11.356450342633169,497.4195387326888,42.40783205362409,101.9,90.0,102.65,110.55,99.1,100.5
09176,2017,90.92,278.3700256347656,16.776697158813477,2.0,15652952.0,Bayern,48.89797469655332,11.369716500718974,467.7335862393804,44.97050160649565,93.1,96.7,94.2,101.7,99.3,96.425
09176,2018,81.33,163.44932556152344,18.528051376342773,5.0,17754676.0,Bayern,48.89797469655332,11.369716500718974,467.7335862393804,44.97050160649565,102.7,95.4,96.925,109.125,99.125,98.025
09176,2019,81.94,233.0453338623047,17.641023635864258,6.0,16813346.0,Bayern,48.89797469655332,11.369716500718974,467.7335862393804,44.97050160649565,101.9,90.0,102.65,110.55,99.1,100.5
09176,2020,84.97,229.6626892089844,17.744403839111328,3.0,16596840.0,Bayern,48.89797469655332,11.369716500718974,467.7335862393804,44.97050160649565,100.0,100.0,100.0,100.0,100.025,100.025
09176,2021,86.33,298.09136962890625,16.555883407592773,0.0,15292767.0,Bayern,48.89797469655332,11.369716500718974,467.7335862393804,44.97050160649565,114.3,105.1,114.25,118.325,101.675,103.975
09177,2020,91.04,316.0081787109375,17.744054794311523,3.0,16682063.0,Bayern,48.30033160376161,12.000337239277476,486.1818432301588,45.0013349006324,100.0,100.0,100.0,100.0,100.025,100.025
09177,2021,93.44,408.8808898925781,16.774341583251953,0.0,15808178.0,Bayern,48.30033160376161,12.000337239277476,486.1818432301588,45.0013349006324,114.3,105.1,114.25,118.325,101.675,103.975
09178,2017,85.34,303.4710693359375,17.056859970092773,3.0,15910674.0,Bayern,48.44718802214366,11.741207038464545,467.8151530219496,43.12180830083252,93.1,96.7,94.2,101.7,99.3,96.425
09179,2017,88.42,333.78497314453125,16.817968368530273,1.0,16105646.0,Bayern,48.187528533951294,11.20110165396348,543.671344847516,44.93198598146209,93.1,96.7,94.2,101.7,99.3,96.425
09181,2017,89.77,360.22222900390625,16.34674072265625,1.0,16156167.0,Bayern,48.02421134718481,10.94903266446619,627.7717723774085,49.032628629115536,93.1,96.7,94.2,101.7,99.3,96.425
09181,2018,98.76,250.5277862548828,18.162517547607425,3.0,17538746.0,Bayern,48.02421134718481,10.94903266446619,627.7717723774085,49.032628629115536,102.7,95.4,96.925,109.125,99.125,98.025
09181,2019,91.9,371.7889099121094,16.991952896118164,3.0,16645625.0,Bayern,48.02421134718481,10.94903266446619,627.7717723774085,49.032628629115536,101.9,90.0,102.65,110.55,99.1,100.5
09181,2020,88.73,358.5655517578125,17.102855682373047,1.0,16750029.0,Bayern,48.02421134718481,10.94903266446619,627.7717723774085,49.032628629115536,100.0,100.0,100.0,100.0,100.025,100.025
09181,2021,77.68,453.7688598632813,16.18536949157715,0.0,15714294.0,Bayern,48.02421134718481,10.94903266446619,627.7717723774085,49.032628629115536,114.3,105.1,114.25,118.325,101.675,103.975
09185,2017,89.45,277.29888916015625,17.046558380126953,2.0,15905887.0,Bayern,48.66406200818524,11.198108689632058,417.10512027480473,39.96029541523365,93.1,96.7,94.2,101.7,99.3,96.425
09185,2018,78.3,173.6699981689453,18.84524345397949,8.0,17796692.0,Bayern,48.66406200818524,11.198108689632058,417.10512027480473,39.96029541523365,102.7,95.4,96.925,109.125,99.125,98.025
09185,2019,87.85,265.59112548828125,17.839672088623047,6.0,16969184.0,Bayern,48.66406200818524,11.198108689632058,417.10512027480473,39.96029541523365,101.9,90.0,102.65,110.55,99.1,100.5
09185,2020,85.92,239.7177734375,17.893301010131836,4.0,16761299.0,Bayern,48.66406200818524,11.198108689632058,417.10512027480473,39.96029541523365,100.0,100.0,100.0,100.0,100.025,100.025
09185,2021,81.05,311.4022216796875,16.824525833129883,0.0,15579446.0,Bayern,48.66406200818524,11.198108689632058,417.10512027480473,39.96029541523365,114.3,105.1,114.25,118.325,101.675,103.975
09186,2017,87.0,275.38299560546875,17.146793365478516,3.0,15834862.0,Bayern,48.595308158719575,11.523858182545263,438.441564024743,40.93424648046478,93.1,96.7,94.2,101.7,99.3,96.425
09186,2018,74.14,189.6540069580078,19.005130767822266,9.0,17632282.0,Bayern,48.595308158719575,11.523858182545263,438.441564024743,40.93424648046478,102.7,95.4,96.925,109.125,99.125,98.025
09186,2019,79.04,262.0149841308594,17.931324005126953,6.0,16693453.0,Bayern,48.595308158719575,11.523858182545263,438.441564024743,40.93424648046478,101.9,90.0,102.65,110.55,99.1,100.5
09186,2021,81.76,337.6039733886719,16.8913631439209,0.0,15495791.0,Bayern,48.595308158719575,11.523858182545263,438.441564024743,40.93424648046478,114.3,105.1,114.25,118.325,101.675,103.975
09271,2017,94.02,271.7718200683594,17.15935707092285,1.0,16297628.0,Bayern,48.77951264039344,13.000555959654706,407.29489499139714,50.91396782333208,93.1,96.7,94.2,101.7,99.3,96.425
09271,2018,87.37,226.7154541015625,18.72174453735352,5.0,17957990.0,Bayern,48.77951264039344,13.000555959654706,407.29489499139714,50.91396782333208,102.7,95.4,96.925,109.125,99.125,98.025
09271,2019,93.35,269.04364013671875,17.953943252563477,5.0,16665606.0,Bayern,48.77951264039344,13.000555959654706,407.29489499139714,50.91396782333208,101.9,90.0,102.65,110.55,99.1,100.5
09271,2020,94.24,314.2117919921875,17.868623733520508,2.0,16894362.0,Bayern,48.77951264039344,13.000555959654706,407.29489499139714,50.91396782333208,100.0,100.0,100.0,100.0,100.025,100.025
09271,2021,99.67,322.30181884765625,17.004615783691406,0.0,15922987.0,Bayern,48.77951264039344,13.000555959654706,407.29489499139714,50.91396782333208,114.3,105.1,114.25,118.325,101.675,103.975
09273,2017,96.85,270.7416687011719,17.09740447998047,3.0,15753749.0,Bayern,48.82474119008231,11.857146163002348,428.1411560808996,43.42475805830125,93.1,96.7,94.2,101.7,99.3,96.425
09273,2018,82.04,177.1949920654297,18.91242790222168,9.0,17708368.0,Bayern,48.82474119008231,11.857146163002348,428.1411560808996,43.42475805830125,102.7,95.4,96.925,109.125,99.125,98.025
09273,2019,94.25,228.75498962402344,17.975109100341797,7.0,16717891.0,Bayern,48.82474119008231,11.857146163002348,428.1411560808996,43.42475805830125,101.9,90.0,102.65,110.55,99.1,100.5
09273,2020,96.03,231.739990234375,18.051149368286133,4.0,16605814.0,Bayern,48.82474119008231,11.857146163002348,428.1411560808996,43.42475805830125,100.0,100.0,100.0,100.0,100.025,100.025
09273,2021,96.25,313.4183349609375,16.829195022583008,0.0,15406983.0,Bayern,48.82474119008231,11.857146163002348,428.1411560808996,43.42475805830125,114.3,105.1,114.25,118.325,101.675,103.975
09274,2017,90.19,292.2283935546875,17.139995574951172,4.0,15970214.0,Bayern,48.55786746208271,12.195367061254059,461.1059024770922,44.336303727716256,93.1,96.7,94.2,101.7,99.3,96.425
09274,2018,92.23,202.43893432617188,18.97041130065918,9.0,17684580.0,Bayern,48.55786746208271,12.195367061254059,461.1059024770922,44.336303727716256,102.7,95.4,96.925,109.125,99.125,98.025
09274,2019,83.89,268.0958251953125,17.8873348236084,4.0,16587690.0,Bayern,48.55786746208271,12.195367061254059,461.1059024770922,44.336303727716256,101.9,90.0,102.65,110.55,99.1,100.5
09274,2020,93.61,288.02996826171875,17.920499801635742,3.0,16637192.0,Bayern,48.55786746208271,12.195367061254059,461.1059024770922,44.336303727716256,100.0,100.0,100.0,100.0,100.025,100.025
09274,2021,101.95,356.48687744140625,16.85499382019043,0.0,15699331.0,Bayern,48.55786746208271,12.195367061254059,461.1059024770922,44.336303727716256,114.3,105.1,114.25,118.325,101.675,103.975
09277,2017,80.46,309.6537475585937,17.32221221923828,2.0,16250232.0,Bayern,48.4241124328975,12.86753072610249,439.094696242417,47.97796350824268,93.1,96.7,94.2,101.7,99.3,96.425
09277,2018,72.54,249.3612518310547,19.004545211791992,8.0,17848318.0,Bayern,48.4241124328975,12.86753072610249,439.094696242417,47.97796350824268,102.7,95.4,96.925,109.125,99.125,98.025
09277,2019,66.3,271.7762145996094,18.119983673095703,6.0,16594189.0,Bayern,48.4241124328975,12.86753072610249,439.094696242417,47.97796350824268,101.9,90.0,102.65,110.55,99.1,100.5
09277,2020,74.61,378.3287963867188,18.00625228881836,5.0,16814578.0,Bayern,48.4241124328975,12.86753072610249,439.094696242417,47.97796350824268,100.0,100.0,100.0,100.0,100.025,100.025
09277,2021,83.61,349.8362731933594,17.122262954711914,0.0,16041756.0,Bayern,48.4241124328975,12.86753072610249,439.094696242417,47.97796350824268,114.3,105.1,114.25,118.325,101.675,103.975
09278,2017,97.76,265.82000732421875,17.100383758544922,2.0,16084141.0,Bayern,48.90005067623874,12.583074457426967,427.0374629890868,45.09221306462092,93.1,96.7,94.2,101.7,99.3,96.425
09278,2018,82.77,187.66000366210935,18.847318649291992,7.0,17885608.0,Bayern,48.90005067623874,12.583074457426967,427.0374629890868,45.09221306462092,102.7,95.4,96.925,109.125,99.125,98.025
09278,2019,96.33,232.0992431640625,17.959415435791016,5.0,16742065.0,Bayern,48.90005067623874,12.583074457426967,427.0374629890868,45.09221306462092,101.9,90.0,102.65,110.55,99.1,100.5
09278,2020,97.8,274.06768798828125,17.958282470703125,3.0,16806054.0,Bayern,48.90005067623874,12.583074457426967,427.0374629890868,45.09221306462092,100.0,100.0,100.0,100.0,100.025,100.025
09278,2021,96.71,291.9653625488281,16.914941787719727,0.0,15673564.0,Bayern,48.90005067623874,12.583074457426967,427.0374629890868,45.09221306462092,114.3,105.1,114.25,118.325,101.675,103.975
09279,2017,92.5,259.0644836425781,17.366729736328125,4.0,16127418.0,Bayern,48.64092085484524,12.610630696639712,406.1664700824181,44.82995494398418,93.1,96.7,94.2,101.7,99.3,96.425
09279,2018,79.46,190.4766540527344,19.25606918334961,11.0,17831788.0,Bayern,48.64092085484524,12.610630696639712,406.1664700824181,44.82995494398418,102.7,95.4,96.925,109.125,99.125,98.025
09279,2019,84.48,227.8533477783203,18.18581199645996,7.0,16624068.0,Bayern,48.64092085484524,12.610630696639712,406.1664700824181,44.82995494398418,101.9,90.0,102.65,110.55,99.1,100.5
09279,2020,90.73,286.20001220703125,18.17030143737793,4.0,16781576.0,Bayern,48.64092085484524,12.610630696639712,406.1664700824181,44.82995494398418,100.0,100.0,100.0,100.0,100.025,100.025
09279,2021,92.08,304.7477722167969,17.071943283081055,0.0,15824580.0,Bayern,48.64092085484524,12.610630696639712,406.1664700824181,44.82995494398418,114.3,105.1,114.25,118.325,101.675,103.975
09375,2017,88.67,261.15533447265625,17.055849075317383,4.0,15791009.0,Bayern,49.020881846242496,12.122001823866379,420.27434483932,42.50684605147087,93.1,96.7,94.2,101.7,99.3,96.425
09375,2018,85.16,169.66867065429688,18.9005069732666,8.0,17741486.0,Bayern,49.020881846242496,12.122001823866379,420.27434483932,42.50684605147087,102.7,95.4,96.925,109.125,99.125,98.025
09375,2019,83.81,216.239990234375,17.97681999206543,7.0,16762225.0,Bayern,49.020881846242496,12.122001823866379,420.27434483932,42.50684605147087,101.9,90.0,102.65,110.55,99.1,100.5
09375,2020,91.52,234.3613128662109,18.03280067443848,4.0,16649508.0,Bayern,49.020881846242496,12.122001823866379,420.27434483932,42.50684605147087,100.0,100.0,100.0,100.0,100.025,100.025
09375,2021,90.62,286.261962890625,16.838726043701172,0.0,15386646.0,Bayern,49.020881846242496,12.122001823866379,420.27434483932,42.50684605147087,114.3,105.1,114.25,118.325,101.675,103.975
09471,2017,82.26,298.575927734375,16.667234420776367,1.0,15273233.0,Bayern,49.89290776238722,10.883376248583808,354.51425311703053,46.39872623882177,93.1,96.7,94.2,101.7,99.3,96.425
09471,2018,43.38,120.40799713134766,19.01175308227539,9.0,17788026.0,Bayern,49.89290776238722,10.883376248583808,354.51425311703053,46.39872623882177,102.7,95.4,96.925,109.125,99.125,98.025
09471,2020,60.98,182.36602783203125,18.1507625579834,7.0,16512150.0,Bayern,49.89290776238722,10.883376248583808,354.51425311703053,46.39872623882177,100.0,100.0,100.0,100.0,100.025,100.025
09471,2021,60.57,265.5853271484375,16.776952743530273,0.0,14657827.0,Bayern,49.89290776238722,10.883376248583808,354.51425311703053,46.39872623882177,114.3,105.1,114.25,118.325,101.675,103.975
09473,2017,91.91,283.7816467285156,16.400108337402344,1.0,14966778.0,Bayern,50.26776689541074,10.942970559854414,353.7904271423471,45.2185170585857,93.1,96.7,94.2,101.7,99.3,96.425
09473,2018,49.08,119.09500885009766,18.777009963989254,9.0,17552418.0,Bayern,50.26776689541074,10.942970559854414,353.7904271423471,45.2185170585857,102.7,95.4,96.925,109.125,99.125,98.025
09571,2017,91.73,307.0295715332031,16.494993209838867,2.0,15515093.0,Bayern,49.24783579359206,10.468743834844496,449.6186755788706,44.64995754944797,93.1,96.7,94.2,101.7,99.3,96.425
09571,2018,47.17,139.27792358398438,18.51272392272949,5.0,17809460.0,Bayern,49.24783579359206,10.468743834844496,449.6186755788706,44.64995754944797,102.7,95.4,96.925,109.125,99.125,98.025
09571,2019,69.93,209.34999084472656,17.405548095703125,4.0,17080392.0,Bayern,49.24783579359206,10.468743834844496,449.6186755788706,44.64995754944797,101.9,90.0,102.65,110.55,99.1,100.5
09571,2020,57.23,197.75958251953125,17.86147689819336,6.0,16736373.0,Bayern,49.24783579359206,10.468743834844496,449.6186755788706,44.64995754944797,100.0,100.0,100.0,100.0,100.025,100.025
09571,2021,83.25,263.2908630371094,16.373172760009766,0.0,14970773.0,Bayern,49.24783579359206,10.468743834844496,449.6186755788706,44.64995754944797,114.3,105.1,114.25,118.325,101.675,103.975
09573,2017,72.33,300.53497314453125,16.879186630249023,2.0,15531889.0,Bayern,49.44675017410738,10.850053134930128,355.12600336415136,39.8564981078154,93.1,96.7,94.2,101.7,99.3,96.425
09573,2018,43.25,131.5500030517578,19.02318954467773,8.0,17916128.0,Bayern,49.44675017410738,10.850053134930128,355.12600336415136,39.8564981078154,102.7,95.4,96.925,109.125,99.125,98.025
09573,2019,72.17,197.1300048828125,17.936325073242188,5.0,16969092.0,Bayern,49.44675017410738,10.850053134930128,355.12600336415136,39.8564981078154,101.9,90.0,102.65,110.55,99.1,100.5
09573,2020,64.93,191.10498046875,18.34686851501465,7.0,16709805.0,Bayern,49.44675017410738,10.850053134930128,355.12600336415136,39.8564981078154,100.0,100.0,100.0,100.0,100.025,100.025
09573,2021,84.83,254.875,16.87933921813965,0.0,14887620.0,Bayern,49.44675017410738,10.850053134930128,355.12600336415136,39.8564981078154,114.3,105.1,114.25,118.325,101.675,103.975
09575,2017,95.23,305.82598876953125,16.811866760253906,1.0,15541732.0,Bayern,49.56906539462451,10.46427522856487,356.623046133806,44.30047674715925,93.1,96.7,94.2,101.7,99.3,96.425
09575,2018,60.93,124.32132720947266,19.022226333618164,8.0,17925328.0,Bayern,49.56906539462451,10.46427522856487,356.623046133806,44.30047674715925,102.7,95.4,96.925,109.125,99.125,98.025
09575,2019,79.16,196.5186462402344,17.76471519470215,4.0,17118202.0,Bayern,49.56906539462451,10.46427522856487,356.623046133806,44.30047674715925,101.9,90.0,102.65,110.55,99.1,100.5
09575,2020,70.2,178.36732482910156,18.387758255004883,9.0,16764618.0,Bayern,49.56906539462451,10.46427522856487,356.623046133806,44.30047674715925,100.0,100.0,100.0,100.0,100.025,100.025
09575,2021,91.07,260.4599914550781,16.805269241333008,0.0,14917411.0,Bayern,49.56906539462451,10.46427522856487,356.623046133806,44.30047674715925,114.3,105.1,114.25,118.325,101.675,103.975
09576,2017,76.22,300.3150329589844,16.879823684692383,2.0,15460385.0,Bayern,49.20324494771904,11.122785755725156,416.8662560296776,43.01612137881482,93.1,96.7,94.2,101.7,99.3,96.425
09577,2018,63.66,154.50918579101562,18.40654754638672,4.0,17808936.0,Bayern,49.03301667167045,10.894086971591687,490.3084003469995,45.34564951930825,102.7,95.4,96.925,109.125,99.125,98.025
09577,2019,62.62,227.5716857910156,17.452594757080078,4.0,16973658.0,Bayern,49.03301667167045,10.894086971591687,490.3084003469995,45.34564951930825,101.9,90.0,102.65,110.55,99.1,100.5
09672,2017,81.02,299.010009765625,16.03342056274414,0.0,15171787.0,Bayern,50.22265224479324,9.964385885150449,378.590599867644,54.50920750922612,93.1,96.7,94.2,101.7,99.3,96.425
09672,2018,47.37,105.9618682861328,18.3533992767334,6.0,17864322.0,Bayern,50.22265224479324,9.964385885150449,378.590599867644,54.50920750922612,102.7,95.4,96.925,109.125,99.125,98.025
09672,2019,62.39,195.4849853515625,17.011547088623047,4.0,16844570.0,Bayern,50.22265224479324,9.964385885150449,378.590599867644,54.50920750922612,101.9,90.0,102.65,110.55,99.1,100.5
09672,2020,63.11,148.1099853515625,17.51286506652832,3.0,16429397.0,Bayern,50.22265224479324,9.964385885150449,378.590599867644,54.50920750922612,100.0,100.0,100.0,100.0,100.025,100.025
09672,2021,85.98,263.3287658691406,16.13399314880371,0.0,14745235.0,Bayern,50.22265224479324,9.964385885150449,378.590599867644,54.50920750922612,114.3,105.1,114.25,118.325,101.675,103.975
09673,2017,86.98,292.7670288085937,15.782829284667969,0.0,14992167.0,Bayern,50.37108566394834,10.256056486575,399.6528141776127,52.04001503592565,93.1,96.7,94.2,101.7,99.3,96.425
09673,2018,60.05,109.51998901367188,18.117586135864254,6.0,17778740.0,Bayern,50.37108566394834,10.256056486575,399.6528141776127,52.04001503592565,102.7,95.4,96.925,109.125,99.125,98.025
09673,2019,60.44,181.0179748535156,16.745328903198242,4.0,16582606.0,Bayern,50.37108566394834,10.256056486575,399.6528141776127,52.04001503592565,101.9,90.0,102.65,110.55,99.1,100.5
09673,2020,68.93,154.95298767089844,17.17946434020996,4.0,16237405.0,Bayern,50.37108566394834,10.256056486575,399.6528141776127,52.04001503592565,100.0,100.0,100.0,100.0,100.025,100.025
09673,2021,75.48,272.89501953125,15.891576766967772,0.0,14523994.0,Bayern,50.37108566394834,10.256056486575,399.6528141776127,52.04001503592565,114.3,105.1,114.25,118.325,101.675,103.975
09674,2017,88.89,281.84307861328125,16.646770477294922,1.0,15209255.0,Bayern,50.062673197700846,10.607544121380135,328.89888500557123,46.22027646058158,93.1,96.7,94.2,101.7,99.3,96.425
09674,2018,64.65,108.99307250976562,19.020227432250977,9.0,17772630.0,Bayern,50.062673197700846,10.607544121380135,328.89888500557123,46.22027646058158,102.7,95.4,96.925,109.125,99.125,98.025
09674,2019,59.55,173.96923828125,17.780410766601562,5.0,16814860.0,Bayern,50.062673197700846,10.607544121380135,328.89888500557123,46.22027646058158,101.9,90.0,102.65,110.55,99.1,100.5
09674,2020,68.18,157.67076110839844,18.153045654296875,7.0,16463297.0,Bayern,50.062673197700846,10.607544121380135,328.89888500557123,46.22027646058158,100.0,100.0,100.0,100.0,100.025,100.025
09674,2021,76.33,247.433837890625,16.784351348876953,0.0,14690943.0,Bayern,50.062673197700846,10.607544121380135,328.89888500557123,46.22027646058158,114.3,105.1,114.25,118.325,101.675,103.975
09675,2017,92.89,293.2750244140625,17.05147933959961,1.0,15516732.0,Bayern,49.75335230783329,10.256221512988429,278.4854999450129,45.36807458445826,93.1,96.7,94.2,101.7,99.3,96.425
09675,2018,51.85,108.04500579833984,19.318771362304688,10.0,18019446.0,Bayern,49.75335230783329,10.256221512988429,278.4854999450129,45.36807458445826,102.7,95.4,96.925,109.125,99.125,98.025
09675,2019,71.37,189.3150177001953,18.006654739379883,5.0,17182632.0,Bayern,49.75335230783329,10.256221512988429,278.4854999450129,45.36807458445826,101.9,90.0,102.65,110.55,99.1,100.5
09675,2020,63.06,157.85501098632812,18.62067222595215,9.0,16775950.0,Bayern,49.75335230783329,10.256221512988429,278.4854999450129,45.36807458445826,100.0,100.0,100.0,100.0,100.025,100.025
09675,2021,84.8,262.8099975585937,17.122865676879883,0.0,14932134.0,Bayern,49.75335230783329,10.256221512988429,278.4854999450129,45.36807458445826,114.3,105.1,114.25,118.325,101.675,103.975
09676,2017,89.34,325.5419921875,16.799610137939453,1.0,15467107.0,Bayern,49.75706922102398,9.234046072546265,297.1266770863703,58.32921233383006,93.1,96.7,94.2,101.7,99.3,96.425
09676,2018,71.2,117.37399291992188,19.2861328125,10.0,18000590.0,Bayern,49.75706922102398,9.234046072546265,297.1266770863703,58.32921233383006,102.7,95.4,96.925,109.125,99.125,98.025
09676,2019,80.81,208.7729949951172,17.993650436401367,4.0,17325214.0,Bayern,49.75706922102398,9.234046072546265,297.1266770863703,58.32921233383006,101.9,90.0,102.65,110.55,99.1,100.5
09676,2020,72.89,151.1280059814453,18.638708114624023,9.0,16737295.0,Bayern,49.75706922102398,9.234046072546265,297.1266770863703,58.32921233383006,100.0,100.0,100.0,100.0,100.025,100.025
09677,2017,90.16,294.9782409667969,16.560710906982422,1.0,15354162.0,Bayern,49.99308397041691,9.662168510443934,310.7730440507332,56.03867990623019,93.1,96.7,94.2,101.7,99.3,96.425
09677,2018,68.97,102.86000061035156,18.88783264160156,10.0,17965826.0,Bayern,49.99308397041691,9.662168510443934,310.7730440507332,56.03867990623019,102.7,95.4,96.925,109.125,99.125,98.025
09677,2019,69.66,187.5011749267578,17.5399227142334,4.0,17125094.0,Bayern,49.99308397041691,9.662168510443934,310.7730440507332,56.03867990623019,101.9,90.0,102.65,110.55,99.1,100.5
09677,2020,76.56,142.2547149658203,18.1833438873291,9.0,16630432.0,Bayern,49.99308397041691,9.662168510443934,310.7730440507332,56.03867990623019,100.0,100.0,100.0,100.0,100.025,100.025
09677,2021,87.75,264.17706298828125,16.624107360839844,0.0,14881683.0,Bayern,49.99308397041691,9.662168510443934,310.7730440507332,56.03867990623019,114.3,105.1,114.25,118.325,101.675,103.975
09678,2017,86.0,289.3345031738281,16.83824348449707,1.0,15382374.0,Bayern,50.01653945670799,10.260460379665759,289.2862406787357,46.60291763957963,93.1,96.7,94.2,101.7,99.3,96.425
09678,2018,59.12,106.32819366455078,19.13188934326172,9.0,17933828.0,Bayern,50.01653945670799,10.260460379665759,289.2862406787357,46.60291763957963,102.7,95.4,96.925,109.125,99.125,98.025
09678,2019,57.44,189.10546875,17.847082138061523,4.0,17025808.0,Bayern,50.01653945670799,10.260460379665759,289.2862406787357,46.60291763957963,101.9,90.0,102.65,110.55,99.1,100.5
09678,2020,61.54,153.7581787109375,18.36589813232422,9.0,16631809.0,Bayern,50.01653945670799,10.260460379665759,289.2862406787357,46.60291763957963,100.0,100.0,100.0,100.0,100.025,100.025
09678,2021,81.18,255.09817504882807,16.948511123657227,0.0,14874017.0,Bayern,50.01653945670799,10.260460379665759,289.2862406787357,46.60291763957963,114.3,105.1,114.25,118.325,101.675,103.975
09679,2017,95.47,286.072021484375,17.04975700378418,1.0,15535201.0,Bayern,49.7377143352091,9.927571251938806,295.3339376478746,49.79183859996042,93.1,96.7,94.2,101.7,99.3,96.425
09679,2018,60.18,102.3419952392578,19.28068351745605,10.0,18001890.0,Bayern,49.7377143352091,9.927571251938806,295.3339376478746,49.79183859996042,102.7,95.4,96.925,109.125,99.125,98.025
09679,2019,79.29,179.42599487304688,17.932315826416016,5.0,17267840.0,Bayern,49.7377143352091,9.927571251938806,295.3339376478746,49.79183859996042,101.9,90.0,102.65,110.55,99.1,100.5
09679,2020,72.46,149.5050048828125,18.59096908569336,9.0,16801342.0,Bayern,49.7377143352091,9.927571251938806,295.3339376478746,49.79183859996042,100.0,100.0,100.0,100.0,100.025,100.025
09679,2021,89.47,258.3240051269531,17.05963134765625,0.0,14955354.0,Bayern,49.7377143352091,9.927571251938806,295.3339376478746,49.79183859996042,114.3,105.1,114.25,118.325,101.675,103.975
09771,2017,95.09,297.48004150390625,16.953622817993164,2.0,16003630.0,Bayern,48.42685207542088,11.053114979811197,488.8423700832919,41.31451596523443,93.1,96.7,94.2,101.7,99.3,96.425
09771,2018,95.42,201.52598571777344,18.7978630065918,8.0,17628798.0,Bayern,48.42685207542088,11.053114979811197,488.8423700832919,41.31451596523443,102.7,95.4,96.925,109.125,99.125,98.025
09771,2019,94.89,311.1530456542969,17.631641387939453,5.0,16858454.0,Bayern,48.42685207542088,11.053114979811197,488.8423700832919,41.31451596523443,101.9,90.0,102.65,110.55,99.1,100.5
09771,2020,99.54,271.5570068359375,17.713817596435547,4.0,16744707.0,Bayern,48.42685207542088,11.053114979811197,488.8423700832919,41.31451596523443,100.0,100.0,100.0,100.0,100.025,100.025
09771,2021,89.75,350.7659606933594,16.743253707885742,0.0,15619923.0,Bayern,48.42685207542088,11.053114979811197,488.8423700832919,41.31451596523443,114.3,105.1,114.25,118.325,101.675,103.975
09772,2017,94.89,309.7845458984375,16.64858055114746,2.0,16154431.0,Bayern,48.354277343805734,10.731555676764806,510.956197286752,43.52074393646736,93.1,96.7,94.2,101.7,99.3,96.425
09772,2018,81.73,210.089111328125,18.523948669433597,7.0,17684892.0,Bayern,48.354277343805734,10.731555676764806,510.956197286752,43.52074393646736,102.7,95.4,96.925,109.125,99.125,98.025
09772,2019,94.1,308.6545715332031,17.316177368164062,3.0,16977454.0,Bayern,48.354277343805734,10.731555676764806,510.956197286752,43.52074393646736,101.9,90.0,102.65,110.55,99.1,100.5
09772,2020,94.69,299.2300109863281,17.436054229736328,3.0,16920642.0,Bayern,48.354277343805734,10.731555676764806,510.956197286752,43.52074393646736,100.0,100.0,100.0,100.0,100.025,100.025
09772,2021,81.81,364.1709289550781,16.432262420654297,0.0,15749409.0,Bayern,48.354277343805734,10.731555676764806,510.956197286752,43.52074393646736,114.3,105.1,114.25,118.325,101.675,103.975
09773,2017,96.72,274.6627502441406,16.863128662109375,2.0,15945269.0,Bayern,48.59677823881638,10.526030773973723,454.5975139106636,41.17990861550313,93.1,96.7,94.2,101.7,99.3,96.425
09773,2018,74.76,180.1272735595703,18.68328666687012,8.0,17662966.0,Bayern,48.59677823881638,10.526030773973723,454.5975139106636,41.17990861550313,102.7,95.4,96.925,109.125,99.125,98.025
09773,2019,92.39,249.75997924804688,17.648632049560547,5.0,17119054.0,Bayern,48.59677823881638,10.526030773973723,454.5975139106636,41.17990861550313,101.9,90.0,102.65,110.55,99.1,100.5
09773,2020,97.29,249.62815856933597,17.6958065032959,3.0,16905120.0,Bayern,48.59677823881638,10.526030773973723,454.5975139106636,41.17990861550313,100.0,100.0,100.0,100.0,100.025,100.025
09773,2021,85.71,309.9454345703125,16.585121154785156,0.0,15662351.0,Bayern,48.59677823881638,10.526030773973723,454.5975139106636,41.17990861550313,114.3,105.1,114.25,118.325,101.675,103.975
09774,2017,102.74,286.4970092773437,16.597299575805664,2.0,16209305.0,Bayern,48.35293608868281,10.380273434412826,506.25228386240246,43.53821514599303,93.1,96.7,94.2,101.7,99.3,96.425
09774,2018,87.47,192.3509979248047,18.56531143188477,8.0,17759696.0,Bayern,48.35293608868281,10.380273434412826,506.25228386240246,43.53821514599303,102.7,95.4,96.925,109.125,99.125,98.025
09774,2019,98.16,271.69598388671875,17.34484100341797,4.0,17185510.0,Bayern,48.35293608868281,10.380273434412826,506.25228386240246,43.53821514599303,101.9,90.0,102.65,110.55,99.1,100.5
09774,2020,97.96,279.821044921875,17.435131072998047,3.0,17095142.0,Bayern,48.35293608868281,10.380273434412826,506.25228386240246,43.53821514599303,100.0,100.0,100.0,100.0,100.025,100.025
09774,2021,88.63,342.6610107421875,16.319469451904297,0.0,15865823.0,Bayern,48.35293608868281,10.380273434412826,506.25228386240246,43.53821514599303,114.3,105.1,114.25,118.325,101.675,103.975
09775,2017,83.9,294.9140014648437,16.48321533203125,1.0,16154102.0,Bayern,48.29776745040027,10.141148053447118,515.0072983744109,43.576099256786335,93.1,96.7,94.2,101.7,99.3,96.425
09775,2018,78.02,196.45199584960935,18.430871963500977,7.0,17747012.0,Bayern,48.29776745040027,10.141148053447118,515.0072983744109,43.576099256786335,102.7,95.4,96.925,109.125,99.125,98.025
09775,2019,78.5,276.4599914550781,17.187335968017578,3.0,17211524.0,Bayern,48.29776745040027,10.141148053447118,515.0072983744109,43.576099256786335,101.9,90.0,102.65,110.55,99.1,100.5
09775,2020,83.52,292.8899841308594,17.370634078979492,3.0,17135284.0,Bayern,48.29776745040027,10.141148053447118,515.0072983744109,43.576099256786335,100.0,100.0,100.0,100.0,100.025,100.025
09775,2021,74.05,346.3420104980469,16.20821189880371,0.0,15861468.0,Bayern,48.29776745040027,10.141148053447118,515.0072983744109,43.576099256786335,114.3,105.1,114.25,118.325,101.675,103.975
09779,2017,89.63,284.7760314941406,16.59592056274414,2.0,15785869.0,Bayern,48.80645666495465,10.71368871715326,460.92054801805193,42.67593741906976,93.1,96.7,94.2,101.7,99.3,96.425
09779,2018,89.56,159.02532958984375,18.393207550048828,5.0,17821440.0,Bayern,48.80645666495465,10.71368871715326,460.92054801805193,42.67593741906976,102.7,95.4,96.925,109.125,99.125,98.025
09779,2019,94.07,238.5453338623047,17.45555877685547,4.0,17165898.0,Bayern,48.80645666495465,10.71368871715326,460.92054801805193,42.67593741906976,101.9,90.0,102.65,110.55,99.1,100.5
09779,2020,91.56,229.2666778564453,17.563480377197266,3.0,16859630.0,Bayern,48.80645666495465,10.71368871715326,460.92054801805193,42.67593741906976,100.0,100.0,100.0,100.0,100.025,100.025
09779,2021,83.52,279.4339599609375,16.37567710876465,0.0,15465785.0,Bayern,48.80645666495465,10.71368871715326,460.92054801805193,42.67593741906976,114.3,105.1,114.25,118.325,101.675,103.975
12062,2017,73.01,214.947265625,17.702102661132812,2.0,14983638.0,Brandenburg,51.61213400673164,13.460154622711796,102.26153647522072,36.17198747447048,93.1,96.7,94.2,101.7,99.3,96.425
12062,2018,69.87,103.10772705078124,20.06205940246582,18.0,17038026.0,Brandenburg,51.61213400673164,13.460154622711796,102.26153647522072,36.17198747447048,102.7,95.4,96.925,109.125,99.125,98.025
12062,2019,67.12,154.39865112304688,18.789447784423828,8.0,15910353.0,Brandenburg,51.61213400673164,13.460154622711796,102.26153647522072,36.17198747447048,101.9,90.0,102.65,110.55,99.1,100.5
12063,2017,82.28,232.7152404785156,17.192548751831055,1.0,14246520.0,Brandenburg,52.62102846020504,12.629347677023791,34.27972390292592,35.81629520224732,93.1,96.7,94.2,101.7,99.3,96.425
12063,2018,43.18,81.4065170288086,19.623201370239254,14.0,17105138.0,Brandenburg,52.62102846020504,12.629347677023791,34.27972390292592,35.81629520224732,102.7,95.4,96.925,109.125,99.125,98.025
12063,2019,61.82,175.4943389892578,18.464496612548828,8.0,15230685.0,Brandenburg,52.62102846020504,12.629347677023791,34.27972390292592,35.81629520224732,101.9,90.0,102.65,110.55,99.1,100.5
12063,2020,78.13,180.84521484375,18.42508125305176,5.0,15142778.0,Brandenburg,52.62102846020504,12.629347677023791,34.27972390292592,35.81629520224732,100.0,100.0,100.0,100.0,100.025,100.025
12063,2021,68.86,220.58653259277344,17.873668670654297,0.0,13804186.0,Brandenburg,52.62102846020504,12.629347677023791,34.27972390292592,35.81629520224732,114.3,105.1,114.25,118.325,101.675,103.975
12064,2017,67.79,253.29373168945312,17.187557220458984,1.0,14624406.0,Brandenburg,52.606063850123114,14.146183149312156,47.27500580551489,36.64059745746665,93.1,96.7,94.2,101.7,99.3,96.425
12064,2018,61.8,132.03187561035156,19.274398803710938,11.0,16743385.0,Brandenburg,52.606063850123114,14.146183149312156,47.27500580551489,36.64059745746665,102.7,95.4,96.925,109.125,99.125,98.025
12064,2019,56.83,177.6928253173828,18.48463630676269,8.0,15302735.0,Brandenburg,52.606063850123114,14.146183149312156,47.27500580551489,36.64059745746665,101.9,90.0,102.65,110.55,99.1,100.5
12064,2020,42.86,181.88031005859372,18.54989051818848,7.0,15312525.0,Brandenburg,52.606063850123114,14.146183149312156,47.27500580551489,36.64059745746665,100.0,100.0,100.0,100.0,100.025,100.025
12068,2018,60.95,88.163330078125,19.07586097717285,10.0,16915116.0,Brandenburg,52.99106174252773,12.635674563447317,56.8181698249282,35.8795768976114,102.7,95.4,96.925,109.125,99.125,98.025
12069,2018,37.35,79.01884460449219,19.84471893310547,15.0,17116704.0,Brandenburg,52.24625087114614,12.688837287510198,70.97111090237965,39.06239026621852,102.7,95.4,96.925,109.125,99.125,98.025
12069,2019,50.02,171.66513061523438,18.677217483520508,9.0,15483382.0,Brandenburg,52.24625087114614,12.688837287510198,70.97111090237965,39.06239026621852,101.9,90.0,102.65,110.55,99.1,100.5
12070,2017,75.49,275.07000732421875,16.493572235107422,0.0,13598703.0,Brandenburg,53.10897281858706,11.961054252308832,52.93772890964092,36.17088665928267,93.1,96.7,94.2,101.7,99.3,96.425
12070,2018,51.99,82.20313262939453,18.965808868408203,10.0,16830494.0,Brandenburg,53.10897281858706,11.961054252308832,52.93772890964092,36.17088665928267,102.7,95.4,96.925,109.125,99.125,98.025
12070,2019,73.23,189.2068634033203,17.684019088745117,4.0,14627882.0,Brandenburg,53.10897281858706,11.961054252308832,52.93772890964092,36.17088665928267,101.9,90.0,102.65,110.55,99.1,100.5
12070,2020,74.04,179.75030517578125,17.674039840698242,3.0,14797101.0,Brandenburg,53.10897281858706,11.961054252308832,52.93772890964092,36.17088665928267,100.0,100.0,100.0,100.0,100.025,100.025
12070,2021,81.77,200.0921936035156,17.509872436523438,0.0,13674670.0,Brandenburg,53.10897281858706,11.961054252308832,52.93772890964092,36.17088665928267,114.3,105.1,114.25,118.325,101.675,103.975
12073,2017,70.55,264.8199768066406,16.6331729888916,0.0,14157742.0,Brandenburg,53.205197016087205,13.86176760372855,54.7569700705869,35.820799452742165,93.1,96.7,94.2,101.7,99.3,96.425
12073,2018,47.88,119.86268615722656,18.79022216796875,5.0,16630652.0,Brandenburg,53.205197016087205,13.86176760372855,54.7569700705869,35.820799452742165,102.7,95.4,96.925,109.125,99.125,98.025
12073,2019,65.31,187.30706787109372,17.911319732666016,3.0,14996964.0,Brandenburg,53.205197016087205,13.86176760372855,54.7569700705869,35.820799452742165,101.9,90.0,102.65,110.55,99.1,100.5
12073,2020,67.05,191.1699981689453,17.661334991455078,4.0,15104993.0,Brandenburg,53.205197016087205,13.86176760372855,54.7569700705869,35.820799452742165,100.0,100.0,100.0,100.0,100.025,100.025
12073,2021,70.94,254.83950805664065,17.58941650390625,0.0,13920391.0,Brandenburg,53.205197016087205,13.86176760372855,54.7569700705869,35.820799452742165,114.3,105.1,114.25,118.325,101.675,103.975
13071,2017,73.11,243.1382598876953,16.365680694580078,0.0,13761824.0,Mecklenburg-Vorpommern,53.54228627244086,13.001881271775604,62.05753027410464,38.64812536384011,93.1,96.7,94.2,101.7,99.3,96.425
13071,2018,56.56,92.75636291503906,18.62228202819824,6.0,16567289.0,Mecklenburg-Vorpommern,53.54228627244086,13.001881271775604,62.05753027410464,38.64812536384011,102.7,95.4,96.925,109.125,99.125,98.025
13071,2019,67.96,190.87985229492188,17.441669464111328,3.0,14778440.0,Mecklenburg-Vorpommern,53.54228627244086,13.001881271775604,62.05753027410464,38.64812536384011,101.9,90.0,102.65,110.55,99.1,100.5
13071,2020,73.35,194.3474273681641,17.270360946655273,2.0,14941039.0,Mecklenburg-Vorpommern,53.54228627244086,13.001881271775604,62.05753027410464,38.64812536384011,100.0,100.0,100.0,100.0,100.025,100.025
13071,2021,70.82,226.5070343017578,17.457794189453125,0.0,13927505.0,Mecklenburg-Vorpommern,53.54228627244086,13.001881271775604,62.05753027410464,38.64812536384011,114.3,105.1,114.25,118.325,101.675,103.975
13072,2017,74.88,272.5914306640625,16.016450881958008,0.0,13878627.0,Mecklenburg-Vorpommern,53.91159933187648,12.221492307562393,36.06949016828116,38.63362555388887,93.1,96.7,94.2,101.7,99.3,96.425
13072,2018,68.44,101.83306121826172,18.34975814819336,5.0,16622244.0,Mecklenburg-Vorpommern,53.91159933187648,12.221492307562393,36.06949016828116,38.63362555388887,102.7,95.4,96.925,109.125,99.125,98.025
13072,2019,77.78,198.4781646728516,17.107585906982422,0.0,14886357.0,Mecklenburg-Vorpommern,53.91159933187648,12.221492307562393,36.06949016828116,38.63362555388887,101.9,90.0,102.65,110.55,99.1,100.5
13072,2020,80.78,178.7516326904297,16.99955177307129,0.0,15250381.0,Mecklenburg-Vorpommern,53.91159933187648,12.221492307562393,36.06949016828116,38.63362555388887,100.0,100.0,100.0,100.0,100.025,100.025
13072,2021,74.57,205.0205993652344,17.290935516357422,0.0,14243210.0,Mecklenburg-Vorpommern,53.91159933187648,12.221492307562393,36.06949016828116,38.63362555388887,114.3,105.1,114.25,118.325,101.675,103.975
13073,2017,79.26,262.7029113769531,16.130983352661133,0.0,14031502.0,Mecklenburg-Vorpommern,54.28261578497026,12.990158604012771,14.737300532102989,43.14493181361785,93.1,96.7,94.2,101.7,99.3,96.425
13073,2018,69.9,103.70708465576172,18.493976593017575,3.0,16542492.0,Mecklenburg-Vorpommern,54.28261578497026,12.990158604012771,14.737300532102989,43.14493181361785,102.7,95.4,96.925,109.125,99.125,98.025
13073,2019,81.19,205.6651306152344,17.181617736816406,0.0,15079917.0,Mecklenburg-Vorpommern,54.28261578497026,12.990158604012771,14.737300532102989,43.14493181361785,101.9,90.0,102.65,110.55,99.1,100.5
13073,2020,82.62,215.2287750244141,17.033300399780273,0.0,15220959.0,Mecklenburg-Vorpommern,54.28261578497026,12.990158604012771,14.737300532102989,43.14493181361785,100.0,100.0,100.0,100.0,100.025,100.025
13073,2021,90.37,234.46682739257807,17.393369674682617,0.0,14339462.0,Mecklenburg-Vorpommern,54.28261578497026,12.990158604012771,14.737300532102989,43.14493181361785,114.3,105.1,114.25,118.325,101.675,103.975
13074,2017,72.98,283.89630126953125,15.926660537719728,0.0,13734035.0,Mecklenburg-Vorpommern,53.82142322835749,11.252258693010862,41.47393948165326,43.10618084867727,93.1,96.7,94.2,101.7,99.3,96.425
13074,2018,56.48,107.66999053955078,18.24932289123535,6.0,16638829.0,Mecklenburg-Vorpommern,53.82142322835749,11.252258693010862,41.47393948165326,43.10618084867727,102.7,95.4,96.925,109.125,99.125,98.025
13074,2019,78.22,195.1676483154297,17.05431365966797,1.0,14682791.0,Mecklenburg-Vorpommern,53.82142322835749,11.252258693010862,41.47393948165326,43.10618084867727,101.9,90.0,102.65,110.55,99.1,100.5
13074,2020,79.01,167.7323455810547,17.045867919921875,0.0,15184429.0,Mecklenburg-Vorpommern,53.82142322835749,11.252258693010862,41.47393948165326,43.10618084867727,100.0,100.0,100.0,100.0,100.025,100.025
13074,2021,63.41,208.08102416992188,17.120214462280273,0.0,14068138.0,Mecklenburg-Vorpommern,53.82142322835749,11.252258693010862,41.47393948165326,43.10618084867727,114.3,105.1,114.25,118.325,101.675,103.975
13075,2017,73.54,248.55807495117188,16.50298309326172,0.0,13899733.0,Mecklenburg-Vorpommern,53.787433870941115,13.781468598866137,17.711266955122902,41.0799393666064,93.1,96.7,94.2,101.7,99.3,96.425
13075,2018,57.17,114.63787841796876,18.83271598815918,4.0,16468246.0,Mecklenburg-Vorpommern,53.787433870941115,13.781468598866137,17.711266955122902,41.0799393666064,102.7,95.4,96.925,109.125,99.125,98.025
13075,2019,70.15,185.56442260742188,17.67305564880371,3.0,14967939.0,Mecklenburg-Vorpommern,53.787433870941115,13.781468598866137,17.711266955122902,41.0799393666064,101.9,90.0,102.65,110.55,99.1,100.5
13075,2020,70.87,210.5959930419922,17.424283981323242,2.0,15022696.0,Mecklenburg-Vorpommern,53.787433870941115,13.781468598866137,17.711266955122902,41.0799393666064,100.0,100.0,100.0,100.0,100.025,100.025
13075,2021,71.76,259.1649780273437,17.65105438232422,0.0,14029327.0,Mecklenburg-Vorpommern,53.787433870941115,13.781468598866137,17.711266955122902,41.0799393666064,114.3,105.1,114.25,118.325,101.675,103.975
13076,2017,72.92,298.7283630371094,16.144800186157227,0.0,13457625.0,Mecklenburg-Vorpommern,53.449580918931375,11.53290372846914,44.7086480808374,41.34521384306508,93.1,96.7,94.2,101.7,99.3,96.425
13076,2018,61.26,93.37451934814452,18.543846130371094,9.0,16589055.0,Mecklenburg-Vorpommern,53.449580918931375,11.53290372846914,44.7086480808374,41.34521384306508,102.7,95.4,96.925,109.125,99.125,98.025
13076,2019,70.64,194.3661346435547,17.26971435546875,2.0,14485286.0,Mecklenburg-Vorpommern,53.449580918931375,11.53290372846914,44.7086480808374,41.34521384306508,101.9,90.0,102.65,110.55,99.1,100.5
13076,2020,77.22,170.61293029785156,17.278173446655273,2.0,14841263.0,Mecklenburg-Vorpommern,53.449580918931375,11.53290372846914,44.7086480808374,41.34521384306508,100.0,100.0,100.0,100.0,100.025,100.025
13076,2021,50.36,195.89080810546875,17.310667037963867,0.0,13730874.0,Mecklenburg-Vorpommern,53.449580918931375,11.53290372846914,44.7086480808374,41.34521384306508,114.3,105.1,114.25,118.325,101.675,103.975
14522,2017,85.53,258.01904296875,16.503541946411133,2.0,15070065.0,Sachsen,50.95549783146883,13.138291961320002,354.76248611154307,54.89524089500766,93.1,96.7,94.2,101.7,99.3,96.425
14522,2018,69.54,98.07999420166016,18.75052070617676,8.0,17129464.0,Sachsen,50.95549783146883,13.138291961320002,354.76248611154307,54.89524089500766,102.7,95.4,96.925,109.125,99.125,98.025
14522,2019,81.15,197.91612243652344,17.402990341186523,2.0,16153658.0,Sachsen,50.95549783146883,13.138291961320002,354.76248611154307,54.89524089500766,101.9,90.0,102.65,110.55,99.1,100.5
14522,2020,78.58,215.10194396972656,17.745691299438477,3.0,16136196.0,Sachsen,50.95549783146883,13.138291961320002,354.76248611154307,54.89524089500766,100.0,100.0,100.0,100.0,100.025,100.025
14522,2021,84.01,319.68707275390625,16.635385513305664,0.0,14370344.0,Sachsen,50.95549783146883,13.138291961320002,354.76248611154307,54.89524089500766,114.3,105.1,114.25,118.325,101.675,103.975
14524,2017,77.97,244.14768981933597,16.611225128173828,1.0,14774404.0,Sachsen,50.75034954070159,12.52626275100001,343.0609384070534,52.00876295096663,93.1,96.7,94.2,101.7,99.3,96.425
14524,2018,52.07,85.78076934814453,18.792163848876957,8.0,17077448.0,Sachsen,50.75034954070159,12.52626275100001,343.0609384070534,52.00876295096663,102.7,95.4,96.925,109.125,99.125,98.025
14524,2019,57.32,193.6446228027344,17.559616088867188,2.0,16084359.0,Sachsen,50.75034954070159,12.52626275100001,343.0609384070534,52.00876295096663,101.9,90.0,102.65,110.55,99.1,100.5
14524,2020,72.09,206.94461059570312,17.798301696777344,5.0,16057898.0,Sachsen,50.75034954070159,12.52626275100001,343.0609384070534,52.00876295096663,100.0,100.0,100.0,100.0,100.025,100.025
14524,2021,72.21,335.4953918457031,16.569055557250977,0.0,14016376.0,Sachsen,50.75034954070159,12.52626275100001,343.0609384070534,52.00876295096663,114.3,105.1,114.25,118.325,101.675,103.975
14625,2017,76.37,279.6377258300781,17.24592399597168,2.0,15158808.0,Sachsen,51.268403702047884,14.231011404130056,198.79840653806716,42.9309437004101,93.1,96.7,94.2,101.7,99.3,96.425
14625,2018,52.65,121.42355346679688,19.6580753326416,13.0,16920660.0,Sachsen,51.268403702047884,14.231011404130056,198.79840653806716,42.9309437004101,102.7,95.4,96.925,109.125,99.125,98.025
14625,2019,63.49,174.1880645751953,18.30389213562012,2.0,15944632.0,Sachsen,51.268403702047884,14.231011404130056,198.79840653806716,42.9309437004101,101.9,90.0,102.65,110.55,99.1,100.5
14625,2020,73.89,208.6274261474609,18.6285457611084,3.0,15984562.0,Sachsen,51.268403702047884,14.231011404130056,198.79840653806716,42.9309437004101,100.0,100.0,100.0,100.0,100.025,100.025
14625,2021,73.95,267.7044982910156,17.695968627929688,0.0,14386020.0,Sachsen,51.268403702047884,14.231011404130056,198.79840653806716,42.9309437004101,114.3,105.1,114.25,118.325,101.675,103.975
14626,2017,71.42,329.3622131347656,17.076416015625,2.0,15115876.0,Sachsen,51.22430132485041,14.75126292246647,223.2249771252893,43.94385284188461,93.1,96.7,94.2,101.7,99.3,96.425
14626,2018,47.91,131.68704223632812,19.45285415649414,12.0,16942074.0,Sachsen,51.22430132485041,14.75126292246647,223.2249771252893,43.94385284188461,102.7,95.4,96.925,109.125,99.125,98.025
14626,2019,61.06,202.81295776367188,18.080141067504883,3.0,15821640.0,Sachsen,51.22430132485041,14.75126292246647,223.2249771252893,43.94385284188461,101.9,90.0,102.65,110.55,99.1,100.5
14626,2020,70.49,228.4044342041016,18.2722225189209,3.0,15907921.0,Sachsen,51.22430132485041,14.75126292246647,223.2249771252893,43.94385284188461,100.0,100.0,100.0,100.0,100.025,100.025
14626,2021,73.13,292.6666564941406,17.522512435913086,0.0,14444433.0,Sachsen,51.22430132485041,14.75126292246647,223.2249771252893,43.94385284188461,114.3,105.1,114.25,118.325,101.675,103.975
14627,2017,86.61,233.70887756347656,17.561199188232422,2.0,15215103.0,Sachsen,51.23926037592957,13.483548586710361,155.04697258591955,41.11461039028564,93.1,96.7,94.2,101.7,99.3,96.425
14627,2018,65.31,100.54499816894533,19.884340286254883,16.0,17156328.0,Sachsen,51.23926037592957,13.483548586710361,155.04697258591955,41.11461039028564,102.7,95.4,96.925,109.125,99.125,98.025
14627,2019,76.53,159.7288818359375,18.52047348022461,4.0,16173786.0,Sachsen,51.23926037592957,13.483548586710361,155.04697258591955,41.11461039028564,101.9,90.0,102.65,110.55,99.1,100.5
14627,2020,74.81,188.95388793945312,19.00359535217285,7.0,16154225.0,Sachsen,51.23926037592957,13.483548586710361,155.04697258591955,41.11461039028564,100.0,100.0,100.0,100.0,100.025,100.025
14627,2021,87.97,256.659423828125,17.887287139892578,0.0,14472607.0,Sachsen,51.23926037592957,13.483548586710361,155.04697258591955,41.11461039028564,114.3,105.1,114.25,118.325,101.675,103.975
14628,2017,75.4,312.0242004394531,16.2832088470459,1.0,15205991.0,Sachsen,50.91659554539059,13.873936239468271,384.98984559106736,48.99689899412168,93.1,96.7,94.2,101.7,99.3,96.425
14628,2018,54.64,114.02474212646484,18.553804397583008,9.0,16937862.0,Sachsen,50.91659554539059,13.873936239468271,384.98984559106736,48.99689899412168,102.7,95.4,96.925,109.125,99.125,98.025
14628,2019,68.69,196.4126434326172,17.30854606628418,2.0,16051772.0,Sachsen,50.91659554539059,13.873936239468271,384.98984559106736,48.99689899412168,101.9,90.0,102.65,110.55,99.1,100.5
14713,2017,81.1,202.29998779296875,17.872211456298828,4.0,14795839.0,Sachsen,51.3412454007066,12.374336042090134,123.59486696935014,47.75030443533704,93.1,96.7,94.2,101.7,99.3,96.425
14713,2018,46.39,82.34200286865234,20.20648765563965,21.0,17258524.0,Sachsen,51.3412454007066,12.374336042090134,123.59486696935014,47.75030443533704,102.7,95.4,96.925,109.125,99.125,98.025
14713,2019,56.31,169.36599731445312,18.88201332092285,9.0,16118691.0,Sachsen,51.3412454007066,12.374336042090134,123.59486696935014,47.75030443533704,101.9,90.0,102.65,110.55,99.1,100.5
14713,2020,50.82,184.32798767089844,19.040437698364254,7.0,15939573.0,Sachsen,51.3412454007066,12.374336042090134,123.59486696935014,47.75030443533704,100.0,100.0,100.0,100.0,100.025,100.025
14713,2021,82.9,281.2479858398437,17.902334213256836,0.0,14273614.0,Sachsen,51.3412454007066,12.374336042090134,123.59486696935014,47.75030443533704,114.3,105.1,114.25,118.325,101.675,103.975
14729,2017,82.9,204.8785095214844,17.637781143188477,3.0,14940725.0,Sachsen,51.22100648605325,12.600294343472836,157.08459540406392,50.09724502977371,93.1,96.7,94.2,101.7,99.3,96.425
14729,2018,49.74,86.51499938964844,19.95610809326172,19.0,17287128.0,Sachsen,51.22100648605325,12.600294343472836,157.08459540406392,50.09724502977371,102.7,95.4,96.925,109.125,99.125,98.025
14729,2019,61.85,171.8300018310547,18.58633041381836,8.0,16201426.0,Sachsen,51.22100648605325,12.600294343472836,157.08459540406392,50.09724502977371,101.9,90.0,102.65,110.55,99.1,100.5
14729,2020,54.55,183.11099243164065,18.850147247314453,7.0,16077464.0,Sachsen,51.22100648605325,12.600294343472836,157.08459540406392,50.09724502977371,100.0,100.0,100.0,100.0,100.025,100.025
14729,2021,82.49,287.74951171875,17.651992797851562,0.0,14351489.0,Sachsen,51.22100648605325,12.600294343472836,157.08459540406392,50.09724502977371,114.3,105.1,114.25,118.325,101.675,103.975
14730,2017,77.37,201.870361328125,17.82307243347168,2.0,14990496.0,Sachsen,51.47271556811008,12.780074878081638,117.79437001546252,42.88446493582184,93.1,96.7,94.2,101.7,99.3,96.425
14730,2018,42.49,86.9651870727539,20.201261520385746,20.0,17303172.0,Sachsen,51.47271556811008,12.780074878081638,117.79437001546252,42.88446493582184,102.7,95.4,96.925,109.125,99.125,98.025
14730,2019,55.55,160.21148681640625,18.835752487182617,9.0,16133383.0,Sachsen,51.47271556811008,12.780074878081638,117.79437001546252,42.88446493582184,101.9,90.0,102.65,110.55,99.1,100.5
14730,2020,53.55,167.38223266601562,19.17180633544922,7.0,15988875.0,Sachsen,51.47271556811008,12.780074878081638,117.79437001546252,42.88446493582184,100.0,100.0,100.0,100.0,100.025,100.025
14730,2021,82.84,263.9682006835937,17.981294631958008,0.0,14411562.0,Sachsen,51.47271556811008,12.780074878081638,117.79437001546252,42.88446493582184,114.3,105.1,114.25,118.325,101.675,103.975
15001,2019,42.98,171.10751342773438,19.022838592529297,11.0,15835896.0,Sachsen-Anhalt,51.85351624098232,12.230255062003344,71.07372756150643,41.98656922605787,101.9,90.0,102.65,110.55,99.1,100.5
15002,2019,48.72,148.66500854492188,19.0241756439209,10.0,16009624.0,Sachsen-Anhalt,51.48024376358032,11.967410662388284,97.20921623980708,53.832800855466246,101.9,90.0,102.65,110.55,99.1,100.5
15003,2017,64.26,249.489990234375,17.414295196533203,1.0,14155812.0,Sachsen-Anhalt,52.11656080559289,11.642306347429079,57.110934902069246,54.210621069505954,93.1,96.7,94.2,101.7,99.3,96.425
15003,2018,46.3,73.94666290283203,19.934097290039062,17.0,17293538.0,Sachsen-Anhalt,52.11656080559289,11.642306347429079,57.110934902069246,54.210621069505954,102.7,95.4,96.925,109.125,99.125,98.025
15003,2019,56.92,168.3933563232422,18.66204643249512,11.0,15595295.0,Sachsen-Anhalt,52.11656080559289,11.642306347429079,57.110934902069246,54.210621069505954,101.9,90.0,102.65,110.55,99.1,100.5
15003,2020,52.16,168.5900115966797,18.72659492492676,7.0,15440982.0,Sachsen-Anhalt,52.11656080559289,11.642306347429079,57.110934902069246,54.210621069505954,100.0,100.0,100.0,100.0,100.025,100.025
15003,2021,74.13,214.75999450683597,17.946544647216797,0.0,14014449.0,Sachsen-Anhalt,52.11656080559289,11.642306347429079,57.110934902069246,54.210621069505954,114.3,105.1,114.25,118.325,101.675,103.975
15081,2017,71.39,285.81719970703125,16.765077590942383,0.0,13717532.0,Sachsen-Anhalt,52.67920380499282,11.22725930885694,54.594244413366845,42.174990313422974,93.1,96.7,94.2,101.7,99.3,96.425
15081,2018,44.29,83.15531921386719,19.318920135498047,12.0,17005250.0,Sachsen-Anhalt,52.67920380499282,11.22725930885694,54.594244413366845,42.174990313422974,102.7,95.4,96.925,109.125,99.125,98.025
15081,2019,55.17,187.3209381103516,18.00918960571289,9.0,14901373.0,Sachsen-Anhalt,52.67920380499282,11.22725930885694,54.594244413366845,42.174990313422974,101.9,90.0,102.65,110.55,99.1,100.5
15081,2020,59.09,175.07000732421875,17.944137573242188,6.0,14904370.0,Sachsen-Anhalt,52.67920380499282,11.22725930885694,54.594244413366845,42.174990313422974,100.0,100.0,100.0,100.0,100.025,100.025
15081,2021,67.45,194.51437377929688,17.635974884033203,0.0,13543193.0,Sachsen-Anhalt,52.67920380499282,11.22725930885694,54.594244413366845,42.174990313422974,114.3,105.1,114.25,118.325,101.675,103.975
15082,2017,75.25,221.6342315673828,17.712507247924805,2.0,14571521.0,Sachsen-Anhalt,51.79455493898335,12.142727959182485,81.09998059478208,41.782683556499926,93.1,96.7,94.2,101.7,99.3,96.425
15082,2018,27.09,75.7789535522461,20.051664352416992,16.0,17375764.0,Sachsen-Anhalt,51.79455493898335,12.142727959182485,81.09998059478208,41.782683556499926,102.7,95.4,96.925,109.125,99.125,98.025
15082,2019,38.75,165.74734497070312,18.90692710876465,10.0,15925625.0,Sachsen-Anhalt,51.79455493898335,12.142727959182485,81.09998059478208,41.782683556499926,101.9,90.0,102.65,110.55,99.1,100.5
15082,2020,46.66,172.40737915039062,18.9386043548584,7.0,15669734.0,Sachsen-Anhalt,51.79455493898335,12.142727959182485,81.09998059478208,41.782683556499926,100.0,100.0,100.0,100.0,100.025,100.025
15082,2021,69.44,241.0352478027344,18.04686164855957,0.0,14272369.0,Sachsen-Anhalt,51.79455493898335,12.142727959182485,81.09998059478208,41.782683556499926,114.3,105.1,114.25,118.325,101.675,103.975
15083,2017,74.33,272.2342224121094,16.9067440032959,0.0,14057757.0,Sachsen-Anhalt,52.220275612495385,11.3478052057352,96.70173749572442,49.62776047125312,93.1,96.7,94.2,101.7,99.3,96.425
15083,2018,49.59,78.66226959228516,19.46895217895508,14.0,17340756.0,Sachsen-Anhalt,52.220275612495385,11.3478052057352,96.70173749572442,49.62776047125312,102.7,95.4,96.925,109.125,99.125,98.025
15083,2019,53.64,161.08387756347656,18.174205780029297,9.0,15541156.0,Sachsen-Anhalt,52.220275612495385,11.3478052057352,96.70173749572442,49.62776047125312,101.9,90.0,102.65,110.55,99.1,100.5
15083,2020,66.66,170.6016082763672,18.191408157348636,7.0,15435025.0,Sachsen-Anhalt,52.220275612495385,11.3478052057352,96.70173749572442,49.62776047125312,100.0,100.0,100.0,100.0,100.025,100.025
15083,2021,74.19,205.6893615722656,17.54745864868164,0.0,13931997.0,Sachsen-Anhalt,52.220275612495385,11.3478052057352,96.70173749572442,49.62776047125312,114.3,105.1,114.25,118.325,101.675,103.975
15084,2017,83.67,208.95294189453125,17.23896026611328,2.0,14876217.0,Sachsen-Anhalt,51.14684782706985,11.88481733416925,195.5577132908131,57.6250155720462,93.1,96.7,94.2,101.7,99.3,96.425
15084,2018,53.81,92.1199951171875,19.542041778564453,15.0,17394992.0,Sachsen-Anhalt,51.14684782706985,11.88481733416925,195.5577132908131,57.6250155720462,102.7,95.4,96.925,109.125,99.125,98.025
15084,2019,56.33,160.43943786621094,18.348651885986328,8.0,16324605.0,Sachsen-Anhalt,51.14684782706985,11.88481733416925,195.5577132908131,57.6250155720462,101.9,90.0,102.65,110.55,99.1,100.5
15084,2020,61.99,183.515869140625,18.543519973754883,5.0,16121799.0,Sachsen-Anhalt,51.14684782706985,11.88481733416925,195.5577132908131,57.6250155720462,100.0,100.0,100.0,100.0,100.025,100.025
15084,2021,83.19,287.4452819824219,17.3146915435791,0.0,14344284.0,Sachsen-Anhalt,51.14684782706985,11.88481733416925,195.5577132908131,57.6250155720462,114.3,105.1,114.25,118.325,101.675,103.975
15085,2017,80.89,305.1303405761719,15.971512794494627,0.0,14194063.0,Sachsen-Anhalt,51.820626161165194,10.959076324216053,283.1943469339319,58.9768212184164,93.1,96.7,94.2,101.7,99.3,96.425
15085,2018,41.12,96.15689849853516,18.356603622436523,9.0,17471924.0,Sachsen-Anhalt,51.820626161165194,10.959076324216053,283.1943469339319,58.9768212184164,102.7,95.4,96.925,109.125,99.125,98.025
15085,2019,51.89,165.25587463378906,17.09798812866211,3.0,15782017.0,Sachsen-Anhalt,51.820626161165194,10.959076324216053,283.1943469339319,58.9768212184164,101.9,90.0,102.65,110.55,99.1,100.5
15085,2020,52.96,189.9368896484375,17.208284378051758,4.0,15564004.0,Sachsen-Anhalt,51.820626161165194,10.959076324216053,283.1943469339319,58.9768212184164,100.0,100.0,100.0,100.0,100.025,100.025
15085,2021,69.58,229.7820587158203,16.479488372802734,0.0,14116910.0,Sachsen-Anhalt,51.820626161165194,10.959076324216053,283.1943469339319,58.9768212184164,114.3,105.1,114.25,118.325,101.675,103.975
15086,2017,73.56,240.4870147705078,17.342750549316406,1.0,14199731.0,Sachsen-Anhalt,52.259912453943336,12.026382561723162,57.07503225675692,40.29411328092959,93.1,96.7,94.2,101.7,99.3,96.425
15086,2018,44.32,73.80549621582031,19.87862205505371,15.0,17266864.0,Sachsen-Anhalt,52.259912453943336,12.026382561723162,57.07503225675692,40.29411328092959,102.7,95.4,96.925,109.125,99.125,98.025
15086,2019,45.8,178.5970001220703,18.569469451904297,10.0,15487224.0,Sachsen-Anhalt,52.259912453943336,12.026382561723162,57.07503225675692,40.29411328092959,101.9,90.0,102.65,110.55,99.1,100.5
15086,2020,54.28,177.17750549316406,18.621074676513672,6.0,15366877.0,Sachsen-Anhalt,52.259912453943336,12.026382561723162,57.07503225675692,40.29411328092959,100.0,100.0,100.0,100.0,100.025,100.025
15086,2021,69.04,219.6315155029297,17.890928268432617,0.0,13987789.0,Sachsen-Anhalt,52.259912453943336,12.026382561723162,57.07503225675692,40.29411328092959,114.3,105.1,114.25,118.325,101.675,103.975
15087,2017,77.46,239.9577789306641,16.65303611755371,0.0,14452847.0,Sachsen-Anhalt,51.53510132603982,11.356307035057103,245.61759723344343,58.864698828747045,93.1,96.7,94.2,101.7,99.3,96.425
15087,2018,47.55,84.01333618164062,18.997053146362305,12.0,17364652.0,Sachsen-Anhalt,51.53510132603982,11.356307035057103,245.61759723344343,58.864698828747045,102.7,95.4,96.925,109.125,99.125,98.025
15087,2019,59.88,155.131103515625,17.851533889770508,7.0,16025085.0,Sachsen-Anhalt,51.53510132603982,11.356307035057103,245.61759723344343,58.864698828747045,101.9,90.0,102.65,110.55,99.1,100.5
15087,2020,56.85,176.91610717773438,17.990198135375977,5.0,15694938.0,Sachsen-Anhalt,51.53510132603982,11.356307035057103,245.61759723344343,58.864698828747045,100.0,100.0,100.0,100.0,100.025,100.025
15087,2021,79.04,230.0638885498047,17.057350158691406,0.0,14280113.0,Sachsen-Anhalt,51.53510132603982,11.356307035057103,245.61759723344343,58.864698828747045,114.3,105.1,114.25,118.325,101.675,103.975
15088,2017,78.29,205.26947021484372,17.613765716552734,2.0,14689023.0,Sachsen-Anhalt,51.425330519566785,11.866111848323198,136.769353440071,53.86927127553489,93.1,96.7,94.2,101.7,99.3,96.425
15088,2018,36.26,83.18368530273438,19.89690971374512,17.0,17353310.0,Sachsen-Anhalt,51.425330519566785,11.866111848323198,136.769353440071,53.86927127553489,102.7,95.4,96.925,109.125,99.125,98.025
15088,2019,43.68,151.3015899658203,18.78731155395508,10.0,16151347.0,Sachsen-Anhalt,51.425330519566785,11.866111848323198,136.769353440071,53.86927127553489,101.9,90.0,102.65,110.55,99.1,100.5
15088,2020,53.32,173.4420928955078,18.90131187438965,7.0,15867761.0,Sachsen-Anhalt,51.425330519566785,11.866111848323198,136.769353440071,53.86927127553489,100.0,100.0,100.0,100.0,100.025,100.025
15088,2021,76.5,254.2968292236328,17.82489013671875,0.0,14330468.0,Sachsen-Anhalt,51.425330519566785,11.866111848323198,136.769353440071,53.86927127553489,114.3,105.1,114.25,118.325,101.675,103.975
15089,2017,69.6,246.93312072753903,17.419231414794922,1.0,14367015.0,Sachsen-Anhalt,51.85168339058897,11.641958034997037,87.64581510218584,54.72523792760443,93.1,96.7,94.2,101.7,99.3,96.425
15089,2018,36.49,75.35687255859375,19.8261833190918,17.0,17431854.0,Sachsen-Anhalt,51.85168339058897,11.641958034997037,87.64581510218584,54.72523792760443,102.7,95.4,96.925,109.125,99.125,98.025
15089,2019,44.07,160.568115234375,18.66367530822754,10.0,15886641.0,Sachsen-Anhalt,51.85168339058897,11.641958034997037,87.64581510218584,54.72523792760443,101.9,90.0,102.65,110.55,99.1,100.5
15089,2020,47.64,168.24501037597656,18.736309051513672,7.0,15639802.0,Sachsen-Anhalt,51.85168339058897,11.641958034997037,87.64581510218584,54.72523792760443,100.0,100.0,100.0,100.0,100.025,100.025
15089,2021,62.76,221.13250732421875,17.86613655090332,0.0,14236531.0,Sachsen-Anhalt,51.85168339058897,11.641958034997037,87.64581510218584,54.72523792760443,114.3,105.1,114.25,118.325,101.675,103.975
15090,2017,68.64,257.8014221191406,17.033002853393555,0.0,13897165.0,Sachsen-Anhalt,52.696214479608905,11.840206581052069,35.61396156430523,37.76264303725175,93.1,96.7,94.2,101.7,99.3,96.425
15090,2018,44.64,77.78250885009766,19.55524253845215,14.0,17143910.0,Sachsen-Anhalt,52.696214479608905,11.840206581052069,35.61396156430523,37.76264303725175,102.7,95.4,96.925,109.125,99.125,98.025
15090,2019,48.78,185.9146423339844,18.2032527923584,8.0,15040856.0,Sachsen-Anhalt,52.696214479608905,11.840206581052069,35.61396156430523,37.76264303725175,101.9,90.0,102.65,110.55,99.1,100.5
15090,2020,66.67,181.06321716308597,18.222410202026367,7.0,15062525.0,Sachsen-Anhalt,52.696214479608905,11.840206581052069,35.61396156430523,37.76264303725175,100.0,100.0,100.0,100.0,100.025,100.025
15090,2021,70.68,202.60394287109372,17.813718795776367,0.0,13789561.0,Sachsen-Anhalt,52.696214479608905,11.840206581052069,35.61396156430523,37.76264303725175,114.3,105.1,114.25,118.325,101.675,103.975
15091,2017,57.13,221.89498901367188,17.663524627685547,1.0,14789557.0,Sachsen-Anhalt,51.81980380511953,12.701241842241847,94.13399078409,38.79986127633599,93.1,96.7,94.2,101.7,99.3,96.425
15091,2018,30.86,83.69384002685547,20.14266395568848,19.0,17293178.0,Sachsen-Anhalt,51.81980380511953,12.701241842241847,94.13399078409,38.79986127633599,102.7,95.4,96.925,109.125,99.125,98.025
15091,2019,48.9,163.3996124267578,18.895153045654297,10.0,15878795.0,Sachsen-Anhalt,51.81980380511953,12.701241842241847,94.13399078409,38.79986127633599,101.9,90.0,102.65,110.55,99.1,100.5
15091,2020,59.71,172.08001708984375,18.99734687805176,8.0,15632931.0,Sachsen-Anhalt,51.81980380511953,12.701241842241847,94.13399078409,38.79986127633599,100.0,100.0,100.0,100.0,100.025,100.025
15091,2021,67.21,249.8627014160156,18.027956008911133,0.0,14181965.0,Sachsen-Anhalt,51.81980380511953,12.701241842241847,94.13399078409,38.79986127633599,114.3,105.1,114.25,118.325,101.675,103.975
16051,2017,79.44,288.5400085449219,16.829099655151367,1.0,14876664.0,Thüringen,50.98267086648012,11.020635417768442,247.10317176604275,58.24566985599352,93.1,96.7,94.2,101.7,99.3,96.425
16051,2018,47.92,111.79000091552734,19.164949417114254,14.0,17420990.0,Thüringen,50.98267086648012,11.020635417768442,247.10317176604275,58.24566985599352,102.7,95.4,96.925,109.125,99.125,98.025
16051,2019,57.62,155.1999969482422,18.07566261291504,7.0,16233862.0,Thüringen,50.98267086648012,11.020635417768442,247.10317176604275,58.24566985599352,101.9,90.0,102.65,110.55,99.1,100.5
16051,2020,60.49,175.52999877929688,18.28194236755371,6.0,16003757.0,Thüringen,50.98267086648012,11.020635417768442,247.10317176604275,58.24566985599352,100.0,100.0,100.0,100.0,100.025,100.025
16051,2021,68.77,294.77996826171875,17.038244247436523,0.0,14245756.0,Thüringen,50.98267086648012,11.020635417768442,247.10317176604275,58.24566985599352,114.3,105.1,114.25,118.325,101.675,103.975
16052,2017,82.55,227.90000915527344,16.976757049560547,2.0,14870822.0,Thüringen,50.893916999383556,12.082398596961879,266.0037717300465,55.77280584513514,93.1,96.7,94.2,101.7,99.3,96.425
16052,2018,62.59,95.75000762939452,19.192113876342773,14.0,17233158.0,Thüringen,50.893916999383556,12.082398596961879,266.0037717300465,55.77280584513514,102.7,95.4,96.925,109.125,99.125,98.025
16052,2019,86.47,190.02001953125,17.88872528076172,5.0,16265443.0,Thüringen,50.893916999383556,12.082398596961879,266.0037717300465,55.77280584513514,101.9,90.0,102.65,110.55,99.1,100.5
16052,2020,79.79,203.8299865722656,18.12924575805664,5.0,16171218.0,Thüringen,50.893916999383556,12.082398596961879,266.0037717300465,55.77280584513514,100.0,100.0,100.0,100.0,100.025,100.025
16052,2021,87.81,336.1300048828125,16.858888626098633,0.0,14170861.0,Thüringen,50.893916999383556,12.082398596961879,266.0037717300465,55.77280584513514,114.3,105.1,114.25,118.325,101.675,103.975
16061,2018,54.93,106.59538269042967,18.15595054626465,9.0,17718248.0,Thüringen,51.384012881378986,10.253995454822471,346.8863602410155,56.91366926795253,102.7,95.4,96.925,109.125,99.125,98.025
16061,2019,69.35,160.61460876464844,16.674121856689453,3.0,15687663.0,Thüringen,51.384012881378986,10.253995454822471,346.8863602410155,56.91366926795253,101.9,90.0,102.65,110.55,99.1,100.5
16061,2020,70.09,182.8145904541016,16.886335372924805,3.0,15478317.0,Thüringen,51.384012881378986,10.253995454822471,346.8863602410155,56.91366926795253,100.0,100.0,100.0,100.0,100.025,100.025
16061,2021,75.32,228.8230743408203,16.002849578857422,0.0,13980779.0,Thüringen,51.384012881378986,10.253995454822471,346.8863602410155,56.91366926795253,114.3,105.1,114.25,118.325,101.675,103.975
16062,2017,75.36,288.8210144042969,15.677459716796877,0.0,14417344.0,Thüringen,51.50226804475751,10.731329799467618,287.5644480155212,55.89379781697348,93.1,96.7,94.2,101.7,99.3,96.425
16062,2018,43.37,98.21800231933594,18.13115501403809,9.0,17569898.0,Thüringen,51.50226804475751,10.731329799467618,287.5644480155212,55.89379781697348,102.7,95.4,96.925,109.125,99.125,98.025
16062,2019,71.53,160.95700073242188,16.793415069580078,2.0,15925850.0,Thüringen,51.50226804475751,10.731329799467618,287.5644480155212,55.89379781697348,101.9,90.0,102.65,110.55,99.1,100.5
16062,2020,69.8,179.15200805664062,17.039081573486328,4.0,15643673.0,Thüringen,51.50226804475751,10.731329799467618,287.5644480155212,55.89379781697348,100.0,100.0,100.0,100.0,100.025,100.025
16062,2021,66.01,212.35601806640625,16.101274490356445,0.0,14250166.0,Thüringen,51.50226804475751,10.731329799467618,287.5644480155212,55.89379781697348,114.3,105.1,114.25,118.325,101.675,103.975
16063,2017,81.28,307.8019714355469,15.84766674041748,0.0,14597700.0,Thüringen,50.88502846315976,10.21127369448261,356.1552828377808,55.30591591571282,93.1,96.7,94.2,101.7,99.3,96.425
16063,2018,66.57,108.0780029296875,18.308164596557617,8.0,17719088.0,Thüringen,50.88502846315976,10.21127369448261,356.1552828377808,55.30591591571282,102.7,95.4,96.925,109.125,99.125,98.025
16063,2019,77.28,152.46200561523438,16.814374923706055,3.0,16039595.0,Thüringen,50.88502846315976,10.21127369448261,356.1552828377808,55.30591591571282,101.9,90.0,102.65,110.55,99.1,100.5
16063,2020,77.42,168.8300018310547,17.176284790039062,4.0,15795691.0,Thüringen,50.88502846315976,10.21127369448261,356.1552828377808,55.30591591571282,100.0,100.0,100.0,100.0,100.025,100.025
16063,2021,79.16,274.5180358886719,16.016834259033203,0.0,14118282.0,Thüringen,50.88502846315976,10.21127369448261,356.1552828377808,55.30591591571282,114.3,105.1,114.25,118.325,101.675,103.975
16064,2017,72.27,279.898681640625,16.173219680786133,0.0,14631232.0,Thüringen,51.184993413812215,10.550885681765223,288.48125861461494,57.97816110990006,93.1,96.7,94.2,101.7,99.3,96.425
16064,2018,51.44,100.50599670410156,18.818065643310547,13.0,17672268.0,Thüringen,51.184993413812215,10.550885681765223,288.48125861461494,57.97816110990006,102.7,95.4,96.925,109.125,99.125,98.025
16064,2019,66.03,140.8346710205078,17.352188110351562,5.0,16052179.0,Thüringen,51.184993413812215,10.550885681765223,288.48125861461494,57.97816110990006,101.9,90.0,102.65,110.55,99.1,100.5
16064,2020,66.28,170.50466918945312,17.643692016601562,5.0,15807160.0,Thüringen,51.184993413812215,10.550885681765223,288.48125861461494,57.97816110990006,100.0,100.0,100.0,100.0,100.025,100.025
16064,2021,73.32,223.89401245117188,16.52252769470215,0.0,14244616.0,Thüringen,51.184993413812215,10.550885681765223,288.48125861461494,57.97816110990006,114.3,105.1,114.25,118.325,101.675,103.975
16065,2017,70.5,250.27847290039065,16.5804443359375,0.0,14639538.0,Thüringen,51.32453856332562,10.984993838401222,255.3944509348272,57.7760652335081,93.1,96.7,94.2,101.7,99.3,96.425
16065,2018,50.35,90.93846130371094,19.0589656829834,13.0,17507042.0,Thüringen,51.32453856332562,10.984993838401222,255.3944509348272,57.7760652335081,102.7,95.4,96.925,109.125,99.125,98.025
16065,2019,49.45,145.9907684326172,17.832807540893555,7.0,16146609.0,Thüringen,51.32453856332562,10.984993838401222,255.3944509348272,57.7760652335081,101.9,90.0,102.65,110.55,99.1,100.5
16065,2020,64.61,169.13385009765625,18.049196243286133,5.0,15851782.0,Thüringen,51.32453856332562,10.984993838401222,255.3944509348272,57.7760652335081,100.0,100.0,100.0,100.0,100.025,100.025
16065,2021,76.77,228.16766357421875,16.985305786132812,0.0,14348903.0,Thüringen,51.32453856332562,10.984993838401222,255.3944509348272,57.7760652335081,114.3,105.1,114.25,118.325,101.675,103.975
16066,2017,61.92,319.625244140625,15.357391357421877,0.0,14680207.0,Thüringen,50.62999765479856,10.405270443718928,471.66110006503663,59.29756782040675,93.1,96.7,94.2,101.7,99.3,96.425
16066,2018,58.28,113.75293731689452,17.623201370239258,4.0,17559772.0,Thüringen,50.62999765479856,10.405270443718928,471.66110006503663,59.29756782040675,102.7,95.4,96.925,109.125,99.125,98.025
16066,2019,69.81,175.63999938964844,16.303882598876953,3.0,16175537.0,Thüringen,50.62999765479856,10.405270443718928,471.66110006503663,59.29756782040675,101.9,90.0,102.65,110.55,99.1,100.5
16067,2017,79.36,307.5536193847656,15.885205268859863,0.0,14821512.0,Thüringen,50.91033810952883,10.694126209284947,385.15297235244526,59.65989891892316,93.1,96.7,94.2,101.7,99.3,96.425
16067,2018,56.87,113.6681900024414,18.333948135375977,7.0,17578616.0,Thüringen,50.91033810952883,10.694126209284947,385.15297235244526,59.65989891892316,102.7,95.4,96.925,109.125,99.125,98.025
16067,2019,63.8,160.2045440673828,17.02133560180664,3.0,16190045.0,Thüringen,50.91033810952883,10.694126209284947,385.15297235244526,59.65989891892316,101.9,90.0,102.65,110.55,99.1,100.5
16067,2020,58.98,180.02272033691406,17.29155731201172,5.0,15961273.0,Thüringen,50.91033810952883,10.694126209284947,385.15297235244526,59.65989891892316,100.0,100.0,100.0,100.0,100.025,100.025
16067,2021,72.15,283.2363586425781,16.080734252929688,0.0,14223850.0,Thüringen,50.91033810952883,10.694126209284947,385.15297235244526,59.65989891892316,114.3,105.1,114.25,118.325,101.675,103.975
16068,2017,73.49,232.30545043945312,16.968727111816406,1.0,14705056.0,Thüringen,51.15737450073664,11.154306175719325,182.7582739898777,56.81968900391705,93.1,96.7,94.2,101.7,99.3,96.425
16068,2018,44.3,90.75091552734376,19.494701385498047,14.0,17395872.0,Thüringen,51.15737450073664,11.154306175719325,182.7582739898777,56.81968900391705,102.7,95.4,96.925,109.125,99.125,98.025
16068,2019,46.11,134.25180053710938,18.35514640808105,9.0,16159437.0,Thüringen,51.15737450073664,11.154306175719325,182.7582739898777,56.81968900391705,101.9,90.0,102.65,110.55,99.1,100.5
16068,2020,59.6,159.2818145751953,18.55864143371582,6.0,15890652.0,Thüringen,51.15737450073664,11.154306175719325,182.7582739898777,56.81968900391705,100.0,100.0,100.0,100.0,100.025,100.025
16068,2021,80.24,243.69273376464844,17.335498809814453,0.0,14277152.0,Thüringen,51.15737450073664,11.154306175719325,182.7582739898777,56.81968900391705,114.3,105.1,114.25,118.325,101.675,103.975
16070,2017,85.39,300.697998046875,15.630008697509766,0.0,14853525.0,Thüringen,50.737598501893025,10.96629774609983,491.93560482323153,60.49259630510207,93.1,96.7,94.2,101.7,99.3,96.425
16070,2018,63.03,120.02000427246094,17.923738479614258,5.0,17422302.0,Thüringen,50.737598501893025,10.96629774609983,491.93560482323153,60.49259630510207,102.7,95.4,96.925,109.125,99.125,98.025
16070,2021,69.69,308.9700012207031,15.791168212890623,0.0,14189170.0,Thüringen,50.737598501893025,10.96629774609983,491.93560482323153,60.49259630510207,114.3,105.1,114.25,118.325,101.675,103.975
16071,2017,81.94,231.9855499267578,16.661344528198242,1.0,14835030.0,Thüringen,50.97133723418925,11.372885972534954,298.83041021743145,56.61191675710935,93.1,96.7,94.2,101.7,99.3,96.425
16071,2018,58.91,98.727783203125,19.0103702545166,10.0,17324214.0,Thüringen,50.97133723418925,11.372885972534954,298.83041021743145,56.61191675710935,102.7,95.4,96.925,109.125,99.125,98.025
16071,2019,58.65,143.5789031982422,17.95502471923828,6.0,16246392.0,Thüringen,50.97133723418925,11.372885972534954,298.83041021743145,56.61191675710935,101.9,90.0,102.65,110.55,99.1,100.5
16071,2020,62.34,168.2033233642578,18.16073036193848,5.0,16032033.0,Thüringen,50.97133723418925,11.372885972534954,298.83041021743145,56.61191675710935,100.0,100.0,100.0,100.0,100.025,100.025
16071,2021,80.77,300.5877990722656,16.849098205566406,0.0,14227321.0,Thüringen,50.97133723418925,11.372885972534954,298.83041021743145,56.61191675710935,114.3,105.1,114.25,118.325,101.675,103.975
16074,2017,80.29,226.7066802978516,16.7879581451416,2.0,14819002.0,Thüringen,50.90392161252288,11.732063487869777,293.8711554302379,56.34634215180621,93.1,96.7,94.2,101.7,99.3,96.425
16074,2018,61.59,98.7166748046875,19.057422637939453,13.0,17219250.0,Thüringen,50.90392161252288,11.732063487869777,293.8711554302379,56.34634215180621,102.7,95.4,96.925,109.125,99.125,98.025
16074,2019,67.75,164.67999267578125,17.889720916748047,5.0,16219310.0,Thüringen,50.90392161252288,11.732063487869777,293.8711554302379,56.34634215180621,101.9,90.0,102.65,110.55,99.1,100.5
16074,2020,68.96,182.2633514404297,18.148725509643555,5.0,16075484.0,Thüringen,50.90392161252288,11.732063487869777,293.8711554302379,56.34634215180621,100.0,100.0,100.0,100.0,100.025,100.025
16074,2021,79.72,326.8799743652344,16.784517288208008,0.0,14121568.0,Thüringen,50.90392161252288,11.732063487869777,293.8711554302379,56.34634215180621,114.3,105.1,114.25,118.325,101.675,103.975
16075,2017,83.68,258.75714111328125,15.724076271057127,0.0,14742038.0,Thüringen,50.58097789937317,11.710381045989113,473.78533538472414,53.56651124174638,93.1,96.7,94.2,101.7,99.3,96.425
16075,2018,54.88,104.91072082519533,17.87980842590332,4.0,17151980.0,Thüringen,50.58097789937317,11.710381045989113,473.78533538472414,53.56651124174638,102.7,95.4,96.925,109.125,99.125,98.025
16075,2019,54.3,185.98643493652344,16.761049270629883,2.0,16117632.0,Thüringen,50.58097789937317,11.710381045989113,473.78533538472414,53.56651124174638,101.9,90.0,102.65,110.55,99.1,100.5
16075,2020,71.78,205.3414459228516,16.98882484436035,4.0,16031041.0,Thüringen,50.58097789937317,11.710381045989113,473.78533538472414,53.56651124174638,100.0,100.0,100.0,100.0,100.025,100.025
16075,2021,77.53,343.0371398925781,15.710445404052734,0.0,13903172.0,Thüringen,50.58097789937317,11.710381045989113,473.78533538472414,53.56651124174638,114.3,105.1,114.25,118.325,101.675,103.975
16076,2017,77.72,239.4981689453125,16.652910232543945,2.0,14819126.0,Thüringen,50.748952113570176,12.073544225875356,345.58282326892333,51.81728158176075,93.1,96.7,94.2,101.7,99.3,96.425
16076,2018,63.3,93.37728118896484,18.85184669494629,8.0,17183596.0,Thüringen,50.748952113570176,12.073544225875356,345.58282326892333,51.81728158176075,102.7,95.4,96.925,109.125,99.125,98.025
16076,2019,72.54,191.40362548828125,17.599079132080078,2.0,16194856.0,Thüringen,50.748952113570176,12.073544225875356,345.58282326892333,51.81728158176075,101.9,90.0,102.65,110.55,99.1,100.5
16076,2020,63.28,202.7290954589844,17.825647354125977,5.0,16126739.0,Thüringen,50.748952113570176,12.073544225875356,345.58282326892333,51.81728158176075,100.0,100.0,100.0,100.0,100.025,100.025
16076,2021,85.37,341.5118103027344,16.5598087310791,0.0,14048493.0,Thüringen,50.748952113570176,12.073544225875356,345.58282326892333,51.81728158176075,114.3,105.1,114.25,118.325,101.675,103.975
16077,2017,83.85,221.6400146484375,17.186620712280273,2.0,14915334.0,Thüringen,50.95532820638191,12.400058974321805,227.83220903103785,53.35449963023861,93.1,96.7,94.2,101.7,99.3,96.425
16077,2018,63.48,86.1300048828125,19.380189895629883,15.0,17232184.0,Thüringen,50.95532820638191,12.400058974321805,227.83220903103785,53.35449963023861,102.7,95.4,96.925,109.125,99.125,98.025
16077,2019,74.37,182.0199737548828,18.111492156982425,6.0,16259356.0,Thüringen,50.95532820638191,12.400058974321805,227.83220903103785,53.35449963023861,101.9,90.0,102.65,110.55,99.1,100.5
16077,2020,69.92,198.4399871826172,18.336885452270508,5.0,16191942.0,Thüringen,50.95532820638191,12.400058974321805,227.83220903103785,53.35449963023861,100.0,100.0,100.0,100.0,100.025,100.025
16077,2021,85.9,321.1199951171875,17.109477996826172,0.0,14222829.0,Thüringen,50.95532820638191,12.400058974321805,227.83220903103785,53.35449963023861,114.3,105.1,114.25,118.325,101.675,103.975
