district_no,year,Field_ha,Harvested_t,Yield_dt/ha,kreisYield,kreisField_ha,precip_total_peak_growth,temp_mean_peak_growth,heat_stress_days_peak_growth,temp_mean_early_growth,solar_rad_peak_growth,avg_elevation,avg_soil_pawc,national_campaign_start_day_of_year,national_campaign_end_day_of_year,national_campaign_duration,producer_price_index,fertilizer_price_index,energy_price_index
1051,2017,8100.0,616200.0,765.2,75.65,800.7906419226468,340.12796,15.87733,0,14.545892,14153486.0,4.312761096339693,60.66861105434826,254.0,24.0,135.0,96.7,94.2,101.7
1051,2018,9400.0,640500.0,683.6,67.25,924.7366867689632,127.0535,17.749714,3,16.353191,16386463.0,4.312761096339693,60.66861105434826,259.40162601626014,17.297560975609755,122.63577235772358,95.4,96.925,109.125
1051,2019,9700.0,842800.0,870.7,86.17,959.9735833697329,257.27298,16.926172,3,14.248692,14977523.0,4.312761096339693,60.66861105434826,258.0,15.0,121.0,90.0,102.65,110.55
1051,2020,9900.0,802800.0,809.6,81.5,996.6032596385829,191.58801,16.793993,3,13.966193,15106671.0,4.312761096339693,60.66861105434826,269.0,8.0,105.0,100.0,100.0,100.0
1051,2021,9200.0,783300.0,846.9,89.82,975.7279478383186,252.6615,17.03226,0,13.911452,14492836.0,4.312761096339693,60.66861105434826,257.0,22.0,129.0,105.1,114.25,118.325
1053,2017,8100.0,616200.0,765.2,79.43,840.8037103491849,303.2144,16.000898,0,15.130373,13363720.0,40.00613405135157,48.82537288832111,254.0,24.0,135.0,96.7,94.2,101.7
1053,2018,9400.0,640500.0,683.6,64.67,889.2597997523993,96.13779,18.293072,10,16.816832,16319521.0,40.00613405135157,48.82537288832111,259.40162601626014,17.297560975609755,122.63577235772358,95.4,96.925,109.125
1053,2019,9700.0,842800.0,870.7,88.08,981.2518651874906,206.53331,17.122381,3,15.124663,14374707.0,40.00613405135157,48.82537288832111,258.0,15.0,121.0,90.0,102.65,110.55
1053,2020,9900.0,802800.0,809.6,75.49,923.1114119032713,172.70499,17.105925,4,14.541278,14753414.0,40.00613405135157,48.82537288832111,269.0,8.0,105.0,100.0,100.0,100.0
1053,2021,9200.0,783300.0,846.9,81.98,890.5608680002824,209.7589,17.151037,0,14.769795,13621645.0,40.00613405135157,48.82537288832111,257.0,22.0,129.0,105.1,114.25,118.325
1054,2018,9400.0,640500.0,683.6,70.93,975.3393783274732,168.00699,17.512829,1,15.883878,16434328.0,3.878989444346276,57.13157050524072,259.40162601626014,17.297560975609755,122.63577235772358,95.4,96.925,109.125
1054,2019,9700.0,842800.0,870.7,99.18,1104.910989887549,290.61267,16.745434,0,13.78195,15022340.0,3.878989444346276,57.13157050524072,258.0,15.0,121.0,90.0,102.65,110.55
1054,2020,9900.0,802800.0,809.6,88.57,1083.057063879623,213.30498,16.65996,0,13.639533,15279665.0,3.878989444346276,57.13157050524072,269.0,8.0,105.0,100.0,100.0,100.0
1054,2021,9200.0,783300.0,846.9,93.31,1013.640334143771,256.65134,16.923311,0,13.324868,14724028.0,3.878989444346276,57.13157050524072,257.0,22.0,129.0,105.1,114.25,118.325
1058,2017,8100.0,616200.0,765.2,74.04,783.7480387039361,305.47137,15.617021,0,14.47043,13673043.0,18.6739993731766,53.52441928771236,254.0,24.0,135.0,96.7,94.2,101.7
1058,2018,9400.0,640500.0,683.6,74.42,1023.3294309196468,118.95138,17.634565,5,16.051552,16094589.0,18.6739993731766,53.52441928771236,259.40162601626014,17.297560975609755,122.63577235772358,95.4,96.925,109.125
1058,2019,9700.0,842800.0,870.7,83.81,933.6820937938645,234.00311,16.58614,2,14.108966,14502322.0,18.6739993731766,53.52441928771236,258.0,15.0,121.0,90.0,102.65,110.55
1058,2020,9900.0,802800.0,809.6,81.04,990.9782596455309,171.45691,16.506718,0,13.821274,14778614.0,18.6739993731766,53.52441928771236,269.0,8.0,105.0,100.0,100.0,100.0
1058,2021,9200.0,783300.0,846.9,81.67,887.1932921393397,236.9962,16.814352,0,13.956355,14044374.0,18.6739993731766,53.52441928771236,257.0,22.0,129.0,105.1,114.25,118.325
1059,2017,8100.0,616200.0,765.2,74.21,785.5475682363465,347.24734,15.437901,0,14.144549,13886399.0,21.813499268367053,51.94983958903685,254.0,24.0,135.0,96.7,94.2,101.7
1059,2018,9400.0,640500.0,683.6,76.15,1047.1181962447072,133.82068,17.379166,2,15.773316,16100814.0,21.813499268367053,51.94983958903685,259.40162601626014,17.297560975609755,122.63577235772358,95.4,96.925,109.125
1059,2019,9700.0,842800.0,870.7,83.37,928.780290652601,262.75266,16.42672,0,13.764474,14565299.0,21.813499268367053,51.94983958903685,258.0,15.0,121.0,90.0,102.65,110.55
1059,2020,9900.0,802800.0,809.6,83.2,1017.3913030911668,180.57063,16.308022,0,13.603547,14849913.0,21.813499268367053,51.94983958903685,269.0,8.0,105.0,100.0,100.0,100.0
1059,2021,9200.0,783300.0,846.9,81.92,889.9090791239709,240.12599,16.675528,0,13.545813,14188758.0,21.813499268367053,51.94983958903685,257.0,22.0,129.0,105.1,114.25,118.325
1060,2017,8100.0,616200.0,765.2,78.3,828.8421316925742,286.70526,15.782273,0,14.806738,13342904.0,34.30699266787498,50.82564035364499,254.0,24.0,135.0,96.7,94.2,101.7
1060,2018,9400.0,640500.0,683.6,57.12,785.4417776690436,103.40789,17.92072,9,16.456121,16029863.0,34.30699266787498,50.82564035364499,259.40162601626014,17.297560975609755,122.63577235772358,95.4,96.925,109.125
1060,2019,9700.0,842800.0,870.7,87.71,977.1298943641552,222.24788,16.811007,3,14.552205,14299665.0,34.30699266787498,50.82564035364499,258.0,15.0,121.0,90.0,102.65,110.55
1060,2020,9900.0,802800.0,809.6,76.03,929.7146727646805,167.74579,16.772795,5,14.17349,14653286.0,34.30699266787498,50.82564035364499,269.0,8.0,105.0,100.0,100.0,100.0
1060,2021,9200.0,783300.0,846.9,82.84,899.903175227414,230.36739,16.96342,0,14.339193,13734829.0,34.30699266787498,50.82564035364499,257.0,22.0,129.0,105.1,114.25,118.325
1061,2017,8100.0,616200.0,765.2,72.7,769.5635118014068,316.46848,15.8413315,0,14.868779,13581789.0,8.498057820216552,61.49693127291663,254.0,24.0,135.0,96.7,94.2,101.7
1061,2018,9400.0,640500.0,683.6,65.86,905.6231701205045,111.71308,17.858156,7,16.688988,16091189.0,8.498057820216552,61.49693127291663,259.40162601626014,17.297560975609755,122.63577235772358,95.4,96.925,109.125
1061,2019,9700.0,842800.0,870.7,82.63,920.5363490059304,231.1923,16.875362,3,14.542557,14556946.0,8.498057820216552,61.49693127291663,258.0,15.0,121.0,90.0,102.65,110.55
1061,2020,9900.0,802800.0,809.6,79.2,968.4782596733223,176.44615,16.822771,7,14.234939,14727829.0,8.498057820216552,61.49693127291663,269.0,8.0,105.0,100.0,100.0,100.0
1061,2021,9200.0,783300.0,846.9,76.46,830.5962913796242,244.44383,17.01466,0,14.2987585,14001810.0,8.498057820216552,61.49693127291663,257.0,22.0,129.0,105.1,114.25,118.325
3101,2017,102600.0,8475800.0,826.2,76.84,9542.222210672691,320.5467,16.623232,0,15.896208,13767091.0,79.36886014887196,46.774093627551125,254.0,24.0,135.0,96.7,94.2,101.7
3101,2018,103400.0,7202700.0,696.3,69.5,10320.695087863429,98.136665,19.130045,12,17.474417,17130384.0,79.36886014887196,46.774093627551125,259.40162601626014,17.297560975609755,122.63577235772358,95.4,96.925,109.125
3101,2019,103400.0,7668800.0,741.7,72.34,10084.880665923041,144.08665,17.990467,9,15.819146,15128691.0,79.36886014887196,46.774093627551125,258.0,15.0,121.0,90.0,102.65,110.55
3101,2020,99300.0,7861900.0,791.6,72.26,9064.449205325356,179.58334,17.839859,5,14.887779,15071155.0,79.36886014887196,46.774093627551125,269.0,8.0,105.0,100.0,100.0,100.0
3101,2021,97600.0,7966100.0,816.2,77.36,9250.595430959818,202.65668,17.343088,0,15.434853,13596580.0,79.36886014887196,46.774093627551125,257.0,22.0,129.0,105.1,114.25,118.325
3102,2017,102600.0,8475800.0,826.2,89.36,11096.993450620923,343.9,16.665478,0,15.943618,13865767.0,117.4934737513266,52.202526218022896,254.0,24.0,135.0,96.7,94.2,101.7
3102,2018,103400.0,7202700.0,696.3,65.23,9686.603461601893,105.225,19.07748,12,17.281927,17267506.0,117.4934737513266,52.202526218022896,259.40162601626014,17.297560975609755,122.63577235772358,95.4,96.925,109.125
3102,2019,103400.0,7668800.0,741.7,77.05,10741.499243978024,151.57999,17.950722,9,15.736161,15232918.0,117.4934737513266,52.202526218022896,258.0,15.0,121.0,90.0,102.65,110.55
3102,2020,99300.0,7861900.0,791.6,80.29,10071.749608297436,193.005,17.837185,5,14.846191,15149956.0,117.4934737513266,52.202526218022896,269.0,8.0,105.0,100.0,100.0,100.0
3102,2021,97600.0,7966100.0,816.2,90.78,10855.339364303676,230.805,17.297213,0,15.437936,13714271.0,117.4934737513266,52.202526218022896,257.0,22.0,129.0,105.1,114.25,118.325
3103,2017,102600.0,8475800.0,826.2,78.2,9711.111099357164,309.64,16.686531,0,15.946728,13656565.0,82.63539670359086,43.88645822268728,254.0,24.0,135.0,96.7,94.2,101.7
3103,2018,103400.0,7202700.0,696.3,44.63,6627.519737717192,93.85,19.218538,12,17.589424,17042336.0,82.63539670359086,43.88645822268728,259.40162601626014,17.297560975609755,122.63577235772358,95.4,96.925,109.125
3103,2020,99300.0,7861900.0,791.6,74.78,9380.56340401647,180.39,17.909199,5,14.926421,15027343.0,82.63539670359086,43.88645822268728,269.0,8.0,105.0,100.0,100.0,100.0
3151,2017,102600.0,8475800.0,826.2,80.12,9949.542471617595,321.3604,16.552269,0,15.876929,13573518.0,73.6892495743334,42.563852771214265,254.0,24.0,135.0,96.7,94.2,101.7
3151,2018,103400.0,7202700.0,696.3,75.15,11159.715623783262,98.215004,19.136011,12,17.674286,16880180.0,73.6892495743334,42.563852771214265,259.40162601626014,17.297560975609755,122.63577235772358,95.4,96.925,109.125
3151,2019,103400.0,7668800.0,741.7,74.67,10409.704718336652,167.38182,17.967564,9,15.982618,14868786.0,73.6892495743334,42.563852771214265,258.0,15.0,121.0,90.0,102.65,110.55
3151,2020,99300.0,7861900.0,791.6,77.81,9760.653095299833,185.77637,17.794249,6,15.039328,14820814.0,73.6892495743334,42.563852771214265,269.0,8.0,105.0,100.0,100.0,100.0
3151,2021,97600.0,7966100.0,816.2,80.22,9592.590039705232,194.92955,17.436302,0,15.524002,13361773.0,73.6892495743334,42.563852771214265,257.0,22.0,129.0,105.1,114.25,118.325
3153,2017,102600.0,8475800.0,826.2,85.69,10641.241817185619,355.635,14.889756,0,14.304488,13703720.0,387.65537837221,68.64159594833163,254.0,24.0,135.0,96.7,94.2,101.7
3153,2018,103400.0,7202700.0,696.3,63.27,9395.545010203154,110.627495,17.292974,2,15.419658,17169810.0,387.65537837221,68.64159594833163,259.40162601626014,17.297560975609755,122.63577235772358,95.4,96.925,109.125
3153,2019,103400.0,7668800.0,741.7,79.57,11092.811094657121,167.03334,16.0621,2,13.953167,15139928.0,387.65537837221,68.64159594833163,258.0,15.0,121.0,90.0,102.65,110.55
3153,2020,99300.0,7861900.0,791.6,79.79,10009.028537128564,207.82501,16.062916,2,13.008805,14997075.0,387.65537837221,68.64159594833163,269.0,8.0,105.0,100.0,100.0,100.0
3153,2021,97600.0,7966100.0,816.2,85.36,10207.223707170762,260.13004,15.399467,0,13.69239,13576121.0,387.65537837221,68.64159594833163,257.0,22.0,129.0,105.1,114.25,118.325
3154,2017,102600.0,8475800.0,826.2,78.37,9732.222210442722,293.3538,16.520273,0,15.718594,13809555.0,120.71246267567484,47.3940791687049,254.0,24.0,135.0,96.7,94.2,101.7
3154,2018,103400.0,7202700.0,696.3,53.7,7974.407571485844,84.06375,19.077482,12,17.359377,17178296.0,120.71246267567484,47.3940791687049,259.40162601626014,17.297560975609755,122.63577235772358,95.4,96.925,109.125
3154,2019,103400.0,7668800.0,741.7,68.84,9596.947539979847,147.41626,17.858456,9,15.750213,15293446.0,120.71246267567484,47.3940791687049,258.0,15.0,121.0,90.0,102.65,110.55
3154,2020,99300.0,7861900.0,791.6,69.86,8763.38806371477,174.54874,17.77447,5,14.687617,15217455.0,120.71246267567484,47.3940791687049,269.0,8.0,105.0,100.0,100.0,100.0
3154,2021,97600.0,7966100.0,816.2,76.06,9095.143336075542,197.58624,17.226381,0,15.303548,13657848.0,120.71246267567484,47.3940791687049,257.0,22.0,129.0,105.1,114.25,118.325
3155,2017,102600.0,8475800.0,826.2,88.15,10946.732012894297,365.57532,15.893147,0,15.390724,13849223.0,231.4685232956745,58.19983547821087,254.0,24.0,135.0,96.7,94.2,101.7
3155,2018,103400.0,7202700.0,696.3,83.05,12332.859381972054,115.90235,18.250153,9,16.383282,17409952.0,231.4685232956745,58.19983547821087,259.40162601626014,17.297560975609755,122.63577235772358,95.4,96.925,109.125
3155,2019,103400.0,7668800.0,741.7,81.1,11306.107575426577,164.82704,16.95048,4,14.825593,15158694.0,231.4685232956745,58.19983547821087,258.0,15.0,121.0,90.0,102.65,110.55
3155,2020,99300.0,7861900.0,791.6,88.53,11105.392861160444,203.95412,16.910269,2,14.028285,15023238.0,231.4685232956745,58.19983547821087,269.0,8.0,105.0,100.0,100.0,100.0
3155,2021,97600.0,7966100.0,816.2,85.12,10178.524858884433,250.49939,16.34048,0,14.6795635,13664557.0,231.4685232956745,58.19983547821087,257.0,22.0,129.0,105.1,114.25,118.325
3157,2017,102600.0,8475800.0,826.2,84.09,10442.549006968593,332.90427,16.695044,0,16.010084,13807135.0,73.38944065927016,45.43448187787549,254.0,24.0,135.0,96.7,94.2,101.7
3157,2018,103400.0,7202700.0,696.3,69.87,10375.639795525436,103.32286,19.157343,12,17.513088,17155536.0,73.38944065927016,45.43448187787549,259.40162601626014,17.297560975609755,122.63577235772358,95.4,96.925,109.125
3157,2019,103400.0,7668800.0,741.7,69.48,9686.169597295175,146.12715,18.085793,9,15.861959,15113266.0,73.38944065927016,45.43448187787549,258.0,15.0,121.0,90.0,102.65,110.55
3157,2020,99300.0,7861900.0,791.6,79.48,9970.141473003865,178.73001,17.912767,5,15.009414,15049345.0,73.38944065927016,45.43448187787549,269.0,8.0,105.0,100.0,100.0,100.0
3157,2021,97600.0,7966100.0,816.2,81.71,9770.762056149519,205.17714,17.423786,0,15.519972,13645038.0,73.38944065927016,45.43448187787549,257.0,22.0,129.0,105.1,114.25,118.325
3158,2017,102600.0,8475800.0,826.2,82.78,10279.869268603403,337.06726,16.524563,0,15.776413,13894535.0,130.02412529590924,49.33051719467714,254.0,24.0,135.0,96.7,94.2,101.7
3158,2018,103400.0,7202700.0,696.3,63.9,9489.099512438463,102.60728,18.937078,12,17.110954,17305284.0,130.02412529590924,49.33051719467714,259.40162601626014,17.297560975609755,122.63577235772358,95.4,96.925,109.125
3158,2019,103400.0,7668800.0,741.7,77.95,10866.967762077702,154.05182,17.77711,9,15.585911,15329231.0,130.02412529590924,49.33051719467714,258.0,15.0,121.0,90.0,102.65,110.55
3158,2020,99300.0,7861900.0,791.6,74.97,9404.39741106064,194.0091,17.68932,5,14.633143,15232778.0,130.02412529590924,49.33051719467714,269.0,8.0,105.0,100.0,100.0,100.0
3158,2021,97600.0,7966100.0,816.2,81.17,9706.189647505282,230.54182,17.12999,0,15.278008,13754880.0,130.02412529590924,49.33051719467714,257.0,22.0,129.0,105.1,114.25,118.325
3241,2017,102600.0,8475800.0,826.2,85.45,10611.437895653065,357.01422,16.545612,0,15.920997,13727951.0,65.35178068571408,44.86763110898455,254.0,24.0,135.0,96.7,94.2,101.7
3241,2018,103400.0,7202700.0,696.3,74.81,11109.225892418173,114.14903,18.9071,12,17.380135,16978368.0,65.35178068571408,44.86763110898455,259.40162601626014,17.297560975609755,122.63577235772358,95.4,96.925,109.125
3241,2019,103400.0,7668800.0,741.7,74.78,10425.039759437725,162.20451,18.020483,9,15.687535,14925418.0,65.35178068571408,44.86763110898455,258.0,15.0,121.0,90.0,102.65,110.55
3241,2020,99300.0,7861900.0,791.6,82.52,10351.485585710605,182.18709,17.794092,6,14.988842,14820319.0,65.35178068571408,44.86763110898455,269.0,8.0,105.0,100.0,100.0,100.0
3241,2021,97600.0,7966100.0,816.2,84.76,10135.476586454943,215.1984,17.345615,0,15.32297,13614266.0,65.35178068571408,44.86763110898455,257.0,22.0,129.0,105.1,114.25,118.325
3251,2017,102600.0,8475800.0,826.2,83.6,10381.699333839628,299.13556,16.386196,0,15.828455,13546081.0,37.82531227909938,50.47574318137497,254.0,24.0,135.0,96.7,94.2,101.7
3251,2018,103400.0,7202700.0,696.3,53.63,7964.012626793031,100.83963,18.604012,11,17.21437,16547812.0,37.82531227909938,50.47574318137497,259.40162601626014,17.297560975609755,122.63577235772358,95.4,96.925,109.125
3251,2019,103400.0,7668800.0,741.7,62.66,8735.397049028721,200.88,17.700487,8,15.456642,14622417.0,37.82531227909938,50.47574318137497,258.0,15.0,121.0,90.0,102.65,110.55
3251,2020,99300.0,7861900.0,791.6,77.31,9697.93202413096,196.90517,17.456343,7,14.879917,14363905.0,37.82531227909938,50.47574318137497,269.0,8.0,105.0,100.0,100.0,100.0
3251,2021,97600.0,7966100.0,816.2,81.42,9736.084281136873,232.92517,17.229515,0,14.916596,13647034.0,37.82531227909938,50.47574318137497,257.0,22.0,129.0,105.1,114.25,118.325
3252,2017,102600.0,8475800.0,826.2,86.76,10774.117634018256,385.91635,16.067738,0,15.492173,13856238.0,168.64624754132518,59.42615305944366,254.0,24.0,135.0,96.7,94.2,101.7
3252,2018,103400.0,7202700.0,696.3,78.89,11715.102668799222,135.20091,18.26215,8,16.586773,17239142.0,168.64624754132518,59.42615305944366,259.40162601626014,17.297560975609755,122.63577235772358,95.4,96.925,109.125
3252,2019,103400.0,7668800.0,741.7,83.27,11608.626113511356,171.57092,17.332008,7,15.02464,15060255.0,168.64624754132518,59.42615305944366,258.0,15.0,121.0,90.0,102.65,110.55
3252,2020,99300.0,7861900.0,791.6,88.27,11072.77790415263,204.00272,17.152218,2,14.371564,14911296.0,168.64624754132518,59.42615305944366,269.0,8.0,105.0,100.0,100.0,100.0
3252,2021,97600.0,7966100.0,816.2,86.29,10318.431744280286,256.68002,16.63136,0,14.742994,13753277.0,168.64624754132518,59.42615305944366,257.0,22.0,129.0,105.1,114.25,118.325
3254,2017,102600.0,8475800.0,826.2,85.16,10575.424823801228,368.97995,16.21497,0,15.589729,13908189.0,145.42201172754338,54.37337369926457,254.0,24.0,135.0,96.7,94.2,101.7
3254,2018,103400.0,7202700.0,696.3,71.17,10568.688768391945,114.610664,18.582714,10,16.77063,17324002.0,145.42201172754338,54.37337369926457,259.40162601626014,17.297560975609755,122.63577235772358,95.4,96.925,109.125
3254,2019,103400.0,7668800.0,741.7,77.85,10853.026815622181,154.09267,17.47395,9,15.209286,15154226.0,145.42201172754338,54.37337369926457,258.0,15.0,121.0,90.0,102.65,110.55
3254,2020,99300.0,7861900.0,791.6,83.99,10535.885534947087,192.98334,17.307262,2,14.392389,15060927.0,145.42201172754338,54.37337369926457,269.0,8.0,105.0,100.0,100.0,100.0
3254,2021,97600.0,7966100.0,816.2,86.11,10296.907608065538,236.38266,16.807877,0,14.992322,13757799.0,145.42201172754338,54.37337369926457,257.0,22.0,129.0,105.1,114.25,118.325
3255,2017,102600.0,8475800.0,826.2,83.56,10376.732013584202,390.65335,15.881039,0,15.366236,13801528.0,244.77205326208195,66.78746385962387,254.0,24.0,135.0,96.7,94.2,101.7
3255,2018,103400.0,7202700.0,696.3,65.97,9796.492876925904,132.78,18.160149,9,16.41262,17276632.0,244.77205326208195,66.78746385962387,259.40162601626014,17.297560975609755,122.63577235772358,95.4,96.925,109.125
3255,2019,103400.0,7668800.0,741.7,80.49,11221.067802047904,167.84998,17.054688,5,14.831082,15045382.0,244.77205326208195,66.78746385962387,258.0,15.0,121.0,90.0,102.65,110.55
3255,2020,99300.0,7861900.0,791.6,87.83,11017.583361524023,210.47556,16.903654,2,14.111308,14912426.0,244.77205326208195,66.78746385962387,269.0,8.0,105.0,100.0,100.0,100.0
3255,2021,97600.0,7966100.0,816.2,83.03,9928.605721724323,258.93222,16.396511,0,14.633817,13659712.0,244.77205326208195,66.78746385962387,257.0,22.0,129.0,105.1,114.25,118.325
3256,2017,102600.0,8475800.0,826.2,87.24,10833.72547708336,319.55334,16.52793,0,15.949549,13588253.0,36.69954350209412,45.6912156632667,254.0,24.0,135.0,96.7,94.2,101.7
3256,2018,103400.0,7202700.0,696.3,69.71,10351.879921941865,105.71944,18.805254,11,17.375132,16710044.0,36.69954350209412,45.6912156632667,259.40162601626014,17.297560975609755,122.63577235772358,95.4,96.925,109.125
3256,2019,103400.0,7668800.0,741.7,71.95,10030.510974746514,187.36833,17.951899,8,15.652869,14683693.0,36.69954350209412,45.6912156632667,258.0,15.0,121.0,90.0,102.65,110.55
3256,2020,99300.0,7861900.0,791.6,77.37,9705.458552671225,189.63002,17.70244,7,15.066542,14507581.0,36.69954350209412,45.6912156632667,269.0,8.0,105.0,100.0,100.0,100.0
3256,2021,97600.0,7966100.0,816.2,83.89,10031.443261417002,219.55275,17.355438,0,15.169443,13575263.0,36.69954350209412,45.6912156632667,257.0,22.0,129.0,105.1,114.25,118.325
3257,2017,102600.0,8475800.0,826.2,85.22,10582.875804184367,353.55798,16.388586,0,15.80475,13805511.0,110.06650836686582,54.52129291862677,254.0,24.0,135.0,96.7,94.2,101.7
3257,2018,103400.0,7202700.0,696.3,72.22,10724.612938784127,120.98499,18.636616,10,17.056398,17063628.0,110.06650836686582,54.52129291862677,259.40162601626014,17.297560975609755,122.63577235772358,95.4,96.925,109.125
3257,2019,103400.0,7668800.0,741.7,75.62,10542.143709664091,173.10399,17.796331,8,15.432237,14935939.0,110.06650836686582,54.52129291862677,258.0,15.0,121.0,90.0,102.65,110.55
3257,2020,99300.0,7861900.0,791.6,85.25,10693.942634292645,190.479,17.528894,5,14.80398,14762026.0,110.06650836686582,54.52129291862677,269.0,8.0,105.0,100.0,100.0,100.0
3257,2021,97600.0,7966100.0,816.2,83.77,10017.093837273836,225.90703,17.059004,0,15.033354,13753653.0,110.06650836686582,54.52129291862677,257.0,22.0,129.0,105.1,114.25,118.325
3351,2017,102600.0,8475800.0,826.2,81.07,10067.516327683954,352.4065,16.381344,0,15.830486,13374660.0,63.23971096729696,45.982047716891806,254.0,24.0,135.0,96.7,94.2,101.7
3351,2018,103400.0,7202700.0,696.3,69.04,10252.385451310663,103.2655,18.90065,14,17.583866,16591691.0,63.23971096729696,45.982047716891806,259.40162601626014,17.297560975609755,122.63577235772358,95.4,96.925,109.125
3351,2019,103400.0,7668800.0,741.7,65.67,9155.01953733987,175.64899,17.828472,9,15.798734,14650579.0,63.23971096729696,45.982047716891806,258.0,15.0,121.0,90.0,102.65,110.55
3351,2020,99300.0,7861900.0,791.6,74.43,9336.658654198258,187.975,17.643023,6,15.017607,14570336.0,63.23971096729696,45.982047716891806,269.0,8.0,105.0,100.0,100.0,100.0
3351,2021,97600.0,7966100.0,816.2,77.86,9310.384698223002,205.612,17.334488,0,15.372673,13209849.0,63.23971096729696,45.982047716891806,257.0,22.0,129.0,105.1,114.25,118.325
3353,2017,102600.0,8475800.0,826.2,77.59,9635.359465461923,321.01788,16.03215,0,15.347108,13277800.0,47.83834153611925,52.692365997490334,254.0,24.0,135.0,96.7,94.2,101.7
3353,2018,103400.0,7202700.0,696.3,65.77,9766.79303494644,93.78369,18.334238,10,17.13388,16175608.0,47.83834153611925,52.692365997490334,259.40162601626014,17.297560975609755,122.63577235772358,95.4,96.925,109.125
3353,2019,103400.0,7668800.0,741.7,68.87,9601.129823916503,207.13263,17.220142,6,15.210558,14438346.0,47.83834153611925,52.692365997490334,258.0,15.0,121.0,90.0,102.65,110.55
3353,2020,99300.0,7861900.0,791.6,76.9,9646.500745772486,181.62317,17.1389,7,14.721443,14543343.0,47.83834153611925,52.692365997490334,269.0,8.0,105.0,100.0,100.0,100.0
3353,2021,97600.0,7966100.0,816.2,68.08,8140.906630555124,209.02528,17.138037,0,14.840142,13448191.0,47.83834153611925,52.692365997490334,257.0,22.0,129.0,105.1,114.25,118.325
3354,2017,102600.0,8475800.0,826.2,85.53,10621.372536163917,303.17377,16.571764,0,15.810322,13473998.0,39.92315427805637,43.17562863257,254.0,24.0,135.0,96.7,94.2,101.7
3354,2018,103400.0,7202700.0,696.3,67.42,10011.816731277013,79.80937,19.074095,12,17.660925,16698017.0,39.92315427805637,43.17562863257,259.40162601626014,17.297560975609755,122.63577235772358,95.4,96.925,109.125
3354,2019,103400.0,7668800.0,741.7,73.64,10266.112969844798,193.985,17.788877,9,16.113659,14517991.0,39.92315427805637,43.17562863257,258.0,15.0,121.0,90.0,102.65,110.55
3354,2020,99300.0,7861900.0,791.6,76.04,9538.620503362026,178.51564,17.707804,5,15.117446,14583107.0,39.92315427805637,43.17562863257,269.0,8.0,105.0,100.0,100.0,100.0
3354,2021,97600.0,7966100.0,816.2,79.16,9465.83679310728,193.91814,17.557178,0,15.662677,13331694.0,39.92315427805637,43.17562863257,257.0,22.0,129.0,105.1,114.25,118.325
3355,2017,102600.0,8475800.0,826.2,75.58,9385.751622626782,323.3328,16.261425,0,15.562355,13343737.0,38.40780862308837,48.089519521973926,254.0,24.0,135.0,96.7,94.2,101.7
3355,2018,103400.0,7202700.0,696.3,68.11,10114.28118610616,84.74944,18.713203,12,17.360193,16429867.0,38.40780862308837,48.089519521973926,259.40162601626014,17.297560975609755,122.63577235772358,95.4,96.925,109.125
3355,2019,103400.0,7668800.0,741.7,76.38,10648.094902726041,202.59334,17.502949,7,15.677278,14421837.0,38.40780862308837,48.089519521973926,258.0,15.0,121.0,90.0,102.65,110.55
3355,2020,99300.0,7861900.0,791.6,75.45,9464.609639382756,177.94556,17.407482,5,14.904737,14598347.0,38.40780862308837,48.089519521973926,269.0,8.0,105.0,100.0,100.0,100.0
3355,2021,97600.0,7966100.0,816.2,77.89,9313.972054258795,192.58221,17.385769,0,15.244972,13376472.0,38.40780862308837,48.089519521973926,257.0,22.0,129.0,105.1,114.25,118.325
3357,2017,102600.0,8475800.0,826.2,88.53,10993.92155532084,301.60342,16.159714,0,15.484962,13360309.0,27.1948989674917,53.57489479719908,254.0,24.0,135.0,96.7,94.2,101.7
3357,2018,103400.0,7202700.0,696.3,50.52,7502.180084012381,101.04769,18.303785,10,17.148731,16221466.0,27.1948989674917,53.57489479719908,259.40162601626014,17.297560975609755,122.63577235772358,95.4,96.925,109.125
3357,2019,103400.0,7668800.0,741.7,71.66,9990.082230025506,216.04422,17.298883,6,15.16506,14539123.0,27.1948989674917,53.57489479719908,258.0,15.0,121.0,90.0,102.65,110.55
3357,2020,99300.0,7861900.0,791.6,68.88,8640.45476422378,194.70155,17.20049,7,14.670105,14450413.0,27.1948989674917,53.57489479719908,269.0,8.0,105.0,100.0,100.0,100.0
3357,2021,97600.0,7966100.0,816.2,86.33,10323.214885661338,229.06577,17.149925,0,14.721244,13589427.0,27.1948989674917,53.57489479719908,257.0,22.0,129.0,105.1,114.25,118.325
3358,2017,102600.0,8475800.0,826.2,84.89,10541.895412077105,352.77838,16.174305,0,15.613552,13295231.0,64.32476132692005,47.13149378999935,254.0,24.0,135.0,96.7,94.2,101.7
3358,2018,103400.0,7202700.0,696.3,65.29,9695.513414195731,97.7944,18.581532,10,17.335548,16401251.0,64.32476132692005,47.13149378999935,259.40162601626014,17.297560975609755,122.63577235772358,95.4,96.925,109.125
3358,2019,103400.0,7668800.0,741.7,68.44,9541.183754157766,193.342,17.51182,8,15.470737,14541501.0,64.32476132692005,47.13149378999935,258.0,15.0,121.0,90.0,102.65,110.55
3358,2020,99300.0,7861900.0,791.6,79.94,10027.844858479224,188.34042,17.375055,7,14.807176,14456608.0,64.32476132692005,47.13149378999935,269.0,8.0,105.0,100.0,100.0,100.0
3358,2021,97600.0,7966100.0,816.2,76.3,9123.842184361869,218.5288,17.13233,0,15.013426,13232086.0,64.32476132692005,47.13149378999935,257.0,22.0,129.0,105.1,114.25,118.325
3359,2017,102600.0,8475800.0,826.2,72.99,9064.11763608797,296.27313,16.012226,0,15.159636,13458550.0,12.13256251059729,61.57862618853422,254.0,24.0,135.0,96.7,94.2,101.7
3359,2018,103400.0,7202700.0,696.3,70.55,10476.619258255609,103.94564,18.069891,9,16.93627,16156640.0,12.13256251059729,61.57862618853422,259.40162601626014,17.297560975609755,122.63577235772358,95.4,96.925,109.125
3359,2020,99300.0,7861900.0,791.6,72.52,9097.064162333167,192.53438,17.02062,7,14.482928,14621379.0,12.13256251059729,61.57862618853422,269.0,8.0,105.0,100.0,100.0,100.0
3359,2021,97600.0,7966100.0,816.2,70.71,8455.398176359471,234.91064,17.093616,0,14.507327,13865551.0,12.13256251059729,61.57862618853422,257.0,22.0,129.0,105.1,114.25,118.325
3360,2017,102600.0,8475800.0,826.2,70.09,8703.986917569611,327.08667,16.224926,0,15.567429,13414081.0,71.241791440513,46.17268689394237,254.0,24.0,135.0,96.7,94.2,101.7
3360,2018,103400.0,7202700.0,696.3,74.95,11130.015781803799,86.76556,18.778963,12,17.410076,16591469.0,71.241791440513,46.17268689394237,259.40162601626014,17.297560975609755,122.63577235772358,95.4,96.925,109.125
3360,2019,103400.0,7668800.0,741.7,68.97,9615.070770372022,193.1689,17.60585,9,15.732757,14565293.0,71.241791440513,46.17268689394237,258.0,15.0,121.0,90.0,102.65,110.55
3360,2020,99300.0,7861900.0,791.6,73.71,9246.340311715083,186.24557,17.411285,6,14.836367,14551780.0,71.241791440513,46.17268689394237,269.0,8.0,105.0,100.0,100.0,100.0
3360,2021,97600.0,7966100.0,816.2,74.18,8870.33569116597,192.08224,17.260714,0,15.259629,13225910.0,71.241791440513,46.17268689394237,257.0,22.0,129.0,105.1,114.25,118.325
3361,2017,102600.0,8475800.0,826.2,81.11,10072.48364793938,312.11002,16.346682,0,15.767252,13422440.0,20.634482190791463,51.58528505388986,254.0,24.0,135.0,96.7,94.2,101.7
3361,2018,103400.0,7202700.0,696.3,62.93,9345.055278838066,99.51801,18.570826,10,17.297693,16424051.0,20.634482190791463,51.58528505388986,259.40162601626014,17.297560975609755,122.63577235772358,95.4,96.925,109.125
3361,2019,103400.0,7668800.0,741.7,66.48,9267.94120362958,202.764,17.65301,8,15.465432,14531627.0,20.634482190791463,51.58528505388986,258.0,15.0,121.0,90.0,102.65,110.55
3361,2020,99300.0,7861900.0,791.6,83.17,10433.022978230138,188.88602,17.42895,7,14.85738,14396177.0,20.634482190791463,51.58528505388986,269.0,8.0,105.0,100.0,100.0,100.0
3361,2021,97600.0,7966100.0,816.2,87.29,10438.010278806652,235.34398,17.254505,0,14.949578,13465715.0,20.634482190791463,51.58528505388986,257.0,22.0,129.0,105.1,114.25,118.325
3453,2017,102600.0,8475800.0,826.2,85.44,10610.196065589207,307.71854,16.330297,0,15.867476,13534337.0,23.37155096682817,53.732832910953526,254.0,24.0,135.0,96.7,94.2,101.7
3453,2021,97600.0,7966100.0,816.2,76.41,9136.995823159768,266.204,17.187136,0,14.697611,13883214.0,23.37155096682817,53.732832910953526,257.0,22.0,129.0,105.1,114.25,118.325
3454,2018,103400.0,7202700.0,696.3,61.17,9083.69666941879,103.54775,18.265844,9,17.092417,16561009.0,21.883429345484306,56.02737782782792,259.40162601626014,17.297560975609755,122.63577235772358,95.4,96.925,109.125
3454,2019,103400.0,7668800.0,741.7,60.68,8459.366309209428,210.51675,17.537304,7,15.21566,14845139.0,21.883429345484306,56.02737782782792,258.0,15.0,121.0,90.0,102.65,110.55
3454,2020,99300.0,7861900.0,791.6,68.08,8540.101050353585,218.2905,17.236814,6,14.789191,14137267.0,21.883429345484306,56.02737782782792,269.0,8.0,105.0,100.0,100.0,100.0
3454,2021,97600.0,7966100.0,816.2,74.27,8881.097759273342,261.2325,17.085072,0,14.621057,13987855.0,21.883429345484306,56.02737782782792,257.0,22.0,129.0,105.1,114.25,118.325
3457,2020,99300.0,7861900.0,791.6,81.22,10188.410800671536,256.8106,16.948315,0,14.137364,14401789.0,1.1745174273697248,66.7988873785043,269.0,8.0,105.0,100.0,100.0,100.0
3459,2017,102600.0,8475800.0,826.2,86.61,10755.490183060409,318.87482,16.418459,0,16.123478,13750414.0,74.81949659993606,51.725908423046015,254.0,24.0,135.0,96.7,94.2,101.7
3459,2018,103400.0,7202700.0,696.3,74.87,11118.135845012013,108.491196,18.66738,11,17.263254,16699275.0,74.81949659993606,51.725908423046015,259.40162601626014,17.297560975609755,122.63577235772358,95.4,96.925,109.125
3459,2019,103400.0,7668800.0,741.7,87.25,12163.475782441046,206.962,17.683931,7,15.5373955,14937554.0,74.81949659993606,51.725908423046015,258.0,15.0,121.0,90.0,102.65,110.55
3459,2020,99300.0,7861900.0,791.6,83.5,10474.418885201592,196.8384,17.486021,7,14.997797,14363834.0,74.81949659993606,51.725908423046015,269.0,8.0,105.0,100.0,100.0,100.0
3459,2021,97600.0,7966100.0,816.2,79.08,9456.270510345172,254.794,17.071226,0,14.941502,13870780.0,74.81949659993606,51.725908423046015,257.0,22.0,129.0,105.1,114.25,118.325
5116,2018,61700.0,3958100.0,641.7,64.4,6192.114685690954,117.990005,19.261847,10,17.243315,17344122.0,67.46764971525674,41.93910841738373,259.40162601626014,17.297560975609755,122.63577235772358,95.4,96.925,109.125
5116,2019,59300.0,4453200.0,751.3,81.48,6431.2045701701,197.06003,18.07935,6,15.573841,15803306.0,67.46764971525674,41.93910841738373,258.0,15.0,121.0,90.0,102.65,110.55
5116,2020,50700.0,4031400.0,795.5,80.65,5140.106844575605,161.19,18.475744,11,15.579606,15132314.0,67.46764971525674,41.93910841738373,269.0,8.0,105.0,100.0,100.0,100.0
5116,2021,54300.0,4656100.0,857.1,83.61,5296.958341737302,323.25,17.186462,0,15.238665,14266618.0,67.46764971525674,41.93910841738373,257.0,22.0,129.0,105.1,114.25,118.325
5154,2017,61000.0,5411500.0,886.8,88.41,6081.427598013726,316.06537,16.997707,0,16.941978,14401091.0,25.55769146043866,43.19994338091747,254.0,24.0,135.0,96.7,94.2,101.7
5154,2018,61700.0,3958100.0,641.7,66.15,6360.378671715165,116.459236,18.976862,9,17.325016,17135412.0,25.55769146043866,43.19994338091747,259.40162601626014,17.297560975609755,122.63577235772358,95.4,96.925,109.125
5154,2019,59300.0,4453200.0,751.3,75.28,5941.839470328978,209.67462,17.958036,6,15.578395,15600818.0,25.55769146043866,43.19994338091747,258.0,15.0,121.0,90.0,102.65,110.55
5154,2020,50700.0,4031400.0,795.5,74.25,4732.212439054416,187.75768,18.030188,10,15.5532675,14924093.0,25.55769146043866,43.19994338091747,269.0,8.0,105.0,100.0,100.0,100.0
5154,2021,54300.0,4656100.0,857.1,84.71,5366.646826080215,259.63,17.328062,0,15.268421,14200711.0,25.55769146043866,43.19994338091747,257.0,22.0,129.0,105.1,114.25,118.325
5162,2017,61000.0,5411500.0,886.8,93.74,6448.060434767635,334.63,17.283676,0,17.24677,14329910.0,52.37456553622641,42.423848760014735,254.0,24.0,135.0,96.7,94.2,101.7
5162,2018,61700.0,3958100.0,641.7,69.39,6671.907422982846,120.41,19.487045,10,17.465399,17286078.0,52.37456553622641,42.423848760014735,259.40162601626014,17.297560975609755,122.63577235772358,95.4,96.925,109.125
5162,2019,59300.0,4453200.0,751.3,79.62,6284.395040217763,199.13998,18.2511,7,15.77841,15687651.0,52.37456553622641,42.423848760014735,258.0,15.0,121.0,90.0,102.65,110.55
5162,2020,50700.0,4031400.0,795.5,78.8,5022.199867979635,161.71,18.67703,11,15.79829,15033988.0,52.37456553622641,42.423848760014735,269.0,8.0,105.0,100.0,100.0,100.0
5162,2021,54300.0,4656100.0,857.1,93.15,5901.347560493119,337.455,17.355919,0,15.416609,14164604.0,52.37456553622641,42.423848760014735,257.0,22.0,129.0,105.1,114.25,118.325
5166,2017,61000.0,5411500.0,886.8,94.62,6508.592685488732,305.5,17.167633,0,17.185884,14396800.0,48.98895390569765,41.116174446336814,254.0,24.0,135.0,96.7,94.2,101.7
5166,2018,61700.0,3958100.0,641.7,71.28,6853.6325278889935,119.53286,19.221106,10,17.298653,17224138.0,48.98895390569765,41.116174446336814,259.40162601626014,17.297560975609755,122.63577235772358,95.4,96.925,109.125
5166,2019,59300.0,4453200.0,751.3,71.3,5627.698648172902,204.1857,18.117481,6,15.638794,15757582.0,48.98895390569765,41.116174446336814,258.0,15.0,121.0,90.0,102.65,110.55
5166,2021,54300.0,4656100.0,857.1,85.62,5424.298208582081,300.85855,17.269472,0,15.325198,14241611.0,48.98895390569765,41.116174446336814,257.0,22.0,129.0,105.1,114.25,118.325
5170,2017,61000.0,5411500.0,886.8,86.75,5967.241761426205,318.82736,17.112156,0,17.046534,14256256.0,31.455906099143768,42.85644848180261,254.0,24.0,135.0,96.7,94.2,101.7
5170,2018,61700.0,3958100.0,641.7,43.37,4170.062327925724,116.42399,19.172474,10,17.491425,17140488.0,31.455906099143768,42.85644848180261,259.40162601626014,17.297560975609755,122.63577235772358,95.4,96.925,109.125
5170,2019,59300.0,4453200.0,751.3,68.89,5437.4776980733695,198.14401,18.09738,6,15.753157,15521686.0,31.455906099143768,42.85644848180261,258.0,15.0,121.0,90.0,102.65,110.55
5334,2017,61000.0,5411500.0,886.8,98.76,6793.369410472069,306.40912,15.994394,0,15.876904,14352132.0,307.8268428732844,66.01130205590341,254.0,24.0,135.0,96.7,94.2,101.7
5334,2018,61700.0,3958100.0,641.7,72.23,6944.975834587851,138.12366,18.000092,6,15.804673,17316116.0,307.8268428732844,66.01130205590341,259.40162601626014,17.297560975609755,122.63577235772358,95.4,96.925,109.125
5334,2019,59300.0,4453200.0,751.3,85.63,6758.763467644399,210.14545,16.973272,5,14.238181,16096698.0,307.8268428732844,66.01130205590341,258.0,15.0,121.0,90.0,102.65,110.55
5334,2020,50700.0,4031400.0,795.5,92.29,5881.964794617266,174.37183,17.504908,8,14.268549,15271339.0,307.8268428732844,66.01130205590341,269.0,8.0,105.0,100.0,100.0,100.0
5334,2021,54300.0,4656100.0,857.1,86.27,5465.477767511985,379.47815,16.001118,0,13.909346,14329106.0,307.8268428732844,66.01130205590341,257.0,22.0,129.0,105.1,114.25,118.325
5358,2017,61000.0,5411500.0,886.8,90.59,6231.382491845532,283.99274,17.068665,0,16.840649,14579840.0,172.0221120671608,51.23521929115644,254.0,24.0,135.0,96.7,94.2,101.7
5358,2018,61700.0,3958100.0,641.7,57.25,5504.636114220607,119.95545,19.185797,10,16.853287,17488698.0,172.0221120671608,51.23521929115644,259.40162601626014,17.297560975609755,122.63577235772358,95.4,96.925,109.125
5358,2019,59300.0,4453200.0,751.3,76.73,6056.28775980795,198.9909,18.120413,7,15.366372,16139635.0,172.0221120671608,51.23521929115644,258.0,15.0,121.0,90.0,102.65,110.55
5358,2020,50700.0,4031400.0,795.5,72.21,4602.196097294536,154.07364,18.644842,12,15.315435,15380758.0,172.0221120671608,51.23521929115644,269.0,8.0,105.0,100.0,100.0,100.0
5358,2021,54300.0,4656100.0,857.1,84.88,5377.4168645695745,359.58365,17.01689,0,14.979446,14492280.0,172.0221120671608,51.23521929115644,257.0,22.0,129.0,105.1,114.25,118.325
5362,2017,61000.0,5411500.0,886.8,89.15,6132.329717938284,296.74457,17.320581,1,17.11133,14502563.0,87.39634517987913,46.73351601428842,254.0,24.0,135.0,96.7,94.2,101.7
5362,2018,61700.0,3958100.0,641.7,68.01,6539.219251146612,117.66818,19.621487,12,17.355465,17457516.0,87.39634517987913,46.73351601428842,259.40162601626014,17.297560975609755,122.63577235772358,95.4,96.925,109.125
5362,2019,59300.0,4453200.0,751.3,77.53,6119.431643658417,198.01912,18.42121,7,15.807947,15951730.0,87.39634517987913,46.73351601428842,258.0,15.0,121.0,90.0,102.65,110.55
5362,2020,50700.0,4031400.0,795.5,88.88,5664.633556675508,148.33545,18.97721,13,15.785288,15249814.0,87.39634517987913,46.73351601428842,269.0,8.0,105.0,100.0,100.0,100.0
5362,2021,54300.0,4656100.0,857.1,93.86,5946.328309478091,369.12366,17.28941,0,15.362326,14371981.0,87.39634517987913,46.73351601428842,257.0,22.0,129.0,105.1,114.25,118.325
5366,2017,61000.0,5411500.0,886.8,83.11,5716.858360716218,305.99237,15.467491,0,15.156674,14727723.0,400.8587965279651,62.31806896521423,254.0,24.0,135.0,96.7,94.2,101.7
5366,2018,61700.0,3958100.0,641.7,50.66,4871.002018278007,135.54706,17.461517,5,15.214985,17756034.0,400.8587965279651,62.31806896521423,259.40162601626014,17.297560975609755,122.63577235772358,95.4,96.925,109.125
5366,2019,59300.0,4453200.0,751.3,65.94,5204.634626374771,224.19528,16.454956,4,13.803688,16580191.0,400.8587965279651,62.31806896521423,258.0,15.0,121.0,90.0,102.65,110.55
5366,2020,50700.0,4031400.0,795.5,64.62,4118.458825746752,179.72176,17.023085,5,13.598076,15684077.0,400.8587965279651,62.31806896521423,269.0,8.0,105.0,100.0,100.0,100.0
5366,2021,54300.0,4656100.0,857.1,79.5,5036.576822965142,391.06354,15.464084,0,13.348355,14724519.0,400.8587965279651,62.31806896521423,257.0,22.0,129.0,105.1,114.25,118.325
5370,2017,61000.0,5411500.0,886.8,85.34,5870.252586975358,287.78665,17.159424,0,17.144579,14411601.0,72.57404322677954,43.13673419738953,254.0,24.0,135.0,96.7,94.2,101.7
5370,2018,61700.0,3958100.0,641.7,72.54,6974.782597826425,123.185,19.186296,10,17.137823,17260726.0,72.57404322677954,43.13673419738953,259.40162601626014,17.297560975609755,122.63577235772358,95.4,96.925,109.125
5370,2019,59300.0,4453200.0,751.3,75.87,5988.4080846686975,199.81334,18.119019,7,15.521713,15911374.0,72.57404322677954,43.13673419738953,258.0,15.0,121.0,90.0,102.65,110.55
5370,2020,50700.0,4031400.0,795.5,88.64,5649.337516468464,160.15332,18.521252,12,15.596126,15181621.0,72.57404322677954,43.13673419738953,269.0,8.0,105.0,100.0,100.0,100.0
5370,2021,54300.0,4656100.0,857.1,84.49,5352.709129211633,314.3883,17.18919,0,15.225126,14301436.0,72.57404322677954,43.13673419738953,257.0,22.0,129.0,105.1,114.25,118.325
5382,2017,61000.0,5411500.0,886.8,86.72,5965.178161969804,343.56134,16.747288,0,16.514715,14570557.0,171.6456726666031,57.84951835677244,254.0,24.0,135.0,96.7,94.2,101.7
5382,2018,61700.0,3958100.0,641.7,46.43,4464.2839263452015,124.742004,19.119108,11,17.022877,17618604.0,171.6456726666031,57.84951835677244,259.40162601626014,17.297560975609755,122.63577235772358,95.4,96.925,109.125
5382,2019,59300.0,4453200.0,751.3,65.63,5180.166371382715,215.614,17.869516,6,15.427394,16116298.0,171.6456726666031,57.84951835677244,258.0,15.0,121.0,90.0,102.65,110.55
5382,2020,50700.0,4031400.0,795.5,56.73,3615.6015039401614,163.00867,18.383533,8,15.227556,15329582.0,171.6456726666031,57.84951835677244,269.0,8.0,105.0,100.0,100.0,100.0
5382,2021,54300.0,4656100.0,857.1,90.45,5730.294008015057,371.274,16.789198,0,14.886347,14423388.0,171.6456726666031,57.84951835677244,257.0,22.0,129.0,105.1,114.25,118.325
5554,2017,61000.0,5411500.0,886.8,86.0,5915.65177501618,313.55292,16.780325,0,16.73455,14143000.0,52.380458202545015,41.98573116093186,254.0,24.0,135.0,96.7,94.2,101.7
5554,2018,61700.0,3958100.0,641.7,48.1,4624.855844436877,114.861176,18.903593,10,17.545769,16997018.0,52.380458202545015,41.98573116093186,259.40162601626014,17.297560975609755,122.63577235772358,95.4,96.925,109.125
5554,2019,59300.0,4453200.0,751.3,47.62,3758.639686199069,205.81235,17.823488,7,15.656189,15379574.0,52.380458202545015,41.98573116093186,258.0,15.0,121.0,90.0,102.65,110.55
5554,2020,50700.0,4031400.0,795.5,76.94,4903.65555637504,187.02292,17.768623,10,15.357826,14505245.0,52.380458202545015,41.98573116093186,269.0,8.0,105.0,100.0,100.0,100.0
5554,2021,54300.0,4656100.0,857.1,87.92,5570.010494026356,264.53647,17.171522,0,15.176972,14005485.0,52.380458202545015,41.98573116093186,257.0,22.0,129.0,105.1,114.25,118.325
5566,2017,61000.0,5411500.0,886.8,52.6,3618.177713556408,318.8504,16.601475,0,16.459679,13901785.0,60.48607477092469,47.07922651899528,254.0,24.0,135.0,96.7,94.2,101.7
5566,2019,59300.0,4453200.0,751.3,49.93,3940.967650817293,204.1025,17.816452,11,15.656019,15108657.0,60.48607477092469,47.07922651899528,258.0,15.0,121.0,90.0,102.65,110.55
5754,2018,61700.0,3958100.0,641.7,66.47,6391.146943445306,123.628,18.917042,12,17.319195,16983406.0,91.19454333545588,48.81886725992208,259.40162601626014,17.297560975609755,122.63577235772358,95.4,96.925,109.125
5754,2020,50700.0,4031400.0,795.5,63.58,4052.1759848495585,198.65666,17.703562,6,15.189119,14659672.0,91.19454333545588,48.81886725992208,269.0,8.0,105.0,100.0,100.0,100.0
5754,2021,54300.0,4656100.0,857.1,64.53,4088.1799042256675,249.37132,17.05412,0,15.20011,13764203.0,91.19454333545588,48.81886725992208,257.0,22.0,129.0,105.1,114.25,118.325
5758,2017,61000.0,5411500.0,886.8,84.45,5809.032469768796,334.81,16.318027,0,15.92513,13812973.0,108.55503905963828,55.57771491542452,254.0,24.0,135.0,96.7,94.2,101.7
5758,2018,61700.0,3958100.0,641.7,78.53,7550.7261842750095,121.724,18.605392,10,17.02395,16983956.0,108.55503905963828,55.57771491542452,259.40162601626014,17.297560975609755,122.63577235772358,95.4,96.925,109.125
5758,2019,59300.0,4453200.0,751.3,74.18,5855.016630034585,185.86401,17.655272,8,15.3860445,14995377.0,108.55503905963828,55.57771491542452,258.0,15.0,121.0,90.0,102.65,110.55
5758,2020,50700.0,4031400.0,795.5,94.39,6015.8051464289065,199.18597,17.41465,5,14.836748,14664267.0,108.55503905963828,55.57771491542452,269.0,8.0,105.0,100.0,100.0,100.0
5758,2021,54300.0,4656100.0,857.1,85.55,5419.863486851168,233.01,16.887405,0,14.888828,13808842.0,108.55503905963828,55.57771491542452,257.0,22.0,129.0,105.1,114.25,118.325
5762,2017,61000.0,5411500.0,886.8,98.24,6757.6003532277855,383.73288,15.863513,0,15.404244,13849518.0,230.2836498008996,61.2674786619333,254.0,24.0,135.0,96.7,94.2,101.7
5762,2018,61700.0,3958100.0,641.7,63.75,6129.616633739104,136.02142,18.08066,10,16.23634,17402506.0,230.2836498008996,61.2674786619333,259.40162601626014,17.297560975609755,122.63577235772358,95.4,96.925,109.125
5762,2019,59300.0,4453200.0,751.3,81.5,6432.7831672663615,187.16357,16.891565,4,14.634307,15284794.0,230.2836498008996,61.2674786619333,258.0,15.0,121.0,90.0,102.65,110.55
5762,2020,50700.0,4031400.0,795.5,85.14,5426.270263449063,211.00713,16.908588,2,14.073176,15051969.0,230.2836498008996,61.2674786619333,269.0,8.0,105.0,100.0,100.0,100.0
5762,2021,54300.0,4656100.0,857.1,81.94,5191.158551871242,278.825,16.208147,0,14.480376,13693767.0,230.2836498008996,61.2674786619333,257.0,22.0,129.0,105.1,114.25,118.325
5766,2017,61000.0,5411500.0,886.8,76.29,5247.733417627726,371.28622,16.033476,0,15.603204,13766406.0,195.0615252904903,67.58305823046362,254.0,24.0,135.0,96.7,94.2,101.7
5766,2018,61700.0,3958100.0,641.7,69.29,6662.292338067177,138.44937,18.227062,9,16.573416,17139734.0,195.0615252904903,67.58305823046362,259.40162601626014,17.297560975609755,122.63577235772358,95.4,96.925,109.125
5766,2019,59300.0,4453200.0,751.3,78.07,6162.053765257481,177.12875,17.29018,6,14.985108,15026255.0,195.0615252904903,67.58305823046362,258.0,15.0,121.0,90.0,102.65,110.55
5766,2020,50700.0,4031400.0,795.5,86.25,5497.014449406644,207.24437,17.114798,3,14.427633,14779740.0,195.0615252904903,67.58305823046362,269.0,8.0,105.0,100.0,100.0,100.0
5766,2021,54300.0,4656100.0,857.1,84.65,5362.845636025148,261.69812,16.507326,0,14.630125,13692310.0,195.0615252904903,67.58305823046362,257.0,22.0,129.0,105.1,114.25,118.325
5974,2017,61000.0,5411500.0,886.8,91.31,6280.908878799156,369.66666,16.403427,0,16.074396,13896519.0,184.8455356969452,63.28052138138053,254.0,24.0,135.0,96.7,94.2,101.7
5974,2018,61700.0,3958100.0,641.7,76.73,7377.654655792964,136.38777,18.605673,11,16.63595,17169294.0,184.8455356969452,63.28052138138053,259.40162601626014,17.297560975609755,122.63577235772358,95.4,96.925,109.125
5974,2019,59300.0,4453200.0,751.3,82.92,6544.863561100941,208.51111,17.365023,5,15.034427,15310367.0,184.8455356969452,63.28052138138053,258.0,15.0,121.0,90.0,102.65,110.55
5974,2020,50700.0,4031400.0,795.5,86.72,5526.969194812106,202.76889,17.413952,4,14.574643,14820248.0,184.8455356969452,63.28052138138053,269.0,8.0,105.0,100.0,100.0,100.0
5974,2021,54300.0,4656100.0,857.1,86.45,5476.881337677189,318.0939,16.563593,0,14.76481,13773727.0,184.8455356969452,63.28052138138053,257.0,22.0,129.0,105.1,114.25,118.325
5978,2020,50700.0,4031400.0,795.5,76.5,4875.612815995458,187.66273,17.900564,7,15.076562,14719335.0,98.65422229152692,54.21490373855284,269.0,8.0,105.0,100.0,100.0,100.0
6414,2021,16600.0,1407200.0,847.3,90.33,1769.7132045677881,265.52667,17.46274,0,15.575262,14791943.0,209.4923269980455,52.72598136375322,257.0,22.0,129.0,105.1,114.25,118.325
6431,2019,17800.0,1434500.0,804.2,84.83,1877.610044917172,166.52713,19.328861,10,16.699474,17589082.0,228.5186488360849,52.46739927321287,258.0,15.0,121.0,90.0,102.65,110.55
6432,2017,17600.0,1556400.0,883.0,88.3,1759.9999980067948,281.83755,17.634174,3,17.279274,15552349.0,189.481084601446,51.88960179488917,254.0,24.0,135.0,96.7,94.2,101.7
6432,2018,17800.0,1122200.0,629.7,57.0,1611.2434467028054,97.137505,20.346949,15,17.869322,18144784.0,189.481084601446,51.88960179488917,259.40162601626014,17.297560975609755,122.63577235772358,95.4,96.925,109.125
6432,2019,17800.0,1434500.0,804.2,81.78,1810.101962434591,182.05122,19.159182,10,16.419529,17479568.0,189.481084601446,51.88960179488917,258.0,15.0,121.0,90.0,102.65,110.55
6432,2020,16500.0,1233600.0,747.4,71.79,1584.8742285457934,117.69499,19.726154,11,15.59393,16817584.0,189.481084601446,51.88960179488917,269.0,8.0,105.0,100.0,100.0,100.0
6432,2021,16600.0,1407200.0,847.3,80.09,1569.0947697756467,213.63374,17.83042,0,15.699028,15021759.0,189.481084601446,51.88960179488917,257.0,22.0,129.0,105.1,114.25,118.325
6433,2017,17600.0,1556400.0,883.0,88.72,1768.3714589259666,240.88802,18.184443,5,17.90616,15415541.0,92.4125293783346,43.40426238206409,254.0,24.0,135.0,96.7,94.2,101.7
6433,2018,17800.0,1122200.0,629.7,70.7,1998.5072224892692,86.652,20.878372,23,18.458817,18095982.0,92.4125293783346,43.40426238206409,259.40162601626014,17.297560975609755,122.63577235772358,95.4,96.925,109.125
6433,2019,17800.0,1434500.0,804.2,80.37,1778.8933079098567,161.10002,19.79392,14,17.238703,17416948.0,92.4125293783346,43.40426238206409,258.0,15.0,121.0,90.0,102.65,110.55
6433,2020,16500.0,1233600.0,747.4,71.53,1579.1343302393173,101.450005,20.283184,17,16.23424,16664856.0,92.4125293783346,43.40426238206409,269.0,8.0,105.0,100.0,100.0,100.0
6433,2021,16600.0,1407200.0,847.3,83.38,1633.551278610231,212.12802,18.2991,1,16.306904,14904552.0,92.4125293783346,43.40426238206409,257.0,22.0,129.0,105.1,114.25,118.325
6434,2017,17600.0,1556400.0,883.0,92.11,1835.9411077735663,273.22836,16.420425,1,16.074156,15079917.0,376.41009902321633,58.18841328380765,254.0,24.0,135.0,96.7,94.2,101.7
6434,2018,17800.0,1122200.0,629.7,61.64,1742.4043167501916,96.636665,19.052423,10,16.660456,17996252.0,376.41009902321633,58.18841328380765,259.40162601626014,17.297560975609755,122.63577235772358,95.4,96.925,109.125
6434,2019,17800.0,1434500.0,804.2,82.43,1824.4889308325182,161.09166,17.964035,6,15.289589,17093972.0,376.41009902321633,58.18841328380765,258.0,15.0,121.0,90.0,102.65,110.55
6434,2020,16500.0,1233600.0,747.4,74.93,1654.194538862464,123.51834,18.396383,6,14.502026,16291218.0,376.41009902321633,58.18841328380765,269.0,8.0,105.0,100.0,100.0,100.0
6434,2021,16600.0,1407200.0,847.3,92.38,1809.8760748142618,257.06165,16.512676,0,14.587194,14647409.0,376.41009902321633,58.18841328380765,257.0,22.0,129.0,105.1,114.25,118.325
6435,2017,17600.0,1556400.0,883.0,86.27,1719.5379368974654,296.73718,16.472834,1,16.085117,15088850.0,286.82231562732915,55.338006038509,254.0,24.0,135.0,96.7,94.2,101.7
6435,2018,17800.0,1122200.0,629.7,65.02,1837.9482263967786,106.55333,18.940659,10,16.916586,17939328.0,286.82231562732915,55.338006038509,259.40162601626014,17.297560975609755,122.63577235772358,95.4,96.925,109.125
6435,2019,17800.0,1434500.0,804.2,81.35,1800.5844294944236,181.5872,17.713602,4,15.193676,16931618.0,286.82231562732915,55.338006038509,258.0,15.0,121.0,90.0,102.65,110.55
6440,2017,17600.0,1556400.0,883.0,89.9,1791.8912776988775,276.65784,16.941265,1,16.616348,15047565.0,218.2592393984248,50.50510330848203,254.0,24.0,135.0,96.7,94.2,101.7
6440,2018,17800.0,1122200.0,629.7,65.62,1854.9086837304928,99.292854,19.400011,13,17.24724,18067522.0,218.2592393984248,50.50510330848203,259.40162601626014,17.297560975609755,122.63577235772358,95.4,96.925,109.125
6440,2019,17800.0,1434500.0,804.2,83.38,1845.5160384910268,158.81502,18.35512,8,15.7389765,16983532.0,218.2592393984248,50.50510330848203,258.0,15.0,121.0,90.0,102.65,110.55
6440,2020,16500.0,1233600.0,747.4,72.83,1607.8338217716969,122.11214,18.752966,8,15.040098,16331311.0,218.2592393984248,50.50510330848203,269.0,8.0,105.0,100.0,100.0,100.0
6440,2021,16600.0,1407200.0,847.3,93.0,1822.0228941083171,246.22215,17.050816,0,15.196548,14723630.0,218.2592393984248,50.50510330848203,257.0,22.0,129.0,105.1,114.25,118.325
6531,2017,17600.0,1556400.0,883.0,91.06,1815.0124554756371,290.97797,16.64831,1,16.294317,14884338.0,240.53761859489617,50.47837629224309,254.0,24.0,135.0,96.7,94.2,101.7
6531,2018,17800.0,1122200.0,629.7,64.29,1817.3130033074276,105.328,19.033236,12,16.974771,18142694.0,240.53761859489617,50.47837629224309,259.40162601626014,17.297560975609755,122.63577235772358,95.4,96.925,109.125
6531,2019,17800.0,1434500.0,804.2,81.57,1805.4538649521835,140.44801,18.023687,8,15.367707,16803772.0,240.53761859489617,50.47837629224309,258.0,15.0,121.0,90.0,102.65,110.55
6531,2020,16500.0,1233600.0,747.4,75.22,1660.5967331273794,120.532,18.279036,6,14.722179,16120708.0,240.53761859489617,50.47837629224309,269.0,8.0,105.0,100.0,100.0,100.0
6531,2021,16600.0,1407200.0,847.3,86.67,1698.0077874448157,273.93604,16.760532,0,14.997242,14686495.0,240.53761859489617,50.47837629224309,257.0,22.0,129.0,105.1,114.25,118.325
6535,2017,17600.0,1556400.0,883.0,82.48,1643.9954681268457,311.9379,15.93262,0,15.5051,14743005.0,381.61814459518007,56.02250347734993,254.0,24.0,135.0,96.7,94.2,101.7
6535,2018,17800.0,1122200.0,629.7,63.28,1788.762900129009,113.17,18.337116,9,16.243553,18030810.0,381.61814459518007,56.02250347734993,259.40162601626014,17.297560975609755,122.63577235772358,95.4,96.925,109.125
6535,2019,17800.0,1434500.0,804.2,75.02,1660.4774910961482,164.68527,17.049324,4,14.510747,16601724.0,381.61814459518007,56.02250347734993,258.0,15.0,121.0,90.0,102.65,110.55
6535,2021,16600.0,1407200.0,847.3,82.1,1608.4739742612132,277.9521,15.990295,0,14.163321,14521870.0,381.61814459518007,56.02250347734993,257.0,22.0,129.0,105.1,114.25,118.325
6633,2017,17600.0,1556400.0,883.0,86.51,1724.321628851278,346.1756,15.833801,0,15.367489,14085642.0,283.1839426580986,55.48021563816635,254.0,24.0,135.0,96.7,94.2,101.7
6633,2018,17800.0,1122200.0,629.7,69.18,1955.5407305771944,124.52375,18.124401,10,16.1987,17666172.0,283.1839426580986,55.48021563816635,259.40162601626014,17.297560975609755,122.63577235772358,95.4,96.925,109.125
6633,2019,17800.0,1434500.0,804.2,81.45,1802.797809247951,178.26498,16.7402,4,14.520159,15601116.0,283.1839426580986,55.48021563816635,258.0,15.0,121.0,90.0,102.65,110.55
6633,2020,16500.0,1233600.0,747.4,81.2,1792.6143941763255,195.16814,16.908607,2,13.83183,15342667.0,283.1839426580986,55.48021563816635,269.0,8.0,105.0,100.0,100.0,100.0
6633,2021,16600.0,1407200.0,847.3,82.29,1612.1963866255207,249.60251,16.111073,0,14.429797,13881626.0,283.1839426580986,55.48021563816635,257.0,22.0,129.0,105.1,114.25,118.325
6634,2017,17600.0,1556400.0,883.0,89.15,1776.9422403432138,308.75555,15.992957,0,15.54971,14370720.0,302.2606762770996,50.86215178289449,254.0,24.0,135.0,96.7,94.2,101.7
6634,2018,17800.0,1122200.0,629.7,66.84,1889.3949469757108,119.170555,18.299704,11,16.32668,17865252.0,302.2606762770996,50.86215178289449,259.40162601626014,17.297560975609755,122.63577235772358,95.4,96.925,109.125
6634,2019,17800.0,1434500.0,804.2,78.98,1748.1273293358279,166.11612,16.908596,4,14.597698,16063343.0,302.2606762770996,50.86215178289449,258.0,15.0,121.0,90.0,102.65,110.55
6634,2020,16500.0,1233600.0,747.4,79.7,1759.499596254349,160.26613,17.219019,3,13.897033,15667339.0,302.2606762770996,50.86215178289449,269.0,8.0,105.0,100.0,100.0,100.0
6634,2021,16600.0,1407200.0,847.3,81.63,1599.2659015705583,256.1111,16.122625,0,14.398059,14167345.0,302.2606762770996,50.86215178289449,257.0,22.0,129.0,105.1,114.25,118.325
6636,2017,17600.0,1556400.0,883.0,77.01,1534.967155679539,326.97397,15.749277,0,15.238305,14261372.0,329.5856077347513,57.24082814403981,254.0,24.0,135.0,96.7,94.2,101.7
6636,2018,17800.0,1122200.0,629.7,45.56,1287.8640602066632,115.64933,18.177244,10,16.126268,17786416.0,329.5856077347513,57.24082814403981,259.40162601626014,17.297560975609755,122.63577235772358,95.4,96.925,109.125
6636,2019,17800.0,1434500.0,804.2,74.28,1644.0984809200465,166.126,16.633533,3,14.4495735,15713475.0,329.5856077347513,57.24082814403981,258.0,15.0,121.0,90.0,102.65,110.55
6636,2020,16500.0,1233600.0,747.4,68.96,1522.3976431329975,186.22533,16.914581,3,13.633921,15486968.0,329.5856077347513,57.24082814403981,269.0,8.0,105.0,100.0,100.0,100.0
6636,2021,16600.0,1407200.0,847.3,77.11,1510.7116705880896,244.58,15.996941,0,14.2912655,13928499.0,329.5856077347513,57.24082814403981,257.0,22.0,129.0,105.1,114.25,118.325
7131,2017,19900.0,1594400.0,800.3,87.47,2175.0006220479813,295.61557,15.843166,0,15.4833,14790187.0,347.5748997180113,61.81875079042029,254.0,24.0,135.0,96.7,94.2,101.7
7133,2018,19700.0,1278100.0,649.0,69.58,2112.058548363546,92.90364,19.074802,10,16.939545,18290106.0,296.724437063036,51.07921936344532,259.40162601626014,17.297560975609755,122.63577235772358,95.4,96.925,109.125
7133,2019,17600.0,1380600.0,785.8,84.04,1882.2906568054334,171.92093,18.042448,6,15.507184,17705350.0,296.724437063036,51.07921936344532,258.0,15.0,121.0,90.0,102.65,110.55
7137,2017,19900.0,1594400.0,800.3,86.51,2151.129573720943,249.07999,16.557123,0,16.12894,14944552.0,275.56174301379946,52.56413776581187,254.0,24.0,135.0,96.7,94.2,101.7
7137,2018,19700.0,1278100.0,649.0,59.55,1807.604003378114,108.75834,18.519943,11,16.317253,17954062.0,275.56174301379946,52.56413776581187,259.40162601626014,17.297560975609755,122.63577235772358,95.4,96.925,109.125
7137,2019,17600.0,1380600.0,785.8,76.15,1705.5739352181552,195.01752,17.511032,5,14.903152,16970672.0,275.56174301379946,52.56413776581187,258.0,15.0,121.0,90.0,102.65,110.55
7137,2020,16500.0,970600.0,589.1,59.96,1679.409265524683,146.09833,17.930208,8,14.475632,15907233.0,275.56174301379946,52.56413776581187,269.0,8.0,105.0,100.0,100.0,100.0
7137,2021,16100.0,1359100.0,841.6,82.65,1581.1133536346088,280.32916,16.499561,0,14.439795,14733254.0,275.56174301379946,52.56413776581187,257.0,22.0,129.0,105.1,114.25,118.325
7331,2017,19900.0,1594400.0,800.3,77.98,1939.0253630650693,226.24713,17.950634,4,17.633738,15675481.0,184.74102991462405,48.12279545184597,254.0,24.0,135.0,96.7,94.2,101.7
7331,2018,19700.0,1278100.0,649.0,67.08,2036.1725700521222,84.26142,20.501862,15,18.140963,18275896.0,184.74102991462405,48.12279545184597,259.40162601626014,17.297560975609755,122.63577235772358,95.4,96.925,109.125
7331,2019,17600.0,1380600.0,785.8,78.18,1751.0409751195714,164.85571,19.406178,12,16.794142,17704498.0,184.74102991462405,48.12279545184597,258.0,15.0,121.0,90.0,102.65,110.55
7331,2020,16500.0,970600.0,589.1,62.62,1753.9127452827825,97.04286,19.924593,17,15.789573,16902370.0,184.74102991462405,48.12279545184597,269.0,8.0,105.0,100.0,100.0,100.0
7331,2021,16100.0,1359100.0,841.6,82.23,1573.0786578266652,219.59001,17.8273,0,15.817768,15154291.0,184.74102991462405,48.12279545184597,257.0,22.0,129.0,105.1,114.25,118.325
7332,2017,19900.0,1594400.0,800.3,74.55,1853.7360966465876,286.99664,17.75056,4,17.540539,15794371.0,265.18497040983937,54.88075242723909,254.0,24.0,135.0,96.7,94.2,101.7
7332,2018,19700.0,1278100.0,649.0,55.05,1671.0092424175511,106.67333,20.261236,14,17.78316,18186176.0,265.18497040983937,54.88075242723909,259.40162601626014,17.297560975609755,122.63577235772358,95.4,96.925,109.125
7332,2019,17600.0,1380600.0,785.8,71.52,1601.8732481523627,177.83,19.13033,9,16.41202,17740564.0,265.18497040983937,54.88075242723909,258.0,15.0,121.0,90.0,102.65,110.55
7332,2020,16500.0,970600.0,589.1,26.24,734.9516198693742,111.53833,19.753319,12,15.551313,17072884.0,265.18497040983937,54.88075242723909,269.0,8.0,105.0,100.0,100.0,100.0
7332,2021,16100.0,1359100.0,841.6,70.16,1342.1768044888584,259.82834,17.600279,0,15.548238,15341519.0,265.18497040983937,54.88075242723909,257.0,22.0,129.0,105.1,114.25,118.325
7333,2017,19900.0,1594400.0,800.3,89.69,2230.2024213042578,262.79123,17.14069,2,16.84708,15668737.0,306.886938037734,50.4921750699735,254.0,24.0,135.0,96.7,94.2,101.7
7333,2018,19700.0,1278100.0,649.0,60.73,1843.422185141106,103.57751,19.416254,11,17.060951,18206898.0,306.886938037734,50.4921750699735,259.40162601626014,17.297560975609755,122.63577235772358,95.4,96.925,109.125
7333,2019,17600.0,1380600.0,785.8,77.35,1732.4510031401744,179.58377,18.334923,7,15.695671,17710560.0,306.886938037734,50.4921750699735,258.0,15.0,121.0,90.0,102.65,110.55
7333,2020,16500.0,970600.0,589.1,68.67,1923.3661484919944,112.582504,18.930187,10,14.869596,16940944.0,306.886938037734,50.4921750699735,269.0,8.0,105.0,100.0,100.0,100.0
7333,2021,16100.0,1359100.0,841.6,87.99,1683.2687717641766,261.95126,16.876257,0,14.85615,15204455.0,306.886938037734,50.4921750699735,257.0,22.0,129.0,105.1,114.25,118.325
7334,2017,19900.0,1594400.0,800.3,77.96,1938.5280495582556,242.28598,18.657042,8,18.326769,15857519.0,120.12467382252188,47.66931692198731,254.0,24.0,135.0,96.7,94.2,101.7
7334,2018,19700.0,1278100.0,649.0,54.88,1665.8489958923744,90.984,20.91897,16,18.697723,18021218.0,120.12467382252188,47.66931692198731,259.40162601626014,17.297560975609755,122.63577235772358,95.4,96.925,109.125
7334,2019,17600.0,1380600.0,785.8,67.24,1506.01170589716,136.58002,20.021421,15,16.94712,17780738.0,120.12467382252188,47.66931692198731,258.0,15.0,121.0,90.0,102.65,110.55
7334,2020,16500.0,970600.0,589.1,54.7,1532.0828356270874,104.334,20.338747,15,16.251648,17232500.0,120.12467382252188,47.66931692198731,269.0,8.0,105.0,100.0,100.0,100.0
7334,2021,16100.0,1359100.0,841.6,86.37,1652.2778022192517,217.87999,18.375439,1,16.281517,15507694.0,120.12467382252188,47.66931692198731,257.0,22.0,129.0,105.1,114.25,118.325
7337,2017,19900.0,1594400.0,800.3,84.46,2100.154939272579,299.36145,17.92308,5,17.701012,15847059.0,251.85473949706744,56.42069397953205,254.0,24.0,135.0,96.7,94.2,101.7
7337,2018,19700.0,1278100.0,649.0,75.4,2288.721105872541,115.75142,20.223078,14,17.90761,18095640.0,251.85473949706744,56.42069397953205,259.40162601626014,17.297560975609755,122.63577235772358,95.4,96.925,109.125
7337,2019,17600.0,1380600.0,785.8,82.84,1855.4135888834137,158.22856,19.196993,10,16.264471,17789312.0,251.85473949706744,56.42069397953205,258.0,15.0,121.0,90.0,102.65,110.55
7337,2020,16500.0,970600.0,589.1,68.11,1907.681205385026,120.87858,19.666239,14,15.569457,17209764.0,251.85473949706744,56.42069397953205,269.0,8.0,105.0,100.0,100.0,100.0
7337,2021,16100.0,1359100.0,841.6,87.58,1675.4253782373748,263.43286,17.660677,0,15.557457,15492033.0,251.85473949706744,56.42069397953205,257.0,22.0,129.0,105.1,114.25,118.325
7338,2017,19900.0,1594400.0,800.3,39.21,974.9831301074809,243.88501,18.579716,7,18.312922,15900463.0,100.9821622520557,41.94914260173256,254.0,24.0,135.0,96.7,94.2,101.7
7338,2018,19700.0,1278100.0,649.0,92.23,2799.5855118650456,85.895,21.143871,22,18.782768,18194866.0,100.9821622520557,41.94914260173256,259.40162601626014,17.297560975609755,122.63577235772358,95.4,96.925,109.125
7339,2017,19900.0,1594400.0,800.3,84.91,2111.344493175878,235.1457,17.820375,4,17.44426,15505224.0,190.07160074730552,48.84544684417733,254.0,24.0,135.0,96.7,94.2,101.7
7339,2018,19700.0,1278100.0,649.0,59.71,1812.460705990045,88.22286,20.287472,15,17.939598,18176962.0,190.07160074730552,48.84544684417733,259.40162601626014,17.297560975609755,122.63577235772358,95.4,96.925,109.125
7339,2019,17600.0,1380600.0,785.8,78.31,1753.9526574777901,168.59715,19.188593,12,16.583158,17565492.0,190.07160074730552,48.84544684417733,258.0,15.0,121.0,90.0,102.65,110.55
7339,2020,16500.0,970600.0,589.1,53.48,1497.9120667154775,106.45286,19.714493,15,15.675824,16717326.0,190.07160074730552,48.84544684417733,269.0,8.0,105.0,100.0,100.0,100.0
7339,2021,16100.0,1359100.0,841.6,87.17,1667.581984710573,234.04713,17.692389,0,15.685478,14989319.0,190.07160074730552,48.84544684417733,257.0,22.0,129.0,105.1,114.25,118.325
8111,2017,20600.0,1814000.0,879.7,84.09,1969.1417506318726,264.15002,17.3457,1,16.788334,15713016.0,354.9420980627743,47.02420308255134,254.0,24.0,135.0,96.7,94.2,101.7
8111,2018,21400.0,1303500.0,608.9,64.67,2272.8493968256703,147.76666,19.276653,9,17.27142,17677556.0,354.9420980627743,47.02420308255134,259.40162601626014,17.297560975609755,122.63577235772358,95.4,96.925,109.125
8111,2019,19700.0,1592700.0,807.0,82.92,2024.193306041892,197.10333,18.15618,5,15.35281,17464420.0,354.9420980627743,47.02420308255134,258.0,15.0,121.0,90.0,102.65,110.55
8111,2020,18700.0,1294500.0,691.9,65.46,1769.1891866321878,179.81001,18.652374,9,14.999619,16985448.0,354.9420980627743,47.02420308255134,269.0,8.0,105.0,100.0,100.0,100.0
8111,2021,19500.0,1641600.0,840.5,83.05,1926.7995218003573,254.81332,16.986984,0,14.905374,15257593.0,354.9420980627743,47.02420308255134,257.0,22.0,129.0,105.1,114.25,118.325
8115,2017,20600.0,1814000.0,879.7,89.88,2104.726608952226,269.86377,16.851355,1,16.257603,15873869.0,470.1272866448536,48.94521501984948,254.0,24.0,135.0,96.7,94.2,101.7
8115,2019,19700.0,1592700.0,807.0,86.58,2113.5390308382416,222.15627,17.594158,4,14.8147955,17593196.0,470.1272866448536,48.94521501984948,258.0,15.0,121.0,90.0,102.65,110.55
8118,2017,20600.0,1814000.0,879.7,86.64,2028.8552892703701,271.17502,17.764381,3,17.295591,15701686.0,282.4640191800873,46.63304415170457,254.0,24.0,135.0,96.7,94.2,101.7
8118,2018,21400.0,1303500.0,608.9,57.44,2018.7485596670247,146.2,19.76803,11,17.847116,17756018.0,282.4640191800873,46.63304415170457,259.40162601626014,17.297560975609755,122.63577235772358,95.4,96.925,109.125
8118,2019,19700.0,1592700.0,807.0,78.26,1910.4361810279602,192.325,18.609627,6,15.871059,17531050.0,282.4640191800873,46.63304415170457,258.0,15.0,121.0,90.0,102.65,110.55
8118,2020,18700.0,1294500.0,691.9,64.59,1745.6756731526586,172.525,19.056768,11,15.493848,17002638.0,282.4640191800873,46.63304415170457,269.0,8.0,105.0,100.0,100.0,100.0
8118,2021,19500.0,1641600.0,840.5,81.88,1899.6549650212314,247.20003,17.430506,0,15.437967,15193535.0,282.4640191800873,46.63304415170457,257.0,22.0,129.0,105.1,114.25,118.325
8119,2019,19700.0,1592700.0,807.0,81.36,1986.111521702464,180.30273,17.92421,4,15.155953,17364214.0,382.740038914057,56.07542370943023,258.0,15.0,121.0,90.0,102.65,110.55
8119,2020,18700.0,1294500.0,691.9,59.07,1596.4864841790918,174.02274,18.362617,8,14.777873,16870838.0,382.740038914057,56.07542370943023,269.0,8.0,105.0,100.0,100.0,100.0
8125,2017,20600.0,1814000.0,879.7,91.85,2150.858244684712,262.6806,17.641375,3,17.204273,15674106.0,256.19008124886005,52.63757019254051,254.0,24.0,135.0,96.7,94.2,101.7
8125,2018,21400.0,1303500.0,608.9,61.26,2153.0037737674434,113.17125,19.957888,14,17.883453,17919504.0,256.19008124886005,52.63757019254051,259.40162601626014,17.297560975609755,122.63577235772358,95.4,96.925,109.125
8125,2019,19700.0,1592700.0,807.0,84.63,2065.936800413957,161.46124,18.675999,5,15.928961,17554260.0,256.19008124886005,52.63757019254051,258.0,15.0,121.0,90.0,102.65,110.55
8125,2020,18700.0,1294500.0,691.9,63.06,1704.3243218610721,143.78938,19.04807,10,15.314105,16965412.0,256.19008124886005,52.63757019254051,269.0,8.0,105.0,100.0,100.0,100.0
8125,2021,19500.0,1641600.0,840.5,85.1,1974.360497353527,216.72687,17.456833,0,15.423185,15077734.0,256.19008124886005,52.63757019254051,257.0,22.0,129.0,105.1,114.25,118.325
8126,2017,20600.0,1814000.0,879.7,91.55,2143.833122491948,261.554,17.027012,1,16.53732,15533542.0,336.4091301756647,55.46941274867426,254.0,24.0,135.0,96.7,94.2,101.7
8126,2018,21400.0,1303500.0,608.9,62.81,2207.479056975729,110.562,19.199797,10,17.178646,17831614.0,336.4091301756647,55.46941274867426,259.40162601626014,17.297560975609755,122.63577235772358,95.4,96.925,109.125
8126,2019,19700.0,1592700.0,807.0,82.38,2011.0111499243974,166.60301,17.909405,4,15.311416,17391742.0,336.4091301756647,55.46941274867426,258.0,15.0,121.0,90.0,102.65,110.55
8126,2020,18700.0,1294500.0,691.9,67.41,1821.8918892587196,154.61203,18.393759,9,14.597189,16852902.0,336.4091301756647,55.46941274867426,269.0,8.0,105.0,100.0,100.0,100.0
8126,2021,19500.0,1641600.0,840.5,86.0,1995.2409256451626,227.048,16.799314,0,14.799616,14945873.0,336.4091301756647,55.46941274867426,257.0,22.0,129.0,105.1,114.25,118.325
8127,2019,19700.0,1592700.0,807.0,77.8,1899.2069369278722,189.00293,17.41503,4,14.848026,17273462.0,438.4217083344317,55.9660877410672,258.0,15.0,121.0,90.0,102.65,110.55
8128,2017,20600.0,1814000.0,879.7,86.88,2034.4753870245816,279.78314,16.916887,1,16.320753,15532850.0,333.40966965901134,51.929721011856586,254.0,24.0,135.0,96.7,94.2,101.7
8128,2018,21400.0,1303500.0,608.9,58.34,2050.3793692718355,101.71375,19.169483,10,17.086708,17953236.0,333.40966965901134,51.929721011856586,259.40162601626014,17.297560975609755,122.63577235772358,95.4,96.925,109.125
8128,2019,19700.0,1592700.0,807.0,77.75,1897.9863669169933,173.98251,17.808971,4,15.324296,17320770.0,333.40966965901134,51.929721011856586,258.0,15.0,121.0,90.0,102.65,110.55
8128,2020,18700.0,1294500.0,691.9,73.21,1978.6486457889164,148.9175,18.443192,9,14.466037,16807838.0,333.40966965901134,51.929721011856586,269.0,8.0,105.0,100.0,100.0,100.0
8128,2021,19500.0,1641600.0,840.5,89.38,2073.658534118193,247.70563,16.866457,0,14.874075,14932395.0,333.40966965901134,51.929721011856586,257.0,22.0,129.0,105.1,114.25,118.325
8215,2017,20600.0,1814000.0,879.7,77.35,1811.310672034431,259.52716,18.339231,5,17.962551,15936903.0,177.52681894776447,50.89967809672198,254.0,24.0,135.0,96.7,94.2,101.7
8215,2018,21400.0,1303500.0,608.9,57.08,2006.0962358251006,106.93356,20.66068,15,18.40779,18082246.0,177.52681894776447,50.89967809672198,259.40162601626014,17.297560975609755,122.63577235772358,95.4,96.925,109.125
8215,2019,19700.0,1592700.0,807.0,76.19,1859.9045825775654,157.13643,19.555674,11,16.615837,17816402.0,177.52681894776447,50.89967809672198,258.0,15.0,121.0,90.0,102.65,110.55
8215,2020,18700.0,1294500.0,691.9,56.37,1523.5135113115862,125.87143,19.905796,13,15.973481,17247784.0,177.52681894776447,50.89967809672198,269.0,8.0,105.0,100.0,100.0,100.0
8215,2021,19500.0,1641600.0,840.5,86.4,2004.5211159970006,222.75145,18.151773,0,16.044313,15481831.0,177.52681894776447,50.89967809672198,257.0,22.0,129.0,105.1,114.25,118.325
8225,2017,20600.0,1814000.0,879.7,94.44,2211.5084662822455,310.6014,16.838999,1,16.402859,15605383.0,355.92770085814504,55.70083988664711,254.0,24.0,135.0,96.7,94.2,101.7
8225,2018,21400.0,1303500.0,608.9,46.28,1626.5265205673732,118.88357,19.215294,10,17.04473,18000300.0,355.92770085814504,55.70083988664711,259.40162601626014,17.297560975609755,122.63577235772358,95.4,96.925,109.125
8225,2019,19700.0,1592700.0,807.0,77.41,1889.6864908430155,197.7757,17.93285,4,15.3274145,17475156.0,355.92770085814504,55.70083988664711,258.0,15.0,121.0,90.0,102.65,110.55
8225,2020,18700.0,1294500.0,691.9,71.49,1932.1621593696166,154.82285,18.440449,9,14.58089,16877668.0,355.92770085814504,55.70083988664711,269.0,8.0,105.0,100.0,100.0,100.0
8225,2021,19500.0,1641600.0,840.5,73.95,1715.6751912960437,252.2057,16.786911,0,14.747178,15003567.0,355.92770085814504,55.70083988664711,257.0,22.0,129.0,105.1,114.25,118.325
8226,2017,20600.0,1814000.0,879.7,85.45,2000.9889712390711,273.7788,17.803373,3,17.483059,15702781.0,209.0248696311348,54.230921024529486,254.0,24.0,135.0,96.7,94.2,101.7
8226,2018,21400.0,1303500.0,608.9,63.1,2217.6712067372787,102.7125,20.407597,14,18.079975,18038548.0,209.0248696311348,54.230921024529486,259.40162601626014,17.297560975609755,122.63577235772358,95.4,96.925,109.125
8226,2019,19700.0,1592700.0,807.0,79.42,1938.7534052803553,164.89314,19.035568,7,16.313322,17613600.0,209.0248696311348,54.230921024529486,258.0,15.0,121.0,90.0,102.65,110.55
8226,2020,18700.0,1294500.0,691.9,76.94,2079.459456454026,123.04187,19.533516,10,15.644168,16984628.0,209.0248696311348,54.230921024529486,269.0,8.0,105.0,100.0,100.0,100.0
8226,2021,19500.0,1641600.0,840.5,89.34,2072.73051508301,213.8825,17.726027,0,15.720044,15147313.0,209.0248696311348,54.230921024529486,257.0,22.0,129.0,105.1,114.25,118.325
8425,2018,21400.0,1303500.0,608.9,65.46,2300.6142185898925,202.89833,17.989033,3,15.805052,17549616.0,606.9436369425779,51.33948169282452,259.40162601626014,17.297560975609755,122.63577235772358,95.4,96.925,109.125
8425,2019,19700.0,1592700.0,807.0,74.15,1810.1053261336988,268.02167,16.977528,3,14.16635,17179628.0,606.9436369425779,51.33948169282452,258.0,15.0,121.0,90.0,102.65,110.55
8425,2020,18700.0,1294500.0,691.9,80.46,2174.5945914516624,282.63055,17.253607,2,13.498628,16994614.0,606.9436369425779,51.33948169282452,269.0,8.0,105.0,100.0,100.0,100.0
8425,2021,19500.0,1641600.0,840.5,76.39,1772.2843524422556,346.60553,15.951276,0,13.649767,15626688.0,606.9436369425779,51.33948169282452,257.0,22.0,129.0,105.1,114.25,118.325
9174,2018,69000.0,5147400.0,746.1,97.72,9037.233602684313,220.18001,18.737988,9,16.945377,17569098.0,497.4195387326888,42.40783205362409,259.40162601626014,17.297560975609755,122.63577235772358,95.4,96.925,109.125
9174,2019,67600.0,5589600.0,826.4,81.09,6633.209091682952,313.095,17.58321,5,15.165838,16688213.0,497.4195387326888,42.40783205362409,258.0,15.0,121.0,90.0,102.65,110.55
9176,2017,71100.0,6567700.0,923.7,90.92,6998.389079789554,278.37003,16.776697,2,16.468931,15652952.0,467.7335862393804,44.97050160649565,254.0,24.0,135.0,96.7,94.2,101.7
9176,2018,69000.0,5147400.0,746.1,81.33,7521.471642512435,163.44933,18.528051,5,16.869555,17754676.0,467.7335862393804,44.97050160649565,259.40162601626014,17.297560975609755,122.63577235772358,95.4,96.925,109.125
9176,2019,67600.0,5589600.0,826.4,81.94,6702.739585306463,233.04533,17.641024,6,15.342803,16813346.0,467.7335862393804,44.97050160649565,258.0,15.0,121.0,90.0,102.65,110.55
9176,2020,63500.0,5308100.0,835.7,84.97,6456.377879075771,229.66269,17.744404,3,14.113106,16596840.0,467.7335862393804,44.97050160649565,269.0,8.0,105.0,100.0,100.0,100.0
9176,2021,62900.0,5646400.0,897.1,86.33,6053.011920574058,298.09137,16.555883,0,14.602714,15292767.0,467.7335862393804,44.97050160649565,257.0,22.0,129.0,105.1,114.25,118.325
9177,2020,63500.0,5308100.0,835.7,91.04,6917.60200201316,316.00818,17.744055,3,14.143206,16682063.0,486.1818432301588,45.0013349006324,269.0,8.0,105.0,100.0,100.0,100.0
9177,2021,62900.0,5646400.0,897.1,93.44,6551.52825041631,408.8809,16.774342,0,14.82355,15808178.0,486.1818432301588,45.0013349006324,257.0,22.0,129.0,105.1,114.25,118.325
9178,2017,71100.0,6567700.0,923.7,85.34,6568.879499221739,303.47107,17.05686,3,16.749928,15910674.0,467.8151530219496,43.12180830083252,254.0,24.0,135.0,96.7,94.2,101.7
9179,2017,71100.0,6567700.0,923.7,88.42,6805.956472008274,333.78497,16.817968,1,16.294497,16105646.0,543.671344847516,44.93198598146209,254.0,24.0,135.0,96.7,94.2,101.7
9181,2017,71100.0,6567700.0,923.7,89.77,6909.870080210165,360.22223,16.34674,1,15.762698,16156167.0,627.7717723774085,49.032628629115536,254.0,24.0,135.0,96.7,94.2,101.7
9181,2018,69000.0,5147400.0,746.1,98.76,9133.413739266301,250.52779,18.162518,3,16.08303,17538746.0,627.7717723774085,49.032628629115536,259.40162601626014,17.297560975609755,122.63577235772358,95.4,96.925,109.125
9181,2019,67600.0,5589600.0,826.4,91.9,7517.473369412545,371.7889,16.991953,3,14.310415,16645625.0,627.7717723774085,49.032628629115536,258.0,15.0,121.0,90.0,102.65,110.55
9181,2020,63500.0,5308100.0,835.7,88.73,6742.0784890007435,358.56555,17.102856,1,13.379522,16750029.0,627.7717723774085,49.032628629115536,269.0,8.0,105.0,100.0,100.0,100.0
9181,2021,62900.0,5646400.0,897.1,77.68,5446.518776673149,453.76886,16.18537,0,13.918725,15714294.0,627.7717723774085,49.032628629115536,257.0,22.0,129.0,105.1,114.25,118.325
9185,2017,71100.0,6567700.0,923.7,89.45,6885.238706414162,277.2989,17.046558,2,16.708897,15905887.0,417.10512027480473,39.96029541523365,254.0,24.0,135.0,96.7,94.2,101.7
9185,2018,69000.0,5147400.0,746.1,78.3,7241.254513816841,173.67,18.845243,8,17.091257,17796692.0,417.10512027480473,39.96029541523365,259.40162601626014,17.297560975609755,122.63577235772358,95.4,96.925,109.125
9185,2019,67600.0,5589600.0,826.4,87.85,7186.181017441698,265.59113,17.839672,6,15.457647,16969184.0,417.10512027480473,39.96029541523365,258.0,15.0,121.0,90.0,102.65,110.55
9185,2020,63500.0,5308100.0,835.7,85.92,6528.5628736046865,239.71777,17.893301,4,14.270767,16761299.0,417.10512027480473,39.96029541523365,269.0,8.0,105.0,100.0,100.0,100.0
9185,2021,62900.0,5646400.0,897.1,81.05,5682.80570094437,311.40222,16.824526,0,14.852303,15579446.0,417.10512027480473,39.96029541523365,257.0,22.0,129.0,105.1,114.25,118.325
9186,2017,71100.0,6567700.0,923.7,87.0,6696.654750788508,275.383,17.146793,3,16.84284,15834862.0,438.441564024743,40.93424648046478,254.0,24.0,135.0,96.7,94.2,101.7
9186,2018,69000.0,5147400.0,746.1,74.14,6856.533967488896,189.654,19.00513,9,17.252548,17632282.0,438.441564024743,40.93424648046478,259.40162601626014,17.297560975609755,122.63577235772358,95.4,96.925,109.125
9186,2019,67600.0,5589600.0,826.4,79.04,6465.517901179191,262.01498,17.931324,6,15.578029,16693453.0,438.441564024743,40.93424648046478,258.0,15.0,121.0,90.0,102.65,110.55
9186,2021,62900.0,5646400.0,897.1,81.76,5732.587219114272,337.60397,16.891363,0,14.893887,15495791.0,438.441564024743,40.93424648046478,257.0,22.0,129.0,105.1,114.25,118.325
9271,2017,71100.0,6567700.0,923.7,94.02,7237.005513438339,271.77182,17.159357,1,16.904243,16297628.0,407.29489499139714,50.91396782333208,254.0,24.0,135.0,96.7,94.2,101.7
9271,2018,69000.0,5147400.0,746.1,87.37,8080.056281892433,226.71545,18.721745,5,17.361988,17957990.0,407.29489499139714,50.91396782333208,259.40162601626014,17.297560975609755,122.63577235772358,95.4,96.925,109.125
9271,2019,67600.0,5589600.0,826.4,93.35,7636.084211476181,269.04364,17.953943,5,16.050959,16665606.0,407.29489499139714,50.91396782333208,258.0,15.0,121.0,90.0,102.65,110.55
9271,2020,63500.0,5308100.0,835.7,94.24,7160.751457268456,314.2118,17.868624,2,14.4119005,16894362.0,407.29489499139714,50.91396782333208,269.0,8.0,105.0,100.0,100.0,100.0
9271,2021,62900.0,5646400.0,897.1,99.67,6988.343543653614,322.30182,17.004616,0,15.21174,15922987.0,407.29489499139714,50.91396782333208,257.0,22.0,129.0,105.1,114.25,118.325
9273,2017,71100.0,6567700.0,923.7,96.85,7454.839225446747,270.74167,17.097404,3,16.785362,15753749.0,428.1411560808996,43.42475805830125,254.0,24.0,135.0,96.7,94.2,101.7
9273,2018,69000.0,5147400.0,746.1,82.04,7587.133081909754,177.19499,18.912428,9,17.249426,17708368.0,428.1411560808996,43.42475805830125,259.40162601626014,17.297560975609755,122.63577235772358,95.4,96.925,109.125
9273,2019,67600.0,5589600.0,826.4,94.25,7709.704734136369,228.75499,17.97511,7,15.671994,16717891.0,428.1411560808996,43.42475805830125,258.0,15.0,121.0,90.0,102.65,110.55
9273,2020,63500.0,5308100.0,835.7,96.03,7296.763183801886,231.73999,18.05115,4,14.34386,16605814.0,428.1411560808996,43.42475805830125,269.0,8.0,105.0,100.0,100.0,100.0
9273,2021,62900.0,5646400.0,897.1,96.25,6748.550878666201,313.41833,16.829195,0,14.89971,15406983.0,428.1411560808996,43.42475805830125,257.0,22.0,129.0,105.1,114.25,118.325
9274,2017,71100.0,6567700.0,923.7,90.19,6942.19875831742,292.2284,17.139996,4,16.857134,15970214.0,461.1059024770922,44.336303727716256,254.0,24.0,135.0,96.7,94.2,101.7
9274,2018,69000.0,5147400.0,746.1,92.23,8529.513458612098,202.43893,18.970411,9,17.245104,17684580.0,461.1059024770922,44.336303727716256,259.40162601626014,17.297560975609755,122.63577235772358,95.4,96.925,109.125
9274,2019,67600.0,5589600.0,826.4,83.89,6862.25071773687,268.09583,17.887335,4,15.59947,16587690.0,461.1059024770922,44.336303727716256,258.0,15.0,121.0,90.0,102.65,110.55
9274,2020,63500.0,5308100.0,835.7,93.61,7112.88140826507,288.02997,17.9205,3,14.1845455,16637192.0,461.1059024770922,44.336303727716256,269.0,8.0,105.0,100.0,100.0,100.0
9274,2021,62900.0,5646400.0,897.1,101.95,7148.2053203118885,356.48688,16.854994,0,14.898159,15699331.0,461.1059024770922,44.336303727716256,257.0,22.0,129.0,105.1,114.25,118.325
9277,2017,71100.0,6567700.0,923.7,80.46,6193.2510488326825,309.65375,17.322212,2,17.029099,16250232.0,439.094696242417,47.97796350824268,254.0,24.0,135.0,96.7,94.2,101.7
9277,2018,69000.0,5147400.0,746.1,72.54,6708.564526593534,249.36125,19.004545,8,17.543655,17848318.0,439.094696242417,47.97796350824268,259.40162601626014,17.297560975609755,122.63577235772358,95.4,96.925,109.125
9277,2019,67600.0,5589600.0,826.4,66.3,5423.378502633859,271.7762,18.119984,6,15.94368,16594189.0,439.094696242417,47.97796350824268,258.0,15.0,121.0,90.0,102.65,110.55
9277,2020,63500.0,5308100.0,835.7,74.61,5669.181517686751,378.3288,18.006252,5,14.392956,16814578.0,439.094696242417,47.97796350824268,269.0,8.0,105.0,100.0,100.0,100.0
9277,2021,62900.0,5646400.0,897.1,83.61,5862.29962561331,349.83627,17.122263,0,15.223393,16041756.0,439.094696242417,47.97796350824268,257.0,22.0,129.0,105.1,114.25,118.325
9278,2017,71100.0,6567700.0,923.7,97.76,7524.884694679134,265.82,17.100384,2,16.809841,16084141.0,427.0374629890868,45.09221306462092,254.0,24.0,135.0,96.7,94.2,101.7
9278,2018,69000.0,5147400.0,746.1,82.77,7654.644139318262,187.66,18.847319,7,17.355507,17885608.0,427.0374629890868,45.09221306462092,259.40162601626014,17.297560975609755,122.63577235772358,95.4,96.925,109.125
9278,2019,67600.0,5589600.0,826.4,96.33,7879.849942062137,232.09924,17.959415,5,15.902135,16742065.0,427.0374629890868,45.09221306462092,258.0,15.0,121.0,90.0,102.65,110.55
9278,2020,63500.0,5308100.0,835.7,97.8,7431.255226239972,274.0677,17.958282,3,14.380265,16806054.0,427.0374629890868,45.09221306462092,269.0,8.0,105.0,100.0,100.0,100.0
9278,2021,62900.0,5646400.0,897.1,96.71,6780.803693255151,291.96536,16.914942,0,15.085432,15673564.0,427.0374629890868,45.09221306462092,257.0,22.0,129.0,105.1,114.25,118.325
9279,2017,71100.0,6567700.0,923.7,92.5,7120.006487907322,259.06448,17.36673,4,17.10151,16127418.0,406.1664700824181,44.82995494398418,254.0,24.0,135.0,96.7,94.2,101.7
9279,2018,69000.0,5147400.0,746.1,79.46,7348.532358465979,190.47665,19.25607,11,17.60457,17831788.0,406.1664700824181,44.82995494398418,259.40162601626014,17.297560975609755,122.63577235772358,95.4,96.925,109.125
9279,2019,67600.0,5589600.0,826.4,84.48,6910.513060369661,227.85335,18.185812,7,15.927129,16624068.0,406.1664700824181,44.82995494398418,258.0,15.0,121.0,90.0,102.65,110.55
9279,2020,63500.0,5308100.0,835.7,90.73,6894.046898535304,286.2,18.170301,4,14.416589,16781576.0,406.1664700824181,44.82995494398418,269.0,8.0,105.0,100.0,100.0,100.0
9279,2021,62900.0,5646400.0,897.1,92.08,6456.172102935935,304.74777,17.071943,0,15.212479,15824580.0,406.1664700824181,44.82995494398418,257.0,22.0,129.0,105.1,114.25,118.325
9375,2017,71100.0,6567700.0,923.7,88.67,6825.199732786403,261.15533,17.05585,4,16.722784,15791009.0,420.27434483932,42.50684605147087,254.0,24.0,135.0,96.7,94.2,101.7
9375,2018,69000.0,5147400.0,746.1,85.16,7875.673491655711,169.66867,18.900507,8,17.306725,17741486.0,420.27434483932,42.50684605147087,259.40162601626014,17.297560975609755,122.63577235772358,95.4,96.925,109.125
9375,2019,67600.0,5589600.0,826.4,83.81,6855.706671278187,216.23999,17.97682,7,15.759509,16762225.0,420.27434483932,42.50684605147087,258.0,15.0,121.0,90.0,102.65,110.55
9375,2020,63500.0,5308100.0,835.7,91.52,6954.074420301454,234.36131,18.0328,4,14.360564,16649508.0,420.27434483932,42.50684605147087,269.0,8.0,105.0,100.0,100.0,100.0
9375,2021,62900.0,5646400.0,897.1,90.62,6353.804474023181,286.26196,16.838726,0,14.935872,15386646.0,420.27434483932,42.50684605147087,257.0,22.0,129.0,105.1,114.25,118.325
9471,2017,71100.0,6567700.0,923.7,82.26,6331.802526435204,298.57593,16.667234,1,16.245054,15273233.0,354.51425311703053,46.39872623882177,254.0,24.0,135.0,96.7,94.2,101.7
9471,2018,69000.0,5147400.0,746.1,43.38,4011.821466275537,120.408,19.011753,9,17.324217,17788026.0,354.51425311703053,46.39872623882177,259.40162601626014,17.297560975609755,122.63577235772358,95.4,96.925,109.125
9471,2020,63500.0,5308100.0,835.7,60.98,4633.516806708727,182.36603,18.150763,7,14.361051,16512150.0,354.51425311703053,46.39872623882177,269.0,8.0,105.0,100.0,100.0,100.0
9471,2021,62900.0,5646400.0,897.1,60.57,4246.85430359285,265.58533,16.776953,0,14.940307,14657827.0,354.51425311703053,46.39872623882177,257.0,22.0,129.0,105.1,114.25,118.325
9473,2017,71100.0,6567700.0,923.7,91.91,7074.59239247094,283.78165,16.400108,1,16.073456,14966778.0,353.7904271423471,45.2185170585857,254.0,24.0,135.0,96.7,94.2,101.7
9473,2018,69000.0,5147400.0,746.1,49.08,4538.962599465269,119.09501,18.77701,9,17.10725,17552418.0,353.7904271423471,45.2185170585857,259.40162601626014,17.297560975609755,122.63577235772358,95.4,96.925,109.125
9571,2017,71100.0,6567700.0,923.7,91.73,7060.737244710688,307.02957,16.494993,2,16.036884,15515093.0,449.6186755788706,44.64995754944797,254.0,24.0,135.0,96.7,94.2,101.7
9571,2018,69000.0,5147400.0,746.1,47.17,4362.324079396429,139.27792,18.512724,5,16.64861,17809460.0,449.6186755788706,44.64995754944797,259.40162601626014,17.297560975609755,122.63577235772358,95.4,96.925,109.125
9571,2019,67600.0,5589600.0,826.4,69.93,5720.31461069662,209.34999,17.405548,4,15.038225,17080392.0,449.6186755788706,44.64995754944797,258.0,15.0,121.0,90.0,102.65,110.55
9571,2020,63500.0,5308100.0,835.7,57.23,4348.5760388314275,197.75958,17.861477,6,14.013876,16736373.0,449.6186755788706,44.64995754944797,269.0,8.0,105.0,100.0,100.0,100.0
9571,2021,62900.0,5646400.0,897.1,83.25,5837.058292456741,263.29086,16.373173,0,14.406779,14970773.0,449.6186755788706,44.64995754944797,257.0,22.0,129.0,105.1,114.25,118.325
9573,2017,71100.0,6567700.0,923.7,72.33,5567.460208327963,300.53497,16.879187,2,16.445906,15531889.0,355.12600336415136,39.8564981078154,254.0,24.0,135.0,96.7,94.2,101.7
9573,2018,69000.0,5147400.0,746.1,43.25,3999.798949202789,131.55,19.02319,8,17.322622,17916128.0,355.12600336415136,39.8564981078154,259.40162601626014,17.297560975609755,122.63577235772358,95.4,96.925,109.125
9573,2019,67600.0,5589600.0,826.4,72.17,5903.547911539753,197.13,17.936325,5,15.757199,16969092.0,355.12600336415136,39.8564981078154,258.0,15.0,121.0,90.0,102.65,110.55
9573,2020,63500.0,5308100.0,835.7,64.93,4933.654415539483,191.10498,18.346869,7,14.523472,16709805.0,355.12600336415136,39.8564981078154,269.0,8.0,105.0,100.0,100.0,100.0
9573,2021,62900.0,5646400.0,897.1,84.83,5947.839699088352,254.875,16.87934,0,15.031508,14887620.0,355.12600336415136,39.8564981078154,257.0,22.0,129.0,105.1,114.25,118.325
9575,2017,71100.0,6567700.0,923.7,95.23,7330.142895604478,305.826,16.811867,1,16.263199,15541732.0,356.623046133806,44.30047674715925,254.0,24.0,135.0,96.7,94.2,101.7
9575,2018,69000.0,5147400.0,746.1,60.93,5634.8612710965535,124.32133,19.022226,8,17.085215,17925328.0,356.623046133806,44.30047674715925,259.40162601626014,17.297560975609755,122.63577235772358,95.4,96.925,109.125
9575,2019,67600.0,5589600.0,826.4,79.16,6475.333970867214,196.51865,17.764715,4,15.457887,17118202.0,356.623046133806,44.30047674715925,258.0,15.0,121.0,90.0,102.65,110.55
9575,2020,63500.0,5308100.0,835.7,70.2,5334.091174663047,178.36732,18.387758,9,14.410643,16764618.0,356.623046133806,44.30047674715925,269.0,8.0,105.0,100.0,100.0,100.0
9575,2021,62900.0,5646400.0,897.1,91.07,6385.356140468893,260.46,16.80527,0,14.896484,14917411.0,356.623046133806,44.30047674715925,257.0,22.0,129.0,105.1,114.25,118.325
9576,2017,71100.0,6567700.0,923.7,76.22,5866.885346035633,300.31503,16.879824,2,16.539602,15460385.0,416.8662560296776,43.01612137881482,254.0,24.0,135.0,96.7,94.2,101.7
9577,2018,69000.0,5147400.0,746.1,63.66,5887.334129624267,154.50919,18.406548,4,16.618404,17808936.0,490.3084003469995,45.34564951930825,259.40162601626014,17.297560975609755,122.63577235772358,95.4,96.925,109.125
9577,2019,67600.0,5589600.0,826.4,62.62,5122.352365534423,227.57169,17.452595,4,15.028263,16973658.0,490.3084003469995,45.34564951930825,258.0,15.0,121.0,90.0,102.65,110.55
9672,2017,71100.0,6567700.0,923.7,81.02,6236.3559529756885,299.01,16.03342,0,15.566328,15171787.0,378.590599867644,54.50920750922612,254.0,24.0,135.0,96.7,94.2,101.7
9672,2018,69000.0,5147400.0,746.1,47.37,4380.820259508349,105.96187,18.3534,6,16.517443,17864322.0,378.590599867644,54.50920750922612,259.40162601626014,17.297560975609755,122.63577235772358,95.4,96.925,109.125
9672,2019,67600.0,5589600.0,826.4,62.39,5103.538231965709,195.48499,17.011547,4,14.797771,16844570.0,378.590599867644,54.50920750922612,258.0,15.0,121.0,90.0,102.65,110.55
9672,2020,63500.0,5308100.0,835.7,63.11,4795.363162863033,148.10999,17.512865,3,13.811057,16429397.0,378.590599867644,54.50920750922612,269.0,8.0,105.0,100.0,100.0,100.0
9672,2021,62900.0,5646400.0,897.1,85.98,6028.471735560727,263.32877,16.133993,0,14.315783,14745235.0,378.590599867644,54.50920750922612,257.0,22.0,129.0,105.1,114.25,118.325
9673,2017,71100.0,6567700.0,923.7,86.98,6695.115289926258,292.76703,15.782829,0,15.331977,14992167.0,399.6528141776127,52.04001503592565,254.0,24.0,135.0,96.7,94.2,101.7
9673,2018,69000.0,5147400.0,746.1,60.05,5553.478078604104,109.51999,18.117586,6,16.239502,17778740.0,399.6528141776127,52.04001503592565,259.40162601626014,17.297560975609755,122.63577235772358,95.4,96.925,109.125
9673,2019,67600.0,5589600.0,826.4,60.44,4944.027099535301,181.01797,16.745329,4,14.591577,16582606.0,399.6528141776127,52.04001503592565,258.0,15.0,121.0,90.0,102.65,110.55
9673,2020,63500.0,5308100.0,835.7,68.93,5237.5912346086025,154.95299,17.179464,4,13.509719,16237405.0,399.6528141776127,52.04001503592565,269.0,8.0,105.0,100.0,100.0,100.0
9673,2021,62900.0,5646400.0,897.1,75.48,5292.266185160778,272.89502,15.891577,0,14.071573,14523994.0,399.6528141776127,52.04001503592565,257.0,22.0,129.0,105.1,114.25,118.325
9674,2017,71100.0,6567700.0,923.7,88.89,6842.133802271155,281.84308,16.64677,1,16.163073,15209255.0,328.89888500557123,46.22027646058158,254.0,24.0,135.0,96.7,94.2,101.7
9674,2018,69000.0,5147400.0,746.1,64.65,5978.890221178274,108.99307,19.020227,9,17.305925,17772630.0,328.89888500557123,46.22027646058158,259.40162601626014,17.297560975609755,122.63577235772358,95.4,96.925,109.125
9674,2019,67600.0,5589600.0,826.4,59.55,4871.224582682448,173.96924,17.78041,5,15.54055,16814860.0,328.89888500557123,46.22027646058158,258.0,15.0,121.0,90.0,102.65,110.55
9674,2020,63500.0,5308100.0,835.7,68.18,5180.603081033142,157.67076,18.153046,7,14.2776375,16463297.0,328.89888500557123,46.22027646058158,269.0,8.0,105.0,100.0,100.0,100.0
9674,2021,62900.0,5646400.0,897.1,76.33,5351.8637773360115,247.43384,16.784351,0,14.908967,14690943.0,328.89888500557123,46.22027646058158,257.0,22.0,129.0,105.1,114.25,118.325
9675,2017,71100.0,6567700.0,923.7,92.89,7150.025974721201,293.27502,17.05148,1,16.480978,15516732.0,278.4854999450129,45.36807458445826,254.0,24.0,135.0,96.7,94.2,101.7
9675,2018,69000.0,5147400.0,746.1,51.85,4795.134694015367,108.045006,19.318771,10,17.456318,18019446.0,278.4854999450129,45.36807458445826,259.40162601626014,17.297560975609755,122.63577235772358,95.4,96.925,109.125
9675,2019,67600.0,5589600.0,826.4,71.37,5838.107446952919,189.31502,18.006655,5,15.73397,17182632.0,278.4854999450129,45.36807458445826,258.0,15.0,121.0,90.0,102.65,110.55
9675,2020,63500.0,5308100.0,835.7,63.06,4791.563952624669,157.85501,18.620672,9,14.683851,16775950.0,278.4854999450129,45.36807458445826,269.0,8.0,105.0,100.0,100.0,100.0
9675,2021,62900.0,5646400.0,897.1,84.8,5945.736254658636,262.81,17.122866,0,15.294882,14932134.0,278.4854999450129,45.36807458445826,257.0,22.0,129.0,105.1,114.25,118.325
9676,2017,71100.0,6567700.0,923.7,89.34,6876.771671671786,325.542,16.79961,1,16.281492,15467107.0,297.1266770863703,58.32921233383006,254.0,24.0,135.0,96.7,94.2,101.7
9676,2018,69000.0,5147400.0,746.1,71.2,6584.640119843667,117.37399,19.286133,10,17.016668,18000590.0,297.1266770863703,58.32921233383006,259.40162601626014,17.297560975609755,122.63577235772358,95.4,96.925,109.125
9676,2019,67600.0,5589600.0,826.4,80.81,6610.30492907756,208.773,17.99365,4,15.28723,17325214.0,297.1266770863703,58.32921233383006,258.0,15.0,121.0,90.0,102.65,110.55
9676,2020,63500.0,5308100.0,835.7,72.89,5538.48868548703,151.128,18.638708,9,14.567392,16737295.0,297.1266770863703,58.32921233383006,269.0,8.0,105.0,100.0,100.0,100.0
9677,2017,71100.0,6567700.0,923.7,90.16,6939.8895670240445,294.97824,16.56071,1,15.983797,15354162.0,310.7730440507332,56.03867990623019,254.0,24.0,135.0,96.7,94.2,101.7
9677,2018,69000.0,5147400.0,746.1,68.97,6378.407711595754,102.86,18.887833,10,16.940361,17965826.0,310.7730440507332,56.03867990623019,259.40162601626014,17.297560975609755,122.63577235772358,95.4,96.925,109.125
9677,2019,67600.0,5589600.0,826.4,69.66,5698.228453898562,187.50117,17.539923,4,15.134189,17125094.0,310.7730440507332,56.03867990623019,258.0,15.0,121.0,90.0,102.65,110.55
9677,2020,63500.0,5308100.0,835.7,76.56,5817.350716982947,142.25471,18.183344,9,14.313898,16630432.0,310.7730440507332,56.03867990623019,269.0,8.0,105.0,100.0,100.0,100.0
9677,2021,62900.0,5646400.0,897.1,87.75,6152.574956913862,264.17706,16.624107,0,14.722708,14881683.0,310.7730440507332,56.03867990623019,257.0,22.0,129.0,105.1,114.25,118.325
9678,2017,71100.0,6567700.0,923.7,86.0,6619.681707675996,289.3345,16.838243,1,16.2964,15382374.0,289.2862406787357,46.60291763957963,254.0,24.0,135.0,96.7,94.2,101.7
9678,2018,69000.0,5147400.0,746.1,59.12,5467.470841083674,106.32819,19.13189,9,17.31755,17933828.0,289.2862406787357,46.60291763957963,259.40162601626014,17.297560975609755,122.63577235772358,95.4,96.925,109.125
9678,2019,67600.0,5589600.0,826.4,57.44,4698.625357334674,189.10547,17.847082,4,15.596123,17025808.0,289.2862406787357,46.60291763957963,258.0,15.0,121.0,90.0,102.65,110.55
9678,2020,63500.0,5308100.0,835.7,61.54,4676.067961378404,153.75818,18.365898,9,14.512751,16631809.0,289.2862406787357,46.60291763957963,269.0,8.0,105.0,100.0,100.0,100.0
9678,2021,62900.0,5646400.0,897.1,81.18,5691.9206268064645,255.09818,16.948511,0,15.109714,14874017.0,289.2862406787357,46.60291763957963,257.0,22.0,129.0,105.1,114.25,118.325
9679,2017,71100.0,6567700.0,923.7,95.47,7348.616425951481,286.07202,17.049757,1,16.426367,15535201.0,295.3339376478746,49.79183859996042,254.0,24.0,135.0,96.7,94.2,101.7
9679,2018,69000.0,5147400.0,746.1,60.18,5565.500595676852,102.341995,19.280684,10,17.302448,18001890.0,295.3339376478746,49.79183859996042,259.40162601626014,17.297560975609755,122.63577235772358,95.4,96.925,109.125
9679,2019,67600.0,5589600.0,826.4,79.29,6485.9680463625755,179.426,17.932316,5,15.54829,17267840.0,295.3339376478746,49.79183859996042,258.0,15.0,121.0,90.0,102.65,110.55
9679,2020,63500.0,5308100.0,835.7,72.46,5505.8154774371,149.505,18.59097,9,14.629477,16801342.0,295.3339376478746,49.79183859996042,269.0,8.0,105.0,100.0,100.0,100.0
9679,2021,62900.0,5646400.0,897.1,89.47,6273.172437550806,258.324,17.059631,0,15.146135,14955354.0,295.3339376478746,49.79183859996042,257.0,22.0,129.0,105.1,114.25,118.325
9771,2017,71100.0,6567700.0,923.7,95.09,7319.366669568727,297.48004,16.953623,2,16.498243,16003630.0,488.8423700832919,41.31451596523443,254.0,24.0,135.0,96.7,94.2,101.7
9771,2018,69000.0,5147400.0,746.1,95.42,8824.527531397229,201.52599,18.797863,8,16.885103,17628798.0,488.8423700832919,41.31451596523443,259.40162601626014,17.297560975609755,122.63577235772358,95.4,96.925,109.125
9771,2019,67600.0,5589600.0,826.4,94.89,7762.057105805836,311.15305,17.631641,5,15.127306,16858454.0,488.8423700832919,41.31451596523443,258.0,15.0,121.0,90.0,102.65,110.55
9771,2020,63500.0,5308100.0,835.7,99.54,7563.467742535039,271.557,17.713818,4,14.034641,16744707.0,488.8423700832919,41.31451596523443,269.0,8.0,105.0,100.0,100.0,100.0
9771,2021,62900.0,5646400.0,897.1,89.75,6292.804585561471,350.76596,16.743254,0,14.648521,15619923.0,488.8423700832919,41.31451596523443,257.0,22.0,129.0,105.1,114.25,118.325
9772,2017,71100.0,6567700.0,923.7,94.89,7303.972060946225,309.78455,16.64858,2,16.101332,16154431.0,510.956197286752,43.52074393646736,254.0,24.0,135.0,96.7,94.2,101.7
9772,2018,69000.0,5147400.0,746.1,81.73,7558.464002736277,210.08911,18.523949,7,16.494505,17684892.0,510.956197286752,43.52074393646736,259.40162601626014,17.297560975609755,122.63577235772358,95.4,96.925,109.125
9772,2019,67600.0,5589600.0,826.4,94.1,7697.434647026337,308.65457,17.316177,3,14.693773,16977454.0,510.956197286752,43.52074393646736,258.0,15.0,121.0,90.0,102.65,110.55
9772,2020,63500.0,5308100.0,835.7,94.69,7194.944349413731,299.23,17.436054,3,13.785262,16920642.0,510.956197286752,43.52074393646736,269.0,8.0,105.0,100.0,100.0,100.0
9772,2021,62900.0,5646400.0,897.1,81.81,5736.092959830461,364.17093,16.432262,0,14.264572,15749409.0,510.956197286752,43.52074393646736,257.0,22.0,129.0,105.1,114.25,118.325
9773,2017,71100.0,6567700.0,923.7,96.72,7444.832729842121,274.66275,16.863129,2,16.354418,15945269.0,454.5975139106636,41.17990861550313,254.0,24.0,135.0,96.7,94.2,101.7
9773,2018,69000.0,5147400.0,746.1,74.76,6913.872125835851,180.12727,18.683287,8,16.809721,17662966.0,454.5975139106636,41.17990861550313,259.40162601626014,17.297560975609755,122.63577235772358,95.4,96.925,109.125
9773,2019,67600.0,5589600.0,826.4,92.39,7557.55565397198,249.75998,17.648632,5,15.07296,17119054.0,454.5975139106636,41.17990861550313,258.0,15.0,121.0,90.0,102.65,110.55
9773,2020,63500.0,5308100.0,835.7,97.29,7392.503281808659,249.62816,17.695807,3,14.134921,16905120.0,454.5975139106636,41.17990861550313,269.0,8.0,105.0,100.0,100.0,100.0
9773,2021,62900.0,5646400.0,897.1,85.71,6009.540735693299,309.94543,16.585121,0,14.54537,15662351.0,454.5975139106636,41.17990861550313,257.0,22.0,129.0,105.1,114.25,118.325
9774,2017,71100.0,6567700.0,923.7,102.74,7908.2104493794395,286.497,16.5973,2,15.9844475,16209305.0,506.25228386240246,43.53821514599303,254.0,24.0,135.0,96.7,94.2,101.7
9774,2018,69000.0,5147400.0,746.1,87.47,8089.304371948392,192.351,18.565311,8,16.442286,17759696.0,506.25228386240246,43.53821514599303,259.40162601626014,17.297560975609755,122.63577235772358,95.4,96.925,109.125
9774,2019,67600.0,5589600.0,826.4,98.16,8029.5450048045195,271.69598,17.344841,4,14.643275,17185510.0,506.25228386240246,43.53821514599303,258.0,15.0,121.0,90.0,102.65,110.55
9774,2020,63500.0,5308100.0,835.7,97.96,7443.412699002736,279.82104,17.435131,3,13.838123,17095142.0,506.25228386240246,43.53821514599303,269.0,8.0,105.0,100.0,100.0,100.0
9774,2021,62900.0,5646400.0,897.1,88.63,6214.275993518809,342.661,16.31947,0,14.14628,15865823.0,506.25228386240246,43.53821514599303,257.0,22.0,129.0,105.1,114.25,118.325
9775,2017,71100.0,6567700.0,923.7,83.9,6458.0383171397225,294.914,16.483215,1,15.891821,16154102.0,515.0072983744109,43.576099256786335,254.0,24.0,135.0,96.7,94.2,101.7
9775,2018,69000.0,5147400.0,746.1,78.02,7215.359861660152,196.452,18.430872,7,16.215517,17747012.0,515.0072983744109,43.576099256786335,259.40162601626014,17.297560975609755,122.63577235772358,95.4,96.925,109.125
9775,2019,67600.0,5589600.0,826.4,78.5,6421.345587583077,276.46,17.187336,3,14.496372,17211524.0,515.0072983744109,43.576099256786335,258.0,15.0,121.0,90.0,102.65,110.55
9775,2020,63500.0,5308100.0,835.7,83.52,6346.200782163215,292.88998,17.370634,3,13.762695,17135284.0,515.0072983744109,43.576099256786335,269.0,8.0,105.0,100.0,100.0,100.0
9775,2021,62900.0,5646400.0,897.1,74.05,5192.002000677737,346.342,16.208212,0,14.004343,15861468.0,515.0072983744109,43.576099256786335,257.0,22.0,129.0,105.1,114.25,118.325
9779,2017,71100.0,6567700.0,923.7,89.63,6899.0938541744135,284.77603,16.59592,2,16.214563,15785869.0,460.92054801805193,42.67593741906976,254.0,24.0,135.0,96.7,94.2,101.7
9779,2018,69000.0,5147400.0,746.1,89.56,8282.58945411796,159.02533,18.393208,5,16.632286,17821440.0,460.92054801805193,42.67593741906976,259.40162601626014,17.297560975609755,122.63577235772358,95.4,96.925,109.125
9779,2019,67600.0,5589600.0,826.4,94.07,7694.980629604331,238.54533,17.455559,4,15.016155,17165898.0,460.92054801805193,42.67593741906976,258.0,15.0,121.0,90.0,102.65,110.55
9779,2020,63500.0,5308100.0,835.7,91.56,6957.113788492145,229.26668,17.56348,3,13.945675,16859630.0,460.92054801805193,42.67593741906976,269.0,8.0,105.0,100.0,100.0,100.0
9779,2021,62900.0,5646400.0,897.1,83.52,5855.989292324167,279.43396,16.375677,0,14.394966,15465785.0,460.92054801805193,42.67593741906976,257.0,22.0,129.0,105.1,114.25,118.325
12062,2017,6300.0,448700.0,711.6,73.01,646.3785825655164,214.94727,17.702103,2,16.871075,14983638.0,102.26153647522072,36.17198747447048,254.0,24.0,135.0,96.7,94.2,101.7
12062,2018,7500.0,383500.0,510.9,69.87,1025.689956888452,103.10773,20.06206,18,18.22074,17038026.0,102.26153647522072,36.17198747447048,259.40162601626014,17.297560975609755,122.63577235772358,95.4,96.925,109.125
12062,2019,7500.0,457000.0,611.5,67.12,823.2215849170539,154.39865,18.789448,8,17.105742,15910353.0,102.26153647522072,36.17198747447048,258.0,15.0,121.0,90.0,102.65,110.55
12063,2017,6300.0,448700.0,711.6,82.28,728.4485655867783,232.71524,17.192549,1,16.318146,14246520.0,34.27972390292592,35.81629520224732,254.0,24.0,135.0,96.7,94.2,101.7
12063,2018,7500.0,383500.0,510.9,43.18,633.8813845490675,81.40652,19.623201,14,18.004574,17105138.0,34.27972390292592,35.81629520224732,259.40162601626014,17.297560975609755,122.63577235772358,95.4,96.925,109.125
12063,2019,7500.0,457000.0,611.5,61.82,758.2174967159158,175.49434,18.464497,8,17.183043,15230685.0,34.27972390292592,35.81629520224732,258.0,15.0,121.0,90.0,102.65,110.55
12063,2020,6700.0,425700.0,635.7,78.13,823.4560314244831,180.84521,18.425081,5,15.592851,15142778.0,34.27972390292592,35.81629520224732,269.0,8.0,105.0,100.0,100.0,100.0
12063,2021,6800.0,464300.0,686.0,68.86,682.5772584802081,220.58653,17.873669,0,16.235563,13804186.0,34.27972390292592,35.81629520224732,257.0,22.0,129.0,105.1,114.25,118.325
12064,2017,6300.0,448700.0,711.6,67.79,600.1644173690777,253.29373,17.187557,1,16.16364,14624406.0,47.27500580551489,36.64059745746665,254.0,24.0,135.0,96.7,94.2,101.7
12064,2018,7500.0,383500.0,510.9,61.8,907.2225466681883,132.03188,19.274399,11,17.789196,16743385.0,47.27500580551489,36.64059745746665,259.40162601626014,17.297560975609755,122.63577235772358,95.4,96.925,109.125
12064,2019,7500.0,457000.0,611.5,56.83,697.0155344284292,177.69283,18.484636,8,17.15078,15302735.0,47.27500580551489,36.64059745746665,258.0,15.0,121.0,90.0,102.65,110.55
12064,2020,6700.0,425700.0,635.7,42.86,451.7256560457359,181.88031,18.54989,7,15.325794,15312525.0,47.27500580551489,36.64059745746665,269.0,8.0,105.0,100.0,100.0,100.0
12068,2018,7500.0,383500.0,510.9,60.95,894.74456665738,88.16333,19.075861,10,17.46945,16915116.0,56.8181698249282,35.8795768976114,259.40162601626014,17.297560975609755,122.63577235772358,95.4,96.925,109.125
12069,2018,7500.0,383500.0,510.9,37.35,548.2971216514052,79.018845,19.844719,15,18.076054,17116704.0,70.97111090237965,39.06239026621852,259.40162601626014,17.297560975609755,122.63577235772358,95.4,96.925,109.125
12069,2019,7500.0,457000.0,611.5,50.02,613.491413551118,171.66513,18.677217,9,17.400976,15483382.0,70.97111090237965,39.06239026621852,258.0,15.0,121.0,90.0,102.65,110.55
12070,2017,6300.0,448700.0,711.6,75.49,668.3347376780006,275.07,16.493572,0,15.601127,13598703.0,52.93772890964092,36.17088665928267,254.0,24.0,135.0,96.7,94.2,101.7
12070,2018,7500.0,383500.0,510.9,51.99,763.211977366976,82.20313,18.965809,10,17.45409,16830494.0,52.93772890964092,36.17088665928267,259.40162601626014,17.297560975609755,122.63577235772358,95.4,96.925,109.125
12070,2019,7500.0,457000.0,611.5,73.23,898.1602601828941,189.20686,17.68402,4,16.188927,14627882.0,52.93772890964092,36.17088665928267,258.0,15.0,121.0,90.0,102.65,110.55
12070,2020,6700.0,425700.0,635.7,74.04,780.3492201032732,179.7503,17.67404,3,14.909092,14797101.0,52.93772890964092,36.17088665928267,269.0,8.0,105.0,100.0,100.0,100.0
12070,2021,6800.0,464300.0,686.0,81.77,810.5481037747111,200.0922,17.509872,0,15.581775,13674670.0,52.93772890964092,36.17088665928267,257.0,22.0,129.0,105.1,114.25,118.325
12073,2017,6300.0,448700.0,711.6,70.55,624.5994932200681,264.81998,16.633173,0,15.386966,14157742.0,54.7569700705869,35.820799452742165,254.0,24.0,135.0,96.7,94.2,101.7
12073,2018,7500.0,383500.0,510.9,47.88,702.8772740205966,119.862686,18.790222,5,17.076077,16630652.0,54.7569700705869,35.820799452742165,259.40162601626014,17.297560975609755,122.63577235772358,95.4,96.925,109.125
12073,2019,7500.0,457000.0,611.5,65.31,801.0220755502502,187.30707,17.91132,3,16.306229,14996964.0,54.7569700705869,35.820799452742165,258.0,15.0,121.0,90.0,102.65,110.55
12073,2020,6700.0,425700.0,635.7,67.05,706.6776770384179,191.17,17.661335,4,14.5582075,15104993.0,54.7569700705869,35.820799452742165,269.0,8.0,105.0,100.0,100.0,100.0
12073,2021,6800.0,464300.0,686.0,70.94,703.1953342519018,254.83951,17.589417,0,15.441096,13920391.0,54.7569700705869,35.820799452742165,257.0,22.0,129.0,105.1,114.25,118.325
13071,2017,22200.0,1656400.0,745.7,73.11,2176.534796598451,243.13826,16.36568,0,15.059105,13761824.0,62.05753027410464,38.64812536384011,254.0,24.0,135.0,96.7,94.2,101.7
13071,2018,24900.0,1517500.0,609.3,56.56,2311.413093202999,92.75636,18.622282,6,16.716934,16567289.0,62.05753027410464,38.64812536384011,259.40162601626014,17.297560975609755,122.63577235772358,95.4,96.925,109.125
13071,2019,27500.0,2020800.0,735.8,67.96,2539.9565064692083,190.87985,17.44167,3,15.676661,14778440.0,62.05753027410464,38.64812536384011,258.0,15.0,121.0,90.0,102.65,110.55
13071,2020,30200.0,2300900.0,762.7,73.35,2904.3791754236536,194.34743,17.27036,2,14.205484,14941039.0,62.05753027410464,38.64812536384011,269.0,8.0,105.0,100.0,100.0,100.0
13071,2021,31700.0,2318900.0,730.9,70.82,3071.547403103643,226.50703,17.457794,0,15.062933,13927505.0,62.05753027410464,38.64812536384011,257.0,22.0,129.0,105.1,114.25,118.325
13072,2017,22200.0,1656400.0,745.7,74.88,2229.2289094418275,272.59143,16.01645,0,14.671229,13878627.0,36.06949016828116,38.63362555388887,254.0,24.0,135.0,96.7,94.2,101.7
13072,2018,24900.0,1517500.0,609.3,68.44,2796.9079225391306,101.83306,18.349758,5,16.43433,16622244.0,36.06949016828116,38.63362555388887,259.40162601626014,17.297560975609755,122.63577235772358,95.4,96.925,109.125
13072,2019,27500.0,2020800.0,735.8,77.78,2906.9719993109925,198.47816,17.107586,0,14.985216,14886357.0,36.06949016828116,38.63362555388887,258.0,15.0,121.0,90.0,102.65,110.55
13072,2020,30200.0,2300900.0,762.7,80.78,3198.5787292532073,178.75163,16.999552,0,13.968549,15250381.0,36.06949016828116,38.63362555388887,269.0,8.0,105.0,100.0,100.0,100.0
13072,2021,31700.0,2318900.0,730.9,74.57,3234.1893511640587,205.0206,17.290936,0,14.633945,14243210.0,36.06949016828116,38.63362555388887,257.0,22.0,129.0,105.1,114.25,118.325
13073,2017,22200.0,1656400.0,745.7,79.26,2359.624510715268,262.7029,16.130983,0,14.344463,14031502.0,14.737300532102989,43.14493181361785,254.0,24.0,135.0,96.7,94.2,101.7
13073,2018,24900.0,1517500.0,609.3,69.9,2856.573112002999,103.707085,18.493977,3,15.889843,16542492.0,14.737300532102989,43.14493181361785,259.40162601626014,17.297560975609755,122.63577235772358,95.4,96.925,109.125
13073,2019,27500.0,2020800.0,735.8,81.19,3034.418316071734,205.66513,17.181618,0,14.683704,15079917.0,14.737300532102989,43.14493181361785,258.0,15.0,121.0,90.0,102.65,110.55
13073,2020,30200.0,2300900.0,762.7,82.62,3271.435684710324,215.22878,17.0333,0,13.72381,15220959.0,14.737300532102989,43.14493181361785,269.0,8.0,105.0,100.0,100.0,100.0
13073,2021,31700.0,2318900.0,730.9,90.37,3919.454092325279,234.46683,17.39337,0,14.44543,14339462.0,14.737300532102989,43.14493181361785,257.0,22.0,129.0,105.1,114.25,118.325
13074,2017,22200.0,1656400.0,745.7,72.98,2172.6646075195595,283.8963,15.926661,0,14.690957,13734035.0,41.47393948165326,43.10618084867727,254.0,24.0,135.0,96.7,94.2,101.7
13074,2018,24900.0,1517500.0,609.3,56.48,2308.1437677529234,107.66999,18.249323,6,16.401112,16638829.0,41.47393948165326,43.10618084867727,259.40162601626014,17.297560975609755,122.63577235772358,95.4,96.925,109.125
13074,2019,27500.0,2020800.0,735.8,78.22,2923.4166853446363,195.16765,17.054314,1,14.845948,14682791.0,41.47393948165326,43.10618084867727,258.0,15.0,121.0,90.0,102.65,110.55
13074,2020,30200.0,2300900.0,762.7,79.01,3128.493505797176,167.73235,17.045868,0,14.094618,15184429.0,41.47393948165326,43.10618084867727,269.0,8.0,105.0,100.0,100.0,100.0
13074,2021,31700.0,2318900.0,730.9,63.41,2750.1669137362605,208.08102,17.120214,0,14.499795,14068138.0,41.47393948165326,43.10618084867727,257.0,22.0,129.0,105.1,114.25,118.325
13075,2017,22200.0,1656400.0,745.7,73.54,2189.3361912440173,248.55807,16.502983,0,15.068354,13899733.0,17.711266955122902,41.0799393666064,254.0,24.0,135.0,96.7,94.2,101.7
13075,2018,24900.0,1517500.0,609.3,57.17,2336.3416997598206,114.63788,18.832716,4,16.718288,16468246.0,17.711266955122902,41.0799393666064,259.40162601626014,17.297560975609755,122.63577235772358,95.4,96.925,109.125
13075,2019,27500.0,2020800.0,735.8,70.15,2621.806193773028,185.56442,17.673056,3,15.7851925,14967939.0,17.711266955122902,41.0799393666064,258.0,15.0,121.0,90.0,102.65,110.55
13075,2020,30200.0,2300900.0,762.7,70.87,2806.1806702423223,210.596,17.424284,2,14.21489,15022696.0,17.711266955122902,41.0799393666064,269.0,8.0,105.0,100.0,100.0,100.0
13075,2021,31700.0,2318900.0,730.9,71.76,3112.3163180841207,259.16498,17.651054,0,15.254386,14029327.0,17.711266955122902,41.0799393666064,257.0,22.0,129.0,105.1,114.25,118.325
13076,2017,22200.0,1656400.0,745.7,72.92,2170.8783664062244,298.72836,16.1448,0,15.210793,13457625.0,44.7086480808374,41.34521384306508,254.0,24.0,135.0,96.7,94.2,101.7
13076,2018,24900.0,1517500.0,609.3,61.26,2503.4859633949027,93.37452,18.543846,9,17.013393,16589055.0,44.7086480808374,41.34521384306508,259.40162601626014,17.297560975609755,122.63577235772358,95.4,96.925,109.125
13076,2019,27500.0,2020800.0,735.8,70.64,2640.1195941286774,194.36613,17.269714,2,15.539743,14485286.0,44.7086480808374,41.34521384306508,258.0,15.0,121.0,90.0,102.65,110.55
13076,2020,30200.0,2300900.0,762.7,77.22,3057.6163589122634,170.61293,17.278173,2,14.540702,14841263.0,44.7086480808374,41.34521384306508,269.0,8.0,105.0,100.0,100.0,100.0
13076,2021,31700.0,2318900.0,730.9,50.36,2184.1729344860137,195.89081,17.310667,0,15.117252,13730874.0,44.7086480808374,41.34521384306508,257.0,22.0,129.0,105.1,114.25,118.325
14522,2017,15800.0,1278600.0,809.3,85.53,1669.806003126398,258.01904,16.503542,2,15.70547,15070065.0,354.76248611154307,54.89524089500766,254.0,24.0,135.0,96.7,94.2,101.7
14522,2018,16100.0,858500.0,534.5,69.54,2094.6566845750112,98.079994,18.75052,8,16.497286,17129464.0,354.76248611154307,54.89524089500766,259.40162601626014,17.297560975609755,122.63577235772358,95.4,96.925,109.125
14522,2019,16200.0,1059900.0,655.3,81.15,2006.1498519668096,197.91612,17.40299,2,15.548095,16153658.0,354.76248611154307,54.89524089500766,258.0,15.0,121.0,90.0,102.65,110.55
14522,2020,14200.0,913700.0,641.6,78.58,1739.1458825761442,215.10194,17.745691,3,13.811549,16136196.0,354.76248611154307,54.89524089500766,269.0,8.0,105.0,100.0,100.0,100.0
14522,2021,15400.0,1266500.0,823.7,84.01,1570.661646751655,319.68707,16.635386,0,14.739242,14370344.0,354.76248611154307,54.89524089500766,257.0,22.0,129.0,105.1,114.25,118.325
14524,2017,15800.0,1278600.0,809.3,77.97,1522.2117860840087,244.14769,16.611225,1,15.8598175,14774404.0,343.0609384070534,52.00876295096663,254.0,24.0,135.0,96.7,94.2,101.7
14524,2018,16100.0,858500.0,534.5,52.07,1568.432176672718,85.78077,18.792164,8,16.49933,17077448.0,343.0609384070534,52.00876295096663,259.40162601626014,17.297560975609755,122.63577235772358,95.4,96.925,109.125
14524,2019,16200.0,1059900.0,655.3,57.32,1417.0364696825327,193.64462,17.559616,2,15.638721,16084359.0,343.0609384070534,52.00876295096663,258.0,15.0,121.0,90.0,102.65,110.55
14524,2020,14200.0,913700.0,641.6,72.09,1595.50810225139,206.94461,17.798302,5,13.781299,16057898.0,343.0609384070534,52.00876295096663,269.0,8.0,105.0,100.0,100.0,100.0
14524,2021,15400.0,1266500.0,823.7,72.21,1350.047345696191,335.4954,16.569056,0,14.739686,14016376.0,343.0609384070534,52.00876295096663,257.0,22.0,129.0,105.1,114.25,118.325
14625,2017,15800.0,1278600.0,809.3,76.37,1490.9749147522864,279.63773,17.245924,2,16.321548,15158808.0,198.7984065380672,42.9309437004101,254.0,24.0,135.0,96.7,94.2,101.7
14625,2018,16100.0,858500.0,534.5,52.65,1585.9027098486383,121.42355,19.658075,13,17.716213,16920660.0,198.7984065380672,42.9309437004101,259.40162601626014,17.297560975609755,122.63577235772358,95.4,96.925,109.125
14625,2019,16200.0,1059900.0,655.3,63.49,1569.5681343360782,174.18806,18.303892,2,16.433115,15944632.0,198.7984065380672,42.9309437004101,258.0,15.0,121.0,90.0,102.65,110.55
14625,2020,14200.0,913700.0,641.6,73.89,1635.3460074262064,208.62743,18.628546,3,14.829848,15984562.0,198.7984065380672,42.9309437004101,269.0,8.0,105.0,100.0,100.0,100.0
14625,2021,15400.0,1266500.0,823.7,73.95,1382.578607038268,267.7045,17.695969,0,15.712013,14386020.0,198.7984065380672,42.9309437004101,257.0,22.0,129.0,105.1,114.25,118.325
14626,2017,15800.0,1278600.0,809.3,71.42,1394.335844069769,329.3622,17.076416,2,16.106113,15115876.0,223.2249771252893,43.94385284188461,254.0,24.0,135.0,96.7,94.2,101.7
14626,2018,16100.0,858500.0,534.5,47.91,1443.126283548875,131.68704,19.452854,12,17.614683,16942074.0,223.2249771252893,43.94385284188461,259.40162601626014,17.297560975609755,122.63577235772358,95.4,96.925,109.125
14626,2019,16200.0,1059900.0,655.3,61.06,1509.4948855341145,202.81296,18.080141,3,16.333292,15821640.0,223.2249771252893,43.94385284188461,258.0,15.0,121.0,90.0,102.65,110.55
14626,2020,14200.0,913700.0,641.6,70.49,1560.0966309848866,228.40443,18.272223,3,14.7022505,15907921.0,223.2249771252893,43.94385284188461,269.0,8.0,105.0,100.0,100.0,100.0
14626,2021,15400.0,1266500.0,823.7,73.13,1367.2477827276339,292.66666,17.522512,0,15.597132,14444433.0,223.2249771252893,43.94385284188461,257.0,22.0,129.0,105.1,114.25,118.325
14627,2017,15800.0,1278600.0,809.3,86.61,1690.890891275311,233.70888,17.5612,2,16.696753,15215103.0,155.04697258591955,41.11461039028564,254.0,24.0,135.0,96.7,94.2,101.7
14627,2018,16100.0,858500.0,534.5,65.31,1967.242278826488,100.545,19.88434,16,17.739548,17156328.0,155.04697258591955,41.11461039028564,259.40162601626014,17.297560975609755,122.63577235772358,95.4,96.925,109.125
14627,2019,16200.0,1059900.0,655.3,76.53,1891.9365147383849,159.72888,18.520473,4,16.596127,16173786.0,155.04697258591955,41.11461039028564,258.0,15.0,121.0,90.0,102.65,110.55
14627,2020,14200.0,913700.0,641.6,74.81,1655.7076034044458,188.95389,19.003595,7,15.136695,16154225.0,155.04697258591955,41.11461039028564,269.0,8.0,105.0,100.0,100.0,100.0
14627,2021,15400.0,1266500.0,823.7,87.97,1644.698310495692,256.65942,17.887287,0,15.973927,14472607.0,155.04697258591955,41.11461039028564,257.0,22.0,129.0,105.1,114.25,118.325
14628,2017,15800.0,1278600.0,809.3,75.4,1472.0375615074295,312.0242,16.283209,1,15.490853,15205991.0,384.98984559106736,48.99689899412168,254.0,24.0,135.0,96.7,94.2,101.7
14628,2018,16100.0,858500.0,534.5,54.64,1645.8447116074,114.02474,18.553804,9,16.37248,16937862.0,384.98984559106736,48.99689899412168,259.40162601626014,17.297560975609755,122.63577235772358,95.4,96.925,109.125
14628,2019,16200.0,1059900.0,655.3,68.69,1698.119942471967,196.41264,17.308546,2,15.411836,16051772.0,384.98984559106736,48.99689899412168,258.0,15.0,121.0,90.0,102.65,110.55
14713,2017,15800.0,1278600.0,809.3,81.1,1583.318915626691,202.29999,17.872211,4,17.066908,14795839.0,123.59486696935014,47.75030443533704,254.0,24.0,135.0,96.7,94.2,101.7
14713,2018,16100.0,858500.0,534.5,46.39,1397.341437984394,82.342,20.206488,21,18.0055,17258524.0,123.59486696935014,47.75030443533704,259.40162601626014,17.297560975609755,122.63577235772358,95.4,96.925,109.125
14713,2019,16200.0,1059900.0,655.3,56.31,1392.0677531022927,169.366,18.882013,9,16.86663,16118691.0,123.59486696935014,47.75030443533704,258.0,15.0,121.0,90.0,102.65,110.55
14713,2020,14200.0,913700.0,641.6,50.82,1124.7568561023115,184.32799,19.040438,7,15.210567,15939573.0,123.59486696935014,47.75030443533704,269.0,8.0,105.0,100.0,100.0,100.0
14713,2021,15400.0,1266500.0,823.7,82.9,1549.908945550675,281.248,17.902334,0,15.956294,14273614.0,123.59486696935014,47.75030443533704,257.0,22.0,129.0,105.1,114.25,118.325
14729,2017,15800.0,1278600.0,809.3,82.9,1618.4603958748792,204.87851,17.637781,3,16.839064,14940725.0,157.08459540406392,50.09724502977371,254.0,24.0,135.0,96.7,94.2,101.7
14729,2018,16100.0,858500.0,534.5,49.74,1498.2488278797966,86.515,19.956108,19,17.722221,17287128.0,157.08459540406392,50.09724502977371,259.40162601626014,17.297560975609755,122.63577235772358,95.4,96.925,109.125
14729,2019,16200.0,1059900.0,655.3,61.85,1529.0248717701438,171.83,18.58633,8,16.648968,16201426.0,157.08459540406392,50.09724502977371,258.0,15.0,121.0,90.0,102.65,110.55
14729,2020,14200.0,913700.0,641.6,54.55,1207.3098484923473,183.111,18.850147,7,14.966855,16077464.0,157.08459540406392,50.09724502977371,269.0,8.0,105.0,100.0,100.0,100.0
14729,2021,15400.0,1266500.0,823.7,82.49,1542.243533395358,287.7495,17.651993,0,15.763069,14351489.0,157.08459540406392,50.09724502977371,257.0,22.0,129.0,105.1,114.25,118.325
14730,2017,15800.0,1278600.0,809.3,77.37,1510.497959334613,201.87036,17.823072,2,17.00555,14990496.0,117.79437001546252,42.88446493582184,254.0,24.0,135.0,96.7,94.2,101.7
14730,2018,16100.0,858500.0,534.5,42.49,1279.867163180791,86.96519,20.201262,20,18.13356,17303172.0,117.79437001546252,42.88446493582184,259.40162601626014,17.297560975609755,122.63577235772358,95.4,96.925,109.125
14730,2019,16200.0,1059900.0,655.3,55.55,1373.2794119132009,160.21149,18.835752,9,16.972488,16133383.0,117.79437001546252,42.88446493582184,258.0,15.0,121.0,90.0,102.65,110.55
14730,2020,14200.0,913700.0,641.6,53.55,1185.1776789507828,167.38223,19.171806,7,15.451189,15988875.0,117.79437001546252,42.88446493582184,269.0,8.0,105.0,100.0,100.0,100.0
14730,2021,15400.0,1266500.0,823.7,82.84,1548.7871779181896,263.9682,17.981295,0,16.120195,14411562.0,117.79437001546252,42.88446493582184,257.0,22.0,129.0,105.1,114.25,118.325
15001,2019,51400.0,2548500.0,495.8,42.98,4455.772479919781,171.10751,19.022839,11,17.34213,15835896.0,71.07372756150643,41.98656922605787,258.0,15.0,121.0,90.0,102.65,110.55
15002,2019,51400.0,2548500.0,495.8,48.72,5050.843071700599,148.66501,19.024176,10,16.932432,16009624.0,97.20921623980708,53.832800855466246,258.0,15.0,121.0,90.0,102.65,110.55
15003,2017,51000.0,3830800.0,751.8,64.26,4359.217871296598,249.48999,17.414295,1,16.601587,14155812.0,57.110934902069246,54.210621069505954,254.0,24.0,135.0,96.7,94.2,101.7
15003,2018,51900.0,2175500.0,419.0,46.3,5735.011919486845,73.94666,19.934097,17,18.009182,17293538.0,57.110934902069246,54.210621069505954,259.40162601626014,17.297560975609755,122.63577235772358,95.4,96.925,109.125
15003,2019,51400.0,2548500.0,495.8,56.92,5900.9439171017675,168.39336,18.662046,11,16.864494,15595295.0,57.110934902069246,54.210621069505954,258.0,15.0,121.0,90.0,102.65,110.55
15003,2020,48600.0,2756800.0,566.8,52.16,4472.434713351386,168.59001,18.726595,7,15.456081,15440982.0,57.110934902069246,54.210621069505954,269.0,8.0,105.0,100.0,100.0,100.0
15003,2021,48600.0,3514600.0,722.7,74.13,4985.080939552952,214.76,17.946545,0,16.122807,14014449.0,57.110934902069246,54.210621069505954,257.0,22.0,129.0,105.1,114.25,118.325
15081,2017,51000.0,3830800.0,751.8,71.39,4842.897040645255,285.8172,16.765078,0,15.995425,13717532.0,54.594244413366845,42.174990313422974,254.0,24.0,135.0,96.7,94.2,101.7
15081,2018,51900.0,2175500.0,419.0,44.29,5486.040559699187,83.15532,19.31892,12,17.787813,17005250.0,54.594244413366845,42.174990313422974,259.40162601626014,17.297560975609755,122.63577235772358,95.4,96.925,109.125
15081,2019,51400.0,2548500.0,495.8,55.17,5719.519956192981,187.32094,18.00919,9,16.32739,14901373.0,54.594244413366845,42.174990313422974,258.0,15.0,121.0,90.0,102.65,110.55
15081,2020,48600.0,2756800.0,566.8,59.09,5066.644310044736,175.07,17.944138,6,15.207378,14904370.0,54.594244413366845,42.174990313422974,269.0,8.0,105.0,100.0,100.0,100.0
15081,2021,48600.0,3514600.0,722.7,67.45,4535.865498082378,194.51437,17.635975,0,15.817683,13543193.0,54.594244413366845,42.174990313422974,257.0,22.0,129.0,105.1,114.25,118.325
15082,2017,51000.0,3830800.0,751.8,75.25,5104.748596561921,221.63423,17.712507,2,16.920576,14571521.0,81.09998059478208,41.782683556499926,254.0,24.0,135.0,96.7,94.2,101.7
15082,2018,51900.0,2175500.0,419.0,27.09,3355.539371466493,75.77895,20.051664,16,18.180897,17375764.0,81.09998059478208,41.782683556499926,259.40162601626014,17.297560975609755,122.63577235772358,95.4,96.925,109.125
15082,2019,51400.0,2548500.0,495.8,38.75,4017.2448486945445,165.74734,18.906927,10,17.07154,15925625.0,81.09998059478208,41.782683556499926,258.0,15.0,121.0,90.0,102.65,110.55
15082,2020,48600.0,2756800.0,566.8,46.66,4000.8397953407907,172.40738,18.938604,7,15.522554,15669734.0,81.09998059478208,41.782683556499926,269.0,8.0,105.0,100.0,100.0,100.0
15082,2021,48600.0,3514600.0,722.7,69.44,4669.688661035438,241.03525,18.046862,0,16.177086,14272369.0,81.09998059478208,41.782683556499926,257.0,22.0,129.0,105.1,114.25,118.325
15083,2017,51000.0,3830800.0,751.8,74.33,5042.338381162093,272.23422,16.906744,0,16.087921,14057757.0,96.70173749572442,49.62776047125312,254.0,24.0,135.0,96.7,94.2,101.7
15083,2018,51900.0,2175500.0,419.0,49.59,6142.532204910424,78.66227,19.468952,14,17.62557,17340756.0,96.70173749572442,49.62776047125312,259.40162601626014,17.297560975609755,122.63577235772358,95.4,96.925,109.125
15083,2019,51400.0,2548500.0,495.8,53.64,5560.9035789413,161.08388,18.174206,9,16.254786,15541156.0,96.70173749572442,49.62776047125312,258.0,15.0,121.0,90.0,102.65,110.55
15083,2020,48600.0,2756800.0,566.8,66.66,5715.730406288409,170.60161,18.191408,7,15.0211735,15435025.0,96.70173749572442,49.62776047125312,269.0,8.0,105.0,100.0,100.0,100.0
15083,2021,48600.0,3514600.0,722.7,74.19,4989.1158087877175,205.68936,17.547459,0,15.690572,13931997.0,96.70173749572442,49.62776047125312,257.0,22.0,129.0,105.1,114.25,118.325
15084,2017,51000.0,3830800.0,751.8,83.67,5675.93774185164,208.95294,17.23896,2,16.500439,14876217.0,195.5577132908131,57.6250155720462,254.0,24.0,135.0,96.7,94.2,101.7
15084,2018,51900.0,2175500.0,419.0,53.81,6665.248194116353,92.119995,19.542042,15,17.307293,17394992.0,195.5577132908131,57.6250155720462,259.40162601626014,17.297560975609755,122.63577235772358,95.4,96.925,109.125
15084,2019,51400.0,2548500.0,495.8,56.33,5839.778124566805,160.43944,18.348652,8,16.241222,16324605.0,195.5577132908131,57.6250155720462,258.0,15.0,121.0,90.0,102.65,110.55
15084,2020,48600.0,2756800.0,566.8,61.99,5315.30344863214,183.51587,18.54352,5,14.71548,16121799.0,195.5577132908131,57.6250155720462,269.0,8.0,105.0,100.0,100.0,100.0
15084,2021,48600.0,3514600.0,722.7,83.19,5594.3461940025645,287.44528,17.314692,0,15.432412,14344284.0,195.5577132908131,57.6250155720462,257.0,22.0,129.0,105.1,114.25,118.325
15085,2017,51000.0,3830800.0,751.8,80.89,5487.350351839119,305.13034,15.971513,0,15.223774,14194063.0,283.1943469339319,58.9768212184164,254.0,24.0,135.0,96.7,94.2,101.7
15085,2018,51900.0,2175500.0,419.0,41.12,5093.384236053975,96.1569,18.356604,9,16.364893,17471924.0,283.1943469339319,58.9768212184164,259.40162601626014,17.297560975609755,122.63577235772358,95.4,96.925,109.125
15085,2019,51400.0,2548500.0,495.8,51.89,5379.479618032514,165.25587,17.097988,3,14.968435,15782017.0,283.1943469339319,58.9768212184164,258.0,15.0,121.0,90.0,102.65,110.55
15085,2020,48600.0,2756800.0,566.8,52.96,4541.030337789291,189.93689,17.208284,4,13.901914,15564004.0,283.1943469339319,58.9768212184164,269.0,8.0,105.0,100.0,100.0,100.0
15085,2021,48600.0,3514600.0,722.7,69.58,4679.103355916557,229.78206,16.479488,0,14.628363,14116910.0,283.1943469339319,58.9768212184164,257.0,22.0,129.0,105.1,114.25,118.325
15086,2017,51000.0,3830800.0,751.8,73.56,4990.103744360065,240.48701,17.34275,1,16.595768,14199731.0,57.07503225675692,40.29411328092959,254.0,24.0,135.0,96.7,94.2,101.7
15086,2018,51900.0,2175500.0,419.0,44.32,5489.756550143779,73.8055,19.878622,15,18.131886,17266864.0,57.07503225675692,40.29411328092959,259.40162601626014,17.297560975609755,122.63577235772358,95.4,96.925,109.125
15086,2019,51400.0,2548500.0,495.8,45.8,4748.124234069939,178.597,18.56947,10,17.083017,15487224.0,57.07503225675692,40.29411328092959,258.0,15.0,121.0,90.0,102.65,110.55
15086,2020,48600.0,2756800.0,566.8,54.28,4654.213118111833,177.1775,18.621075,6,15.5797415,15366877.0,57.07503225675692,40.29411328092959,269.0,8.0,105.0,100.0,100.0,100.0
15086,2021,48600.0,3514600.0,722.7,69.04,4642.7895328036675,219.63152,17.890928,0,16.219088,13987789.0,57.07503225675692,40.29411328092959,257.0,22.0,129.0,105.1,114.25,118.325
15087,2017,51000.0,3830800.0,751.8,77.46,5254.668787902809,239.95778,16.653036,0,15.953665,14452847.0,245.61759723344343,58.864698828747045,254.0,24.0,135.0,96.7,94.2,101.7
15087,2018,51900.0,2175500.0,419.0,47.55,5889.844854678175,84.013336,18.997053,12,16.975279,17364652.0,245.61759723344343,58.864698828747045,259.40162601626014,17.297560975609755,122.63577235772358,95.4,96.925,109.125
15087,2019,51400.0,2548500.0,495.8,59.88,6207.809588124628,155.1311,17.851534,7,15.717236,16025085.0,245.61759723344343,58.864698828747045,258.0,15.0,121.0,90.0,102.65,110.55
15087,2020,48600.0,2756800.0,566.8,56.85,4874.576561618602,176.9161,17.990198,5,14.540021,15694938.0,245.61759723344343,58.864698828747045,269.0,8.0,105.0,100.0,100.0,100.0
15087,2021,48600.0,3514600.0,722.7,79.04,5315.267738597941,230.06389,17.05735,0,15.159723,14280113.0,245.61759723344343,58.864698828747045,257.0,22.0,129.0,105.1,114.25,118.325
15088,2017,51000.0,3830800.0,751.8,78.29,5310.973656143958,205.26947,17.613766,2,16.821371,14689023.0,136.769353440071,53.86927127553489,254.0,24.0,135.0,96.7,94.2,101.7
15088,2018,51900.0,2175500.0,419.0,36.26,4491.393784030087,83.183685,19.89691,17,17.816692,17353310.0,136.769353440071,53.86927127553489,259.40162601626014,17.297560975609755,122.63577235772358,95.4,96.925,109.125
15088,2019,51400.0,2548500.0,495.8,43.68,4528.342064283295,151.30159,18.787312,10,16.636545,16151347.0,136.769353440071,53.86927127553489,258.0,15.0,121.0,90.0,102.65,110.55
15088,2020,48600.0,2756800.0,566.8,53.32,4571.898368786348,173.4421,18.901312,7,15.238683,15867761.0,136.769353440071,53.86927127553489,269.0,8.0,105.0,100.0,100.0,100.0
15088,2021,48600.0,3514600.0,722.7,76.5,5144.458274326195,254.29683,17.82489,0,15.865717,14330468.0,136.769353440071,53.86927127553489,257.0,22.0,129.0,105.1,114.25,118.325
15089,2017,51000.0,3830800.0,751.8,69.6,4721.468469378201,246.93312,17.419231,1,16.591745,14367015.0,87.64581510218584,54.72523792760443,254.0,24.0,135.0,96.7,94.2,101.7
15089,2018,51900.0,2175500.0,419.0,36.49,4519.883044105291,75.35687,19.826183,17,17.801167,17431854.0,87.64581510218584,54.72523792760443,259.40162601626014,17.297560975609755,122.63577235772358,95.4,96.925,109.125
15089,2019,51400.0,2548500.0,495.8,44.07,4568.773689857254,160.56812,18.663675,10,16.66993,15886641.0,87.64581510218584,54.72523792760443,258.0,15.0,121.0,90.0,102.65,110.55
15089,2020,48600.0,2756800.0,566.8,47.64,4084.8694352772245,168.24501,18.73631,7,15.243073,15639802.0,87.64581510218584,54.72523792760443,269.0,8.0,105.0,100.0,100.0,100.0
15089,2021,48600.0,3514600.0,722.7,62.76,4220.473219564863,221.1325,17.866137,0,15.953723,14236531.0,87.64581510218584,54.72523792760443,257.0,22.0,129.0,105.1,114.25,118.325
15090,2017,51000.0,3830800.0,751.8,68.64,4656.344766352296,257.80142,17.033003,0,16.2279,13897165.0,35.61396156430523,37.76264303725175,254.0,24.0,135.0,96.7,94.2,101.7
15090,2018,51900.0,2175500.0,419.0,44.64,5529.39378155276,77.78251,19.555243,14,18.009626,17143910.0,35.61396156430523,37.76264303725175,259.40162601626014,17.297560975609755,122.63577235772358,95.4,96.925,109.125
15090,2019,51400.0,2548500.0,495.8,48.78,5057.0633217889,185.91464,18.203253,8,16.798725,15040856.0,35.61396156430523,37.76264303725175,258.0,15.0,121.0,90.0,102.65,110.55
15090,2020,48600.0,2756800.0,566.8,66.67,5716.587851593882,181.06322,18.22241,7,15.449045,15062525.0,35.61396156430523,37.76264303725175,269.0,8.0,105.0,100.0,100.0,100.0
15090,2021,48600.0,3514600.0,722.7,70.68,4753.075958553929,202.60394,17.813719,0,16.110565,13789561.0,35.61396156430523,37.76264303725175,257.0,22.0,129.0,105.1,114.25,118.325
15091,2017,51000.0,3830800.0,751.8,57.13,3875.5387019479404,221.89499,17.663525,1,16.924032,14789557.0,94.13399078409,38.79986127633599,254.0,24.0,135.0,96.7,94.2,101.7
15091,2018,51900.0,2175500.0,419.0,30.86,3822.515504003543,83.69384,20.142664,19,18.32108,17293178.0,94.13399078409,38.79986127633599,259.40162601626014,17.297560975609755,122.63577235772358,95.4,96.925,109.125
15091,2019,51400.0,2548500.0,495.8,48.9,5069.5038219655025,163.39961,18.895153,10,17.382244,15878795.0,94.13399078409,38.79986127633599,258.0,15.0,121.0,90.0,102.65,110.55
15091,2020,48600.0,2756800.0,566.8,59.71,5119.8059189841115,172.08002,18.997347,8,15.698871,15632931.0,94.13399078409,38.79986127633599,269.0,8.0,105.0,100.0,100.0,100.0
15091,2021,48600.0,3514600.0,722.7,67.21,4519.726021143315,249.8627,18.027956,0,16.327726,14181965.0,94.13399078409,38.79986127633599,257.0,22.0,129.0,105.1,114.25,118.325
16051,2017,10400.0,808800.0,774.6,79.44,1066.5840420002787,288.54,16.8291,1,16.167936,14876664.0,247.10317176604275,58.24566985599352,254.0,24.0,135.0,96.7,94.2,101.7
16051,2018,11100.0,603300.0,543.2,47.92,979.2194385507743,111.79,19.16495,14,16.892788,17420990.0,247.10317176604275,58.24566985599352,259.40162601626014,17.297560975609755,122.63577235772358,95.4,96.925,109.125
16051,2019,11000.0,679100.0,615.0,57.62,1030.6016243404852,155.2,18.075663,7,15.779279,16233862.0,247.10317176604275,58.24566985599352,258.0,15.0,121.0,90.0,102.65,110.55
16051,2020,11100.0,717800.0,646.7,60.49,1038.2542120948597,175.53,18.281942,6,14.548497,16003757.0,247.10317176604275,58.24566985599352,269.0,8.0,105.0,100.0,100.0,100.0
16051,2021,11800.0,921000.0,781.1,68.77,1038.9015477673772,294.77997,17.038244,0,15.217297,14245756.0,247.10317176604275,58.24566985599352,257.0,22.0,129.0,105.1,114.25,118.325
16052,2017,10400.0,808800.0,774.6,82.55,1108.3397868469663,227.90001,16.976757,2,16.246042,14870822.0,266.0037717300465,55.77280584513514,254.0,24.0,135.0,96.7,94.2,101.7
16052,2018,11100.0,603300.0,543.2,62.59,1278.9930020637094,95.75001,19.192114,14,16.86468,17233158.0,266.0037717300465,55.77280584513514,259.40162601626014,17.297560975609755,122.63577235772358,95.4,96.925,109.125
16052,2019,11000.0,679100.0,615.0,86.47,1546.6178836640358,190.02002,17.888725,5,15.92761,16265443.0,266.0037717300465,55.77280584513514,258.0,15.0,121.0,90.0,102.65,110.55
16052,2020,11100.0,717800.0,646.7,79.79,1369.520641148105,203.82999,18.129246,5,14.143803,16171218.0,266.0037717300465,55.77280584513514,269.0,8.0,105.0,100.0,100.0,100.0
16052,2021,11800.0,921000.0,781.1,87.81,1326.5369333932442,336.13,16.858889,0,15.017102,14170861.0,266.0037717300465,55.77280584513514,257.0,22.0,129.0,105.1,114.25,118.325
16061,2018,11100.0,603300.0,543.2,54.93,1122.465020024917,106.59538,18.15595,9,16.133467,17718248.0,346.8863602410155,56.91366926795253,259.40162601626014,17.297560975609755,122.63577235772358,95.4,96.925,109.125
16061,2019,11000.0,679100.0,615.0,69.35,1240.4065020481194,160.61461,16.674122,3,14.537281,15687663.0,346.8863602410155,56.91366926795253,258.0,15.0,121.0,90.0,102.65,110.55
16061,2020,11100.0,717800.0,646.7,70.09,1203.0292234374065,182.81459,16.886335,3,13.630391,15478317.0,346.8863602410155,56.91366926795253,269.0,8.0,105.0,100.0,100.0,100.0
16061,2021,11800.0,921000.0,781.1,75.32,1137.8517460787966,228.82307,16.00285,0,14.3126745,13980779.0,346.8863602410155,56.91366926795253,257.0,22.0,129.0,105.1,114.25,118.325
16062,2017,10400.0,808800.0,774.6,75.36,1011.8048011724699,288.821,15.67746,0,15.136623,14417344.0,287.5644480155212,55.89379781697348,254.0,24.0,135.0,96.7,94.2,101.7
16062,2018,11100.0,603300.0,543.2,43.37,886.2426345982277,98.218,18.131155,9,16.215609,17569898.0,287.5644480155212,55.89379781697348,259.40162601626014,17.297560975609755,122.63577235772358,95.4,96.925,109.125
16062,2019,11000.0,679100.0,615.0,71.53,1279.3983719034172,160.957,16.793415,2,14.739636,15925850.0,287.5644480155212,55.89379781697348,258.0,15.0,121.0,90.0,102.65,110.55
16062,2020,11100.0,717800.0,646.7,69.8,1198.051644969767,179.15201,17.039082,4,13.758138,15643673.0,287.5644480155212,55.89379781697348,269.0,8.0,105.0,100.0,100.0,100.0
16062,2021,11800.0,921000.0,781.1,66.01,997.2065023720312,212.35602,16.101274,0,14.383507,14250166.0,287.5644480155212,55.89379781697348,257.0,22.0,129.0,105.1,114.25,118.325
16063,2017,10400.0,808800.0,774.6,81.28,1091.288405510859,307.80197,15.847667,0,15.356869,14597700.0,356.1552828377808,55.30591591571282,254.0,24.0,135.0,96.7,94.2,101.7
16063,2018,11100.0,603300.0,543.2,66.57,1360.3221624441783,108.078,18.308165,8,16.13493,17719088.0,356.1552828377808,55.30591591571282,259.40162601626014,17.297560975609755,122.63577235772358,95.4,96.925,109.125
16063,2019,11000.0,679100.0,615.0,77.28,1382.2439001914736,152.462,16.814375,3,14.562127,16039595.0,356.1552828377808,55.30591591571282,258.0,15.0,121.0,90.0,102.65,110.55
16063,2020,11100.0,717800.0,646.7,77.42,1328.8418102229136,168.83,17.176285,4,13.6561775,15795691.0,356.1552828377808,55.30591591571282,269.0,8.0,105.0,100.0,100.0,100.0
16063,2021,11800.0,921000.0,781.1,79.16,1195.8622440201482,274.51804,16.016834,0,14.285957,14118282.0,356.1552828377808,55.30591591571282,257.0,22.0,129.0,105.1,114.25,118.325
16064,2017,10400.0,808800.0,774.6,72.27,970.3175820161146,279.89868,16.17322,0,15.562564,14631232.0,288.48125861461494,57.97816110990006,254.0,24.0,135.0,96.7,94.2,101.7
16064,2018,11100.0,603300.0,543.2,51.44,1051.148746223953,100.506,18.818066,13,16.548285,17672268.0,288.48125861461494,57.97816110990006,259.40162601626014,17.297560975609755,122.63577235772358,95.4,96.925,109.125
16064,2019,11000.0,679100.0,615.0,66.03,1181.0243883235376,140.83467,17.352188,5,15.017333,16052179.0,288.48125861461494,57.97816110990006,258.0,15.0,121.0,90.0,102.65,110.55
16064,2020,11100.0,717800.0,646.7,66.28,1137.634140810833,170.50467,17.643692,5,14.080555,15807160.0,288.48125861461494,57.97816110990006,269.0,8.0,105.0,100.0,100.0,100.0
16064,2021,11800.0,921000.0,781.1,73.32,1107.6379450676764,223.89401,16.522528,0,14.735712,14244616.0,288.48125861461494,57.97816110990006,257.0,22.0,129.0,105.1,114.25,118.325
16065,2017,10400.0,808800.0,774.6,70.5,946.5530584216975,250.27847,16.580444,0,15.92045,14639538.0,255.3944509348272,57.7760652335081,254.0,24.0,135.0,96.7,94.2,101.7
16065,2018,11100.0,603300.0,543.2,50.35,1028.8751822001561,90.93846,19.058966,13,16.924978,17507042.0,255.3944509348272,57.7760652335081,259.40162601626014,17.297560975609755,122.63577235772358,95.4,96.925,109.125
16065,2019,11000.0,679100.0,615.0,49.45,884.4715432772822,145.99077,17.832808,7,15.599405,16146609.0,255.3944509348272,57.7760652335081,258.0,15.0,121.0,90.0,102.65,110.55
16065,2020,11100.0,717800.0,646.7,64.61,1108.9701544627026,169.13385,18.049196,5,14.541438,15851782.0,255.3944509348272,57.7760652335081,269.0,8.0,105.0,100.0,100.0,100.0
16065,2021,11800.0,921000.0,781.1,76.77,1159.7567518118592,228.16766,16.985306,0,15.158571,14348903.0,255.3944509348272,57.7760652335081,257.0,22.0,129.0,105.1,114.25,118.325
16066,2017,10400.0,808800.0,774.6,61.92,831.3555372690994,319.62524,15.357391,0,14.9164715,14680207.0,471.66110006503663,59.29756782040675,254.0,24.0,135.0,96.7,94.2,101.7
16066,2018,11100.0,603300.0,543.2,58.28,1190.9204690888796,113.75294,17.623201,4,15.658942,17559772.0,471.66110006503663,59.29756782040675,259.40162601626014,17.297560975609755,122.63577235772358,95.4,96.925,109.125
16066,2019,11000.0,679100.0,615.0,69.81,1248.634144311164,175.64,16.303883,3,14.177311,16175537.0,471.66110006503663,59.29756782040675,258.0,15.0,121.0,90.0,102.65,110.55
16067,2017,10400.0,808800.0,774.6,79.36,1065.5099392389493,307.55362,15.885205,0,15.243499,14821512.0,385.15297235244526,59.65989891892316,254.0,24.0,135.0,96.7,94.2,101.7
16067,2018,11100.0,603300.0,543.2,56.87,1162.1078770947938,113.66819,18.333948,7,15.997371,17578616.0,385.15297235244526,59.65989891892316,259.40162601626014,17.297560975609755,122.63577235772358,95.4,96.925,109.125
16067,2019,11000.0,679100.0,615.0,63.8,1141.1382095266044,160.20454,17.021336,3,14.679971,16190045.0,385.15297235244526,59.65989891892316,258.0,15.0,121.0,90.0,102.65,110.55
16067,2020,11100.0,717800.0,646.7,58.98,1012.3364759357715,180.02272,17.291557,5,13.558147,15961273.0,385.15297235244526,59.65989891892316,269.0,8.0,105.0,100.0,100.0,100.0
16067,2021,11800.0,921000.0,781.1,72.15,1089.962871476171,283.23636,16.080734,0,14.231724,14223850.0,385.15297235244526,59.65989891892316,257.0,22.0,129.0,105.1,114.25,118.325
16068,2017,10400.0,808800.0,774.6,73.49,986.6976491263907,232.30545,16.968727,1,16.305307,14705056.0,182.7582739898777,56.81968900391705,254.0,24.0,135.0,96.7,94.2,101.7
16068,2018,11100.0,603300.0,543.2,44.3,905.2466846368801,90.750916,19.494701,14,17.274233,17395872.0,182.7582739898777,56.81968900391705,259.40162601626014,17.297560975609755,122.63577235772358,95.4,96.925,109.125
16068,2019,11000.0,679100.0,615.0,46.11,824.731705976046,134.2518,18.355146,9,16.050098,16159437.0,182.7582739898777,56.81968900391705,258.0,15.0,121.0,90.0,102.65,110.55
16068,2020,11100.0,717800.0,646.7,59.6,1022.978195418311,159.28181,18.558641,6,14.907735,15890652.0,182.7582739898777,56.81968900391705,269.0,8.0,105.0,100.0,100.0,100.0
16068,2021,11800.0,921000.0,781.1,80.24,1212.1776965661531,243.69273,17.335499,0,15.525399,14277152.0,182.7582739898777,56.81968900391705,257.0,22.0,129.0,105.1,114.25,118.325
16070,2017,10400.0,808800.0,774.6,85.39,1146.4704348741668,300.698,15.630009,0,15.025357,14853525.0,491.93560482323153,60.49259630510207,254.0,24.0,135.0,96.7,94.2,101.7
16070,2018,11100.0,603300.0,543.2,63.03,1287.9841655228568,120.020004,17.923738,5,15.71374,17422302.0,491.93560482323153,60.49259630510207,259.40162601626014,17.297560975609755,122.63577235772358,95.4,96.925,109.125
16070,2021,11800.0,921000.0,781.1,69.69,1052.7998962324928,308.97,15.791168,0,13.932799,14189170.0,491.93560482323153,60.49259630510207,257.0,22.0,129.0,105.1,114.25,118.325
16071,2017,10400.0,808800.0,774.6,81.94,1100.1497532918283,231.98555,16.661345,1,15.960443,14835030.0,298.83041021743145,56.61191675710935,254.0,24.0,135.0,96.7,94.2,101.7
16071,2018,11100.0,603300.0,543.2,58.91,1203.7941804053862,98.72778,19.01037,10,16.706184,17324214.0,298.83041021743145,56.61191675710935,259.40162601626014,17.297560975609755,122.63577235772358,95.4,96.925,109.125
16071,2019,11000.0,679100.0,615.0,58.65,1049.0243885381717,143.5789,17.955025,6,15.67249,16246392.0,298.83041021743145,56.61191675710935,258.0,15.0,121.0,90.0,102.65,110.55
16071,2020,11100.0,717800.0,646.7,62.34,1070.007729905663,168.20332,18.16073,5,14.306001,16032033.0,298.83041021743145,56.61191675710935,269.0,8.0,105.0,100.0,100.0,100.0
16071,2021,11800.0,921000.0,781.1,80.77,1220.1843538341002,300.5878,16.849098,0,15.012488,14227321.0,298.83041021743145,56.61191675710935,257.0,22.0,129.0,105.1,114.25,118.325
16074,2017,10400.0,808800.0,774.6,80.29,1077.9963838394056,226.70668,16.787958,2,16.089819,14819002.0,293.8711554302379,56.34634215180621,254.0,24.0,135.0,96.7,94.2,101.7
16074,2018,11100.0,603300.0,543.2,61.59,1258.5585396565564,98.716675,19.057423,13,16.729506,17219250.0,293.8711554302379,56.34634215180621,259.40162601626014,17.297560975609755,122.63577235772358,95.4,96.925,109.125
16074,2019,11000.0,679100.0,615.0,67.75,1211.7886159157908,164.68,17.88972,5,15.759493,16219310.0,293.8711554302379,56.34634215180621,258.0,15.0,121.0,90.0,102.65,110.55
16074,2020,11100.0,717800.0,646.7,68.96,1183.633831477294,182.26335,18.148726,5,14.159717,16075484.0,293.8711554302379,56.34634215180621,269.0,8.0,105.0,100.0,100.0,100.0
16074,2021,11800.0,921000.0,781.1,79.72,1204.3221083032618,326.87997,16.784517,0,14.962262,14121568.0,293.8711554302379,56.34634215180621,257.0,22.0,129.0,105.1,114.25,118.325
16075,2017,10400.0,808800.0,774.6,83.68,1123.511488350747,258.75714,15.724076,0,15.114698,14742038.0,473.78533538472414,53.56651124174638,254.0,24.0,135.0,96.7,94.2,101.7
16075,2018,11100.0,603300.0,543.2,54.88,1121.4432969045595,104.91072,17.879808,4,15.711079,17151980.0,473.78533538472414,53.56651124174638,259.40162601626014,17.297560975609755,122.63577235772358,95.4,96.925,109.125
16075,2019,11000.0,679100.0,615.0,54.3,971.2195106159031,185.98643,16.76105,2,14.682221,16117632.0,473.78533538472414,53.56651124174638,258.0,15.0,121.0,90.0,102.65,110.55
16075,2020,11100.0,717800.0,646.7,71.78,1232.0364910591672,205.34145,16.988825,4,13.02489,16031041.0,473.78533538472414,53.56651124174638,269.0,8.0,105.0,100.0,100.0,100.0
16075,2021,11800.0,921000.0,781.1,77.53,1171.237996196085,343.03714,15.710445,0,13.844145,13903172.0,473.78533538472414,53.56651124174638,257.0,22.0,129.0,105.1,114.25,118.325
16076,2017,10400.0,808800.0,774.6,77.72,1043.4908326316927,239.49817,16.65291,2,15.923345,14819126.0,345.58282326892333,51.81728158176075,254.0,24.0,135.0,96.7,94.2,101.7
16076,2018,11100.0,603300.0,543.2,63.3,1293.501470372788,93.37728,18.851847,8,16.525219,17183596.0,345.58282326892333,51.81728158176075,259.40162601626014,17.297560975609755,122.63577235772358,95.4,96.925,109.125
16076,2019,11000.0,679100.0,615.0,72.54,1297.46341252445,191.40363,17.59908,2,15.580585,16194856.0,345.58282326892333,51.81728158176075,258.0,15.0,121.0,90.0,102.65,110.55
16076,2020,11100.0,717800.0,646.7,63.28,1086.1419497662873,202.7291,17.825647,5,13.804764,16126739.0,345.58282326892333,51.81728158176075,269.0,8.0,105.0,100.0,100.0,100.0
16076,2021,11800.0,921000.0,781.1,85.37,1289.6760961596772,341.5118,16.559809,0,14.69125,14048493.0,345.58282326892333,51.81728158176075,257.0,22.0,129.0,105.1,114.25,118.325
16077,2017,10400.0,808800.0,774.6,83.85,1125.7939567185722,221.64001,17.18662,2,16.391665,14915334.0,227.83220903103785,53.35449963023861,254.0,24.0,135.0,96.7,94.2,101.7
16077,2018,11100.0,603300.0,543.2,63.48,1297.1796736060755,86.130005,19.38019,15,17.059082,17232184.0,227.83220903103785,53.35449963023861,259.40162601626014,17.297560975609755,122.63577235772358,95.4,96.925,109.125
16077,2019,11000.0,679100.0,615.0,74.37,1330.1951197883006,182.01997,18.111492,6,16.17586,16259356.0,227.83220903103785,53.35449963023861,258.0,15.0,121.0,90.0,102.65,110.55
16077,2020,11100.0,717800.0,646.7,69.92,1200.1113326115487,198.43999,18.336885,5,14.342058,16191942.0,227.83220903103785,53.35449963023861,269.0,8.0,105.0,100.0,100.0,100.0
16077,2021,11800.0,921000.0,781.1,85.9,1297.6827534276242,321.12,17.109478,0,15.266834,14222829.0,227.83220903103785,53.35449963023861,257.0,22.0,129.0,105.1,114.25,118.325
